date,level,change_pct
1985-10-01,112.14,
1985-10-02,110.82,-1.1771
1985-10-03,110.87,0.0451
1985-10-04,110.07,-0.7216
1985-10-07,108.2,-1.6989
1985-10-08,107.16,-0.9612
1985-10-09,108.63,1.3718
1985-10-10,109.43,0.7364
1985-10-11,111.05,1.4804
1985-10-14,113.18,1.9181
1985-10-15,113.38,0.1767
1985-10-16,114.32,0.8291
1985-10-17,114.74,0.3674
1985-10-18,114.32,-0.366
1985-10-21,113.68,-0.5598
1985-10-22,114.44,0.6685
1985-10-23,115.07,0.5505
1985-10-24,115.49,0.365
1985-10-25,113.91,-1.3681
1985-10-28,113.82,-0.079
1985-10-29,115.4,1.3882
1985-10-30,115.77,0.3206
1985-10-31,115.48,-0.2505
1985-11-01,116.28,0.6928
1985-11-04,116.04,-0.2064
1985-11-05,116.44,0.3447
1985-11-06,117.38,0.8073
1985-11-07,117.62,0.2045
1985-11-08,119.26,1.3943
1985-11-11,120.4,0.9559
1985-11-12,121.82,1.1794
1985-11-13,121.17,-0.5336
1985-11-14,121.83,0.5447
1985-11-15,122.18,0.2873
1985-11-18,121.96,-0.1801
1985-11-19,122.57,0.5002
1985-11-20,122.2,-0.3019
1985-11-21,123.61,1.1538
1985-11-22,123.97,0.2912
1985-11-25,123.14,-0.6695
1985-11-26,123.95,0.6578
1985-11-27,125.77,1.4683
1985-11-29,126.06,0.2306
1985-12-02,125.18,-0.6981
1985-12-03,125.23,0.0399
1985-12-04,127.94,2.164
1985-12-05,128.46,0.4064
1985-12-06,126.96,-1.1677
1985-12-09,127.49,0.4175
1985-12-10,127.97,0.3765
1985-12-11,129.18,0.9455
1985-12-12,129.76,0.449
1985-12-13,132.12,1.8187
1985-12-16,132.61,0.3709
1985-12-17,131.54,-0.8069
1985-12-18,131.14,-0.3041
1985-12-19,131.93,0.6024
1985-12-20,132.26,0.2501
1985-12-23,130.73,-1.1568
1985-12-24,130.03,-0.5355
1985-12-26,130.35,0.2461
1985-12-27,131.49,0.8746
1985-12-30,131.95,0.3498
1985-12-31,132.29,0.2577
1986-01-02,131.26,-0.7786
1986-01-03,130.55,-0.5409
1986-01-06,130.35,-0.1532
1986-01-07,132.79,1.8719
1986-01-08,131.16,-1.2275
1986-01-09,128.8,-1.7993
1986-01-10,129.57,0.5978
1986-01-13,129.1,-0.3627
1986-01-14,129.18,0.062
1986-01-15,131.54,1.8269
1986-01-16,133.06,1.1555
1986-01-17,132.77,-0.2179
1986-01-20,131.6,-0.8812
1986-01-21,131.09,-0.3875
1986-01-22,129.62,-1.1214
1986-01-23,129.27,-0.27
1986-01-24,130.2,0.7194
1986-01-27,130.79,0.4531
1986-01-28,131.99,0.9175
1986-01-29,133.06,0.8107
1986-01-30,132.19,-0.6538
1986-01-31,132.93,0.5598
1986-02-03,134.24,0.9855
1986-02-04,134.6,0.2682
1986-02-05,135.71,0.8247
1986-02-06,136.64,0.6853
1986-02-07,137.42,0.5708
1986-02-10,138.12,0.5094
1986-02-11,138.26,0.1014
1986-02-12,138.66,0.2893
1986-02-13,139.16,0.3606
1986-02-14,140.16,0.7186
1986-02-18,140.74,0.4138
1986-02-19,139.64,-0.7816
1986-02-20,139.95,0.222
1986-02-21,141.15,0.8574
1986-02-24,140.2,-0.673
1986-02-25,139.4,-0.5706
1986-02-26,138.88,-0.373
1986-02-27,140.52,1.1809
1986-02-28,140.43,-0.064
1986-03-03,139.74,-0.4913
1986-03-04,140.54,0.5725
1986-03-05,140.24,-0.2135
1986-03-06,140.8,0.3993
1986-03-07,140.71,-0.0639
1986-03-10,142.43,1.2224
1986-03-11,145.35,2.0501
1986-03-12,146.62,0.8738
1986-03-13,147.01,0.266
1986-03-14,147.0,-0.0068
1986-03-17,146.37,-0.4286
1986-03-18,147.62,0.854
1986-03-19,147.48,-0.0948
1986-03-20,147.8,0.217
1986-03-21,148.01,0.1421
1986-03-24,147.09,-0.6216
1986-03-25,147.49,0.2719
1986-03-26,147.26,-0.1559
1986-03-27,148.38,0.7606
1986-03-31,148.86,0.3235
1986-04-01,148.45,-0.2754
1986-04-02,148.92,0.3166
1986-04-03,148.71,-0.141
1986-04-04,147.04,-1.123
1986-04-07,146.05,-0.6733
1986-04-08,148.93,1.9719
1986-04-09,149.05,0.0806
1986-04-10,151.76,1.8182
1986-04-11,152.66,0.593
1986-04-14,153.93,0.8319
1986-04-15,154.92,0.6431
1986-04-16,158.9,2.5691
1986-04-17,159.05,0.0944
1986-04-18,157.66,-0.8739
1986-04-21,158.52,0.5455
1986-04-22,157.86,-0.4164
1986-04-23,157.46,-0.2534
1986-04-24,159.85,1.5178
1986-04-25,160.46,0.3816
1986-04-28,159.9,-0.349
1986-04-29,158.25,-1.0319
1986-04-30,154.91,-2.1106
1986-05-01,154.21,-0.4519
1986-05-02,155.01,0.5188
1986-05-05,157.14,1.3741
1986-05-06,157.12,-0.0127
1986-05-07,156.26,-0.5474
1986-05-08,157.16,0.576
1986-05-09,157.91,0.4772
1986-05-12,157.75,-0.1013
1986-05-13,157.05,-0.4437
1986-05-14,157.01,-0.0255
1986-05-15,155.76,-0.7961
1986-05-16,154.99,-0.4944
1986-05-19,155.31,0.2065
1986-05-20,157.01,1.0946
1986-05-21,157.44,0.2739
1986-05-22,159.63,1.391
1986-05-23,160.16,0.332
1986-05-27,161.18,0.6369
1986-05-28,161.3,0.0745
1986-05-29,161.62,0.1984
1986-05-30,163.16,0.9529
1986-06-02,162.03,-0.6926
1986-06-03,162.11,0.0494
1986-06-04,161.82,-0.1789
1986-06-05,162.36,0.3337
1986-06-06,161.88,-0.2956
1986-06-09,158.61,-2.02
1986-06-10,158.1,-0.3215
1986-06-11,160.04,1.2271
1986-06-12,160.37,0.2062
1986-06-13,162.35,1.2346
1986-06-16,160.8,-0.9547
1986-06-17,158.57,-1.3868
1986-06-18,158.48,-0.0568
1986-06-19,159.28,0.5048
1986-06-20,159.59,0.1946
1986-06-23,159.55,-0.0251
1986-06-24,160.8,0.7835
1986-06-25,162.0,0.7463
1986-06-26,161.72,-0.1728
1986-06-27,161.62,-0.0618
1986-06-30,162.62,0.6187
1986-07-01,163.32,0.4305
1986-07-02,163.96,0.3919
1986-07-03,164.51,0.3354
1986-07-07,157.62,-4.1882
1986-07-08,153.26,-2.7661
1986-07-09,155.41,1.4028
1986-07-10,154.29,-0.7207
1986-07-11,152.85,-0.9333
1986-07-14,149.29,-2.3291
1986-07-15,146.26,-2.0296
1986-07-16,147.4,0.7794
1986-07-17,148.46,0.7191
1986-07-18,147.76,-0.4715
1986-07-21,147.07,-0.467
1986-07-22,147.4,0.2244
1986-07-23,147.18,-0.1493
1986-07-24,147.28,0.0679
1986-07-25,148.26,0.6654
1986-07-28,145.51,-1.8548
1986-07-29,144.21,-0.8934
1986-07-30,144.52,0.215
1986-07-31,144.71,0.1315
1986-08-01,144.19,-0.3593
1986-08-04,142.52,-1.1582
1986-08-05,141.86,-0.4631
1986-08-06,140.54,-0.9305
1986-08-07,140.7,0.1138
1986-08-08,142.29,1.1301
1986-08-11,145.44,2.2138
1986-08-12,147.06,1.1139
1986-08-13,148.84,1.2104
1986-08-14,149.99,0.7726
1986-08-15,149.57,-0.28
1986-08-18,149.07,-0.3343
1986-08-19,148.6,-0.3153
1986-08-20,149.76,0.7806
1986-08-21,150.01,0.1669
1986-08-22,150.95,0.6266
1986-08-25,149.91,-0.689
1986-08-26,151.15,0.8272
1986-08-27,152.02,0.5756
1986-08-28,152.04,0.0132
1986-08-29,151.7,-0.2236
1986-09-02,149.34,-1.5557
1986-09-03,149.82,0.3214
1986-09-04,151.4,1.0546
1986-09-05,149.67,-1.1427
1986-09-08,146.55,-2.0846
1986-09-09,145.76,-0.5391
1986-09-10,144.74,-0.6998
1986-09-11,138.46,-4.3388
1986-09-12,135.04,-2.47
1986-09-15,134.94,-0.0741
1986-09-16,135.21,0.2001
1986-09-17,136.39,0.8727
1986-09-18,138.13,1.2758
1986-09-19,138.46,0.2389
1986-09-22,140.12,1.1989
1986-09-23,139.57,-0.3925
1986-09-24,139.24,-0.2364
1986-09-25,137.62,-1.1635
1986-09-26,137.59,-0.0218
1986-09-29,135.54,-1.4899
1986-09-30,137.49,1.4387
1986-10-01,138.26,0.56
1986-10-02,138.22,-0.0289
1986-10-03,138.55,0.2387
1986-10-06,139.12,0.4114
1986-10-07,138.26,-0.6182
1986-10-08,139.26,0.7233
1986-10-09,139.16,-0.0718
1986-10-10,139.87,0.5102
1986-10-13,140.68,0.5791
1986-10-14,140.96,0.199
1986-10-15,142.1,0.8087
1986-10-16,141.9,-0.1407
1986-10-17,141.2,-0.4933
1986-10-20,140.1,-0.779
1986-10-21,139.93,-0.1213
1986-10-22,140.3,0.2644
1986-10-23,142.15,1.3186
1986-10-24,141.96,-0.1337
1986-10-27,141.76,-0.1409
1986-10-28,142.49,0.515
1986-10-29,143.13,0.4492
1986-10-30,144.78,1.1528
1986-10-31,144.48,-0.2072
1986-11-03,144.81,0.2284
1986-11-04,145.96,0.7941
1986-11-05,146.18,0.1507
1986-11-06,145.41,-0.5267
1986-11-07,144.91,-0.3439
1986-11-10,144.29,-0.4279
1986-11-11,145.35,0.7346
1986-11-12,145.58,0.1582
1986-11-13,143.41,-1.4906
1986-11-14,143.51,0.0697
1986-11-17,143.2,-0.216
1986-11-18,140.66,-1.7737
1986-11-19,139.54,-0.7962
1986-11-20,141.31,1.2685
1986-11-21,142.9,1.1252
1986-11-24,144.49,1.1127
1986-11-25,145.77,0.8859
1986-11-26,146.87,0.7546
1986-11-28,147.94,0.7285
1986-12-01,146.85,-0.7368
1986-12-02,148.87,1.3756
1986-12-03,150.08,0.8128
1986-12-04,149.98,-0.0666
1986-12-05,149.04,-0.6268
1986-12-08,147.85,-0.7984
1986-12-09,146.87,-0.6628
1986-12-10,146.96,0.0613
1986-12-11,146.08,-0.5988
1986-12-12,144.98,-0.753
1986-12-15,144.07,-0.6277
1986-12-16,144.49,0.2915
1986-12-17,143.04,-1.0035
1986-12-18,142.85,-0.1328
1986-12-19,143.77,0.644
1986-12-22,144.09,0.2226
1986-12-23,142.8,-0.8953
1986-12-24,142.79,-0.007
1986-12-26,142.93,0.098
1986-12-29,141.51,-0.9935
1986-12-30,141.52,0.0071
1986-12-31,141.4,-0.0848
1987-01-02,142.86,1.0325
1987-01-05,147.4,3.1779
1987-01-06,149.06,1.1262
1987-01-07,152.98,2.6298
1987-01-08,155.69,1.7715
1987-01-09,156.99,0.835
1987-01-12,159.3,1.4714
1987-01-13,159.62,0.2009
1987-01-14,162.66,1.9045
1987-01-15,164.15,0.916
1987-01-16,162.51,-0.9991
1987-01-19,166.46,2.4306
1987-01-20,166.52,0.036
1987-01-21,164.26,-1.3572
1987-01-22,167.95,2.2464
1987-01-23,166.76,-0.7085
1987-01-26,164.14,-1.5711
1987-01-27,166.65,1.5292
1987-01-28,167.62,0.5821
1987-01-29,165.74,-1.1216
1987-01-30,166.68,0.5672
1987-02-02,170.3,2.1718
1987-02-03,171.55,0.734
1987-02-04,173.5,1.1367
1987-02-05,174.63,0.6513
1987-02-06,174.63,0.0
1987-02-09,173.62,-0.5784
1987-02-10,172.32,-0.7488
1987-02-11,175.98,2.124
1987-02-12,176.26,0.1591
1987-02-13,179.07,1.5942
1987-02-17,183.65,2.5577
1987-02-18,181.21,-1.3286
1987-02-19,179.87,-0.7395
1987-02-20,178.68,-0.6616
1987-02-23,177.71,-0.5429
1987-02-24,178.94,0.6921
1987-02-25,180.97,1.1345
1987-02-26,182.18,0.6686
1987-02-27,182.75,0.3129
1987-03-02,181.07,-0.9193
1987-03-03,180.57,-0.2761
1987-03-04,183.27,1.4953
1987-03-05,184.67,0.7639
1987-03-06,184.29,-0.2058
1987-03-09,182.48,-0.9821
1987-03-10,184.46,1.0851
1987-03-11,185.31,0.4608
1987-03-12,184.77,-0.2914
1987-03-13,183.16,-0.8714
1987-03-16,182.73,-0.2348
1987-03-17,185.9,1.7348
1987-03-18,186.04,0.0753
1987-03-19,187.96,1.032
1987-03-20,189.82,0.9896
1987-03-23,189.4,-0.2213
1987-03-24,190.18,0.4118
1987-03-25,190.2,0.0105
1987-03-26,190.71,0.2681
1987-03-27,189.05,-0.8704
1987-03-30,183.84,-2.7559
1987-03-31,186.04,1.1967
1987-04-01,186.07,0.0161
1987-04-02,187.66,0.8545
1987-04-03,191.36,1.9717
1987-04-06,190.91,-0.2352
1987-04-07,187.43,-1.8228
1987-04-08,189.28,0.987
1987-04-09,188.73,-0.2906
1987-04-10,188.29,-0.2331
1987-04-13,183.95,-2.305
1987-04-14,179.73,-2.2941
1987-04-15,182.46,1.5189
1987-04-16,183.74,0.7015
1987-04-20,182.12,-0.8817
1987-04-21,184.63,1.3782
1987-04-22,183.96,-0.3629
1987-04-23,183.77,-0.1033
1987-04-24,180.38,-1.8447
1987-04-27,179.55,-0.4601
1987-04-28,181.26,0.9524
1987-04-29,182.22,0.5296
1987-04-30,184.83,1.4323
1987-05-01,185.83,0.541
1987-05-04,186.45,0.3336
1987-05-05,189.74,1.7645
1987-05-06,189.29,-0.2372
1987-05-07,190.01,0.3804
1987-05-08,190.36,0.1842
1987-05-11,189.24,-0.5884
1987-05-12,188.98,-0.1374
1987-05-13,190.29,0.6932
1987-05-14,190.74,0.2365
1987-05-15,187.91,-1.4837
1987-05-18,185.46,-1.3038
1987-05-19,181.46,-2.1568
1987-05-20,181.7,0.1323
1987-05-21,182.66,0.5283
1987-05-22,181.64,-0.5584
1987-05-26,185.17,1.9434
1987-05-27,185.96,0.4266
1987-05-28,188.11,1.1562
1987-05-29,188.77,0.3509
1987-06-01,185.86,-1.5416
1987-06-02,184.5,-0.7317
1987-06-03,185.76,0.6829
1987-06-04,186.26,0.2692
1987-06-05,185.68,-0.3114
1987-06-08,187.54,1.0017
1987-06-09,189.48,1.0344
1987-06-10,190.02,0.285
1987-06-11,189.66,-0.1895
1987-06-12,190.36,0.3691
1987-06-15,189.6,-0.3992
1987-06-16,191.14,0.8122
1987-06-17,191.32,0.0942
1987-06-18,192.37,0.5488
1987-06-19,192.05,-0.1663
1987-06-22,192.9,0.4426
1987-06-23,191.84,-0.5495
1987-06-24,191.9,0.0313
1987-06-25,191.35,-0.2866
1987-06-26,191.06,-0.1516
1987-06-29,190.7,-0.1884
1987-06-30,189.24,-0.7656
1987-07-01,189.48,0.1268
1987-07-02,190.38,0.475
1987-07-06,189.02,-0.7144
1987-07-07,187.76,-0.6666
1987-07-08,187.38,-0.2024
1987-07-09,187.98,0.3202
1987-07-10,188.74,0.4043
1987-07-13,190.42,0.8901
1987-07-14,194.99,2.4
1987-07-15,194.87,-0.0615
1987-07-16,196.04,0.6004
1987-07-17,195.87,-0.0867
1987-07-20,193.86,-1.0262
1987-07-21,193.2,-0.3405
1987-07-22,193.63,0.2226
1987-07-23,191.51,-1.0949
1987-07-24,193.02,0.7885
1987-07-27,193.2,0.0933
1987-07-28,193.76,0.2899
1987-07-29,194.73,0.5006
1987-07-30,196.57,0.9449
1987-07-31,196.35,-0.1119
1987-08-03,195.24,-0.5653
1987-08-04,195.88,0.3278
1987-08-05,198.24,1.2048
1987-08-06,201.87,1.8311
1987-08-07,203.73,0.9214
1987-08-10,206.03,1.1289
1987-08-11,208.39,1.1455
1987-08-12,207.06,-0.6382
1987-08-13,206.47,-0.2849
1987-08-14,206.46,-0.0048
1987-08-17,206.83,0.1792
1987-08-18,203.9,-1.4166
1987-08-19,205.39,0.7308
1987-08-20,208.93,1.7236
1987-08-21,210.57,0.785
1987-08-24,209.48,-0.5176
1987-08-25,210.71,0.5872
1987-08-26,211.16,0.2136
1987-08-27,210.63,-0.251
1987-08-28,208.85,-0.8451
1987-08-31,209.57,0.3447
1987-09-01,206.89,-1.2788
1987-09-02,205.73,-0.5607
1987-09-03,205.01,-0.35
1987-09-04,204.06,-0.4634
1987-09-08,199.9,-2.0386
1987-09-09,201.6,0.8504
1987-09-10,205.16,1.7659
1987-09-11,206.37,0.5898
1987-09-14,205.16,-0.5863
1987-09-15,202.26,-1.4135
1987-09-16,201.3,-0.4746
1987-09-17,202.05,0.3726
1987-09-18,201.68,-0.1831
1987-09-21,197.26,-2.1916
1987-09-22,201.43,2.114
1987-09-23,204.07,1.3106
1987-09-24,204.64,0.2793
1987-09-25,205.12,0.2346
1987-09-28,204.62,-0.2438
1987-09-29,204.15,-0.2297
1987-09-30,205.51,0.6662
1987-10-01,209.71,2.0437
1987-10-02,212.15,1.1635
1987-10-05,213.81,0.7825
1987-10-06,208.07,-2.6846
1987-10-07,206.89,-0.5671
1987-10-08,203.62,-1.5806
1987-10-09,202.46,-0.5697
1987-10-12,199.62,-1.4027
1987-10-13,201.23,0.8065
1987-10-14,197.49,-1.8586
1987-10-15,193.07,-2.2381
1987-10-16,183.29,-5.0655
1987-10-19,155.65,-15.0799
1987-10-20,143.96,-7.5104
1987-10-21,158.78,10.2945
1987-10-22,149.99,-5.536
1987-10-23,145.42,-3.0469
1987-10-26,128.43,-11.6834
1987-10-27,129.87,1.1212
1987-10-28,131.21,1.0318
1987-10-29,143.64,9.4734
1987-10-30,150.07,4.4765
1987-11-02,152.2,1.4193
1987-11-03,147.13,-3.3311
1987-11-04,147.95,0.5573
1987-11-05,153.03,3.4336
1987-11-06,150.68,-1.5356
1987-11-09,146.49,-2.7807
1987-11-10,143.45,-2.0752
1987-11-11,145.48,1.4151
1987-11-12,149.85,3.0038
1987-11-13,147.95,-1.2679
1987-11-16,147.46,-0.3312
1987-11-17,143.57,-2.638
1987-11-18,144.84,0.8846
1987-11-19,141.06,-2.6098
1987-11-20,140.84,-0.156
1987-11-23,141.84,0.71
1987-11-24,144.66,1.9882
1987-11-25,144.99,0.2281
1987-11-27,143.35,-1.1311
1987-11-30,137.12,-4.346
1987-12-01,137.16,0.0292
1987-12-02,137.96,0.5833
1987-12-03,132.95,-3.6315
1987-12-04,130.43,-1.8954
1987-12-07,133.15,2.0854
1987-12-08,136.69,2.6587
1987-12-09,139.76,2.246
1987-12-10,139.01,-0.5366
1987-12-11,139.82,0.5827
1987-12-14,146.08,4.4772
1987-12-15,146.89,0.5545
1987-12-16,151.06,2.8389
1987-12-17,149.91,-0.7613
1987-12-18,154.74,3.2219
1987-12-21,156.02,0.8272
1987-12-22,155.55,-0.3012
1987-12-23,158.06,1.6136
1987-12-24,158.18,0.0759
1987-12-28,152.78,-3.4138
1987-12-29,154.35,1.0276
1987-12-30,157.29,1.9048
1987-12-31,156.25,-0.6612
1988-01-04,161.81,3.5584
1988-01-05,164.28,1.5265
1988-01-06,166.18,1.1566
1988-01-07,168.7,1.5164
1988-01-08,158.2,-6.2241
1988-01-11,158.88,0.4298
1988-01-12,155.73,-1.9826
1988-01-13,155.54,-0.122
1988-01-14,156.04,0.3215
1988-01-15,159.82,2.4225
1988-01-18,159.02,-0.5006
1988-01-19,158.01,-0.6351
1988-01-20,152.46,-3.5124
1988-01-21,152.95,0.3214
1988-01-22,154.35,0.9153
1988-01-25,157.05,1.7493
1988-01-26,155.23,-1.1589
1988-01-27,155.43,0.1288
1988-01-28,157.65,1.4283
1988-01-29,159.13,0.9388
1988-02-01,158.62,-0.3205
1988-02-02,158.98,0.227
1988-02-03,156.58,-1.5096
1988-02-04,157.38,0.5109
1988-02-05,158.01,0.4003
1988-02-08,157.88,-0.0823
1988-02-09,158.93,0.6651
1988-02-10,162.24,2.0827
1988-02-11,162.96,0.4438
1988-02-12,163.93,0.5952
1988-02-16,165.54,0.9821
1988-02-17,165.8,0.1571
1988-02-18,165.75,-0.0302
1988-02-19,167.07,0.7964
1988-02-22,170.2,1.8735
1988-02-23,171.29,0.6404
1988-02-24,172.48,0.6947
1988-02-25,170.79,-0.9798
1988-02-26,170.65,-0.082
1988-02-29,172.64,1.1661
1988-03-01,172.63,-0.0058
1988-03-02,175.12,1.4424
1988-03-03,176.5,0.788
1988-03-04,177.39,0.5042
1988-03-07,178.46,0.6032
1988-03-08,179.62,0.65
1988-03-09,181.24,0.9019
1988-03-10,178.43,-1.5504
1988-03-11,177.89,-0.3026
1988-03-14,179.21,0.742
1988-03-15,178.32,-0.4966
1988-03-16,180.42,1.1777
1988-03-17,181.24,0.4545
1988-03-18,181.04,-0.1104
1988-03-21,178.9,-1.1821
1988-03-22,180.01,0.6205
1988-03-23,179.24,-0.4278
1988-03-24,174.76,-2.4994
1988-03-25,172.88,-1.0758
1988-03-28,172.84,-0.0231
1988-03-29,173.66,0.4744
1988-03-30,172.13,-0.881
1988-03-31,173.26,0.6565
1988-04-04,171.4,-1.0735
1988-04-05,172.9,0.8751
1988-04-06,176.6,2.14
1988-04-07,177.33,0.4134
1988-04-08,178.93,0.9023
1988-04-11,179.94,0.5645
1988-04-12,180.1,0.0889
1988-04-13,180.38,0.1555
1988-04-14,173.27,-3.9417
1988-04-15,173.13,-0.0808
1988-04-18,173.55,0.2426
1988-04-19,174.35,0.461
1988-04-20,172.93,-0.8145
1988-04-21,172.07,-0.4973
1988-04-22,173.32,0.7264
1988-04-25,174.4,0.6231
1988-04-26,176.74,1.3417
1988-04-27,177.21,0.2659
1988-04-28,176.73,-0.2709
1988-04-29,175.92,-0.4583
1988-05-02,176.74,0.4661
1988-05-03,178.99,1.2731
1988-05-04,178.62,-0.2067
1988-05-05,177.68,-0.5263
1988-05-06,177.18,-0.2814
1988-05-09,174.93,-1.2699
1988-05-10,174.32,-0.3487
1988-05-11,170.8,-2.0193
1988-05-12,171.71,0.5328
1988-05-13,173.85,1.2463
1988-05-16,174.99,0.6557
1988-05-17,174.07,-0.5257
1988-05-18,170.29,-2.1715
1988-05-19,170.35,0.0352
1988-05-20,169.88,-0.2759
1988-05-23,167.65,-1.3127
1988-05-24,169.21,0.9305
1988-05-25,169.01,-0.1182
1988-05-26,169.85,0.497
1988-05-27,169.59,-0.1531
1988-05-31,173.35,2.2171
1988-06-01,176.68,1.921
1988-06-02,176.45,-0.1302
1988-06-03,178.01,0.8841
1988-06-06,179.74,0.9719
1988-06-07,179.76,0.0111
1988-06-08,183.01,1.808
1988-06-09,182.77,-0.1311
1988-06-10,184.29,0.8316
1988-06-13,184.74,0.2442
1988-06-14,185.77,0.5575
1988-06-15,186.1,0.1776
1988-06-16,184.51,-0.8544
1988-06-17,183.94,-0.3089
1988-06-20,183.2,-0.4023
1988-06-21,184.79,0.8679
1988-06-22,186.98,1.1851
1988-06-23,187.07,0.0481
1988-06-24,187.35,0.1497
1988-06-27,185.12,-1.1903
1988-06-28,188.19,1.6584
1988-06-29,187.79,-0.2126
1988-06-30,189.02,0.655
1988-07-01,189.96,0.4973
1988-07-05,191.9,1.0213
1988-07-06,190.43,-0.766
1988-07-07,189.38,-0.5514
1988-07-08,188.15,-0.6495
1988-07-11,187.68,-0.2498
1988-07-12,187.24,-0.2344
1988-07-13,188.12,0.47
1988-07-14,188.68,0.2977
1988-07-15,188.51,-0.0901
1988-07-18,188.79,0.1485
1988-07-19,185.78,-1.5944
1988-07-20,185.26,-0.2799
1988-07-21,182.4,-1.5438
1988-07-22,181.86,-0.2961
1988-07-25,181.59,-0.1485
1988-07-26,179.71,-1.0353
1988-07-27,177.37,-1.3021
1988-07-28,178.22,0.4792
1988-07-29,181.16,1.6496
1988-08-01,181.44,0.1546
1988-08-02,180.54,-0.496
1988-08-03,181.07,0.2936
1988-08-04,181.18,0.0607
1988-08-05,179.9,-0.7065
1988-08-08,179.82,-0.0445
1988-08-09,177.27,-1.4181
1988-08-10,172.68,-2.5893
1988-08-11,174.63,1.1293
1988-08-12,173.74,-0.5096
1988-08-15,170.09,-2.1008
1988-08-16,172.65,1.5051
1988-08-17,172.9,0.1448
1988-08-18,173.55,0.3759
1988-08-19,172.82,-0.4206
1988-08-22,169.9,-1.6896
1988-08-23,169.6,-0.1766
1988-08-24,171.96,1.3915
1988-08-25,170.53,-0.8316
1988-08-26,170.98,0.2639
1988-08-29,172.76,1.0411
1988-08-30,172.37,-0.2257
1988-08-31,170.99,-0.8006
1988-09-01,168.22,-1.62
1988-09-02,171.46,1.926
1988-09-06,171.93,0.2741
1988-09-07,172.1,0.0989
1988-09-08,172.96,0.4997
1988-09-09,175.48,1.457
1988-09-12,175.6,0.0684
1988-09-13,175.87,0.1538
1988-09-14,176.98,0.6311
1988-09-15,175.41,-0.8871
1988-09-16,176.65,0.7069
1988-09-19,176.11,-0.3057
1988-09-20,176.8,0.3918
1988-09-21,177.8,0.5656
1988-09-22,178.27,0.2643
1988-09-23,177.48,-0.4431
1988-09-26,175.87,-0.9071
1988-09-27,175.8,-0.0398
1988-09-28,177.05,0.711
1988-09-29,178.82,0.9997
1988-09-30,179.37,0.3076
1988-10-03,176.79,-1.4384
1988-10-04,176.29,-0.2828
1988-10-05,175.86,-0.2439
1988-10-06,176.24,0.2161
1988-10-07,176.0,-0.1362
1988-10-10,174.93,-0.608
1988-10-11,175.62,0.3944
1988-10-12,173.29,-1.3267
1988-10-13,174.84,0.8945
1988-10-14,175.37,0.3031
1988-10-17,175.79,0.2395
1988-10-18,176.99,0.6826
1988-10-19,176.99,0.0
1988-10-20,180.37,1.9097
1988-10-21,179.74,-0.3493
1988-10-24,178.41,-0.74
1988-10-25,177.4,-0.5661
1988-10-26,176.35,-0.5919
1988-10-27,174.28,-1.1738
1988-10-28,174.88,0.3443
1988-10-31,174.78,-0.0572
1988-11-01,174.6,-0.103
1988-11-02,174.01,-0.3379
1988-11-03,174.25,0.1379
1988-11-04,173.56,-0.396
1988-11-07,171.34,-1.2791
1988-11-08,173.75,1.4066
1988-11-09,173.49,-0.1496
1988-11-10,173.27,-0.1268
1988-11-11,169.24,-2.3258
1988-11-14,168.96,-0.1654
1988-11-15,168.1,-0.509
1988-11-16,165.52,-1.5348
1988-11-17,166.21,0.4169
1988-11-18,166.52,0.1865
1988-11-21,163.82,-1.6214
1988-11-22,164.35,0.3235
1988-11-23,167.19,1.728
1988-11-25,165.72,-0.8792
1988-11-28,165.99,0.1629
1988-11-29,167.17,0.7109
1988-11-30,169.18,1.2024
1988-12-01,171.33,1.2708
1988-12-02,171.62,0.1693
1988-12-05,172.85,0.7167
1988-12-06,174.01,0.6711
1988-12-07,172.84,-0.6724
1988-12-08,171.88,-0.5554
1988-12-09,171.79,-0.0524
1988-12-12,171.11,-0.3958
1988-12-13,170.26,-0.4968
1988-12-14,170.87,0.3583
1988-12-15,171.62,0.4389
1988-12-16,174.01,1.3926
1988-12-19,175.39,0.7931
1988-12-20,175.07,-0.1825
1988-12-21,174.66,-0.2342
1988-12-22,174.76,0.0573
1988-12-23,175.61,0.4864
1988-12-27,175.22,-0.2221
1988-12-28,175.13,-0.0514
1988-12-29,176.68,0.8851
1988-12-30,177.41,0.4132
1989-01-03,174.62,-1.5726
1989-01-04,177.56,1.6837
1989-01-05,177.49,-0.0394
1989-01-06,177.52,0.0169
1989-01-09,177.65,0.0732
1989-01-10,177.07,-0.3265
1989-01-11,177.6,0.2993
1989-01-12,179.0,0.7883
1989-01-13,179.1,0.0559
1989-01-16,179.2,0.0558
1989-01-17,177.09,-1.1775
1989-01-18,178.65,0.8809
1989-01-19,180.57,1.0747
1989-01-20,180.32,-0.1385
1989-01-23,178.21,-1.1701
1989-01-24,180.18,1.1054
1989-01-25,181.56,0.7659
1989-01-26,183.99,1.3384
1989-01-27,183.54,-0.2446
1989-01-30,184.79,0.6811
1989-01-31,186.47,0.9091
1989-02-01,188.37,1.0189
1989-02-02,189.87,0.7963
1989-02-03,189.98,0.0579
1989-02-06,189.46,-0.2737
1989-02-07,192.05,1.367
1989-02-08,190.05,-1.0414
1989-02-09,188.69,-0.7156
1989-02-10,185.71,-1.5793
1989-02-13,185.4,-0.1669
1989-02-14,185.63,0.1241
1989-02-15,187.41,0.9589
1989-02-16,187.82,0.2188
1989-02-17,188.51,0.3674
1989-02-21,188.17,-0.1804
1989-02-22,185.76,-1.2808
1989-02-23,186.47,0.3822
1989-02-24,184.59,-1.0082
1989-02-27,183.82,-0.4171
1989-02-28,183.79,-0.0163
1989-03-01,183.6,-0.1034
1989-03-02,185.46,1.0131
1989-03-03,185.82,0.1941
1989-03-06,187.51,0.9095
1989-03-07,186.7,-0.432
1989-03-08,186.26,-0.2357
1989-03-09,185.35,-0.4886
1989-03-10,184.99,-0.1942
1989-03-13,185.88,0.4811
1989-03-14,185.35,-0.2851
1989-03-15,185.37,0.0108
1989-03-16,187.13,0.9495
1989-03-17,182.01,-2.7361
1989-03-20,179.88,-1.1703
1989-03-21,182.04,1.2008
1989-03-22,180.59,-0.7965
1989-03-23,181.04,0.2492
1989-03-27,181.15,0.0608
1989-03-28,182.01,0.4747
1989-03-29,183.34,0.7307
1989-03-30,184.37,0.5618
1989-03-31,185.87,0.8136
1989-04-03,185.83,-0.0215
1989-04-04,185.54,-0.1561
1989-04-05,186.09,0.2964
1989-04-06,186.2,0.0591
1989-04-07,188.4,1.1815
1989-04-10,189.27,0.4618
1989-04-11,190.91,0.8665
1989-04-12,192.53,0.8486
1989-04-13,191.83,-0.3636
1989-04-14,194.63,1.4596
1989-04-17,194.59,-0.0206
1989-04-18,196.83,1.1511
1989-04-19,198.07,0.63
1989-04-20,197.65,-0.212
1989-04-21,198.86,0.6122
1989-04-24,198.32,-0.2715
1989-04-25,197.24,-0.5446
1989-04-26,197.25,0.0051
1989-04-27,199.57,1.1762
1989-04-28,200.47,0.451
1989-05-01,200.75,0.1397
1989-05-02,200.74,-0.005
1989-05-03,201.59,0.4234
1989-05-04,202.1,0.253
1989-05-05,203.44,0.663
1989-05-08,203.04,-0.1966
1989-05-09,202.68,-0.1773
1989-05-10,203.01,0.1628
1989-05-11,203.51,0.2463
1989-05-12,207.15,1.7886
1989-05-15,208.9,0.8448
1989-05-16,208.26,-0.3064
1989-05-17,210.73,1.186
1989-05-18,211.06,0.1566
1989-05-19,212.61,0.7344
1989-05-22,212.37,-0.1129
1989-05-23,210.62,-0.824
1989-05-24,211.99,0.6505
1989-05-25,212.84,0.401
1989-05-26,214.43,0.747
1989-05-30,213.59,-0.3917
1989-05-31,214.54,0.4448
1989-06-01,215.59,0.4894
1989-06-02,217.79,1.0205
1989-06-05,213.4,-2.0157
1989-06-06,214.4,0.4686
1989-06-07,219.88,2.556
1989-06-08,219.39,-0.2228
1989-06-09,218.79,-0.2735
1989-06-12,218.6,-0.0868
1989-06-13,216.54,-0.9424
1989-06-14,216.66,0.0554
1989-06-15,213.09,-1.6477
1989-06-16,212.82,-0.1267
1989-06-19,212.29,-0.249
1989-06-20,211.04,-0.5888
1989-06-21,210.91,-0.0616
1989-06-22,212.22,0.6211
1989-06-23,214.26,0.9613
1989-06-26,213.62,-0.2987
1989-06-27,213.93,0.1451
1989-06-28,211.07,-1.3369
1989-06-29,206.77,-2.0372
1989-06-30,204.59,-1.0543
1989-07-03,205.46,0.4252
1989-07-05,206.37,0.4429
1989-07-06,207.67,0.6299
1989-07-07,209.58,0.9197
1989-07-10,209.33,-0.1193
1989-07-11,209.94,0.2914
1989-07-12,210.87,0.443
1989-07-13,211.48,0.2893
1989-07-14,212.87,0.6573
1989-07-17,213.74,0.4087
1989-07-18,211.38,-1.1041
1989-07-19,213.61,1.055
1989-07-20,211.1,-1.175
1989-07-21,210.87,-0.109
1989-07-24,208.12,-1.3041
1989-07-25,208.01,-0.0529
1989-07-26,209.9,0.9086
1989-07-27,212.76,1.3626
1989-07-28,213.15,0.1833
1989-07-31,214.27,0.5255
1989-08-01,212.84,-0.6674
1989-08-02,212.84,0.0
1989-08-03,214.56,0.8081
1989-08-04,215.14,0.2703
1989-08-07,218.76,1.6826
1989-08-08,219.73,0.4434
1989-08-09,217.85,-0.8556
1989-08-10,217.42,-0.1974
1989-08-11,216.3,-0.5151
1989-08-14,214.81,-0.6889
1989-08-15,215.87,0.4935
1989-08-16,214.87,-0.4632
1989-08-17,216.15,0.5957
1989-08-18,216.72,0.2637
1989-08-21,214.18,-1.172
1989-08-22,215.38,0.5603
1989-08-23,217.49,0.9797
1989-08-24,220.4,1.338
1989-08-25,220.82,0.1906
1989-08-28,221.46,0.2898
1989-08-29,220.3,-0.5238
1989-08-30,221.4,0.4993
1989-08-31,222.01,0.2755
1989-09-01,223.51,0.6756
1989-09-05,223.58,0.0313
1989-09-06,221.67,-0.8543
1989-09-07,221.2,-0.212
1989-09-08,222.65,0.6555
1989-09-11,222.96,0.1392
1989-09-12,224.32,0.61
1989-09-13,224.62,0.1337
1989-09-14,222.41,-0.9839
1989-09-15,221.96,-0.2023
1989-09-18,221.75,-0.0946
1989-09-19,221.93,0.0812
1989-09-20,222.3,0.1667
1989-09-21,222.65,0.1574
1989-09-22,223.89,0.5569
1989-09-25,223.89,0.0
1989-09-26,223.87,-0.0089
1989-09-27,223.8,-0.0313
1989-09-28,226.25,1.0947
1989-09-29,226.39,0.0619
1989-10-02,228.11,0.7598
1989-10-03,228.74,0.2762
1989-10-04,230.9,0.9443
1989-10-05,231.74,0.3638
1989-10-06,234.4,1.1478
1989-10-09,236.79,1.0196
1989-10-10,236.09,-0.2956
1989-10-11,235.09,-0.4236
1989-10-12,234.54,-0.234
1989-10-13,224.66,-4.2125
1989-10-16,224.95,0.1291
1989-10-17,224.24,-0.3156
1989-10-18,226.52,1.0168
1989-10-19,231.53,2.2117
1989-10-20,231.05,-0.2073
1989-10-23,228.76,-0.9911
1989-10-24,226.18,-1.1278
1989-10-25,226.12,-0.0265
1989-10-26,222.05,-1.7999
1989-10-27,218.84,-1.4456
1989-10-30,219.07,0.1051
1989-10-31,222.62,1.6205
1989-11-01,223.31,0.3099
1989-11-02,219.45,-1.7285
1989-11-03,219.05,-0.1823
1989-11-06,215.18,-1.7667
1989-11-07,217.65,1.1479
1989-11-08,220.37,1.2497
1989-11-09,220.65,0.1271
1989-11-10,222.53,0.852
1989-11-13,222.76,0.1034
1989-11-14,221.37,-0.624
1989-11-15,222.35,0.4427
1989-11-16,221.7,-0.2923
1989-11-17,222.63,0.4195
1989-11-20,223.41,0.3504
1989-11-21,222.76,-0.2909
1989-11-22,223.62,0.3861
1989-11-24,224.84,0.5456
1989-11-27,223.65,-0.5293
1989-11-28,223.59,-0.0268
1989-11-29,223.49,-0.0447
1989-11-30,224.45,0.4295
1989-12-01,225.32,0.3876
1989-12-04,226.72,0.6213
1989-12-05,227.3,0.2558
1989-12-06,224.15,-1.3858
1989-12-07,224.76,0.2721
1989-12-08,224.02,-0.3292
1989-12-11,220.26,-1.6784
1989-12-12,217.8,-1.1169
1989-12-13,217.91,0.0505
1989-12-14,216.35,-0.7159
1989-12-15,214.14,-1.0215
1989-12-18,210.85,-1.5364
1989-12-19,211.18,0.1565
1989-12-20,213.24,0.9755
1989-12-21,216.23,1.4022
1989-12-22,217.62,0.6428
1989-12-26,217.62,0.0
1989-12-27,221.57,1.8151
1989-12-28,221.58,0.0045
1989-12-29,223.84,1.0199
1990-01-02,227.73,1.7378
1990-01-03,226.1,-0.7158
1990-01-04,224.71,-0.6148
1990-01-05,223.14,-0.6987
1990-01-08,223.54,0.1793
1990-01-09,221.18,-1.0557
1990-01-10,216.55,-2.0933
1990-01-11,213.51,-1.4038
1990-01-12,208.79,-2.2107
1990-01-15,207.62,-0.5604
1990-01-16,211.91,2.0663
1990-01-17,210.6,-0.6182
1990-01-18,210.57,-0.0142
1990-01-19,213.91,1.5862
1990-01-22,208.06,-2.7348
1990-01-23,207.48,-0.2788
1990-01-24,206.74,-0.3567
1990-01-25,205.77,-0.4692
1990-01-26,203.24,-1.2295
1990-01-29,202.05,-0.5855
1990-01-30,197.65,-2.1777
1990-01-31,201.94,2.1705
1990-02-01,203.04,0.5447
1990-02-02,205.62,1.2707
1990-02-05,206.49,0.4231
1990-02-06,205.07,-0.6877
1990-02-07,206.8,0.8436
1990-02-08,207.24,0.2128
1990-02-09,208.49,0.6032
1990-02-12,206.88,-0.7722
1990-02-13,207.2,0.1547
1990-02-14,208.06,0.4151
1990-02-15,209.93,0.8988
1990-02-16,208.35,-0.7526
1990-02-20,205.07,-1.5743
1990-02-21,204.75,-0.156
1990-02-22,204.19,-0.2735
1990-02-23,201.79,-1.1754
1990-02-26,204.62,1.4024
1990-02-27,205.79,0.5718
1990-02-28,207.91,1.0302
1990-03-01,209.1,0.5724
1990-03-02,211.54,1.1669
1990-03-05,210.39,-0.5436
1990-03-06,210.96,0.2709
1990-03-07,210.15,-0.384
1990-03-08,213.11,1.4085
1990-03-09,213.82,0.3332
1990-03-12,213.52,-0.1403
1990-03-13,211.51,-0.9414
1990-03-14,212.27,0.3593
1990-03-15,213.48,0.57
1990-03-16,217.96,2.0986
1990-03-19,219.87,0.8763
1990-03-20,216.93,-1.3372
1990-03-21,215.85,-0.4979
1990-03-22,212.54,-1.5335
1990-03-23,214.49,0.9175
1990-03-26,216.43,0.9045
1990-03-27,217.47,0.4805
1990-03-28,214.23,-1.4899
1990-03-29,213.11,-0.5228
1990-03-30,213.15,0.0188
1990-04-02,212.67,-0.2252
1990-04-03,216.81,1.9467
1990-04-04,215.48,-0.6134
1990-04-05,214.06,-0.659
1990-04-06,212.48,-0.7381
1990-04-09,212.12,-0.1694
1990-04-10,213.23,0.5233
1990-04-11,214.52,0.605
1990-04-12,216.04,0.7086
1990-04-16,216.93,0.412
1990-04-17,216.5,-0.1982
1990-04-18,213.15,-1.5473
1990-04-19,210.87,-1.0697
1990-04-20,208.62,-1.067
1990-04-23,205.63,-1.4332
1990-04-24,204.76,-0.4231
1990-04-25,205.58,0.4005
1990-04-26,205.79,0.1022
1990-04-27,203.67,-1.0302
1990-04-30,205.82,1.0556
1990-05-01,207.04,0.5928
1990-05-02,208.5,0.7052
1990-05-03,210.09,0.7626
1990-05-04,212.71,1.2471
1990-05-07,215.03,1.0907
1990-05-08,215.17,0.0651
1990-05-09,215.43,0.1208
1990-05-10,216.81,0.6406
1990-05-11,220.89,1.8818
1990-05-14,223.86,1.3446
1990-05-15,224.49,0.2814
1990-05-16,225.12,0.2806
1990-05-17,226.64,0.6752
1990-05-18,228.51,0.8251
1990-05-21,232.21,1.6192
1990-05-22,232.85,0.2756
1990-05-23,236.06,1.3786
1990-05-24,237.04,0.4151
1990-05-25,232.2,-2.0418
1990-05-29,235.84,1.5676
1990-05-30,236.35,0.2162
1990-05-31,236.15,-0.0846
1990-06-01,237.88,0.7326
1990-06-04,240.11,0.9374
1990-06-05,237.85,-0.9412
1990-06-06,238.05,0.0841
1990-06-07,237.38,-0.2815
1990-06-08,234.73,-1.1164
1990-06-11,236.95,0.9458
1990-06-12,240.11,1.3336
1990-06-13,242.05,0.808
1990-06-14,240.51,-0.6362
1990-06-15,240.79,0.1164
1990-06-18,236.71,-1.6944
1990-06-19,236.77,0.0253
1990-06-20,237.32,0.2323
1990-06-21,238.15,0.3497
1990-06-22,235.74,-1.012
1990-06-25,232.91,-1.2005
1990-06-26,232.94,0.0129
1990-06-27,234.95,0.8629
1990-06-28,237.41,1.047
1990-06-29,238.46,0.4423
1990-07-02,238.42,-0.0168
1990-07-03,238.18,-0.1007
1990-07-05,237.3,-0.3695
1990-07-06,238.46,0.4888
1990-07-09,239.6,0.4781
1990-07-10,238.66,-0.3923
1990-07-11,240.77,0.8841
1990-07-12,243.43,1.1048
1990-07-13,244.74,0.5381
1990-07-16,246.18,0.5884
1990-07-17,241.52,-1.8929
1990-07-18,238.22,-1.3663
1990-07-19,236.4,-0.764
1990-07-20,232.44,-1.6751
1990-07-23,227.38,-2.1769
1990-07-24,226.49,-0.3914
1990-07-25,228.76,1.0023
1990-07-26,227.2,-0.6819
1990-07-27,225.63,-0.691
1990-07-30,223.92,-0.7579
1990-07-31,223.38,-0.2412
1990-08-01,223.12,-0.1164
1990-08-02,218.97,-1.86
1990-08-03,212.6,-2.9091
1990-08-06,201.46,-5.2399
1990-08-07,202.65,0.5907
1990-08-08,205.58,1.4458
1990-08-09,209.12,1.722
1990-08-10,206.23,-1.382
1990-08-13,207.42,0.577
1990-08-14,208.29,0.4194
1990-08-15,208.46,0.0816
1990-08-16,202.19,-3.0078
1990-08-17,196.85,-2.6411
1990-08-20,193.1,-1.905
1990-08-21,188.26,-2.5065
1990-08-22,185.01,-1.7263
1990-08-23,178.29,-3.6322
1990-08-24,184.96,3.7411
1990-08-27,193.98,4.8767
1990-08-28,194.9,0.4743
1990-08-29,192.9,-1.0262
1990-08-30,190.73,-1.1249
1990-08-31,193.62,1.5152
1990-09-04,194.74,0.5785
1990-09-05,193.82,-0.4724
1990-09-06,190.67,-1.6252
1990-09-07,191.8,0.5926
1990-09-10,192.65,0.4432
1990-09-11,190.96,-0.8772
1990-09-12,192.35,0.7279
1990-09-13,189.72,-1.3673
1990-09-14,189.52,-0.1054
1990-09-17,189.6,0.0422
1990-09-18,189.43,-0.0897
1990-09-19,188.77,-0.3484
1990-09-20,183.98,-2.5375
1990-09-21,183.2,-0.424
1990-09-24,177.6,-3.0568
1990-09-25,180.71,1.7511
1990-09-26,179.46,-0.6917
1990-09-27,174.19,-2.9366
1990-09-28,177.05,1.6419
1990-10-01,184.74,4.3434
1990-10-02,184.92,0.0974
1990-10-03,180.51,-2.3848
1990-10-04,179.49,-0.5651
1990-10-05,178.37,-0.624
1990-10-08,179.57,0.6728
1990-10-09,173.62,-3.3135
1990-10-10,169.46,-2.396
1990-10-11,165.2,-2.5139
1990-10-12,166.71,0.914
1990-10-15,169.35,1.5836
1990-10-16,165.49,-2.2793
1990-10-17,167.27,1.0756
1990-10-18,172.38,3.0549
1990-10-19,174.62,1.2995
1990-10-22,178.57,2.2621
1990-10-23,178.4,-0.0952
1990-10-24,178.47,0.0392
1990-10-25,177.34,-0.6332
1990-10-26,174.21,-1.765
1990-10-29,171.76,-1.4063
1990-10-30,172.99,0.7161
1990-10-31,172.55,-0.2543
1990-11-01,172.88,0.1912
1990-11-02,176.87,2.308
1990-11-05,180.46,2.0297
1990-11-06,180.26,-0.1108
1990-11-07,177.08,-1.7641
1990-11-08,177.71,0.3558
1990-11-09,182.24,2.5491
1990-11-12,188.67,3.5283
1990-11-13,189.88,0.6413
1990-11-14,192.45,1.3535
1990-11-15,189.55,-1.5069
1990-11-16,184.96,-2.4215
1990-11-19,187.04,1.1246
1990-11-20,183.32,-1.9889
1990-11-21,183.93,0.3328
1990-11-23,184.28,0.1903
1990-11-26,185.12,0.4558
1990-11-27,189.18,2.1932
1990-11-28,189.7,0.2749
1990-11-29,191.11,0.7433
1990-11-30,192.58,0.7692
1990-12-03,194.52,1.0074
1990-12-04,195.6,0.5552
1990-12-05,199.02,1.7485
1990-12-06,199.49,0.2362
1990-12-07,199.35,-0.0702
1990-12-10,199.44,0.0451
1990-12-11,196.55,-1.4491
1990-12-12,198.02,0.7479
1990-12-13,198.03,0.005
1990-12-14,196.13,-0.9595
1990-12-17,195.05,-0.5507
1990-12-18,199.24,2.1482
1990-12-19,200.41,0.5872
1990-12-20,201.51,0.5489
1990-12-21,202.76,0.6203
1990-12-24,201.22,-0.7595
1990-12-26,200.57,-0.323
1990-12-27,199.16,-0.703
1990-12-28,199.42,0.1305
1990-12-31,200.53,0.5566
1991-01-02,199.76,-0.384
1991-01-03,196.4,-1.682
1991-01-04,196.82,0.2138
1991-01-07,192.35,-2.2711
1991-01-08,192.09,-0.1352
1991-01-09,191.68,-0.2134
1991-01-10,196.08,2.2955
1991-01-11,196.2,0.0612
1991-01-14,193.77,-1.2385
1991-01-15,195.34,0.8102
1991-01-16,202.96,3.9009
1991-01-17,209.26,3.1041
1991-01-18,211.49,1.0657
1991-01-21,214.37,1.3618
1991-01-22,211.98,-1.1149
1991-01-23,215.83,1.8162
1991-01-24,219.79,1.8348
1991-01-25,221.01,0.5551
1991-01-28,222.24,0.5565
1991-01-29,224.47,1.0034
1991-01-30,229.27,2.1384
1991-01-31,232.43,1.3783
1991-02-01,234.45,0.8691
1991-02-04,236.87,1.0322
1991-02-05,241.57,1.9842
1991-02-06,247.05,2.2685
1991-02-07,243.43,-1.4653
1991-02-08,244.48,0.4313
1991-02-11,249.3,1.9715
1991-02-12,248.2,-0.4412
1991-02-13,250.34,0.8622
1991-02-14,245.59,-1.8974
1991-02-15,248.34,1.1198
1991-02-19,250.82,0.9986
1991-02-20,247.76,-1.22
1991-02-21,246.85,-0.3673
1991-02-22,248.63,0.7211
1991-02-25,250.04,0.5671
1991-02-26,247.8,-0.8959
1991-02-27,249.71,0.7708
1991-02-28,250.12,0.1642
1991-03-01,252.39,0.9076
1991-03-04,253.38,0.3923
1991-03-05,262.18,3.473
1991-03-06,263.15,0.37
1991-03-07,264.57,0.5396
1991-03-08,262.86,-0.6463
1991-03-11,255.18,-2.9217
1991-03-12,250.67,-1.7674
1991-03-13,257.07,2.5532
1991-03-14,255.79,-0.4979
1991-03-15,254.63,-0.4535
1991-03-18,255.62,0.3888
1991-03-19,253.85,-0.6924
1991-03-20,256.09,0.8824
1991-03-21,252.97,-1.2183
1991-03-22,252.27,-0.2767
1991-03-25,255.77,1.3874
1991-03-26,264.67,3.4797
1991-03-27,266.55,0.7103
1991-03-28,264.9,-0.619
1991-04-01,264.6,-0.1133
1991-04-02,273.85,3.4958
1991-04-03,275.15,0.4747
1991-04-04,277.29,0.7778
1991-04-05,275.44,-0.6672
1991-04-08,275.65,0.0762
1991-04-09,272.93,-0.9868
1991-04-10,271.07,-0.6815
1991-04-11,278.45,2.7225
1991-04-12,279.2,0.2693
1991-04-15,278.29,-0.3259
1991-04-16,282.03,1.3439
1991-04-17,283.39,0.4822
1991-04-18,277.78,-1.9796
1991-04-19,274.01,-1.3572
1991-04-22,271.33,-0.9781
1991-04-23,272.14,0.2985
1991-04-24,274.54,0.8819
1991-04-25,271.96,-0.9398
1991-04-26,271.3,-0.2427
1991-04-29,266.14,-1.902
1991-04-30,263.65,-0.9356
1991-05-01,264.22,0.2162
1991-05-02,266.52,0.8705
1991-05-03,267.11,0.2214
1991-05-06,267.33,0.0824
1991-05-07,266.24,-0.4077
1991-05-08,267.17,0.3493
1991-05-09,271.24,1.5234
1991-05-10,268.71,-0.9328
1991-05-13,268.99,0.1042
1991-05-14,266.09,-1.0781
1991-05-15,258.11,-2.999
1991-05-16,260.7,1.0034
1991-05-17,260.46,-0.0921
1991-05-20,258.62,-0.7064
1991-05-21,261.26,1.0208
1991-05-22,265.69,1.6956
1991-05-23,267.17,0.557
1991-05-24,269.51,0.8758
1991-05-28,273.38,1.4359
1991-05-29,274.36,0.3585
1991-05-30,277.24,1.0497
1991-05-31,279.0,0.6348
1991-06-03,280.93,0.6918
1991-06-04,281.13,0.0712
1991-06-05,277.36,-1.341
1991-06-06,274.21,-1.1357
1991-06-07,270.57,-1.3274
1991-06-10,268.38,-0.8094
1991-06-11,269.26,0.3279
1991-06-12,265.29,-1.4744
1991-06-13,264.79,-0.1885
1991-06-14,267.8,1.1367
1991-06-17,267.57,-0.0859
1991-06-18,265.48,-0.7811
1991-06-19,260.27,-1.9625
1991-06-20,260.56,0.1114
1991-06-21,260.28,-0.1075
1991-06-24,250.88,-3.6115
1991-06-25,250.99,0.0438
1991-06-26,252.45,0.5817
1991-06-27,255.26,1.1131
1991-06-28,254.2,-0.4153
1991-07-01,259.12,1.9355
1991-07-02,256.09,-1.1693
1991-07-03,252.43,-1.4292
1991-07-05,251.98,-0.1783
1991-07-08,258.93,2.7582
1991-07-09,260.68,0.6759
1991-07-10,263.33,1.0166
1991-07-11,263.84,0.1937
1991-07-12,267.44,1.3645
1991-07-15,268.9,0.5459
1991-07-16,264.48,-1.6437
1991-07-17,263.38,-0.4159
1991-07-18,266.23,1.0821
1991-07-19,266.92,0.2592
1991-07-22,264.34,-0.9666
1991-07-23,259.32,-1.8991
1991-07-24,257.86,-0.563
1991-07-25,261.2,1.2953
1991-07-26,264.22,1.1562
1991-07-29,264.62,0.1514
1991-07-30,269.32,1.7761
1991-07-31,272.15,1.0508
1991-08-01,274.24,0.768
1991-08-02,275.47,0.4485
1991-08-05,272.16,-1.2016
1991-08-06,274.74,0.948
1991-08-07,276.54,0.6552
1991-08-08,278.76,0.8028
1991-08-09,278.15,-0.2188
1991-08-12,280.25,0.755
1991-08-13,282.47,0.7921
1991-08-14,284.73,0.8001
1991-08-15,281.81,-1.0255
1991-08-16,279.51,-0.8162
1991-08-19,271.96,-2.7012
1991-08-20,274.2,0.8237
1991-08-21,286.07,4.329
1991-08-22,284.55,-0.5313
1991-08-23,286.77,0.7802
1991-08-26,286.7,-0.0244
1991-08-27,286.77,0.0244
1991-08-28,289.88,1.0845
1991-08-29,288.59,-0.445
1991-08-30,287.4,-0.4123
1991-09-03,284.33,-1.0682
1991-09-04,281.82,-0.8828
1991-09-05,280.73,-0.3868
1991-09-06,279.96,-0.2743
1991-09-09,281.34,0.4929
1991-09-10,276.39,-1.7594
1991-09-11,279.65,1.1795
1991-09-12,285.55,2.1098
1991-09-13,279.49,-2.1222
1991-09-16,278.58,-0.3256
1991-09-17,278.09,-0.1759
1991-09-18,281.04,1.0608
1991-09-19,283.51,0.8789
1991-09-20,286.64,1.104
1991-09-23,284.86,-0.621
1991-09-24,287.35,0.8741
1991-09-25,288.99,0.5707
1991-09-26,287.92,-0.3703
1991-09-27,285.94,-0.6877
1991-09-30,287.54,0.5596
1991-10-01,288.37,0.2887
1991-10-02,285.06,-1.1478
1991-10-03,280.41,-1.6312
1991-10-04,280.52,0.0392
1991-10-07,278.89,-0.5811
1991-10-08,280.02,0.4052
1991-10-09,276.51,-1.2535
1991-10-10,279.11,0.9403
1991-10-11,281.5,0.8563
1991-10-14,287.17,2.0142
1991-10-15,293.31,2.1381
1991-10-16,297.65,1.4797
1991-10-17,292.46,-1.7437
1991-10-18,293.11,0.2223
1991-10-21,290.86,-0.7676
1991-10-22,290.79,-0.0241
1991-10-23,289.35,-0.4952
1991-10-24,285.65,-1.2787
1991-10-25,282.94,-0.9487
1991-10-28,286.38,1.2158
1991-10-29,290.08,1.292
1991-10-30,294.72,1.5996
1991-10-31,292.51,-0.7499
1991-11-01,290.01,-0.8547
1991-11-04,286.93,-1.062
1991-11-05,289.05,0.7389
1991-11-06,289.43,0.1315
1991-11-07,292.88,1.192
1991-11-08,295.55,0.9116
1991-11-11,297.85,0.7782
1991-11-12,301.96,1.3799
1991-11-13,302.83,0.2881
1991-11-14,301.05,-0.5878
1991-11-15,284.52,-5.4908
1991-11-18,288.59,1.4305
1991-11-19,284.39,-1.4554
1991-11-20,285.2,0.2848
1991-11-21,288.61,1.1957
1991-11-22,286.32,-0.7935
1991-11-25,283.02,-1.1526
1991-11-26,284.13,0.3922
1991-11-27,285.23,0.3871
1991-11-29,284.79,-0.1543
1991-12-02,293.93,3.2094
1991-12-03,293.95,0.0068
1991-12-04,295.11,0.3946
1991-12-05,294.33,-0.2643
1991-12-06,296.14,0.615
1991-12-09,295.77,-0.1249
1991-12-10,296.33,0.1893
1991-12-11,294.84,-0.5028
1991-12-12,297.98,1.065
1991-12-13,301.33,1.1242
1991-12-16,303.02,0.5608
1991-12-17,298.89,-1.3629
1991-12-18,299.61,0.2409
1991-12-19,294.53,-1.6955
1991-12-20,295.82,0.438
1991-12-23,303.3,2.5286
1991-12-24,307.08,1.2463
1991-12-26,313.68,2.1493
1991-12-27,316.77,0.9851
1991-12-30,326.73,3.1442
1991-12-31,330.86,1.264
1992-01-02,333.36,0.7556
1992-01-03,334.83,0.441
1992-01-06,336.89,0.6152
1992-01-07,339.64,0.8163
1992-01-08,344.29,1.3691
1992-01-09,350.32,1.7514
1992-01-10,347.11,-0.9163
1992-01-13,348.27,0.3342
1992-01-14,352.59,1.2404
1992-01-15,355.6,0.8537
1992-01-16,351.92,-1.0349
1992-01-17,349.73,-0.6223
1992-01-20,341.81,-2.2646
1992-01-21,328.04,-4.0286
1992-01-22,346.32,5.5725
1992-01-23,346.08,-0.0693
1992-01-24,345.45,-0.182
1992-01-27,340.48,-1.4387
1992-01-28,340.85,0.1087
1992-01-29,337.29,-1.0444
1992-01-30,338.39,0.3261
1992-01-31,338.32,-0.0207
1992-02-03,341.38,0.9045
1992-02-04,346.92,1.6228
1992-02-05,350.86,1.1357
1992-02-06,349.07,-0.5102
1992-02-07,346.8,-0.6503
1992-02-10,345.23,-0.4527
1992-02-11,344.4,-0.2404
1992-02-12,355.98,3.3624
1992-02-13,349.81,-1.7332
1992-02-14,346.7,-0.8891
1992-02-18,338.55,-2.3507
1992-02-19,338.06,-0.1447
1992-02-20,345.33,2.1505
1992-02-21,342.39,-0.8514
1992-02-24,338.96,-1.0018
1992-02-25,338.33,-0.1859
1992-02-26,347.81,2.802
1992-02-27,347.39,-0.1208
1992-02-28,345.88,-0.4347
1992-03-02,346.64,0.2197
1992-03-03,345.7,-0.2712
1992-03-04,341.61,-1.1831
1992-03-05,337.52,-1.1973
1992-03-06,333.0,-1.3392
1992-03-09,333.32,0.0961
1992-03-10,340.32,2.1001
1992-03-11,335.05,-1.5485
1992-03-12,334.83,-0.0657
1992-03-13,336.47,0.4898
1992-03-16,338.27,0.535
1992-03-17,342.92,1.3746
1992-03-18,342.62,-0.0875
1992-03-19,342.55,-0.0204
1992-03-20,340.86,-0.4934
1992-03-23,339.04,-0.5339
1992-03-24,336.93,-0.6223
1992-03-25,337.65,0.2137
1992-03-26,333.3,-1.2883
1992-03-27,324.22,-2.7243
1992-03-30,322.35,-0.5768
1992-03-31,323.05,0.2172
1992-04-01,323.92,0.2693
1992-04-02,317.67,-1.9295
1992-04-03,316.39,-0.4029
1992-04-06,324.55,2.5791
1992-04-07,312.95,-3.5742
1992-04-08,310.85,-0.671
1992-04-09,319.54,2.7956
1992-04-10,312.98,-2.053
1992-04-13,317.15,1.3324
1992-04-14,320.55,1.072
1992-04-15,326.07,1.722
1992-04-16,319.23,-2.0977
1992-04-20,307.88,-3.5554
1992-04-21,305.62,-0.7341
1992-04-22,309.54,1.2826
1992-04-23,307.52,-0.6526
1992-04-24,303.82,-1.2032
1992-04-27,299.65,-1.3725
1992-04-28,294.62,-1.6786
1992-04-29,302.98,2.8376
1992-04-30,307.86,1.6107
1992-05-01,307.48,-0.1234
1992-05-04,310.71,1.0505
1992-05-05,314.77,1.3067
1992-05-06,315.11,0.108
1992-05-07,312.73,-0.7553
1992-05-08,311.27,-0.4669
1992-05-11,311.9,0.2024
1992-05-12,310.04,-0.5963
1992-05-13,308.75,-0.4161
1992-05-14,304.55,-1.3603
1992-05-15,303.02,-0.5024
1992-05-18,304.58,0.5148
1992-05-19,306.41,0.6008
1992-05-20,309.55,1.0248
1992-05-21,307.94,-0.5201
1992-05-22,308.38,0.1429
1992-05-26,305.89,-0.8074
1992-05-27,308.08,0.7159
1992-05-28,311.98,1.2659
1992-05-29,315.3,1.0642
1992-06-01,318.98,1.1671
1992-06-02,317.23,-0.5486
1992-06-03,317.34,0.0347
1992-06-04,315.93,-0.4443
1992-06-05,313.24,-0.8515
1992-06-08,310.23,-0.9609
1992-06-09,304.86,-1.731
1992-06-10,302.6,-0.7413
1992-06-11,302.58,-0.0066
1992-06-12,304.11,0.5057
1992-06-15,303.86,-0.0822
1992-06-16,299.2,-1.5336
1992-06-17,293.4,-1.9385
1992-06-18,291.93,-0.501
1992-06-19,296.86,1.6888
1992-06-22,295.24,-0.5457
1992-06-23,297.45,0.7485
1992-06-24,295.29,-0.7262
1992-06-25,291.26,-1.3648
1992-06-26,290.03,-0.4223
1992-06-29,300.8,3.7134
1992-06-30,301.23,0.143
1992-07-01,306.03,1.5935
1992-07-02,300.88,-1.6828
1992-07-06,302.4,0.5052
1992-07-07,296.27,-2.0271
1992-07-08,297.56,0.4354
1992-07-09,302.19,1.556
1992-07-10,302.83,0.2118
1992-07-13,304.98,0.71
1992-07-14,309.24,1.3968
1992-07-15,309.39,0.0485
1992-07-16,311.28,0.6109
1992-07-17,305.54,-1.844
1992-07-20,300.45,-1.6659
1992-07-21,305.1,1.5477
1992-07-22,301.17,-1.2881
1992-07-23,302.49,0.4383
1992-07-24,303.42,0.3074
1992-07-27,301.84,-0.5207
1992-07-28,306.76,1.63
1992-07-29,310.11,1.0921
1992-07-30,310.93,0.2644
1992-07-31,310.89,-0.0129
1992-08-03,312.75,0.5983
1992-08-04,311.08,-0.534
1992-08-05,306.58,-1.4466
1992-08-06,304.56,-0.6589
1992-08-07,303.32,-0.4071
1992-08-10,304.23,0.3
1992-08-11,302.51,-0.5654
1992-08-12,300.95,-0.5157
1992-08-13,301.27,0.1063
1992-08-14,302.23,0.3187
1992-08-17,300.39,-0.6088
1992-08-18,300.44,0.0166
1992-08-19,298.32,-0.7056
1992-08-20,299.42,0.3687
1992-08-21,295.69,-1.2457
1992-08-24,290.71,-1.6842
1992-08-25,292.08,0.4713
1992-08-26,296.2,1.4106
1992-08-27,299.46,1.1006
1992-08-28,299.14,-0.1069
1992-08-31,299.26,0.0401
1992-09-01,301.97,0.9056
1992-09-02,306.57,1.5233
1992-09-03,308.17,0.5219
1992-09-04,306.39,-0.5776
1992-09-08,305.77,-0.2024
1992-09-09,309.99,1.3801
1992-09-10,314.82,1.5581
1992-09-11,315.19,0.1175
1992-09-14,324.63,2.995
1992-09-15,319.89,-1.4601
1992-09-16,318.45,-0.4502
1992-09-17,319.23,0.2449
1992-09-18,319.91,0.213
1992-09-21,319.26,-0.2032
1992-09-22,314.27,-1.563
1992-09-23,315.82,0.4932
1992-09-24,317.54,0.5446
1992-09-25,310.23,-2.3021
1992-09-28,307.87,-0.7607
1992-09-29,310.65,0.903
1992-09-30,313.18,0.8144
1992-10-01,309.04,-1.3219
1992-10-02,304.39,-1.5047
1992-10-05,303.68,-0.2333
1992-10-06,307.96,1.4094
1992-10-07,305.38,-0.8378
1992-10-08,308.35,0.9726
1992-10-09,305.63,-0.8821
1992-10-12,308.11,0.8114
1992-10-13,310.13,0.6556
1992-10-14,309.58,-0.1773
1992-10-15,312.14,0.8269
1992-10-16,316.39,1.3616
1992-10-19,322.79,2.0228
1992-10-20,323.38,0.1828
1992-10-21,326.07,0.8318
1992-10-22,326.1,0.0092
1992-10-23,325.44,-0.2024
1992-10-26,327.17,0.5316
1992-10-27,323.92,-0.9934
1992-10-28,326.67,0.849
1992-10-29,331.09,1.353
1992-10-30,329.15,-0.5859
1992-11-02,330.33,0.3585
1992-11-03,325.96,-1.3229
1992-11-04,327.76,0.5522
1992-11-05,336.49,2.6635
1992-11-06,338.14,0.4904
1992-11-09,340.58,0.7216
1992-11-10,344.39,1.1187
1992-11-11,347.86,1.0076
1992-11-12,346.8,-0.3047
1992-11-13,348.49,0.4873
1992-11-16,344.63,-1.1076
1992-11-17,338.23,-1.8571
1992-11-18,344.31,1.7976
1992-11-19,346.76,0.7116
1992-11-20,348.8,0.5883
1992-11-23,343.44,-1.5367
1992-11-24,349.98,1.9043
1992-11-25,349.66,-0.0914
1992-11-27,349.32,-0.0972
1992-11-30,350.96,0.4695
1992-12-01,352.67,0.4872
1992-12-02,351.57,-0.3119
1992-12-03,354.79,0.9159
1992-12-04,358.4,1.0175
1992-12-07,361.83,0.957
1992-12-08,360.58,-0.3455
1992-12-09,357.82,-0.7654
1992-12-10,354.55,-0.9139
1992-12-11,350.89,-1.0323
1992-12-14,349.4,-0.4246
1992-12-15,346.95,-0.7012
1992-12-16,348.95,0.5765
1992-12-17,356.85,2.2639
1992-12-18,357.89,0.2914
1992-12-21,359.33,0.4024
1992-12-22,355.64,-1.0269
1992-12-23,356.49,0.239
1992-12-24,357.56,0.3001
1992-12-28,359.07,0.4223
1992-12-29,359.81,0.2061
1992-12-30,359.93,0.0334
1992-12-31,360.18,0.0695
1993-01-04,356.37,-1.0578
1993-01-05,360.23,1.0831
1993-01-06,366.97,1.871
1993-01-07,364.02,-0.8039
1993-01-08,365.54,0.4176
1993-01-11,370.8,1.439
1993-01-12,367.9,-0.7821
1993-01-13,375.85,2.1609
1993-01-14,381.34,1.4607
1993-01-15,379.23,-0.5533
1993-01-18,378.76,-0.1239
1993-01-19,376.02,-0.7234
1993-01-20,375.73,-0.0771
1993-01-21,379.34,0.9608
1993-01-22,377.82,-0.4007
1993-01-25,381.05,0.8549
1993-01-26,379.38,-0.4383
1993-01-27,372.61,-1.7845
1993-01-28,370.67,-0.5207
1993-01-29,370.56,-0.0297
1993-02-01,375.48,1.3277
1993-02-02,377.44,0.522
1993-02-03,376.54,-0.2384
1993-02-04,374.24,-0.6108
1993-02-05,369.0,-1.4002
1993-02-08,365.73,-0.8862
1993-02-09,362.95,-0.7601
1993-02-10,367.3,1.1985
1993-02-11,366.33,-0.2641
1993-02-12,361.19,-1.4031
1993-02-16,346.89,-3.9591
1993-02-17,345.91,-0.2825
1993-02-18,348.28,0.6851
1993-02-19,347.92,-0.1034
1993-02-22,340.35,-2.1758
1993-02-23,341.24,0.2615
1993-02-24,350.12,2.6023
1993-02-25,351.67,0.4427
1993-02-26,351.14,-0.1507
1993-03-01,349.1,-0.581
1993-03-02,356.21,2.0367
1993-03-03,359.96,1.0527
1993-03-04,355.53,-1.2307
1993-03-05,355.57,0.0113
1993-03-08,359.44,1.0884
1993-03-09,359.4,-0.0111
1993-03-10,361.26,0.5175
1993-03-11,361.73,0.1301
1993-03-12,362.65,0.2543
1993-03-15,364.32,0.4605
1993-03-16,363.61,-0.1949
1993-03-17,355.65,-2.1892
1993-03-18,355.5,-0.0422
1993-03-19,351.55,-1.1111
1993-03-22,349.42,-0.6059
1993-03-23,348.14,-0.3663
1993-03-24,348.51,0.1063
1993-03-25,354.38,1.6843
1993-03-26,352.64,-0.491
1993-03-29,351.4,-0.3516
1993-03-30,357.72,1.7985
1993-03-31,359.42,0.4752
1993-04-01,354.33,-1.4162
1993-04-02,341.18,-3.7112
1993-04-05,344.7,1.0317
1993-04-06,340.55,-1.2039
1993-04-07,345.18,1.3596
1993-04-08,341.56,-1.0487
1993-04-12,349.01,2.1812
1993-04-13,345.87,-0.8997
1993-04-14,346.49,0.1793
1993-04-15,343.89,-0.7504
1993-04-16,340.65,-0.9422
1993-04-19,337.45,-0.9394
1993-04-20,339.06,0.4771
1993-04-21,340.2,0.3362
1993-04-22,338.48,-0.5056
1993-04-23,333.66,-1.424
1993-04-26,327.28,-1.9121
1993-04-27,334.6,2.2366
1993-04-28,339.66,1.5123
1993-04-29,338.98,-0.2002
1993-04-30,339.95,0.2862
1993-05-03,344.97,1.4767
1993-05-04,353.28,2.4089
1993-05-05,355.35,0.5859
1993-05-06,351.71,-1.0243
1993-05-07,353.23,0.4322
1993-05-10,354.85,0.4586
1993-05-11,353.01,-0.5185
1993-05-12,350.96,-0.5807
1993-05-13,347.71,-0.926
1993-05-14,349.8,0.6011
1993-05-17,352.67,0.8205
1993-05-18,356.0,0.9442
1993-05-19,364.67,2.4354
1993-05-20,370.45,1.585
1993-05-21,366.67,-1.0204
1993-05-24,367.09,0.1145
1993-05-25,366.22,-0.237
1993-05-26,374.35,2.22
1993-05-27,372.73,-0.4328
1993-05-28,368.11,-1.2395
1993-06-01,372.53,1.2007
1993-06-02,372.68,0.0403
1993-06-03,372.06,-0.1664
1993-06-04,368.62,-0.9246
1993-06-07,364.36,-1.1557
1993-06-08,360.74,-0.9935
1993-06-09,360.25,-0.1358
1993-06-10,359.55,-0.1943
1993-06-11,363.08,0.9818
1993-06-14,367.14,1.1182
1993-06-15,366.98,-0.0436
1993-06-16,365.02,-0.5341
1993-06-17,364.01,-0.2767
1993-06-18,357.96,-1.662
1993-06-21,357.86,-0.0279
1993-06-22,356.2,-0.4639
1993-06-23,354.93,-0.3565
1993-06-24,357.83,0.8171
1993-06-25,362.23,1.2296
1993-06-28,368.45,1.7171
1993-06-29,365.96,-0.6758
1993-06-30,366.12,0.0437
1993-07-01,363.73,-0.6528
1993-07-02,364.21,0.132
1993-07-06,360.8,-0.9363
1993-07-07,357.86,-0.8149
1993-07-08,360.7,0.7936
1993-07-09,362.46,0.4879
1993-07-12,362.87,0.1131
1993-07-13,361.98,-0.2453
1993-07-14,363.74,0.4862
1993-07-15,360.46,-0.9017
1993-07-16,351.07,-2.605
1993-07-19,349.06,-0.5725
1993-07-20,355.76,1.9194
1993-07-21,352.64,-0.877
1993-07-22,348.35,-1.2165
1993-07-23,353.2,1.3923
1993-07-26,356.4,0.906
1993-07-27,352.02,-1.229
1993-07-28,356.81,1.3607
1993-07-29,357.33,0.1457
1993-07-30,352.86,-1.2509
1993-08-02,355.25,0.6773
1993-08-03,356.23,0.2759
1993-08-04,360.11,1.0892
1993-08-05,362.41,0.6387
1993-08-06,363.14,0.2014
1993-08-09,362.3,-0.2313
1993-08-10,358.64,-1.0102
1993-08-11,359.73,0.3039
1993-08-12,359.4,-0.0917
1993-08-13,360.45,0.2922
1993-08-16,370.6,2.8159
1993-08-17,374.16,0.9606
1993-08-18,375.82,0.4437
1993-08-19,370.27,-1.4768
1993-08-20,370.87,0.162
1993-08-23,370.49,-0.1025
1993-08-24,371.0,0.1377
1993-08-25,367.95,-0.8221
1993-08-26,364.67,-0.8914
1993-08-27,366.5,0.5018
1993-08-30,369.3,0.764
1993-08-31,372.65,0.9071
1993-09-01,374.16,0.4052
1993-09-02,374.57,0.1096
1993-09-03,373.7,-0.2323
1993-09-07,366.68,-1.8785
1993-09-08,364.85,-0.4991
1993-09-09,368.3,0.9456
1993-09-10,370.64,0.6354
1993-09-13,367.59,-0.8229
1993-09-14,364.2,-0.9222
1993-09-15,367.32,0.8567
1993-09-16,365.74,-0.4301
1993-09-17,366.18,0.1203
1993-09-20,367.45,0.3468
1993-09-21,365.64,-0.4926
1993-09-22,374.0,2.2864
1993-09-23,377.07,0.8209
1993-09-24,378.04,0.2572
1993-09-27,382.51,1.1824
1993-09-28,386.02,0.9176
1993-09-29,386.89,0.2254
1993-09-30,382.71,-1.0804
1993-10-01,382.81,0.0261
1993-10-04,384.3,0.3892
1993-10-05,381.27,-0.7884
1993-10-06,380.42,-0.2229
1993-10-07,377.99,-0.6388
1993-10-08,381.32,0.881
1993-10-11,380.65,-0.1757
1993-10-12,382.57,0.5044
1993-10-13,386.3,0.975
1993-10-14,391.98,1.4704
1993-10-15,392.45,0.1199
1993-10-18,389.85,-0.6625
1993-10-19,382.73,-1.8263
1993-10-20,383.93,0.3135
1993-10-21,387.36,0.8934
1993-10-22,388.19,0.2143
1993-10-25,387.4,-0.2035
1993-10-26,384.6,-0.7228
1993-10-27,390.25,1.4691
1993-10-28,389.24,-0.2588
1993-10-29,390.98,0.447
1993-11-01,395.03,1.0359
1993-11-02,395.32,0.0734
1993-11-03,387.93,-1.8694
1993-11-04,377.46,-2.6989
1993-11-05,383.64,1.6373
1993-11-08,384.85,0.3154
1993-11-09,385.92,0.278
1993-11-10,392.98,1.8294
1993-11-11,394.66,0.4275
1993-11-12,395.17,0.1292
1993-11-15,391.12,-1.0249
1993-11-16,393.38,0.5778
1993-11-17,385.8,-1.9269
1993-11-18,381.74,-1.0524
1993-11-19,380.57,-0.3065
1993-11-22,373.37,-1.8919
1993-11-23,381.22,2.1025
1993-11-24,385.04,1.002
1993-11-26,386.32,0.3324
1993-11-29,383.18,-0.8128
1993-11-30,386.76,0.9343
1993-12-01,392.95,1.6005
1993-12-02,396.17,0.8194
1993-12-03,401.77,1.4135
1993-12-06,399.01,-0.687
1993-12-07,396.98,-0.5088
1993-12-08,394.81,-0.5466
1993-12-09,387.25,-1.9148
1993-12-10,386.96,-0.0749
1993-12-13,387.78,0.2119
1993-12-14,382.83,-1.2765
1993-12-15,384.95,0.5538
1993-12-16,386.18,0.3195
1993-12-17,389.04,0.7406
1993-12-20,389.72,0.1748
1993-12-21,388.51,-0.3105
1993-12-22,388.4,-0.0283
1993-12-23,390.32,0.4943
1993-12-27,391.84,0.3894
1993-12-28,394.74,0.7401
1993-12-29,395.38,0.1621
1993-12-30,397.73,0.5944
1993-12-31,398.28,0.1383
1994-01-03,395.53,-0.6905
1994-01-04,398.19,0.6725
1994-01-05,401.07,0.7233
1994-01-06,404.21,0.7829
1994-01-07,404.78,0.141
1994-01-10,408.91,1.0203
1994-01-11,407.85,-0.2592
1994-01-12,408.47,0.152
1994-01-13,408.0,-0.1151
1994-01-14,411.75,0.9191
1994-01-17,410.79,-0.2332
1994-01-18,410.95,0.0389
1994-01-19,406.38,-1.1121
1994-01-20,411.53,1.2673
1994-01-21,411.59,0.0146
1994-01-24,409.23,-0.5734
1994-01-25,406.48,-0.672
1994-01-26,407.19,0.1747
1994-01-27,409.93,0.6729
1994-01-28,412.52,0.6318
1994-01-31,413.99,0.3563
1994-02-01,410.22,-0.9107
1994-02-02,411.78,0.3803
1994-02-03,410.05,-0.4201
1994-02-04,397.48,-3.0655
1994-02-07,399.62,0.5384
1994-02-08,401.46,0.4604
1994-02-09,403.91,0.6103
1994-02-10,401.31,-0.6437
1994-02-11,401.83,0.1296
1994-02-14,405.11,0.8163
1994-02-15,408.28,0.7825
1994-02-16,408.74,0.1127
1994-02-17,407.39,-0.3303
1994-02-18,407.94,0.135
1994-02-22,410.48,0.6226
1994-02-23,408.91,-0.3825
1994-02-24,402.79,-1.4967
1994-02-25,406.45,0.9087
1994-02-28,412.17,1.4073
1994-03-01,409.69,-0.6017
1994-03-02,408.18,-0.3686
1994-03-03,408.17,-0.0024
1994-03-04,411.99,0.9359
1994-03-07,415.3,0.8034
1994-03-08,411.97,-0.8018
1994-03-09,413.08,0.2694
1994-03-10,409.77,-0.8013
1994-03-11,409.43,-0.083
1994-03-14,412.93,0.8548
1994-03-15,412.83,-0.0242
1994-03-16,415.31,0.6007
1994-03-17,418.45,0.7561
1994-03-18,417.52,-0.2222
1994-03-21,412.99,-1.085
1994-03-22,410.67,-0.5618
1994-03-23,410.5,-0.0414
1994-03-24,403.92,-1.6029
1994-03-25,399.86,-1.0051
1994-03-28,393.92,-1.4855
1994-03-29,383.0,-2.7721
1994-03-30,380.25,-0.718
1994-03-31,382.96,0.7127
1994-04-04,375.42,-1.9689
1994-04-05,389.31,3.6999
1994-04-06,388.76,-0.1413
1994-04-07,390.97,0.5685
1994-04-08,384.9,-1.5525
1994-04-11,383.85,-0.2728
1994-04-12,375.46,-2.1857
1994-04-13,367.25,-2.1867
1994-04-14,365.65,-0.4357
1994-04-15,366.29,0.175
1994-04-18,360.46,-1.5916
1994-04-19,357.36,-0.86
1994-04-20,355.38,-0.5541
1994-04-21,367.02,3.2754
1994-04-22,369.08,0.5613
1994-04-25,374.79,1.5471
1994-04-26,375.46,0.1788
1994-04-28,372.45,-0.8017
1994-04-29,373.25,0.2148
1994-05-02,379.82,1.7602
1994-05-03,377.07,-0.724
1994-05-04,377.53,0.122
1994-05-05,378.23,0.1854
1994-05-06,374.57,-0.9677
1994-05-09,368.0,-1.754
1994-05-10,370.02,0.5489
1994-05-11,365.18,-1.308
1994-05-12,366.64,0.3998
1994-05-13,364.82,-0.4964
1994-05-16,360.49,-1.1869
1994-05-17,360.5,0.0028
1994-05-18,368.59,2.2441
1994-05-19,371.71,0.8465
1994-05-20,370.37,-0.3605
1994-05-23,369.89,-0.1296
1994-05-24,377.0,1.9222
1994-05-25,378.24,0.3289
1994-05-26,375.8,-0.6451
1994-05-27,376.81,0.2688
1994-05-31,378.85,0.5414
1994-06-01,379.23,0.1003
1994-06-02,380.66,0.3771
1994-06-03,382.78,0.5569
1994-06-06,382.8,0.0052
1994-06-07,379.99,-0.7341
1994-06-08,371.0,-2.3659
1994-06-09,370.3,-0.1887
1994-06-10,374.64,1.172
1994-06-13,371.88,-0.7367
1994-06-14,377.38,1.479
1994-06-15,377.78,0.106
1994-06-16,377.8,0.0053
1994-06-17,371.94,-1.5511
1994-06-20,367.83,-1.105
1994-06-21,360.98,-1.8623
1994-06-22,363.23,0.6233
1994-06-23,353.49,-2.6815
1994-06-24,351.76,-0.4894
1994-06-27,361.16,2.6723
1994-06-28,362.05,0.2464
1994-06-29,362.73,0.1878
1994-06-30,360.3,-0.6699
1994-07-01,360.03,-0.0749
1994-07-05,356.91,-0.8666
1994-07-06,353.62,-0.9218
1994-07-07,359.23,1.5864
1994-07-08,359.31,0.0223
1994-07-11,358.79,-0.1447
1994-07-12,361.31,0.7024
1994-07-13,369.14,2.1671
1994-07-14,367.52,-0.4389
1994-07-15,367.24,-0.0762
1994-07-18,368.18,0.256
1994-07-19,364.72,-0.9398
1994-07-20,359.53,-1.423
1994-07-21,362.21,0.7454
1994-07-22,365.06,0.7868
1994-07-25,366.11,0.2876
1994-07-26,364.01,-0.5736
1994-07-27,361.81,-0.6044
1994-07-28,362.14,0.0912
1994-07-29,370.16,2.2146
1994-08-01,373.58,0.9239
1994-08-02,372.78,-0.2141
1994-08-03,370.48,-0.617
1994-08-04,367.55,-0.7909
1994-08-05,367.15,-0.1088
1994-08-08,368.89,0.4739
1994-08-09,370.66,0.4798
1994-08-10,373.93,0.8822
1994-08-11,374.49,0.1498
1994-08-12,376.96,0.6596
1994-08-15,377.08,0.0318
1994-08-16,380.53,0.9149
1994-08-17,386.9,1.674
1994-08-18,385.63,-0.3283
1994-08-19,384.12,-0.3916
1994-08-22,382.81,-0.341
1994-08-23,386.74,1.0266
1994-08-24,388.44,0.4396
1994-08-25,391.49,0.7852
1994-08-26,399.26,1.9847
1994-08-29,398.44,-0.2054
1994-08-30,401.74,0.8282
1994-08-31,397.9,-0.9558
1994-09-01,391.61,-1.5808
1994-09-02,391.41,-0.0511
1994-09-06,393.69,0.5825
1994-09-07,397.05,0.8535
1994-09-08,400.75,0.9319
1994-09-09,394.84,-1.4747
1994-09-12,391.67,-0.8029
1994-09-13,396.69,1.2817
1994-09-14,397.79,0.2773
1994-09-15,407.1,2.3404
1994-09-16,404.47,-0.646
1994-09-19,403.88,-0.1459
1994-09-20,396.85,-1.7406
1994-09-21,393.71,-0.7912
1994-09-22,393.55,-0.0406
1994-09-23,390.2,-0.8512
1994-09-26,388.9,-0.3332
1994-09-27,389.33,0.1106
1994-09-28,391.97,0.6781
1994-09-29,391.22,-0.1913
1994-09-30,393.85,0.6723
1994-10-03,392.72,-0.2869
1994-10-04,382.71,-2.5489
1994-10-05,386.99,1.1183
1994-10-06,382.85,-1.0698
1994-10-07,387.36,1.178
1994-10-10,392.85,1.4173
1994-10-11,400.29,1.8939
1994-10-12,399.85,-0.1099
1994-10-13,399.86,0.0025
1994-10-14,398.8,-0.2651
1994-10-17,396.85,-0.489
1994-10-18,398.0,0.2898
1994-10-19,403.73,1.4397
1994-10-20,402.99,-0.1833
1994-10-21,400.52,-0.6129
1994-10-24,398.79,-0.4319
1994-10-25,398.48,-0.0777
1994-10-26,403.83,1.3426
1994-10-27,405.62,0.4433
1994-10-28,411.84,1.5335
1994-10-31,413.05,0.2938
1994-11-01,410.06,-0.7239
1994-11-02,408.91,-0.2804
1994-11-03,408.17,-0.181
1994-11-04,401.46,-1.6439
1994-11-07,400.19,-0.3163
1994-11-08,407.44,1.8116
1994-11-09,408.32,0.216
1994-11-10,406.12,-0.5388
1994-11-11,404.78,-0.33
1994-11-14,412.17,1.8257
1994-11-15,411.78,-0.0946
1994-11-16,412.72,0.2283
1994-11-17,410.98,-0.4216
1994-11-18,412.43,0.3528
1994-11-21,409.28,-0.7638
1994-11-22,397.93,-2.7732
1994-11-23,397.17,-0.191
1994-11-25,401.17,1.0071
1994-11-28,403.82,0.6606
1994-11-29,409.1,1.3075
1994-11-30,404.82,-1.0462
1994-12-01,397.66,-1.7687
1994-12-02,402.04,1.1014
1994-12-05,402.71,0.1667
1994-12-06,399.98,-0.6779
1994-12-07,395.75,-1.0576
1994-12-08,386.3,-2.3879
1994-12-09,388.63,0.6032
1994-12-12,388.88,0.0643
1994-12-13,387.53,-0.3472
1994-12-14,391.65,1.0631
1994-12-15,393.7,0.5234
1994-12-16,392.01,-0.4293
1994-12-19,390.42,-0.4056
1994-12-20,390.61,0.0487
1994-12-21,397.8,1.8407
1994-12-22,399.8,0.5028
1994-12-23,401.15,0.3377
1994-12-27,404.03,0.7179
1994-12-28,400.26,-0.9331
1994-12-29,406.31,1.5115
1994-12-30,404.27,-0.5021
1995-01-03,398.0,-1.5509
1995-01-04,399.65,0.4146
1995-01-05,398.02,-0.4079
1995-01-06,401.59,0.8969
1995-01-09,403.53,0.4831
1995-01-10,407.57,1.0012
1995-01-11,407.1,-0.1153
1995-01-12,407.32,0.054
1995-01-13,410.48,0.7758
1995-01-16,413.65,0.7723
1995-01-17,416.89,0.7833
1995-01-18,419.26,0.5685
1995-01-19,417.83,-0.3411
1995-01-20,410.13,-1.8429
1995-01-23,411.89,0.4291
1995-01-24,413.6,0.4152
1995-01-25,410.87,-0.6601
1995-01-26,406.5,-1.0636
1995-01-27,407.22,0.1771
1995-01-30,401.71,-1.3531
1995-01-31,405.33,0.9011
1995-02-01,407.06,0.4268
1995-02-02,411.15,1.0048
1995-02-03,416.14,1.2137
1995-02-06,420.93,1.1511
1995-02-07,420.57,-0.0855
1995-02-08,425.66,1.2103
1995-02-09,426.43,0.1809
1995-02-10,430.77,1.0178
1995-02-13,428.77,-0.4643
1995-02-14,429.81,0.2426
1995-02-15,432.49,0.6235
1995-02-16,430.86,-0.3769
1995-02-17,425.66,-1.2069
1995-02-21,424.82,-0.1973
1995-02-22,429.21,1.0334
1995-02-23,431.03,0.424
1995-02-24,428.42,-0.6055
1995-02-27,424.75,-0.8566
1995-02-28,432.5,1.8246
1995-03-01,429.8,-0.6243
1995-03-02,431.68,0.4374
1995-03-03,436.68,1.1583
1995-03-06,437.24,0.1282
1995-03-07,432.12,-1.171
1995-03-08,437.01,1.1316
1995-03-09,437.02,0.0023
1995-03-10,441.76,1.0846
1995-03-13,440.82,-0.2128
1995-03-14,446.27,1.2363
1995-03-15,443.57,-0.605
1995-03-16,444.68,0.2502
1995-03-17,443.94,-0.1664
1995-03-20,446.61,0.6014
1995-03-21,447.13,0.1164
1995-03-22,447.13,0.0
1995-03-23,448.82,0.378
1995-03-24,455.43,1.4728
1995-03-27,457.12,0.3711
1995-03-28,460.54,0.7482
1995-03-29,451.87,-1.8826
1995-03-30,448.42,-0.7635
1995-03-31,447.15,-0.2832
1995-04-03,448.49,0.2997
1995-04-04,441.86,-1.4783
1995-04-05,444.66,0.6337
1995-04-06,439.92,-1.066
1995-04-07,444.01,0.9297
1995-04-10,449.36,1.2049
1995-04-11,453.33,0.8835
1995-04-12,456.98,0.8052
1995-04-13,458.93,0.4267
1995-04-17,457.06,-0.4075
1995-04-18,453.43,-0.7942
1995-04-19,447.06,-1.4048
1995-04-20,449.01,0.4362
1995-04-21,451.34,0.5189
1995-04-24,456.41,1.1233
1995-04-25,459.1,0.5894
1995-04-26,463.03,0.856
1995-04-27,465.34,0.4989
1995-04-28,469.56,0.9069
1995-05-01,466.05,-0.7475
1995-05-02,465.38,-0.1438
1995-05-03,474.93,2.0521
1995-05-04,474.1,-0.1748
1995-05-05,470.3,-0.8015
1995-05-08,476.78,1.3778
1995-05-09,476.0,-0.1636
1995-05-10,472.88,-0.6555
1995-05-11,479.57,1.4147
1995-05-12,483.19,0.7548
1995-05-15,486.34,0.6519
1995-05-16,491.04,0.9664
1995-05-17,494.69,0.7433
1995-05-18,488.02,-1.3483
1995-05-19,489.87,0.3791
1995-05-22,495.09,1.0656
1995-05-23,503.12,1.6219
1995-05-24,500.5,-0.5208
1995-05-25,501.66,0.2318
1995-05-26,496.06,-1.1163
1995-05-30,482.08,-2.8182
1995-05-31,488.1,1.2488
1995-06-01,490.96,0.5859
1995-06-02,492.65,0.3442
1995-06-05,500.81,1.6563
1995-06-06,495.12,-1.1362
1995-06-07,497.15,0.41
1995-06-08,500.86,0.7463
1995-06-09,500.41,-0.0898
1995-06-12,501.69,0.2558
1995-06-13,505.32,0.7236
1995-06-14,506.09,0.1524
1995-06-15,511.99,1.1658
1995-06-16,517.57,1.0899
1995-06-19,530.53,2.504
1995-06-20,539.55,1.7002
1995-06-21,535.52,-0.7469
1995-06-22,546.06,1.9682
1995-06-23,544.66,-0.2564
1995-06-26,536.49,-1.5
1995-06-27,527.84,-1.6123
1995-06-28,530.65,0.5324
1995-06-29,536.21,1.0478
1995-06-30,538.03,0.3394
1995-07-03,538.97,0.1747
1995-07-05,543.39,0.8201
1995-07-06,553.87,1.9286
1995-07-07,567.56,2.4717
1995-07-10,573.56,1.0572
1995-07-11,563.98,-1.6703
1995-07-12,579.71,2.7891
1995-07-13,583.25,0.6107
1995-07-14,589.85,1.1316
1995-07-17,596.91,1.1969
1995-07-18,578.46,-3.0909
1995-07-19,547.12,-5.4178
1995-07-20,550.33,0.5867
1995-07-21,547.78,-0.4634
1995-07-24,562.64,2.7128
1995-07-25,572.71,1.7898
1995-07-26,576.84,0.7211
1995-07-27,584.25,1.2846
1995-07-28,574.18,-1.7236
1995-07-31,568.88,-0.9231
1995-08-01,559.21,-1.6998
1995-08-02,551.56,-1.368
1995-08-03,553.06,0.272
1995-08-04,560.58,1.3597
1995-08-07,563.65,0.5476
1995-08-08,565.71,0.3655
1995-08-09,575.49,1.7288
1995-08-10,569.75,-0.9974
1995-08-11,575.64,1.0338
1995-08-14,584.73,1.5791
1995-08-15,584.05,-0.1163
1995-08-16,596.43,2.1197
1995-08-17,596.28,-0.0251
1995-08-18,595.52,-0.1275
1995-08-21,578.89,-2.7925
1995-08-22,589.25,1.7896
1995-08-23,591.32,0.3513
1995-08-24,583.16,-1.38
1995-08-25,580.1,-0.5247
1995-08-28,566.05,-2.422
1995-08-29,566.82,0.136
1995-08-30,572.83,1.0603
1995-08-31,576.77,0.6878
1995-09-01,573.21,-0.6172
1995-09-05,595.36,3.8642
1995-09-06,594.12,-0.2083
1995-09-07,599.14,0.8449
1995-09-08,604.27,0.8562
1995-09-11,609.75,0.9069
1995-09-12,605.99,-0.6166
1995-09-13,607.7,0.2822
1995-09-14,604.12,-0.5891
1995-09-15,589.01,-2.5012
1995-09-18,591.13,0.3599
1995-09-19,601.02,1.6731
1995-09-20,603.19,0.3611
1995-09-21,594.85,-1.3826
1995-09-22,592.64,-0.3715
1995-09-25,587.93,-0.7947
1995-09-26,580.77,-1.2178
1995-09-27,576.22,-0.7834
1995-09-28,595.44,3.3355
1995-09-29,585.08,-1.7399
1995-10-02,573.87,-1.916
1995-10-03,573.16,-0.1237
1995-10-04,558.99,-2.4723
1995-10-05,572.75,2.4616
1995-10-06,567.42,-0.9306
1995-10-09,546.93,-3.6111
1995-10-10,550.76,0.7003
1995-10-11,564.33,2.4639
1995-10-12,573.1,1.5541
1995-10-13,570.0,-0.5409
1995-10-16,568.46,-0.2702
1995-10-17,589.43,3.6889
1995-10-18,597.97,1.4489
1995-10-19,601.26,0.5502
1995-10-20,591.88,-1.5601
1995-10-23,593.27,0.2348
1995-10-24,594.23,0.1618
1995-10-25,584.33,-1.666
1995-10-26,582.47,-0.3183
1995-10-27,593.53,1.8988
1995-10-30,607.1,2.2863
1995-10-31,598.78,-1.3704
1995-11-01,600.91,0.3557
1995-11-02,614.69,2.2932
1995-11-03,621.71,1.142
1995-11-06,615.72,-0.9635
1995-11-07,596.23,-3.1654
1995-11-08,598.72,0.4176
1995-11-09,616.95,3.0448
1995-11-10,613.61,-0.5414
1995-11-13,608.32,-0.8621
1995-11-14,591.68,-2.7354
1995-11-15,593.48,0.3042
1995-11-16,591.7,-0.2999
1995-11-17,588.81,-0.4884
1995-11-20,571.67,-2.911
1995-11-21,574.22,0.4461
1995-11-22,569.04,-0.9021
1995-11-24,578.32,1.6308
1995-11-27,573.91,-0.7626
1995-11-28,598.0,4.1975
1995-11-29,599.58,0.2642
1995-11-30,593.72,-0.9774
1995-12-01,587.02,-1.1285
1995-12-04,598.0,1.8705
1995-12-05,591.23,-1.1321
1995-12-06,589.98,-0.2114
1995-12-07,587.13,-0.4831
1995-12-08,599.38,2.0864
1995-12-11,596.11,-0.5456
1995-12-12,585.04,-1.857
1995-12-13,587.54,0.4273
1995-12-14,566.29,-3.6168
1995-12-15,563.28,-0.5315
1995-12-18,548.04,-2.7056
1995-12-19,575.01,4.9212
1995-12-20,565.15,-1.7148
1995-12-21,580.76,2.7621
1995-12-22,585.18,0.7611
1995-12-26,585.09,-0.0154
1995-12-27,580.37,-0.8067
1995-12-28,571.96,-1.4491
1995-12-29,576.23,0.7466
1996-01-02,585.94,1.6851
1996-01-03,572.29,-2.3296
1996-01-04,563.48,-1.5394
1996-01-05,565.14,0.2946
1996-01-08,563.15,-0.3521
1996-01-09,534.42,-5.1017
1996-01-10,535.29,0.1628
1996-01-11,555.2,3.7195
1996-01-12,552.71,-0.4485
1996-01-15,534.44,-3.3055
1996-01-16,546.05,2.1724
1996-01-17,545.51,-0.0989
1996-01-18,554.32,1.615
1996-01-19,564.64,1.8617
1996-01-22,571.25,1.1707
1996-01-23,567.35,-0.6827
1996-01-24,582.14,2.6069
1996-01-25,572.26,-1.6972
1996-01-26,577.05,0.837
1996-01-29,576.23,-0.1421
1996-01-30,583.99,1.3467
1996-01-31,591.82,1.3408
1996-02-01,601.88,1.6998
1996-02-02,601.42,-0.0764
1996-02-05,615.47,2.3361
1996-02-06,619.2,0.606
1996-02-07,615.07,-0.667
1996-02-08,623.8,1.4194
1996-02-09,623.01,-0.1266
1996-02-12,625.29,0.366
1996-02-13,618.54,-1.0795
1996-02-14,617.59,-0.1536
1996-02-15,620.23,0.4275
1996-02-16,619.04,-0.1919
1996-02-20,616.83,-0.357
1996-02-21,627.28,1.6941
1996-02-22,643.41,2.5714
1996-02-23,642.59,-0.1274
1996-02-26,637.92,-0.7267
1996-02-27,631.1,-1.0691
1996-02-28,631.44,0.0539
1996-02-29,622.83,-1.3635
1996-03-01,604.76,-2.9013
1996-03-04,601.5,-0.5391
1996-03-05,615.88,2.3907
1996-03-06,607.84,-1.3054
1996-03-07,609.55,0.2813
1996-03-08,591.71,-2.9267
1996-03-11,605.48,2.3272
1996-03-12,599.02,-1.0669
1996-03-13,614.75,2.626
1996-03-14,610.56,-0.6816
1996-03-15,621.71,1.8262
1996-03-18,633.26,1.8578
1996-03-19,629.39,-0.6111
1996-03-20,615.26,-2.245
1996-03-21,611.51,-0.6095
1996-03-22,612.88,0.224
1996-03-25,597.82,-2.4573
1996-03-26,602.08,0.7126
1996-03-27,608.06,0.9932
1996-03-28,608.08,0.0033
1996-03-29,609.69,0.2648
1996-04-01,612.99,0.5413
1996-04-02,615.81,0.46
1996-04-03,618.57,0.4482
1996-04-04,618.0,-0.0921
1996-04-08,610.61,-1.1958
1996-04-09,611.06,0.0737
1996-04-10,609.11,-0.3191
1996-04-11,604.07,-0.8274
1996-04-12,605.05,0.1622
1996-04-15,611.08,0.9966
1996-04-16,625.94,2.4318
1996-04-17,620.71,-0.8355
1996-04-18,633.44,2.0509
1996-04-19,633.01,-0.0679
1996-04-22,644.29,1.782
1996-04-23,654.49,1.5831
1996-04-24,664.01,1.4546
1996-04-25,666.68,0.4021
1996-04-26,666.65,-0.0045
1996-04-29,667.0,0.0525
1996-04-30,666.73,-0.0405
1996-05-01,673.36,0.9944
1996-05-02,656.73,-2.4697
1996-05-03,661.07,0.6608
1996-05-06,662.93,0.2814
1996-05-07,660.82,-0.3183
1996-05-08,663.53,0.4101
1996-05-09,662.54,-0.1492
1996-05-10,672.54,1.5093
1996-05-13,688.52,2.3761
1996-05-14,695.43,1.0036
1996-05-15,690.16,-0.7578
1996-05-16,695.25,0.7375
1996-05-17,690.81,-0.6386
1996-05-20,693.27,0.3561
1996-05-21,687.86,-0.7804
1996-05-22,688.43,0.0829
1996-05-23,692.09,0.5316
1996-05-24,688.91,-0.4595
1996-05-28,685.07,-0.5574
1996-05-29,677.09,-1.1648
1996-05-30,684.04,1.0265
1996-05-31,692.39,1.2207
1996-06-03,689.25,-0.4535
1996-06-04,692.59,0.4846
1996-06-05,699.35,0.976
1996-06-06,687.01,-1.7645
1996-06-07,691.46,0.6477
1996-06-10,688.84,-0.3789
1996-06-11,690.94,0.3049
1996-06-12,697.16,0.9002
1996-06-13,691.84,-0.7631
1996-06-14,681.13,-1.548
1996-06-17,678.44,-0.3949
1996-06-18,666.07,-1.8233
1996-06-19,667.72,0.2477
1996-06-20,664.45,-0.4897
1996-06-21,672.53,1.216
1996-06-24,677.17,0.6899
1996-06-25,668.04,-1.3483
1996-06-26,659.69,-1.2499
1996-06-27,671.15,1.7372
1996-06-28,677.3,0.9163
1996-07-01,687.07,1.4425
1996-07-02,680.17,-1.0043
1996-07-03,673.84,-0.9306
1996-07-05,657.68,-2.3982
1996-07-08,656.0,-0.2554
1996-07-09,660.76,0.7256
1996-07-10,657.45,-0.5009
1996-07-11,635.78,-3.2961
1996-07-12,635.06,-0.1132
1996-07-15,606.89,-4.4358
1996-07-16,614.25,1.2127
1996-07-17,631.3,2.7757
1996-07-18,643.74,1.9705
1996-07-19,633.05,-1.6606
1996-07-22,624.03,-1.4248
1996-07-23,598.34,-4.1168
1996-07-24,605.05,1.1214
1996-07-25,620.39,2.5353
1996-07-26,633.39,2.0955
1996-07-29,620.51,-2.0335
1996-07-30,630.32,1.581
1996-07-31,636.01,0.9027
1996-08-01,651.07,2.3679
1996-08-02,667.84,2.5758
1996-08-05,661.02,-1.0212
1996-08-06,671.69,1.6142
1996-08-07,682.37,1.59
1996-08-08,677.52,-0.7108
1996-08-09,678.31,0.1166
1996-08-12,679.39,0.1592
1996-08-13,669.1,-1.5146
1996-08-14,677.17,1.2061
1996-08-15,677.09,-0.0118
1996-08-16,672.28,-0.7104
1996-08-19,670.25,-0.302
1996-08-20,662.87,-1.1011
1996-08-21,667.42,0.6864
1996-08-22,681.63,2.1291
1996-08-23,677.57,-0.5956
1996-08-26,672.92,-0.6863
1996-08-27,679.05,0.911
1996-08-28,679.67,0.0913
1996-08-29,671.1,-1.2609
1996-08-30,663.57,-1.122
1996-09-03,669.29,0.862
1996-09-04,669.2,-0.0134
1996-09-05,652.32,-2.5224
1996-09-06,664.22,1.8243
1996-09-09,671.98,1.1683
1996-09-10,671.65,-0.0491
1996-09-11,675.12,0.5166
1996-09-12,685.65,1.5597
1996-09-13,707.86,3.2393
1996-09-16,709.22,0.1921
1996-09-17,722.5,1.8725
1996-09-18,727.63,0.71
1996-09-19,736.76,1.2548
1996-09-20,743.42,0.904
1996-09-23,733.41,-1.3465
1996-09-24,736.61,0.4363
1996-09-25,745.69,1.2327
1996-09-26,744.61,-0.1448
1996-09-27,744.73,0.0161
1996-09-30,737.57,-0.9614
1996-10-01,734.5,-0.4162
1996-10-02,747.55,1.7767
1996-10-03,743.28,-0.5712
1996-10-04,759.12,2.1311
1996-10-07,764.82,0.7509
1996-10-08,753.24,-1.5141
1996-10-09,753.97,0.0969
1996-10-10,751.44,-0.3356
1996-10-11,765.64,1.8897
1996-10-14,771.99,0.8294
1996-10-15,775.08,0.4003
1996-10-16,767.64,-0.9599
1996-10-17,755.8,-1.5424
1996-10-18,756.83,0.1363
1996-10-21,746.28,-1.394
1996-10-22,736.64,-1.2917
1996-10-23,749.7,1.7729
1996-10-24,748.41,-0.1721
1996-10-25,743.55,-0.6494
1996-10-28,741.64,-0.2569
1996-10-29,731.21,-1.4063
1996-10-30,736.36,0.7043
1996-10-31,751.99,2.1226
1996-11-01,755.51,0.4681
1996-11-04,756.23,0.0953
1996-11-05,769.91,1.809
1996-11-06,786.9,2.2068
1996-11-07,795.42,1.0827
1996-11-08,798.66,0.4073
1996-11-11,804.72,0.7588
1996-11-12,794.09,-1.321
1996-11-13,798.7,0.5805
1996-11-14,809.75,1.3835
1996-11-15,799.44,-1.2732
1996-11-18,793.29,-0.7693
1996-11-19,805.78,1.5745
1996-11-20,808.39,0.3239
1996-11-21,800.47,-0.9797
1996-11-22,818.37,2.2362
1996-11-25,821.24,0.3507
1996-11-26,825.51,0.5199
1996-11-27,832.37,0.831
1996-11-29,834.01,0.197
1996-12-02,844.63,1.2734
1996-12-03,837.91,-0.7956
1996-12-04,834.65,-0.3891
1996-12-05,835.8,0.1378
1996-12-06,827.21,-1.0278
1996-12-09,856.64,3.5577
1996-12-10,848.96,-0.8965
1996-12-11,856.38,0.874
1996-12-12,843.37,-1.5192
1996-12-13,828.45,-1.7691
1996-12-16,804.78,-2.8571
1996-12-17,815.79,1.3681
1996-12-18,836.54,2.5435
1996-12-19,843.73,0.8595
1996-12-20,834.05,-1.1473
1996-12-23,824.79,-1.1102
1996-12-24,835.4,1.2864
1996-12-26,842.98,0.9073
1996-12-27,835.46,-0.8921
1996-12-30,826.49,-1.0737
1996-12-31,821.36,-0.6207
1997-01-02,815.6,-0.7013
1997-01-03,848.17,3.9934
1997-01-06,853.25,0.5989
1997-01-07,864.55,1.3243
1997-01-08,853.09,-1.3255
1997-01-09,856.95,0.4525
1997-01-10,865.58,1.0071
1997-01-13,864.38,-0.1386
1997-01-14,881.38,1.9667
1997-01-15,864.29,-1.939
1997-01-16,873.63,1.0807
1997-01-17,883.44,1.1229
1997-01-20,899.78,1.8496
1997-01-21,913.73,1.5504
1997-01-22,925.52,1.2903
1997-01-23,912.74,-1.3808
1997-01-24,898.37,-1.5744
1997-01-27,889.82,-0.9517
1997-01-28,890.79,0.109
1997-01-29,892.46,0.1875
1997-01-30,911.71,2.157
1997-01-31,921.55,1.0793
1997-02-03,918.01,-0.3841
1997-02-04,916.3,-0.1863
1997-02-05,887.39,-3.1551
1997-02-06,885.52,-0.2107
1997-02-07,899.84,1.6171
1997-02-10,872.06,-3.0872
1997-02-11,871.71,-0.0401
1997-02-12,900.5,3.3027
1997-02-13,907.54,0.7818
1997-02-14,899.91,-0.8407
1997-02-18,897.53,-0.2645
1997-02-19,897.65,0.0134
1997-02-20,880.28,-1.9351
1997-02-21,864.28,-1.8176
1997-02-24,880.26,1.8489
1997-02-25,882.04,0.2022
1997-02-26,880.74,-0.1474
1997-02-27,848.58,-3.6515
1997-02-28,850.46,0.2215
1997-03-03,856.08,0.6608
1997-03-04,862.04,0.6962
1997-03-05,872.07,1.1635
1997-03-06,851.51,-2.3576
1997-03-07,841.03,-1.2308
1997-03-10,854.84,1.642
1997-03-11,848.5,-0.7417
1997-03-12,839.32,-1.0819
1997-03-13,840.5,0.1406
1997-03-14,838.98,-0.1808
1997-03-17,832.24,-0.8034
1997-03-18,827.57,-0.5611
1997-03-19,811.8,-1.9056
1997-03-20,821.73,1.2232
1997-03-21,812.73,-1.0953
1997-03-24,802.37,-1.2747
1997-03-25,807.19,0.6007
1997-03-26,834.38,3.3685
1997-03-27,818.74,-1.8744
1997-03-31,797.06,-2.648
1997-04-01,796.79,-0.0339
1997-04-02,783.92,-1.6152
1997-04-03,804.67,2.647
1997-04-04,822.4,2.2034
1997-04-07,832.31,1.205
1997-04-08,840.36,0.9672
1997-04-09,828.73,-1.3839
1997-04-10,813.43,-1.8462
1997-04-11,789.97,-2.8841
1997-04-14,806.79,2.1292
1997-04-15,798.0,-1.0895
1997-04-16,798.68,0.0852
1997-04-17,808.22,1.1945
1997-04-18,816.43,1.0158
1997-04-21,802.5,-1.7062
1997-04-22,818.08,1.9414
1997-04-23,837.97,2.4313
1997-04-24,837.75,-0.0263
1997-04-25,818.57,-2.2895
1997-04-28,829.39,1.3218
1997-04-29,856.26,3.2397
1997-04-30,874.74,2.1582
1997-05-01,882.12,0.8437
1997-05-02,909.49,3.1028
1997-05-05,932.89,2.5729
1997-05-06,914.9,-1.9284
1997-05-07,909.29,-0.6132
1997-05-08,919.31,1.102
1997-05-09,919.08,-0.025
1997-05-12,924.64,0.605
1997-05-13,910.57,-1.5217
1997-05-14,909.92,-0.0714
1997-05-15,931.83,2.4079
1997-05-16,915.29,-1.775
1997-05-19,913.57,-0.1879
1997-05-20,942.11,3.124
1997-05-21,950.53,0.8937
1997-05-22,946.1,-0.4661
1997-05-23,959.08,1.3719
1997-05-27,984.61,2.6619
1997-05-28,982.6,-0.2041
1997-05-29,970.54,-1.2274
1997-05-30,958.85,-1.2045
1997-06-02,958.69,-0.0167
1997-06-03,929.81,-3.0124
1997-06-04,921.96,-0.8443
1997-06-05,930.61,0.9382
1997-06-06,944.99,1.5452
1997-06-09,954.76,1.0339
1997-06-10,941.18,-1.4223
1997-06-11,949.0,0.8309
1997-06-12,950.0,0.1054
1997-06-13,964.4,1.5158
1997-06-16,975.99,1.2018
1997-06-17,989.37,1.3709
1997-06-18,971.55,-1.8011
1997-06-19,981.95,1.0705
1997-06-20,981.41,-0.055
1997-06-23,969.06,-1.2584
1997-06-24,986.42,1.7914
1997-06-25,979.22,-0.7299
1997-06-26,967.34,-1.2132
1997-06-27,963.01,-0.4476
1997-06-30,957.3,-0.5929
1997-07-01,953.44,-0.4032
1997-07-02,975.93,2.3588
1997-07-03,986.52,1.0851
1997-07-07,991.04,0.4582
1997-07-08,1005.81,1.4904
1997-07-09,1010.1,0.4265
1997-07-10,1010.04,-0.0059
1997-07-11,1015.62,0.5525
1997-07-14,1041.88,2.5856
1997-07-15,1059.02,1.6451
1997-07-16,1103.43,4.1935
1997-07-17,1094.85,-0.7776
1997-07-18,1070.99,-2.1793
1997-07-21,1058.45,-1.1709
1997-07-22,1090.94,3.0696
1997-07-23,1092.06,0.1027
1997-07-24,1088.18,-0.3553
1997-07-25,1085.39,-0.2564
1997-07-28,1075.18,-0.9407
1997-07-29,1087.92,1.1849
1997-07-30,1100.98,1.2005
1997-07-31,1107.03,0.5495
1997-08-01,1108.94,0.1725
1997-08-04,1124.08,1.3653
1997-08-05,1136.41,1.0969
1997-08-06,1141.82,0.4761
1997-08-07,1135.61,-0.5439
1997-08-08,1115.02,-1.8131
1997-08-11,1101.18,-1.2412
1997-08-12,1090.78,-0.9444
1997-08-13,1099.1,0.7628
1997-08-14,1103.51,0.4012
1997-08-15,1076.67,-2.4322
1997-08-18,1089.55,1.1963
1997-08-19,1121.18,2.903
1997-08-20,1145.07,2.1308
1997-08-21,1118.72,-2.3012
1997-08-22,1110.91,-0.6981
1997-08-25,1107.75,-0.2845
1997-08-26,1093.21,-1.3126
1997-08-27,1091.89,-0.1207
1997-08-28,1070.57,-1.9526
1997-08-29,1074.05,0.3251
1997-09-02,1102.75,2.6721
1997-09-03,1100.44,-0.2095
1997-09-04,1105.82,0.4889
1997-09-05,1111.15,0.482
1997-09-08,1117.82,0.6003
1997-09-09,1126.73,0.7971
1997-09-10,1102.95,-2.1105
1997-09-11,1105.06,0.1913
1997-09-12,1106.07,0.0914
1997-09-15,1080.29,-2.3308
1997-09-16,1116.52,3.3537
1997-09-17,1108.63,-0.7067
1997-09-18,1109.29,0.0595
1997-09-19,1118.68,0.8465
1997-09-22,1123.65,0.4443
1997-09-23,1135.04,1.0137
1997-09-24,1115.88,-1.688
1997-09-25,1106.48,-0.8424
1997-09-26,1106.82,0.0307
1997-09-29,1118.77,1.0797
1997-09-30,1097.16,-1.9316
1997-10-01,1102.06,0.4466
1997-10-02,1112.84,0.9782
1997-10-03,1124.44,1.0424
1997-10-06,1125.93,0.1325
1997-10-07,1140.74,1.3154
1997-10-08,1145.34,0.4032
1997-10-09,1148.21,0.2506
1997-10-10,1137.77,-0.9092
1997-10-13,1140.48,0.2382
1997-10-14,1131.43,-0.7935
1997-10-15,1119.07,-1.0924
1997-10-16,1099.38,-1.7595
1997-10-17,1075.12,-2.2067
1997-10-20,1088.25,1.2213
1997-10-21,1110.55,2.0492
1997-10-22,1098.71,-1.0661
1997-10-23,1074.65,-2.1898
1997-10-24,1057.34,-1.6108
1997-10-27,978.13,-7.4914
1997-10-28,1046.87,7.0277
1997-10-29,1029.76,-1.6344
1997-10-30,1000.7,-2.822
1997-10-31,1019.62,1.8907
1997-11-03,1050.72,3.0502
1997-11-04,1047.62,-0.295
1997-11-05,1046.92,-0.0668
1997-11-06,1034.17,-1.2179
1997-11-07,1028.32,-0.5657
1997-11-10,1011.54,-1.6318
1997-11-11,1010.96,-0.0573
1997-11-12,980.12,-3.0506
1997-11-13,1005.25,2.564
1997-11-14,1027.85,2.2482
1997-11-17,1049.7,2.1258
1997-11-18,1036.31,-1.2756
1997-11-19,1039.12,0.2712
1997-11-20,1062.49,2.249
1997-11-21,1056.59,-0.5553
1997-11-24,1030.22,-2.4958
1997-11-25,1038.06,0.761
1997-11-26,1044.24,0.5953
1997-11-28,1050.51,0.6004
1997-12-01,1079.23,2.7339
1997-12-02,1052.07,-2.5166
1997-12-03,1061.62,0.9077
1997-12-04,1052.76,-0.8346
1997-12-05,1070.27,1.6632
1997-12-08,1082.92,1.1819
1997-12-09,1050.67,-2.9781
1997-12-10,1033.21,-1.6618
1997-12-11,1001.88,-3.0323
1997-12-12,978.49,-2.3346
1997-12-15,984.38,0.6019
1997-12-16,997.31,1.3135
1997-12-17,983.63,-1.3717
1997-12-18,966.77,-1.7141
1997-12-19,969.9,0.3238
1997-12-22,975.67,0.5949
1997-12-23,949.57,-2.6751
1997-12-24,938.99,-1.1142
1997-12-26,954.07,1.606
1997-12-29,978.53,2.5638
1997-12-30,998.46,2.0367
1997-12-31,990.83,-0.7642
1998-01-02,1008.23,1.7561
1998-01-05,1017.42,0.9115
1998-01-06,1006.29,-1.0939
1998-01-07,991.19,-1.5006
1998-01-08,994.55,0.339
1998-01-09,956.19,-3.857
1998-01-12,971.17,1.5666
1998-01-13,995.05,2.4589
1998-01-14,996.37,0.1327
1998-01-15,995.58,-0.0793
1998-01-16,1005.87,1.0336
1998-01-20,1026.88,2.0887
1998-01-21,1026.52,-0.0351
1998-01-22,1020.63,-0.5738
1998-01-23,1024.47,0.3762
1998-01-26,1016.4,-0.7877
1998-01-27,1035.76,1.9048
1998-01-28,1063.2,2.6493
1998-01-29,1069.0,0.5455
1998-01-30,1071.13,0.1993
1998-02-02,1100.99,2.7877
1998-02-03,1111.26,0.9328
1998-02-04,1124.44,1.186
1998-02-05,1114.86,-0.852
1998-02-06,1134.32,1.7455
1998-02-09,1122.72,-1.0226
1998-02-10,1139.79,1.5204
1998-02-11,1138.81,-0.086
1998-02-12,1144.8,0.526
1998-02-13,1136.69,-0.7084
1998-02-17,1128.63,-0.7091
1998-02-18,1140.74,1.073
1998-02-19,1156.75,1.4035
1998-02-20,1159.73,0.2576
1998-02-23,1185.53,2.2247
1998-02-24,1172.4,-1.1075
1998-02-25,1200.39,2.3874
1998-02-26,1206.97,0.5482
1998-02-27,1194.13,-1.0638
1998-03-02,1177.59,-1.3851
1998-03-03,1175.72,-0.1588
1998-03-04,1179.87,0.353
1998-03-05,1126.83,-4.4954
1998-03-06,1163.11,3.2197
1998-03-09,1128.37,-2.9868
1998-03-10,1148.61,1.7937
1998-03-11,1153.87,0.4579
1998-03-12,1163.27,0.8146
1998-03-13,1169.29,0.5175
1998-03-16,1180.17,0.9305
1998-03-17,1167.89,-1.0405
1998-03-18,1177.01,0.7809
1998-03-19,1186.16,0.7774
1998-03-20,1169.43,-1.4104
1998-03-23,1179.18,0.8337
1998-03-24,1197.81,1.5799
1998-03-25,1214.82,1.4201
1998-03-26,1217.94,0.2568
1998-03-27,1211.64,-0.5173
1998-03-30,1206.64,-0.4127
1998-03-31,1220.66,1.1619
1998-04-01,1228.41,0.6349
1998-04-02,1230.18,0.1441
1998-04-03,1233.66,0.2829
1998-04-06,1205.37,-2.2932
1998-04-07,1182.13,-1.928
1998-04-08,1191.06,0.7554
1998-04-09,1196.9,0.4903
1998-04-13,1202.97,0.5071
1998-04-14,1213.12,0.8437
1998-04-15,1231.36,1.5036
1998-04-16,1227.53,-0.311
1998-04-17,1231.25,0.303
1998-04-20,1253.11,1.7754
1998-04-21,1269.7,1.3239
1998-04-22,1290.9,1.6697
1998-04-23,1258.58,-2.5037
1998-04-24,1250.14,-0.6706
1998-04-27,1220.05,-2.4069
1998-04-28,1222.5,0.2008
1998-04-29,1239.56,1.3955
1998-04-30,1248.12,0.6906
1998-05-01,1251.53,0.2732
1998-05-04,1255.82,0.3428
1998-05-05,1247.27,-0.6808
1998-05-06,1242.25,-0.4025
1998-05-07,1222.68,-1.5754
1998-05-08,1254.03,2.564
1998-05-11,1237.66,-1.3054
1998-05-12,1256.41,1.515
1998-05-13,1263.08,0.5309
1998-05-14,1266.15,0.2431
1998-05-15,1249.49,-1.3158
1998-05-18,1242.5,-0.5594
1998-05-19,1255.59,1.0535
1998-05-20,1237.75,-1.4208
1998-05-21,1223.7,-1.1351
1998-05-22,1214.13,-0.7821
1998-05-26,1200.12,-1.1539
1998-05-27,1209.46,0.7783
1998-05-28,1214.83,0.444
1998-05-29,1192.07,-1.8735
1998-06-01,1165.55,-2.2247
1998-06-02,1187.15,1.8532
1998-06-03,1163.98,-1.9517
1998-06-04,1195.19,2.6813
1998-06-05,1206.7,0.963
1998-06-08,1207.02,0.0265
1998-06-09,1223.48,1.3637
1998-06-10,1199.31,-1.9755
1998-06-11,1185.11,-1.184
1998-06-12,1186.99,0.1586
1998-06-15,1173.57,-1.1306
1998-06-16,1210.9,3.1809
1998-06-17,1224.08,1.0884
1998-06-18,1227.33,0.2655
1998-06-19,1239.71,1.0087
1998-06-22,1263.93,1.9537
1998-06-23,1302.39,3.0429
1998-06-24,1331.16,2.209
1998-06-25,1311.4,-1.4844
1998-06-26,1320.94,0.7275
1998-06-29,1339.71,1.421
1998-06-30,1337.34,-0.1769
1998-07-01,1356.14,1.4058
1998-07-02,1332.53,-1.741
1998-07-06,1342.58,0.7542
1998-07-07,1346.32,0.2786
1998-07-08,1377.84,2.3412
1998-07-09,1383.22,0.3905
1998-07-10,1391.11,0.5704
1998-07-13,1420.58,2.1185
1998-07-14,1418.13,-0.1725
1998-07-15,1449.58,2.2177
1998-07-16,1452.62,0.2097
1998-07-17,1463.97,0.7813
1998-07-20,1465.89,0.1312
1998-07-21,1431.89,-2.3194
1998-07-22,1430.58,-0.0915
1998-07-23,1405.8,-1.7322
1998-07-24,1408.6,0.1992
1998-07-27,1426.37,1.2615
1998-07-28,1393.28,-2.3199
1998-07-29,1380.08,-0.9474
1998-07-30,1422.05,3.0411
1998-07-31,1377.26,-3.1497
1998-08-03,1368.44,-0.6404
1998-08-04,1317.24,-3.7415
1998-08-05,1329.9,0.9611
1998-08-06,1365.87,2.7047
1998-08-07,1364.07,-0.1318
1998-08-10,1362.88,-0.0872
1998-08-11,1330.13,-2.403
1998-08-12,1354.66,1.8442
1998-08-13,1338.39,-1.201
1998-08-14,1330.04,-0.6239
1998-08-17,1367.79,2.8383
1998-08-18,1401.24,2.4456
1998-08-19,1398.26,-0.2127
1998-08-20,1398.2,-0.0043
1998-08-21,1374.77,-1.6757
1998-08-24,1370.92,-0.28
1998-08-25,1388.35,1.2714
1998-08-26,1374.05,-1.03
1998-08-27,1311.53,-4.5501
1998-08-28,1265.04,-3.5447
1998-08-31,1140.34,-9.8574
1998-09-01,1215.06,6.5524
1998-09-02,1221.44,0.5251
1998-09-03,1208.96,-1.0217
1998-09-04,1205.41,-0.2936
1998-09-08,1286.47,6.7247
1998-09-09,1261.77,-1.92
1998-09-10,1235.37,-2.0923
1998-09-11,1290.2,4.4383
1998-09-14,1308.23,1.3975
1998-09-15,1324.19,1.22
1998-09-16,1331.45,0.5483
1998-09-17,1291.79,-2.9787
1998-09-18,1300.7,0.6897
1998-09-21,1327.7,2.0758
1998-09-22,1336.19,0.6395
1998-09-23,1394.65,4.3751
1998-09-24,1356.46,-2.7383
1998-09-25,1390.09,2.4792
1998-09-28,1383.25,-0.4921
1998-09-29,1384.89,0.1186
1998-09-30,1345.48,-2.8457
1998-10-01,1273.74,-5.3319
1998-10-02,1276.44,0.212
1998-10-05,1207.68,-5.3869
1998-10-06,1184.84,-1.8912
1998-10-07,1151.09,-2.8485
1998-10-08,1128.88,-1.9295
1998-10-09,1197.87,6.1114
1998-10-12,1243.4,3.8009
1998-10-13,1206.9,-2.9355
1998-10-14,1235.67,2.3838
1998-10-15,1299.66,5.1786
1998-10-16,1293.91,-0.4424
1998-10-19,1310.17,1.2567
1998-10-20,1283.23,-2.0562
1998-10-21,1332.05,3.8045
1998-10-22,1355.19,1.7372
1998-10-23,1340.6,-1.0766
1998-10-26,1368.93,2.1132
1998-10-27,1353.34,-1.1388
1998-10-28,1379.96,1.967
1998-10-29,1396.3,1.1841
1998-10-30,1400.52,0.3022
1998-11-02,1418.79,1.3045
1998-11-03,1401.73,-1.2024
1998-11-04,1434.0,2.3022
1998-11-05,1442.04,0.5607
1998-11-06,1458.34,1.1303
1998-11-09,1467.63,0.637
1998-11-10,1477.48,0.6712
1998-11-11,1480.71,0.2186
1998-11-12,1466.54,-0.957
1998-11-13,1465.22,-0.09
1998-11-16,1475.6,0.7084
1998-11-17,1498.55,1.5553
1998-11-18,1514.89,1.0904
1998-11-19,1537.45,1.4892
1998-11-20,1544.22,0.4403
1998-11-23,1589.06,2.9037
1998-11-24,1580.83,-0.5179
1998-11-25,1598.48,1.1165
1998-11-27,1628.35,1.8687
1998-11-30,1557.96,-4.3228
1998-12-01,1632.53,4.7864
1998-12-02,1619.09,-0.8233
1998-12-03,1573.78,-2.7985
1998-12-04,1630.01,3.5729
1998-12-07,1676.89,2.8761
1998-12-08,1668.16,-0.5206
1998-12-09,1685.38,1.0323
1998-12-10,1652.76,-1.9355
1998-12-11,1675.01,1.3462
1998-12-14,1614.09,-3.637
1998-12-15,1663.78,3.0785
1998-12-16,1656.28,-0.4508
1998-12-17,1689.63,2.0135
1998-12-18,1735.0,2.6852
1998-12-21,1787.3,3.0144
1998-12-22,1767.82,-1.0899
1998-12-23,1818.96,2.8928
1998-12-24,1806.04,-0.7103
1998-12-28,1823.99,0.9939
1998-12-29,1823.31,-0.0373
1998-12-30,1810.97,-0.6768
1998-12-31,1836.01,1.3827
1999-01-04,1854.39,1.0011
1999-01-05,1903.0,2.6213
1999-01-06,1963.95,3.2028
1999-01-07,1966.35,0.1222
1999-01-08,1973.66,0.3718
1999-01-11,2000.18,1.3437
1999-01-12,1939.08,-3.0547
1999-01-13,1948.71,0.4966
1999-01-14,1906.12,-2.1855
1999-01-15,1981.62,3.9609
1999-01-19,2033.71,2.6287
1999-01-20,2033.71,0.0
1999-01-21,1961.76,-3.5379
1999-01-22,1964.21,0.1249
1999-01-25,1997.16,1.6775
1999-01-26,2062.2,3.2566
1999-01-27,2030.36,-1.544
1999-01-28,2104.59,3.656
1999-01-29,2127.19,1.0738
1999-02-01,2130.93,0.1758
1999-02-02,2078.69,-2.4515
1999-02-03,2119.94,1.9844
1999-02-04,2027.66,-4.353
1999-02-05,1988.55,-1.9288
1999-02-08,2034.21,2.2961
1999-02-09,1935.33,-4.8609
1999-02-10,1944.18,0.4573
1999-02-11,2044.68,5.1693
1999-02-12,1958.6,-4.2099
1999-02-16,1954.49,-0.2098
1999-02-17,1891.37,-3.2295
1999-02-18,1906.09,0.7783
1999-02-19,1931.59,1.3378
1999-02-22,1996.02,3.3356
1999-02-23,2028.23,1.6137
1999-02-24,1989.14,-1.9273
1999-02-25,1974.39,-0.7415
1999-02-26,1925.28,-2.4874
1999-03-01,1937.7,0.6451
1999-03-02,1888.66,-2.5308
1999-03-03,1899.81,0.5904
1999-03-04,1933.03,1.7486
1999-03-05,1969.87,1.9058
1999-03-08,2034.05,3.2581
1999-03-09,2028.57,-0.2694
1999-03-10,2038.51,0.49
1999-03-11,2043.76,0.2575
1999-03-12,2008.96,-1.7027
1999-03-15,2060.34,2.5575
1999-03-16,2073.31,0.6295
1999-03-17,2064.5,-0.4249
1999-03-18,2102.77,1.8537
1999-03-19,2053.69,-2.3341
1999-03-22,2027.14,-1.2928
1999-03-23,1961.31,-3.2474
1999-03-24,2013.55,2.6635
1999-03-25,2083.35,3.4665
1999-03-26,2067.3,-0.7704
1999-03-29,2144.66,3.7421
1999-03-30,2125.69,-0.8845
1999-03-31,2106.39,-0.9079
1999-04-01,2146.13,1.8866
1999-04-05,2219.64,3.4252
1999-04-06,2218.83,-0.0365
1999-04-07,2192.29,-1.1961
1999-04-08,2224.75,1.4806
1999-04-09,2232.47,0.347
1999-04-12,2219.21,-0.594
1999-04-13,2175.18,-1.984
1999-04-14,2103.63,-3.2894
1999-04-15,2135.81,1.5297
1999-04-16,2086.46,-2.3106
1999-04-19,1967.58,-5.6977
1999-04-20,2030.28,3.1867
1999-04-21,2105.82,3.7207
1999-04-22,2183.49,3.6883
1999-04-23,2210.44,1.2343
1999-04-26,2260.66,2.2719
1999-04-27,2207.03,-2.3723
1999-04-28,2150.44,-2.5641
1999-04-29,2119.29,-1.4485
1999-04-30,2136.39,0.8069
1999-05-03,2137.95,0.073
1999-05-04,2097.55,-1.8897
1999-05-05,2155.77,2.7756
1999-05-06,2078.63,-3.5783
1999-05-07,2117.73,1.881
1999-05-10,2134.75,0.8037
1999-05-11,2175.85,1.9253
1999-05-12,2217.68,1.9225
1999-05-13,2179.08,-1.7406
1999-05-14,2125.15,-2.4749
1999-05-17,2175.74,2.3805
1999-05-18,2159.26,-0.7574
1999-05-19,2186.2,1.2476
1999-05-20,2139.95,-2.1155
1999-05-21,2114.4,-1.194
1999-05-24,2060.59,-2.5449
1999-05-25,1999.04,-2.987
1999-05-26,2053.04,2.7013
1999-05-27,2050.09,-0.1437
1999-05-28,2089.7,1.9321
1999-06-01,2025.79,-3.0583
1999-06-02,2074.54,2.4065
1999-06-03,2030.4,-2.1277
1999-06-04,2109.41,3.8914
1999-06-07,2152.69,2.0518
1999-06-08,2086.75,-3.0631
1999-06-09,2135.48,2.3352
1999-06-10,2097.79,-1.7649
1999-06-11,2062.29,-1.6923
1999-06-14,2028.92,-1.6181
1999-06-15,2058.17,1.4417
1999-06-16,2167.49,5.3115
1999-06-17,2190.83,1.0768
1999-06-18,2205.46,0.6678
1999-06-21,2268.66,2.8656
1999-06-22,2209.89,-2.5905
1999-06-23,2239.33,1.3322
1999-06-24,2184.87,-2.432
1999-06-25,2185.76,0.0407
1999-06-28,2243.94,2.6618
1999-06-29,2280.06,1.6097
1999-06-30,2296.77,0.7329
1999-07-01,2322.32,1.1124
1999-07-02,2347.88,1.1006
1999-07-06,2330.73,-0.7304
1999-07-07,2340.67,0.4265
1999-07-08,2374.58,1.4487
1999-07-09,2393.02,0.7766
1999-07-12,2384.24,-0.3669
1999-07-13,2373.66,-0.4437
1999-07-14,2417.05,1.828
1999-07-15,2429.27,0.5056
1999-07-16,2459.48,1.2436
1999-07-19,2424.62,-1.4174
1999-07-20,2329.32,-3.9305
1999-07-21,2363.63,1.473
1999-07-22,2281.92,-3.457
1999-07-23,2302.02,0.8808
1999-07-26,2233.51,-2.9761
1999-07-27,2308.78,3.37
1999-07-28,2333.78,1.0828
1999-07-29,2263.06,-3.0303
1999-07-30,2270.93,0.3478
1999-08-02,2264.81,-0.2695
1999-08-03,2239.18,-1.1317
1999-08-04,2204.33,-1.5564
1999-08-05,2232.23,1.2657
1999-08-06,2212.15,-0.8995
1999-08-09,2187.61,-1.1093
1999-08-10,2163.77,-1.0898
1999-08-11,2241.8,3.6062
1999-08-12,2214.33,-1.2254
1999-08-13,2307.06,4.1877
1999-08-16,2313.08,0.2609
1999-08-17,2337.37,1.0501
1999-08-18,2317.39,-0.8548
1999-08-19,2278.79,-1.6657
1999-08-20,2315.07,1.5921
1999-08-23,2385.87,3.0582
1999-08-24,2404.82,0.7943
1999-08-25,2460.92,2.3328
1999-08-26,2417.3,-1.7725
1999-08-27,2402.57,-0.6094
1999-08-30,2366.88,-1.4855
1999-08-31,2396.87,1.2671
1999-09-01,2404.94,0.3367
1999-09-02,2392.6,-0.5131
1999-09-03,2506.69,4.7685
1999-09-07,2491.82,-0.5932
1999-09-08,2454.67,-1.4909
1999-09-09,2505.5,2.0707
1999-09-10,2534.61,1.1618
1999-09-13,2483.1,-2.0323
1999-09-14,2522.46,1.5851
1999-09-15,2463.09,-2.3537
1999-09-16,2466.88,0.1539
1999-09-17,2536.91,2.8388
1999-09-20,2545.41,0.3351
1999-09-21,2473.74,-2.8157
1999-09-22,2513.94,1.6251
1999-09-23,2403.07,-4.4102
1999-09-24,2399.58,-0.1452
1999-09-27,2426.51,1.1223
1999-09-28,2428.11,0.0659
1999-09-29,2398.78,-1.2079
1999-09-30,2407.9,0.3802
1999-10-01,2404.45,-0.1433
1999-10-04,2467.92,2.6397
1999-10-05,2471.5,0.1451
1999-10-06,2532.4,2.4641
1999-10-07,2532.0,-0.0158
1999-10-08,2555.36,0.9226
1999-10-11,2578.88,0.9204
1999-10-12,2526.82,-2.0187
1999-10-13,2454.49,-2.8625
1999-10-14,2470.99,0.6722
1999-10-15,2403.81,-2.7187
1999-10-18,2362.11,-1.7347
1999-10-19,2362.25,0.0059
1999-10-20,2466.29,4.4043
1999-10-21,2477.14,0.4399
1999-10-22,2485.9,0.3536
1999-10-25,2484.19,-0.0688
1999-10-26,2466.4,-0.7161
1999-10-27,2457.46,-0.3625
1999-10-28,2539.93,3.3559
1999-10-29,2637.44,3.8391
1999-11-01,2616.36,-0.7993
1999-11-02,2626.99,0.4063
1999-11-03,2672.72,1.7408
1999-11-04,2703.11,1.137
1999-11-05,2755.7,1.9455
1999-11-08,2786.27,1.1093
1999-11-09,2763.58,-0.8144
1999-11-10,2797.61,1.2314
1999-11-11,2849.81,1.8659
1999-11-12,2888.91,1.372
1999-11-15,2875.87,-0.4514
1999-11-16,2940.25,2.2386
1999-11-17,2911.69,-0.9713
1999-11-18,3003.49,3.1528
1999-11-19,3028.84,0.844
1999-11-22,3049.61,0.6857
1999-11-23,2999.78,-1.634
1999-11-24,3108.52,3.6249
1999-11-26,3116.62,0.2606
1999-11-29,3063.23,-1.7131
1999-11-30,2966.71,-3.1509
1999-12-01,2997.28,1.0304
1999-12-02,3108.47,3.7097
1999-12-03,3172.37,2.0557
1999-12-06,3191.09,0.5901
1999-12-07,3205.08,0.4384
1999-12-08,3164.08,-1.2792
1999-12-09,3167.52,0.1087
1999-12-10,3203.28,1.129
1999-12-13,3242.37,1.2203
1999-12-14,3167.29,-2.3156
1999-12-15,3239.18,2.2698
1999-12-16,3332.31,2.8751
1999-12-17,3359.86,0.8268
1999-12-20,3390.01,0.8974
1999-12-21,3528.53,4.0861
1999-12-22,3562.29,0.9568
1999-12-23,3590.28,0.7857
1999-12-27,3598.51,0.2292
1999-12-28,3579.95,-0.5158
1999-12-29,3689.68,3.0651
1999-12-30,3683.67,-0.1629
1999-12-31,3707.83,0.6559
2000-01-03,3790.55,2.231
2000-01-04,3546.2,-6.4463
2000-01-05,3507.31,-1.0967
2000-01-06,3340.81,-4.7472
2000-01-07,3529.6,5.651
2000-01-10,3717.41,5.321
2000-01-11,3544.35,-4.6554
2000-01-12,3478.14,-1.868
2000-01-13,3612.08,3.8509
2000-01-14,3704.74,2.5653
2000-01-18,3757.78,1.4317
2000-01-19,3790.89,0.8811
2000-01-20,3841.74,1.3414
2000-01-21,3849.96,0.214
2000-01-24,3660.96,-4.9091
2000-01-25,3759.11,2.681
2000-01-26,3621.21,-3.6684
2000-01-27,3593.15,-0.7749
2000-01-28,3446.13,-4.0917
2000-01-31,3570.05,3.5959
2000-02-01,3701.78,3.6899
2000-02-02,3724.46,0.6127
2000-02-03,3851.16,3.4018
2000-02-04,3874.37,0.6027
2000-02-07,3933.34,1.5221
2000-02-08,4062.77,3.2906
2000-02-09,3968.46,-2.3213
2000-02-10,4090.0,3.0626
2000-02-11,3968.89,-2.9611
2000-02-14,3986.13,0.4344
2000-02-15,3997.03,0.2734
2000-02-16,3997.97,0.0235
2000-02-17,4125.38,3.1869
2000-02-18,3965.75,-3.8695
2000-02-22,3969.13,0.0852
2000-02-23,4170.09,5.0631
2000-02-24,4253.05,1.9894
2000-02-25,4178.58,-1.751
2000-02-28,4162.13,-0.3937
2000-02-29,4266.94,2.5182
2000-03-01,4309.01,0.986
2000-03-02,4234.26,-1.7347
2000-03-03,4442.87,4.9267
2000-03-06,4457.18,0.3221
2000-03-07,4390.83,-1.4886
2000-03-08,4445.68,1.2492
2000-03-09,4586.26,3.1622
2000-03-10,4587.16,0.0196
2000-03-13,4426.8,-3.4958
2000-03-14,4226.99,-4.5136
2000-03-15,4130.01,-2.2943
2000-03-16,4353.33,5.4073
2000-03-17,4440.45,2.0012
2000-03-20,4261.15,-4.0379
2000-03-21,4449.33,4.4162
2000-03-22,4596.81,3.3147
2000-03-23,4660.62,1.3881
2000-03-24,4691.61,0.6649
2000-03-27,4704.73,0.2796
2000-03-28,4583.39,-2.5791
2000-03-29,4413.92,-3.6975
2000-03-30,4250.19,-3.7094
2000-03-31,4397.84,3.474
2000-04-03,4077.02,-7.2949
2000-04-04,4034.17,-1.051
2000-04-05,4030.26,-0.0969
2000-04-06,4086.73,1.4012
2000-04-07,4291.53,5.0113
2000-04-10,3998.26,-6.8337
2000-04-11,3909.21,-2.2272
2000-04-12,3633.63,-7.0495
2000-04-13,3553.81,-2.1967
2000-04-14,3207.96,-9.7318
2000-04-17,3529.45,10.0216
2000-04-18,3715.81,5.2801
2000-04-19,3583.07,-3.5723
2000-04-20,3505.29,-2.1708
2000-04-24,3353.53,-4.3295
2000-04-25,3621.56,7.9925
2000-04-26,3505.71,-3.1989
2000-04-27,3692.57,5.3302
2000-04-28,3773.18,2.183
2000-05-01,3829.84,1.5017
2000-05-02,3627.31,-5.2882
2000-05-03,3562.16,-1.7961
2000-05-04,3570.73,0.2406
2000-05-05,3688.36,3.2943
2000-05-08,3521.6,-4.5213
2000-05-09,3445.26,-2.1678
2000-05-10,3244.73,-5.8205
2000-05-11,3381.57,4.2173
2000-05-12,3406.25,0.7298
2000-05-15,3512.11,3.1078
2000-05-16,3646.89,3.8376
2000-05-17,3550.5,-2.6431
2000-05-18,3426.35,-3.4967
2000-05-19,3260.64,-4.8363
2000-05-22,3264.71,0.1248
2000-05-23,3023.42,-7.3909
2000-05-24,3180.31,5.1892
2000-05-25,3099.28,-2.5479
2000-05-26,3101.44,0.0697
2000-05-30,3414.03,10.0789
2000-05-31,3324.08,-2.6347
2000-06-01,3518.98,5.8633
2000-06-02,3755.67,6.7261
2000-06-05,3730.31,-0.6752
2000-06-06,3646.32,-2.2516
2000-06-07,3736.01,2.4597
2000-06-08,3707.31,-0.7682
2000-06-09,3760.26,1.4283
2000-06-12,3638.42,-3.2402
2000-06-13,3765.81,3.5012
2000-06-14,3677.49,-2.3453
2000-06-15,3752.01,2.0264
2000-06-16,3787.36,0.9422
2000-06-19,3933.7,3.8639
2000-06-20,3933.83,0.0033
2000-06-21,3970.0,0.9195
2000-06-22,3804.11,-4.1786
2000-06-23,3685.3,-3.1232
2000-06-26,3771.45,2.3377
2000-06-27,3699.0,-1.921
2000-06-28,3771.06,1.9481
2000-06-29,3665.83,-2.7905
2000-06-30,3763.79,2.6722
2000-07-03,3804.78,1.0891
2000-07-05,3649.8,-4.0733
2000-07-06,3793.48,3.9367
2000-07-07,3841.27,1.2598
2000-07-10,3772.2,-1.7981
2000-07-11,3744.53,-0.7335
2000-07-12,3901.12,4.1818
2000-07-13,3956.67,1.424
2000-07-14,4041.15,2.1351
2000-07-17,4061.88,0.513
2000-07-18,3960.96,-2.4846
2000-07-19,3843.98,-2.9533
2000-07-20,3995.46,3.9407
2000-07-21,3908.75,-2.1702
2000-07-24,3790.62,-3.0222
2000-07-25,3865.39,1.9725
2000-07-26,3818.31,-1.218
2000-07-27,3681.63,-3.5796
2000-07-28,3477.31,-5.5497
2000-07-31,3609.35,3.7972
2000-08-01,3521.15,-2.4437
2000-08-02,3490.34,-0.875
2000-08-03,3623.5,3.8151
2000-08-04,3618.63,-0.1344
2000-08-07,3710.39,2.5358
2000-08-08,3686.37,-0.6474
2000-08-09,3693.04,0.1809
2000-08-10,3595.19,-2.6496
2000-08-11,3644.61,1.3746
2000-08-14,3719.61,2.0578
2000-08-15,3722.62,0.0809
2000-08-16,3721.25,-0.0368
2000-08-17,3830.59,2.9383
2000-08-18,3807.51,-0.6025
2000-08-21,3827.62,0.5282
2000-08-22,3827.89,0.0071
2000-08-23,3896.92,1.8033
2000-08-24,3949.57,1.3511
2000-08-25,3931.25,-0.4638
2000-08-28,3954.24,0.5848
2000-08-29,3951.94,-0.0582
2000-08-30,3968.73,0.4249
2000-08-31,4077.59,2.7429
2000-09-01,4099.3,0.5324
2000-09-05,3987.03,-2.7388
2000-09-06,3837.62,-3.7474
2000-09-07,3953.36,3.0159
2000-09-08,3813.44,-3.5393
2000-09-11,3706.74,-2.798
2000-09-12,3666.87,-1.0756
2000-09-13,3741.75,2.0421
2000-09-14,3737.42,-0.1157
2000-09-15,3676.33,-1.6346
2000-09-18,3585.52,-2.4701
2000-09-19,3756.4,4.7658
2000-09-20,3790.45,0.9065
2000-09-21,3718.15,-1.9074
2000-09-22,3701.18,-0.4564
2000-09-25,3622.1,-2.1366
2000-09-26,3582.59,-1.0908
2000-09-27,3571.9,-0.2984
2000-09-28,3725.15,4.2904
2000-09-29,3570.61,-4.1486
2000-10-02,3457.97,-3.1546
2000-10-03,3353.34,-3.0258
2000-10-04,3453.36,2.9827
2000-10-05,3424.32,-0.8409
2000-10-06,3311.94,-3.2818
2000-10-09,3318.9,0.2101
2000-10-10,3188.29,-3.9353
2000-10-11,3100.53,-2.7526
2000-10-12,3004.45,-3.0988
2000-10-13,3277.77,9.0972
2000-10-16,3249.46,-0.8637
2000-10-17,3172.19,-2.3779
2000-10-18,3139.31,-1.0365
2000-10-19,3402.95,8.398
2000-10-20,3456.61,1.5769
2000-10-23,3422.0,-1.0013
2000-10-24,3353.26,-2.0088
2000-10-25,3107.61,-7.3257
2000-10-26,3167.14,1.9156
2000-10-27,3175.25,0.2561
2000-10-30,3081.07,-2.9661
2000-10-31,3282.3,6.5312
2000-11-01,3225.27,-1.7375
2000-11-02,3308.48,2.5799
2000-11-03,3321.91,0.4059
2000-11-06,3290.47,-0.9464
2000-11-07,3279.57,-0.3313
2000-11-08,3059.09,-6.7228
2000-11-09,3057.06,-0.0664
2000-11-10,2890.26,-5.4562
2000-11-13,2836.62,-1.8559
2000-11-14,3039.5,7.1522
2000-11-15,3076.7,1.2239
2000-11-16,2925.16,-4.9254
2000-11-17,2934.81,0.3299
2000-11-20,2792.41,-4.8521
2000-11-21,2786.53,-0.2106
2000-11-22,2668.25,-4.2447
2000-11-24,2830.09,6.0654
2000-11-27,2769.32,-2.1473
2000-11-28,2621.11,-5.3519
2000-11-29,2602.85,-0.6967
2000-11-30,2506.54,-3.7002
2000-12-01,2549.74,1.7235
2000-12-04,2554.4,0.1828
2000-12-05,2852.87,11.6845
2000-12-06,2743.7,-3.8267
2000-12-07,2719.91,-0.8671
2000-12-08,2895.39,6.4517
2000-12-11,2972.91,2.6774
2000-12-12,2863.21,-3.69
2000-12-13,2748.88,-3.9931
2000-12-14,2639.26,-3.9878
2000-12-15,2543.09,-3.6438
2000-12-18,2543.09,0.0
2000-12-19,2399.63,-5.6412
2000-12-20,2210.32,-7.8891
2000-12-21,2224.84,0.6569
2000-12-22,2436.26,9.5027
2000-12-26,2404.6,-1.2995
2000-12-27,2460.21,2.3127
2000-12-28,2464.62,0.1793
2000-12-29,2341.7,-4.9874
2001-01-02,2128.78,-9.0925
2001-01-03,2528.38,18.7713
2001-01-04,2460.04,-2.7029
2001-01-05,2267.85,-7.8125
2001-01-08,2281.54,0.6037
2001-01-09,2311.4,1.3088
2001-01-10,2413.71,4.4263
2001-01-11,2524.29,4.5813
2001-01-12,2506.05,-0.7226
2001-01-16,2470.72,-1.4098
2001-01-17,2558.67,3.5597
2001-01-18,2670.47,4.3695
2001-01-19,2655.77,-0.5505
2001-01-22,2643.13,-0.4759
2001-01-23,2730.05,3.2885
2001-01-24,2726.45,-0.1319
2001-01-25,2595.85,-4.7901
2001-01-26,2631.78,1.3841
2001-01-29,2694.53,2.3843
2001-01-30,2686.14,-0.3114
2001-01-31,2593.0,-3.4674
2001-02-01,2607.16,0.5461
2001-02-02,2472.18,-5.1773
2001-02-05,2467.3,-0.1974
2001-02-06,2473.24,0.2407
2001-02-07,2409.66,-2.5707
2001-02-08,2355.67,-2.2406
2001-02-09,2261.77,-3.9861
2001-02-12,2286.76,1.1049
2001-02-13,2208.4,-3.4267
2001-02-14,2305.82,4.4113
2001-02-15,2371.04,2.8285
2001-02-16,2212.51,-6.6861
2001-02-20,2095.11,-5.3062
2001-02-21,2058.54,-1.7455
2001-02-22,2032.42,-1.2689
2001-02-23,2056.06,1.1631
2001-02-26,2097.64,2.0223
2001-02-27,1964.52,-6.3462
2001-02-28,1908.32,-2.8607
2001-03-01,1968.02,3.1284
2001-03-02,1881.34,-4.4044
2001-03-05,1916.68,1.8784
2001-03-06,1976.31,3.1111
2001-03-07,1996.23,1.0079
2001-03-08,1938.15,-2.9095
2001-03-09,1813.02,-6.4562
2001-03-12,1680.64,-7.3016
2001-03-13,1789.7,6.4892
2001-03-14,1745.13,-2.4904
2001-03-15,1697.92,-2.7052
2001-03-16,1647.51,-2.9689
2001-03-19,1730.46,5.0349
2001-03-20,1614.47,-6.7028
2001-03-21,1605.04,-0.5841
2001-03-22,1701.9,6.0347
2001-03-23,1705.02,0.1833
2001-03-26,1676.9,-1.6492
2001-03-27,1735.63,3.5023
2001-03-28,1602.22,-7.6865
2001-03-29,1563.14,-2.4391
2001-03-30,1573.25,0.6468
2001-04-02,1516.58,-3.6021
2001-04-03,1399.05,-7.7497
2001-04-04,1370.75,-2.0228
2001-04-05,1519.05,10.8189
2001-04-06,1448.16,-4.6667
2001-04-09,1481.22,2.2829
2001-04-10,1597.87,7.8753
2001-04-11,1647.36,3.0972
2001-04-12,1714.29,4.0629
2001-04-16,1650.21,-3.738
2001-04-17,1671.51,1.2907
2001-04-18,1830.79,9.5291
2001-04-19,1953.28,6.6906
2001-04-20,1933.57,-1.0091
2001-04-23,1811.89,-6.293
2001-04-24,1762.21,-2.7419
2001-04-25,1814.33,2.9576
2001-04-26,1763.33,-2.811
2001-04-27,1810.47,2.6734
2001-04-30,1855.15,2.4679
2001-05-01,1919.01,3.4423
2001-05-02,1962.42,2.2621
2001-05-03,1877.8,-4.312
2001-05-04,1924.12,2.4667
2001-05-07,1895.41,-1.4921
2001-05-08,1929.24,1.7848
2001-05-09,1876.6,-2.7285
2001-05-10,1838.32,-2.0399
2001-05-11,1821.2,-0.9313
2001-05-14,1795.06,-1.4353
2001-05-15,1797.08,0.1125
2001-05-16,1899.47,5.6976
2001-05-17,1925.14,1.3514
2001-05-18,1927.69,0.1325
2001-05-21,2052.57,6.4782
2001-05-22,2042.93,-0.4697
2001-05-23,1957.56,-4.1788
2001-05-24,2003.37,2.3402
2001-05-25,1960.74,-2.1279
2001-05-29,1873.53,-4.4478
2001-05-30,1779.0,-5.0456
2001-05-31,1799.89,1.1743
2001-06-01,1840.83,2.2746
2001-06-04,1838.84,-0.1081
2001-06-05,1923.9,4.6257
2001-06-06,1903.84,-1.0427
2001-06-07,1963.31,3.1237
2001-06-08,1896.22,-3.4172
2001-06-11,1846.5,-2.6221
2001-06-12,1852.03,0.2995
2001-06-13,1790.21,-3.338
2001-06-14,1711.39,-4.4028
2001-06-15,1701.53,-0.5761
2001-06-18,1666.49,-2.0593
2001-06-19,1675.9,0.5647
2001-06-20,1721.56,2.7245
2001-06-21,1751.22,1.7229
2001-06-22,1727.47,-1.3562
2001-06-25,1743.9,0.9511
2001-06-26,1751.62,0.4427
2001-06-27,1756.02,0.2512
2001-06-28,1808.94,3.0136
2001-06-29,1830.19,1.1747
2001-07-02,1830.19,0.0
2001-07-03,1822.16,-0.4388
2001-07-05,1751.0,-3.9053
2001-07-06,1668.59,-4.7065
2001-07-09,1697.05,1.7056
2001-07-10,1624.95,-4.2485
2001-07-11,1641.56,1.0222
2001-07-12,1750.13,6.6138
2001-07-13,1751.11,0.056
2001-07-16,1685.74,-3.7331
2001-07-17,1729.55,2.5989
2001-07-18,1666.87,-3.6241
2001-07-19,1695.89,1.741
2001-07-20,1676.46,-1.1457
2001-07-23,1629.93,-2.7755
2001-07-24,1604.86,-1.5381
2001-07-25,1627.86,1.4331
2001-07-26,1673.39,2.7969
2001-07-27,1683.18,0.585
2001-07-30,1670.03,-0.7813
2001-07-31,1683.61,0.8132
2001-08-01,1729.53,2.7275
2001-08-02,1751.45,1.2674
2001-08-03,1725.9,-1.4588
2001-08-06,1702.84,-1.3361
2001-08-07,1696.37,-0.38
2001-08-08,1626.2,-4.1365
2001-08-09,1628.92,0.1673
2001-08-10,1617.45,-0.7041
2001-08-13,1653.27,2.2146
2001-08-14,1629.95,-1.4105
2001-08-15,1572.03,-3.5535
2001-08-16,1581.98,0.6329
2001-08-17,1516.58,-4.1341
2001-08-20,1535.99,1.2799
2001-08-21,1480.74,-3.597
2001-08-22,1515.41,2.3414
2001-08-23,1496.98,-1.2162
2001-08-24,1579.62,5.5204
2001-08-27,1578.33,-0.0817
2001-08-28,1526.3,-3.2965
2001-08-29,1499.76,-1.7388
2001-08-30,1453.9,-3.0578
2001-08-31,1469.7,1.0867
2001-09-04,1424.12,-3.1013
2001-09-05,1415.3,-0.6193
2001-09-06,1361.69,-3.7879
2001-09-07,1354.27,-0.5449
2001-09-10,1365.39,0.8211
2001-09-17,1252.7,-8.2533
2001-09-18,1224.64,-2.24
2001-09-19,1208.23,-1.34
2001-09-20,1166.27,-3.4728
2001-09-21,1126.95,-3.3714
2001-09-24,1191.02,5.6853
2001-09-25,1187.77,-0.2729
2001-09-26,1143.48,-3.7288
2001-09-27,1144.27,0.0691
2001-09-28,1168.37,2.1061
2001-10-01,1151.24,-1.4661
2001-10-02,1159.37,0.7062
2001-10-03,1249.41,7.7663
2001-10-04,1260.66,0.9004
2001-10-05,1271.73,0.8781
2001-10-08,1279.63,0.6212
2001-10-09,1244.56,-2.7406
2001-10-10,1304.68,4.8306
2001-10-11,1389.87,6.5296
2001-10-12,1393.84,0.2856
2001-10-15,1378.92,-1.0704
2001-10-16,1404.81,1.8776
2001-10-17,1314.8,-6.4073
2001-10-18,1330.33,1.1812
2001-10-19,1347.59,1.2974
2001-10-22,1383.07,2.6328
2001-10-23,1384.06,0.0716
2001-10-24,1424.69,2.9356
2001-10-25,1479.05,3.8156
2001-10-26,1454.9,-1.6328
2001-10-29,1374.58,-5.5207
2001-10-30,1342.26,-2.3513
2001-10-31,1364.78,1.6778
2001-11-01,1424.15,4.3502
2001-11-02,1425.78,0.1145
2001-11-05,1480.21,3.8176
2001-11-06,1523.09,2.8969
2001-11-07,1524.67,0.1037
2001-11-08,1510.6,-0.9228
2001-11-09,1514.96,0.2886
2001-11-12,1528.75,0.9103
2001-11-13,1580.76,3.4021
2001-11-14,1585.89,0.3245
2001-11-15,1582.58,-0.2087
2001-11-16,1582.14,-0.0278
2001-11-19,1617.58,2.24
2001-11-20,1549.7,-4.1964
2001-11-21,1552.01,0.1491
2001-11-23,1577.47,1.6405
2001-11-26,1619.65,2.6739
2001-11-27,1609.87,-0.6038
2001-11-28,1557.03,-3.2823
2001-11-29,1599.3,2.7148
2001-11-30,1596.05,-0.2032
2001-12-03,1567.54,-1.7863
2001-12-04,1634.27,4.257
2001-12-05,1720.91,5.3014
2001-12-06,1717.97,-0.1708
2001-12-07,1673.9,-2.5652
2001-12-10,1645.36,-1.705
2001-12-11,1661.27,0.967
2001-12-12,1669.95,0.5225
2001-12-13,1601.91,-4.0744
2001-12-14,1605.67,0.2347
2001-12-17,1640.34,2.1592
2001-12-18,1657.68,1.0571
2001-12-19,1628.69,-1.7488
2001-12-20,1557.36,-4.3796
2001-12-21,1578.27,1.3427
2001-12-24,1577.31,-0.0608
2001-12-26,1590.84,0.8578
2001-12-27,1606.48,0.9831
2001-12-28,1621.13,0.9119
2001-12-31,1577.05,-2.7191
2002-01-02,1610.39,2.1141
2002-01-03,1666.66,3.4942
2002-01-04,1675.03,0.5022
2002-01-07,1649.83,-1.5045
2002-01-08,1666.58,1.0153
2002-01-09,1653.76,-0.7692
2002-01-10,1656.68,0.1766
2002-01-11,1634.17,-1.3587
2002-01-14,1603.76,-1.8609
2002-01-15,1612.46,0.5425
2002-01-16,1558.98,-3.3167
2002-01-17,1602.32,2.78
2002-01-18,1548.22,-3.3764
2002-01-22,1501.78,-2.9996
2002-01-23,1549.21,3.1583
2002-01-24,1565.13,1.0276
2002-01-25,1558.26,-0.4389
2002-01-28,1564.86,0.4235
2002-01-29,1519.33,-2.9095
2002-01-30,1538.94,1.2907
2002-01-31,1550.17,0.7297
2002-02-01,1528.15,-1.4205
2002-02-04,1479.17,-3.2052
2002-02-05,1462.86,-1.1026
2002-02-06,1445.96,-1.1553
2002-02-07,1413.86,-2.22
2002-02-08,1452.17,2.7096
2002-02-11,1477.64,1.7539
2002-02-12,1464.76,-0.8717
2002-02-13,1486.75,1.5013
2002-02-14,1474.71,-0.8098
2002-02-15,1436.7,-2.5775
2002-02-19,1387.27,-3.4405
2002-02-20,1408.26,1.513
2002-02-21,1348.25,-4.2613
2002-02-22,1356.16,0.5867
2002-02-25,1407.99,3.8218
2002-02-26,1401.19,-0.483
2002-02-27,1378.48,-1.6208
2002-02-28,1359.22,-1.3972
2002-03-01,1435.41,5.6054
2002-03-04,1494.7,4.1305
2002-03-05,1498.95,0.2843
2002-03-06,1519.95,1.401
2002-03-07,1506.81,-0.8645
2002-03-08,1555.11,3.2054
2002-03-11,1553.8,-0.0842
2002-03-12,1520.54,-2.1406
2002-03-13,1486.27,-2.2538
2002-03-14,1477.19,-0.6109
2002-03-15,1495.41,1.2334
2002-03-18,1505.89,0.7008
2002-03-19,1504.67,-0.081
2002-03-20,1451.02,-3.5656
2002-03-21,1488.97,2.6154
2002-03-22,1470.1,-1.2673
2002-03-25,1427.6,-2.891
2002-03-26,1439.55,0.8371
2002-03-27,1436.51,-0.2112
2002-03-28,1452.81,1.1347
2002-04-01,1478.52,1.7697
2002-04-02,1410.41,-4.6066
2002-04-03,1394.21,-1.1486
2002-04-04,1396.97,0.198
2002-04-05,1376.72,-1.4496
2002-04-08,1392.96,1.1796
2002-04-09,1345.32,-3.4201
2002-04-10,1363.29,1.3357
2002-04-11,1324.65,-2.8343
2002-04-12,1351.85,2.0534
2002-04-15,1355.09,0.2397
2002-04-16,1413.93,4.3421
2002-04-17,1403.71,-0.7228
2002-04-18,1395.9,-0.5564
2002-04-19,1385.01,-0.7801
2002-04-22,1349.83,-2.5401
2002-04-23,1322.81,-2.0017
2002-04-24,1302.32,-1.549
2002-04-25,1302.32,0.0
2002-04-26,1250.89,-3.9491
2002-04-29,1246.75,-0.331
2002-04-30,1277.07,2.4319
2002-05-01,1267.44,-0.7541
2002-05-02,1225.37,-3.3193
2002-05-03,1190.74,-2.8261
2002-05-06,1161.16,-2.4842
2002-05-07,1159.25,-0.1645
2002-05-08,1282.41,10.6241
2002-05-09,1240.41,-3.2751
2002-05-10,1188.78,-4.1623
2002-05-13,1241.54,4.4382
2002-05-14,1305.55,5.1557
2002-05-15,1311.05,0.4213
2002-05-16,1315.85,0.3661
2002-05-17,1325.8,0.7562
2002-05-20,1292.21,-2.5336
2002-05-21,1255.91,-2.8091
2002-05-22,1264.51,0.6848
2002-05-23,1286.77,1.7604
2002-05-24,1253.03,-2.6221
2002-05-28,1244.82,-0.6552
2002-05-29,1218.68,-2.0999
2002-05-30,1227.9,0.7566
2002-05-31,1208.34,-1.593
2002-06-03,1159.15,-4.0709
2002-06-04,1178.8,1.6952
2002-06-05,1195.6,1.4252
2002-06-06,1157.62,-3.1766
2002-06-07,1140.24,-1.5014
2002-06-10,1135.62,-0.4052
2002-06-11,1100.97,-3.0512
2002-06-12,1123.34,2.0318
2002-06-13,1106.54,-1.4955
2002-06-14,1109.6,0.2765
2002-06-17,1149.91,3.6328
2002-06-18,1138.47,-0.9949
2002-06-19,1097.54,-3.5952
2002-06-20,1062.45,-3.1971
2002-06-21,1035.63,-2.5244
2002-06-24,1057.68,2.1291
2002-06-25,1022.74,-3.3035
2002-06-26,1027.22,0.438
2002-06-27,1050.64,2.2799
2002-06-28,1051.41,0.0733
2002-07-01,998.17,-5.0637
2002-07-02,963.66,-3.4573
2002-07-03,995.68,3.3227
2002-07-05,1060.89,6.5493
2002-07-08,1014.33,-4.3888
2002-07-09,990.23,-2.376
2002-07-10,959.05,-3.1488
2002-07-11,998.03,4.0644
2002-07-12,1000.82,0.2796
2002-07-15,1021.02,2.0183
2002-07-16,1011.3,-0.952
2002-07-17,1028.74,1.7245
2002-07-18,994.61,-3.3177
2002-07-19,965.37,-2.9398
2002-07-22,939.1,-2.7212
2002-07-23,896.82,-4.5022
2002-07-24,951.58,6.106
2002-07-25,894.45,-6.0037
2002-07-26,910.91,1.8402
2002-07-29,970.13,6.5012
2002-07-30,980.36,1.0545
2002-07-31,962.1,-1.8626
2002-08-01,913.59,-5.0421
2002-08-02,892.51,-2.3074
2002-08-05,857.08,-3.9697
2002-08-06,901.91,5.2306
2002-08-07,919.08,1.9037
2002-08-08,947.24,3.0639
2002-08-09,937.33,-1.0462
2002-08-12,938.98,0.176
2002-08-13,907.62,-3.3398
2002-08-14,968.84,6.7451
2002-08-15,980.98,1.253
2002-08-16,996.06,1.5372
2002-08-19,1026.06,3.0119
2002-08-20,1008.02,-1.7582
2002-08-21,1035.47,2.7232
2002-08-22,1049.03,1.3096
2002-08-23,1010.49,-3.6739
2002-08-26,1016.79,0.6235
2002-08-27,974.47,-4.1621
2002-08-28,944.83,-3.0417
2002-08-29,961.75,1.7908
2002-08-30,942.38,-2.014
2002-09-03,899.64,-4.5353
2002-09-04,920.98,2.3721
2002-09-05,882.92,-4.1326
2002-09-06,922.22,4.4511
2002-09-09,932.23,1.0854
2002-09-10,947.72,1.6616
2002-09-11,946.4,-0.1393
2002-09-12,915.01,-3.3168
2002-09-13,923.83,0.9639
2002-09-16,908.48,-1.6616
2002-09-17,897.53,-1.2053
2002-09-18,895.2,-0.2596
2002-09-19,865.93,-3.2697
2002-09-20,871.6,0.6548
2002-09-23,843.08,-3.2721
2002-09-24,843.61,0.0629
2002-09-25,880.44,4.3658
2002-09-26,873.74,-0.761
2002-09-27,860.35,-1.5325
2002-09-30,832.52,-3.2347
2002-10-01,870.63,4.5777
2002-10-02,849.55,-2.4212
2002-10-03,833.21,-1.9234
2002-10-04,815.4,-2.1375
2002-10-07,804.64,-1.3196
2002-10-08,811.5,0.8526
2002-10-09,807.42,-0.5028
2002-10-10,849.57,5.2203
2002-10-11,890.61,4.8307
2002-10-14,900.75,1.1385
2002-10-15,950.42,5.5143
2002-10-16,910.13,-4.2392
2002-10-17,945.06,3.8379
2002-10-18,956.13,1.1714
2002-10-21,979.35,2.4285
2002-10-22,963.87,-1.5806
2002-10-23,989.32,2.6404
2002-10-24,964.91,-2.4674
2002-10-25,995.55,3.1754
2002-10-28,979.55,-1.6072
2002-10-29,960.82,-1.9121
2002-10-30,986.09,2.63
2002-10-31,989.54,0.3499
2002-11-01,1019.06,2.9832
2002-11-04,1046.99,2.7408
2002-11-05,1050.39,0.3247
2002-11-06,1065.86,1.4728
2002-11-07,1025.79,-3.7594
2002-11-08,1008.35,-1.7002
2002-11-11,972.48,-3.5573
2002-11-12,1001.94,3.0294
2002-11-13,1011.94,0.9981
2002-11-14,1057.83,4.5349
2002-11-15,1061.28,0.3261
2002-11-18,1045.19,-1.5161
2002-11-19,1025.96,-1.8399
2002-11-20,1070.53,4.3442
2002-11-21,1118.14,4.4473
2002-11-22,1116.01,-0.1905
2002-11-25,1127.06,0.9901
2002-11-26,1087.49,-3.5109
2002-11-27,1125.67,3.5108
2002-11-29,1116.1,-0.8502
2002-12-02,1120.49,0.3933
2002-12-03,1088.8,-2.8282
2002-12-04,1069.44,-1.7781
2002-12-05,1053.06,-1.5316
2002-12-06,1065.97,1.226
2002-12-09,1014.84,-4.7966
2002-12-10,1033.07,1.7963
2002-12-11,1036.34,0.3165
2002-12-12,1039.95,0.3483
2002-12-13,1005.85,-3.279
2002-12-16,1042.44,3.6377
2002-12-17,1040.01,-0.2331
2002-12-18,1013.67,-2.5327
2002-12-19,1006.05,-0.7517
2002-12-20,1013.9,0.7803
2002-12-23,1032.3,1.8148
2002-12-24,1023.29,-0.8728
2002-12-26,1016.46,-0.6675
2002-12-27,997.85,-1.8309
2002-12-30,989.89,-0.7977
2002-12-31,984.37,-0.5576
2003-01-02,1027.86,4.4181
2003-01-03,1031.63,0.3668
2003-01-06,1061.48,2.8935
2003-01-07,1071.85,0.9769
2003-01-08,1042.52,-2.7364
2003-01-09,1076.05,3.2162
2003-01-10,1087.36,1.0511
2003-01-13,1083.0,-0.401
2003-01-14,1094.87,1.096
2003-01-15,1073.6,-1.9427
2003-01-16,1061.46,-1.1308
2003-01-17,1017.58,-4.1339
2003-01-21,1008.93,-0.8501
2003-01-22,1006.51,-0.2399
2003-01-23,1032.67,2.5991
2003-01-24,996.18,-3.5336
2003-01-27,986.41,-0.9807
2003-01-28,1001.41,1.5207
2003-01-29,1016.56,1.5129
2003-01-30,985.52,-3.0534
2003-01-31,983.05,-0.2506
2003-02-03,987.07,0.4089
2003-02-04,971.73,-1.5541
2003-02-05,968.97,-0.284
2003-02-06,970.55,0.1631
2003-02-07,957.05,-1.391
2003-02-10,969.96,1.3489
2003-02-11,971.61,0.1701
2003-02-12,956.77,-1.5274
2003-02-13,951.9,-0.509
2003-02-14,982.09,3.1716
2003-02-18,1014.91,3.3419
2003-02-19,1005.88,-0.8897
2003-02-20,1001.47,-0.4384
2003-02-21,1015.92,1.4429
2003-02-24,994.69,-2.0897
2003-02-25,999.28,0.4615
2003-02-26,974.49,-2.4808
2003-02-27,994.8,2.0842
2003-02-28,1009.74,1.5018
2003-03-03,991.07,-1.849
2003-03-04,982.98,-0.8163
2003-03-05,990.23,0.7376
2003-03-06,983.96,-0.6332
2003-03-07,986.82,0.2907
2003-03-10,964.29,-2.2831
2003-03-11,958.82,-0.5673
2003-03-12,970.54,1.2223
2003-03-13,1029.79,6.1048
2003-03-14,1030.45,0.0641
2003-03-17,1077.01,4.5184
2003-03-18,1082.19,0.481
2003-03-19,1074.97,-0.6672
2003-03-20,1080.24,0.4902
2003-03-21,1093.12,1.1923
2003-03-24,1047.1,-4.21
2003-03-25,1066.57,1.8594
2003-03-26,1066.3,-0.0253
2003-03-27,1061.93,-0.4098
2003-03-28,1046.72,-1.4323
2003-03-31,1018.66,-2.6808
2003-04-01,1022.63,0.3897
2003-04-02,1063.46,3.9926
2003-04-03,1064.06,0.0564
2003-04-04,1050.7,-1.2556
2003-04-07,1053.28,0.2456
2003-04-08,1046.3,-0.6627
2003-04-09,1023.52,-2.1772
2003-04-10,1033.14,0.9399
2003-04-11,1026.15,-0.6766
2003-04-14,1048.31,2.1595
2003-04-15,1053.08,0.455
2003-04-16,1054.89,0.1719
2003-04-17,1083.56,2.7178
2003-04-21,1081.04,-0.2326
2003-04-22,1102.44,1.9796
2003-04-23,1112.93,0.9515
2003-04-24,1108.12,-0.4322
2003-04-25,1083.19,-2.2498
2003-04-28,1107.13,2.2101
2003-04-29,1116.79,0.8725
2003-04-30,1106.06,-0.9608
2003-05-01,1113.21,0.6464
2003-05-02,1136.35,2.0787
2003-05-05,1136.26,-0.0079
2003-05-06,1152.78,1.4539
2003-05-07,1135.85,-1.4686
2003-05-08,1118.76,-1.5046
2003-05-09,1143.55,2.2158
2003-05-12,1160.42,1.4752
2003-05-13,1155.97,-0.3835
2003-05-14,1148.14,-0.6774
2003-05-15,1162.93,1.2882
2003-05-16,1154.48,-0.7266
2003-05-19,1112.49,-3.6371
2003-05-20,1112.85,0.0324
2003-05-21,1113.68,0.0746
2003-05-22,1131.45,1.5956
2003-05-23,1130.05,-0.1237
2003-05-27,1172.58,3.7636
2003-05-28,1173.31,0.0623
2003-05-29,1181.82,0.7253
2003-05-30,1197.89,1.3598
2003-06-02,1185.13,-1.0652
2003-06-03,1198.57,1.1341
2003-06-04,1224.76,2.1851
2003-06-05,1231.72,0.5683
2003-06-06,1213.11,-1.5109
2003-06-09,1195.55,-1.4475
2003-06-10,1212.99,1.4587
2003-06-11,1228.24,1.2572
2003-06-12,1229.32,0.0879
2003-06-13,1203.91,-2.067
2003-06-16,1241.58,3.129
2003-06-17,1239.63,-0.1571
2003-06-18,1247.9,0.6671
2003-06-19,1225.89,-1.7638
2003-06-20,1223.4,-0.2031
2003-06-23,1200.17,-1.8988
2003-06-24,1191.7,-0.7057
2003-06-25,1188.33,-0.2828
2003-06-26,1214.58,2.209
2003-06-27,1205.24,-0.769
2003-06-30,1201.69,-0.2945
2003-07-01,1217.37,1.3048
2003-07-02,1245.75,2.3313
2003-07-03,1231.34,-1.1567
2003-07-07,1281.89,4.1053
2003-07-08,1298.37,1.2856
2003-07-09,1295.16,-0.2472
2003-07-10,1268.65,-2.0469
2003-07-11,1280.57,0.9396
2003-07-14,1295.74,1.1846
2003-07-15,1294.47,-0.098
2003-07-16,1291.99,-0.1916
2003-07-17,1255.94,-2.7903
2003-07-18,1259.91,0.3161
2003-07-21,1240.78,-1.5184
2003-07-22,1257.63,1.358
2003-07-23,1268.52,0.8659
2003-07-24,1253.76,-1.1636
2003-07-25,1278.31,1.9581
2003-07-28,1280.53,0.1737
2003-07-29,1275.17,-0.4186
2003-07-30,1263.78,-0.8932
2003-07-31,1276.94,1.0413
2003-08-01,1264.34,-0.9867
2003-08-04,1267.38,0.2404
2003-08-05,1229.72,-2.9715
2003-08-06,1215.13,-1.1864
2003-08-07,1217.17,0.1679
2003-08-08,1207.28,-0.8125
2003-08-11,1223.14,1.3137
2003-08-12,1240.7,1.4356
2003-08-13,1240.37,-0.0266
2003-08-14,1251.9,0.9296
2003-08-15,1253.63,0.1382
2003-08-18,1284.81,2.4872
2003-08-19,1299.69,1.1581
2003-08-20,1299.73,0.0031
2003-08-21,1314.65,1.1479
2003-08-22,1304.54,-0.769
2003-08-25,1306.64,0.161
2003-08-26,1309.05,0.1844
2003-08-27,1318.93,0.7547
2003-08-28,1332.33,1.016
2003-08-29,1341.2,0.6658
2003-09-02,1361.09,1.483
2003-09-03,1360.19,-0.0661
2003-09-04,1373.26,0.9609
2003-09-05,1361.9,-0.8272
2003-09-08,1386.73,1.8232
2003-09-09,1370.56,-1.1661
2003-09-10,1332.28,-2.793
2003-09-11,1350.8,1.3901
2003-09-12,1357.63,0.5056
2003-09-15,1347.77,-0.7263
2003-09-16,1382.82,2.6006
2003-09-17,1376.8,-0.4353
2003-09-18,1400.13,1.6945
2003-09-19,1392.26,-0.5621
2003-09-22,1366.32,-1.8632
2003-09-23,1388.15,1.5977
2003-09-24,1339.64,-3.4946
2003-09-25,1325.75,-1.0368
2003-09-26,1309.31,-1.2401
2003-09-29,1335.51,2.0011
2003-09-30,1303.7,-2.3819
2003-10-01,1335.34,2.4269
2003-10-02,1337.1,0.1318
2003-10-03,1375.32,2.8584
2003-10-06,1381.7,0.4639
2003-10-07,1392.56,0.786
2003-10-08,1382.4,-0.7296
2003-10-09,1396.95,1.0525
2003-10-10,1404.87,0.5669
2003-10-13,1414.72,0.7011
2003-10-14,1420.66,0.4199
2003-10-15,1417.59,-0.2161
2003-10-16,1426.71,0.6433
2003-10-17,1394.02,-2.2913
2003-10-20,1409.31,1.0968
2003-10-21,1422.13,0.9097
2003-10-22,1387.4,-2.4421
2003-10-23,1378.11,-0.6696
2003-10-24,1370.61,-0.5442
2003-10-27,1377.41,0.4961
2003-10-28,1420.02,3.0935
2003-10-29,1419.92,-0.007
2003-10-30,1417.38,-0.1789
2003-10-31,1416.39,-0.0698
2003-11-03,1443.13,1.8879
2003-11-04,1429.38,-0.9528
2003-11-05,1429.56,0.0126
2003-11-06,1440.08,0.7359
2003-11-07,1436.73,-0.2326
2003-11-10,1414.62,-1.5389
2003-11-11,1409.64,-0.352
2003-11-12,1443.52,2.4035
2003-11-13,1439.87,-0.2529
2003-11-14,1407.51,-2.2474
2003-11-17,1393.75,-0.9776
2003-11-18,1364.7,-2.0843
2003-11-19,1378.9,1.0405
2003-11-20,1363.49,-1.1176
2003-11-21,1373.32,0.7209
2003-11-24,1419.31,3.3488
2003-11-25,1411.36,-0.5601
2003-11-26,1420.11,0.62
2003-11-28,1424.25,0.2915
2003-12-01,1447.08,1.6029
2003-12-02,1431.89,-1.0497
2003-12-03,1419.77,-0.8464
2003-12-04,1432.38,0.8882
2003-12-05,1406.91,-1.7782
2003-12-08,1418.05,0.7918
2003-12-09,1383.66,-2.4252
2003-12-10,1388.96,0.383
2003-12-11,1416.96,2.0159
2003-12-12,1417.27,0.0219
2003-12-15,1396.82,-1.4429
2003-12-16,1403.28,0.4625
2003-12-17,1400.0,-0.2337
2003-12-18,1431.31,2.2364
2003-12-19,1426.17,-0.3591
2003-12-22,1431.71,0.3885
2003-12-23,1448.17,1.1497
2003-12-24,1443.19,-0.3439
2003-12-26,1443.86,0.0464
2003-12-29,1470.37,1.8361
2003-12-30,1470.01,-0.0245
2003-12-31,1467.92,-0.1422
2004-01-02,1463.57,-0.2963
2004-01-05,1496.58,2.2554
2004-01-06,1501.26,0.3127
2004-01-07,1514.26,0.8659
2004-01-08,1530.65,1.0824
2004-01-09,1520.46,-0.6657
2004-01-12,1539.77,1.27
2004-01-13,1524.78,-0.9735
2004-01-14,1534.08,0.6099
2004-01-15,1532.01,-0.1349
2004-01-16,1553.62,1.4106
2004-01-20,1552.87,-0.0483
2004-01-21,1546.6,-0.4038
2004-01-22,1530.42,-1.0462
2004-01-23,1531.21,0.0516
2004-01-26,1553.66,1.4662
2004-01-27,1519.23,-2.2161
2004-01-28,1491.57,-1.8207
2004-01-29,1496.4,0.3238
2004-01-30,1493.08,-0.2219
2004-02-02,1487.84,-0.351
2004-02-03,1491.85,0.2695
2004-02-04,1462.61,-1.96
2004-02-05,1465.03,0.1655
2004-02-06,1498.95,2.3153
2004-02-09,1490.91,-0.5364
2004-02-10,1500.29,0.6291
2004-02-11,1514.18,0.9258
2004-02-12,1501.34,-0.848
2004-02-13,1484.47,-1.1237
2004-02-17,1506.57,1.4887
2004-02-18,1507.49,0.0611
2004-02-19,1484.8,-1.5052
2004-02-20,1482.1,-0.1818
2004-02-23,1463.75,-1.2381
2004-02-24,1462.05,-0.1161
2004-02-25,1470.22,0.5588
2004-02-26,1477.13,0.47
2004-02-27,1470.38,-0.457
2004-03-01,1489.49,1.2997
2004-03-02,1473.22,-1.0923
2004-03-03,1466.09,-0.484
2004-03-04,1481.36,1.0415
2004-03-05,1472.99,-0.565
2004-03-08,1441.12,-2.1636
2004-03-09,1437.47,-0.2533
2004-03-10,1417.5,-1.3892
2004-03-11,1402.2,-1.0794
2004-03-12,1431.4,2.0824
2004-03-15,1399.87,-2.2027
2004-03-16,1407.07,0.5143
2004-03-17,1428.89,1.5507
2004-03-18,1417.77,-0.7782
2004-03-19,1398.58,-1.3535
2004-03-22,1381.39,-1.2291
2004-03-23,1370.04,-0.8216
2004-03-24,1381.86,0.8627
2004-03-25,1425.86,3.1841
2004-03-26,1415.39,-0.7343
2004-03-29,1442.31,1.9019
2004-03-30,1445.25,0.2038
2004-03-31,1438.41,-0.4733
2004-04-01,1453.22,1.0296
2004-04-02,1490.3,2.5516
2004-04-05,1508.37,1.2125
2004-04-06,1493.58,-0.9805
2004-04-07,1481.96,-0.778
2004-04-08,1485.51,0.2395
2004-04-12,1495.93,0.7014
2004-04-13,1472.88,-1.5408
2004-04-14,1475.66,0.1887
2004-04-15,1459.45,-1.0985
2004-04-16,1449.06,-0.7119
2004-04-19,1473.48,1.6852
2004-04-20,1436.9,-2.4826
2004-04-21,1451.01,0.982
2004-04-22,1485.5,2.377
2004-04-23,1497.01,0.7748
2004-04-26,1480.53,-1.1009
2004-04-27,1479.47,-0.0716
2004-04-28,1453.03,-1.7871
2004-04-29,1431.36,-1.4914
2004-04-30,1401.36,-2.0959
2004-05-03,1415.29,0.994
2004-05-04,1422.11,0.4819
2004-05-05,1428.42,0.4437
2004-05-06,1415.6,-0.8975
2004-05-07,1406.19,-0.6647
2004-05-10,1397.1,-0.6464
2004-05-11,1421.89,1.7744
2004-05-12,1414.83,-0.4965
2004-05-13,1417.09,0.1597
2004-05-14,1399.85,-1.2166
2004-05-17,1379.9,-1.4252
2004-05-18,1397.47,1.2733
2004-05-19,1396.34,-0.0809
2004-05-20,1396.87,0.038
2004-05-21,1408.17,0.809
2004-05-24,1413.97,0.4119
2004-05-25,1447.72,2.3869
2004-05-26,1453.87,0.4248
2004-05-27,1463.11,0.6355
2004-05-28,1466.22,0.2126
2004-06-01,1468.54,0.1582
2004-06-02,1464.22,-0.2942
2004-06-03,1445.21,-1.2983
2004-06-04,1455.04,0.6802
2004-06-07,1491.45,2.5023
2004-06-08,1495.97,0.3031
2004-06-09,1469.5,-1.7694
2004-06-10,1481.27,0.801
2004-06-14,1458.64,-1.5277
2004-06-15,1479.2,1.4095
2004-06-16,1479.99,0.0534
2004-06-17,1464.03,-1.0784
2004-06-18,1464.65,0.0423
2004-06-21,1453.23,-0.7797
2004-06-22,1474.87,1.4891
2004-06-23,1493.52,1.2645
2004-06-24,1488.31,-0.3488
2004-06-25,1498.38,0.6766
2004-06-28,1493.07,-0.3544
2004-06-29,1505.65,0.8426
2004-06-30,1516.64,0.7299
2004-07-01,1489.57,-1.7849
2004-07-02,1481.19,-0.5626
2004-07-06,1445.71,-2.3954
2004-07-07,1452.49,0.469
2004-07-08,1431.13,-1.4706
2004-07-09,1440.0,0.6198
2004-07-12,1432.11,-0.5479
2004-07-13,1428.68,-0.2395
2004-07-14,1416.05,-0.884
2004-07-15,1415.92,-0.0092
2004-07-16,1392.17,-1.6774
2004-07-19,1396.77,0.3304
2004-07-20,1421.07,1.7397
2004-07-21,1386.57,-2.4277
2004-07-22,1408.51,1.5823
2004-07-23,1375.48,-2.345
2004-07-26,1368.4,-0.5147
2004-07-27,1391.5,1.6881
2004-07-28,1383.75,-0.557
2004-07-29,1398.55,1.0696
2004-07-30,1400.39,0.1316
2004-08-02,1406.33,0.4242
2004-08-03,1379.14,-1.9334
2004-08-04,1379.21,0.0051
2004-08-05,1353.44,-1.8685
2004-08-06,1315.3,-2.818
2004-08-09,1318.83,0.2684
2004-08-10,1346.71,2.114
2004-08-11,1324.65,-1.6381
2004-08-12,1304.43,-1.5264
2004-08-13,1307.82,0.2599
2004-08-16,1326.84,1.4543
2004-08-17,1335.72,0.6693
2004-08-18,1363.73,2.097
2004-08-19,1353.24,-0.7692
2004-08-20,1366.73,0.9969
2004-08-23,1370.9,0.3051
2004-08-24,1369.78,-0.0817
2004-08-25,1389.17,1.4156
2004-08-26,1383.98,-0.3736
2004-08-27,1388.56,0.3309
2004-08-30,1367.94,-1.485
2004-08-31,1368.68,0.0541
2004-09-01,1377.96,0.678
2004-09-02,1398.34,1.479
2004-09-03,1371.82,-1.8965
2004-09-07,1381.84,0.7304
2004-09-08,1376.77,-0.3669
2004-09-09,1391.53,1.0721
2004-09-10,1413.0,1.5429
2004-09-13,1427.34,1.0149
2004-09-14,1434.37,0.4925
2004-09-15,1415.3,-1.3295
2004-09-16,1417.97,0.1887
2004-09-17,1426.3,0.5875
2004-09-20,1424.72,-0.1108
2004-09-21,1435.91,0.7854
2004-09-22,1404.22,-2.207
2004-09-23,1405.77,0.1104
2004-09-24,1399.05,-0.478
2004-09-27,1385.55,-0.9649
2004-09-28,1389.7,0.2995
2004-09-29,1410.86,1.5226
2004-09-30,1412.74,0.1333
2004-10-01,1452.94,2.8455
2004-10-04,1459.01,0.4178
2004-10-05,1461.76,0.1885
2004-10-06,1474.36,0.862
2004-10-07,1455.77,-1.2609
2004-10-08,1430.96,-1.7043
2004-10-11,1437.73,0.4731
2004-10-12,1435.0,-0.1899
2004-10-13,1434.46,-0.0376
2004-10-14,1425.21,-0.6448
2004-10-15,1430.98,0.4049
2004-10-18,1457.31,1.84
2004-10-19,1443.8,-0.9271
2004-10-20,1452.26,0.586
2004-10-21,1474.79,1.5514
2004-10-22,1438.25,-2.4776
2004-10-25,1432.57,-0.3949
2004-10-26,1442.14,0.668
2004-10-27,1480.03,2.6273
2004-10-28,1487.12,0.479
2004-10-29,1486.72,-0.0269
2004-11-01,1488.79,0.1392
2004-11-02,1494.83,0.4057
2004-11-03,1503.89,0.6061
2004-11-04,1516.2,0.8185
2004-11-05,1525.24,0.5962
2004-11-08,1527.13,0.1239
2004-11-09,1527.0,-0.0085
2004-11-10,1517.06,-0.6509
2004-11-11,1541.7,1.6242
2004-11-12,1558.41,1.0839
2004-11-15,1560.96,0.1636
2004-11-16,1548.53,-0.7963
2004-11-17,1571.12,1.4588
2004-11-18,1580.81,0.6168
2004-11-19,1552.11,-1.8155
2004-11-22,1568.28,1.0418
2004-11-23,1562.6,-0.3622
2004-11-24,1582.55,1.2767
2004-11-26,1578.26,-0.2711
2004-11-29,1580.44,0.1381
2004-11-30,1571.5,-0.5657
2004-12-01,1607.15,2.2685
2004-12-02,1613.15,0.3733
2004-12-03,1614.4,0.0775
2004-12-06,1619.59,0.3215
2004-12-07,1589.33,-1.8684
2004-12-08,1601.91,0.7915
2004-12-09,1609.79,0.4919
2004-12-10,1605.16,-0.2876
2004-12-13,1621.16,0.9968
2004-12-14,1627.46,0.3886
2004-12-15,1623.63,-0.2353
2004-12-16,1607.62,-0.9861
2004-12-17,1596.61,-0.6849
2004-12-20,1591.97,-0.2906
2004-12-21,1609.26,1.0861
2004-12-22,1613.57,0.2678
2004-12-23,1613.77,0.0124
2004-12-27,1607.59,-0.383
2004-12-28,1624.19,1.0326
2004-12-29,1624.95,0.0468
2004-12-30,1623.76,-0.0732
2004-12-31,1621.12,-0.1626
2005-01-03,1603.51,-1.0863
2005-01-04,1571.83,-1.9757
2005-01-05,1563.76,-0.5134
2005-01-06,1557.52,-0.399
2005-01-07,1564.81,0.4681
2005-01-10,1564.92,0.007
2005-01-11,1553.4,-0.7361
2005-01-12,1565.78,0.797
2005-01-13,1545.18,-1.3156
2005-01-14,1561.11,1.0309
2005-01-18,1573.49,0.793
2005-01-19,1545.65,-1.7693
2005-01-20,1514.56,-2.0115
2005-01-21,1503.64,-0.721
2005-01-24,1480.66,-1.5283
2005-01-25,1490.57,0.6693
2005-01-26,1509.01,1.2371
2005-01-27,1507.55,-0.0968
2005-01-28,1499.46,-0.5366
2005-01-31,1519.63,1.3452
2005-02-01,1523.66,0.2652
2005-02-02,1525.1,0.0945
2005-02-03,1508.24,-1.1055
2005-02-04,1534.49,1.7404
2005-02-07,1529.05,-0.3545
2005-02-08,1532.69,0.2381
2005-02-09,1506.81,-1.6885
2005-02-10,1506.83,0.0013
2005-02-11,1530.51,1.5715
2005-02-14,1538.21,0.5031
2005-02-15,1547.3,0.5909
2005-02-16,1542.41,-0.316
2005-02-17,1519.29,-1.499
2005-02-18,1515.4,-0.256
2005-02-22,1494.07,-1.4075
2005-02-23,1497.09,0.2021
2005-02-24,1517.71,1.3773
2005-02-25,1526.9,0.6055
2005-02-28,1511.02,-1.04
2005-03-01,1527.25,1.0741
2005-03-02,1525.28,-0.129
2005-03-03,1511.89,-0.8779
2005-03-04,1520.58,0.5748
2005-03-07,1545.2,1.6191
2005-03-08,1528.65,-1.0711
2005-03-09,1521.98,-0.4363
2005-03-10,1524.38,0.1577
2005-03-11,1505.64,-1.2294
2005-03-14,1515.09,0.6276
2005-03-15,1502.06,-0.86
2005-03-16,1486.23,-1.0539
2005-03-17,1487.63,0.0942
2005-03-18,1484.4,-0.2171
2005-03-21,1484.45,0.0034
2005-03-22,1465.09,-1.3042
2005-03-23,1471.77,0.4559
2005-03-24,1469.94,-0.1243
2005-03-28,1472.71,0.1884
2005-03-29,1464.34,-0.5683
2005-03-30,1491.74,1.8712
2005-03-31,1482.53,-0.6174
2005-04-01,1469.35,-0.889
2005-04-04,1476.72,0.5016
2005-04-05,1483.75,0.4761
2005-04-06,1480.67,-0.2076
2005-04-07,1499.71,1.2859
2005-04-08,1485.6,-0.9408
2005-04-11,1478.55,-0.4746
2005-04-12,1489.16,0.7176
2005-04-13,1461.68,-1.8453
2005-04-14,1441.13,-1.4059
2005-04-15,1408.59,-2.258
2005-04-18,1409.98,0.0987
2005-04-19,1420.8,0.7674
2005-04-20,1406.85,-0.9818
2005-04-21,1447.37,2.8802
2005-04-22,1421.21,-1.8074
2005-04-25,1437.31,1.1328
2005-04-26,1420.43,-1.1744
2005-04-27,1423.76,0.2344
2005-04-28,1409.29,-1.0163
2005-04-29,1420.79,0.816
2005-05-02,1423.71,0.2055
2005-05-03,1427.61,0.2739
2005-05-04,1452.2,1.7225
2005-05-05,1450.16,-0.1405
2005-05-06,1456.0,0.4027
2005-05-09,1463.38,0.5069
2005-05-10,1450.36,-0.8897
2005-05-11,1459.55,0.6336
2005-05-12,1454.79,-0.3261
2005-05-13,1470.63,1.0888
2005-05-16,1480.68,0.6834
2005-05-17,1490.14,0.6389
2005-05-18,1509.26,1.2831
2005-05-19,1521.43,0.8064
2005-05-20,1528.06,0.4358
2005-05-23,1535.22,0.4686
2005-05-24,1540.47,0.342
2005-05-25,1532.71,-0.5037
2005-05-26,1548.8,1.0498
2005-05-27,1549.8,0.0646
2005-05-31,1542.63,-0.4626
2005-06-01,1559.5,1.0936
2005-06-02,1568.96,0.6066
2005-06-03,1544.48,-1.5603
2005-06-06,1545.27,0.0511
2005-06-07,1531.12,-0.9157
2005-06-08,1527.68,-0.2247
2005-06-09,1539.46,0.7711
2005-06-10,1521.02,-1.1978
2005-06-13,1529.13,0.5332
2005-06-14,1524.42,-0.308
2005-06-15,1529.49,0.3326
2005-06-16,1537.42,0.5185
2005-06-17,1538.13,0.0462
2005-06-20,1537.31,-0.0533
2005-06-21,1536.48,-0.054
2005-06-22,1534.36,-0.138
2005-06-23,1515.95,-1.1998
2005-06-24,1500.18,-1.0403
2005-06-27,1493.75,-0.4286
2005-06-28,1508.61,0.9948
2005-06-29,1504.11,-0.2983
2005-06-30,1493.52,-0.7041
2005-07-01,1490.53,-0.2002
2005-07-05,1506.35,1.0614
2005-07-06,1498.05,-0.551
2005-07-07,1503.78,0.3825
2005-07-08,1533.27,1.9611
2005-07-11,1547.66,0.9385
2005-07-12,1555.59,0.5124
2005-07-13,1557.62,0.1305
2005-07-14,1573.44,1.0157
2005-07-15,1577.82,0.2784
2005-07-18,1570.09,-0.4899
2005-07-19,1590.49,1.2993
2005-07-20,1602.75,0.7708
2005-07-21,1601.89,-0.0537
2005-07-22,1600.76,-0.0705
2005-07-25,1593.57,-0.4492
2005-07-26,1598.93,0.3364
2005-07-27,1611.95,0.8143
2005-07-28,1618.64,0.415
2005-07-29,1605.14,-0.834
2005-08-01,1610.11,0.3096
2005-08-02,1627.01,1.0496
2005-08-03,1627.19,0.0111
2005-08-04,1608.74,-1.1339
2005-08-05,1601.59,-0.4444
2005-08-08,1589.97,-0.7255
2005-08-09,1601.14,0.7025
2005-08-10,1585.71,-0.9637
2005-08-11,1600.65,0.9422
2005-08-12,1591.75,-0.556
2005-08-15,1600.71,0.5629
2005-08-16,1574.01,-1.668
2005-08-17,1582.29,0.526
2005-08-18,1575.76,-0.4127
2005-08-19,1573.72,-0.1295
2005-08-22,1575.59,0.1188
2005-08-23,1571.3,-0.2723
2005-08-24,1561.71,-0.6103
2005-08-25,1565.88,0.267
2005-08-26,1558.84,-0.4496
2005-08-29,1571.52,0.8134
2005-08-30,1565.73,-0.3684
2005-08-31,1581.71,1.0206
2005-09-01,1577.25,-0.282
2005-09-02,1573.12,-0.2618
2005-09-06,1597.27,1.5352
2005-09-07,1599.86,0.1622
2005-09-08,1597.68,-0.1363
2005-09-09,1607.83,0.6353
2005-09-12,1612.2,0.2718
2005-09-13,1607.38,-0.299
2005-09-14,1589.63,-1.1043
2005-09-15,1588.55,-0.0679
2005-09-16,1599.44,0.6855
2005-09-19,1586.05,-0.8372
2005-09-20,1578.2,-0.4949
2005-09-21,1561.84,-1.0366
2005-09-22,1567.36,0.3534
2005-09-23,1571.75,0.2801
2005-09-26,1572.86,0.0706
2005-09-27,1568.84,-0.2556
2005-09-28,1568.81,-0.0019
2005-09-29,1589.93,1.3462
2005-09-30,1601.66,0.7378
2005-10-03,1605.59,0.2454
2005-10-04,1595.54,-0.6259
2005-10-05,1571.52,-1.5054
2005-10-06,1552.94,-1.1823
2005-10-07,1555.92,0.1919
2005-10-10,1546.99,-0.5739
2005-10-11,1539.31,-0.4964
2005-10-12,1521.19,-1.1772
2005-10-13,1533.8,0.829
2005-10-14,1544.29,0.6839
2005-10-17,1549.88,0.362
2005-10-18,1538.43,-0.7388
2005-10-19,1569.61,2.0267
2005-10-20,1555.59,-0.8932
2005-10-21,1565.12,0.6126
2005-10-24,1590.65,1.6312
2005-10-25,1585.82,-0.3036
2005-10-26,1575.14,-0.6735
2005-10-27,1543.38,-2.0163
2005-10-28,1557.11,0.8896
2005-10-31,1579.18,1.4174
2005-11-01,1576.52,-0.1684
2005-11-02,1597.29,1.3175
2005-11-03,1619.67,1.4011
2005-11-04,1628.03,0.5162
2005-11-07,1629.27,0.0762
2005-11-08,1628.4,-0.0534
2005-11-09,1630.21,0.1112
2005-11-10,1650.93,1.271
2005-11-11,1653.36,0.1472
2005-11-14,1651.9,-0.0883
2005-11-15,1644.31,-0.4595
2005-11-16,1651.45,0.4342
2005-11-17,1676.39,1.5102
2005-11-18,1679.85,0.2064
2005-11-21,1686.23,0.3798
2005-11-22,1694.14,0.4691
2005-11-23,1696.77,0.1552
2005-11-25,1701.05,0.2522
2005-11-28,1684.39,-0.9794
2005-11-29,1676.84,-0.4482
2005-11-30,1672.56,-0.2552
2005-12-01,1704.28,1.8965
2005-12-02,1709.1,0.2828
2005-12-05,1694.77,-0.8385
2005-12-06,1701.35,0.3883
2005-12-07,1697.04,-0.2533
2005-12-08,1685.59,-0.6747
2005-12-09,1692.62,0.4171
2005-12-12,1698.35,0.3385
2005-12-13,1705.77,0.4369
2005-12-14,1698.98,-0.3981
2005-12-15,1701.7,0.1601
2005-12-16,1688.68,-0.7651
2005-12-19,1664.36,-1.4402
2005-12-20,1665.07,0.0427
2005-12-21,1670.61,0.3327
2005-12-22,1683.35,0.7626
2005-12-23,1682.92,-0.0255
2005-12-27,1668.37,-0.8646
2005-12-28,1667.1,-0.0761
2005-12-29,1655.36,-0.7042
2005-12-30,1645.2,-0.6138
2006-01-03,1679.93,2.111
2006-01-04,1695.83,0.9465
2006-01-05,1705.29,0.5578
2006-01-06,1734.99,1.7416
2006-01-09,1741.9,0.3983
2006-01-10,1744.02,0.1217
2006-01-11,1758.24,0.8154
2006-01-12,1747.35,-0.6194
2006-01-13,1746.78,-0.0326
2006-01-17,1736.39,-0.5948
2006-01-18,1716.62,-1.1386
2006-01-19,1729.92,0.7748
2006-01-20,1676.38,-3.0949
2006-01-23,1676.3,-0.0048
2006-01-24,1686.22,0.5918
2006-01-25,1677.0,-0.5468
2006-01-26,1690.49,0.8044
2006-01-27,1711.11,1.2198
2006-01-30,1713.45,0.1368
2006-01-31,1710.75,-0.1576
2006-02-01,1713.02,0.1327
2006-02-02,1685.77,-1.5908
2006-02-03,1664.53,-1.26
2006-02-06,1657.54,-0.4199
2006-02-07,1651.84,-0.3439
2006-02-08,1670.47,1.1278
2006-02-09,1654.08,-0.9812
2006-02-10,1663.75,0.5846
2006-02-13,1645.83,-1.0771
2006-02-14,1661.95,0.9794
2006-02-15,1673.15,0.6739
2006-02-16,1688.61,0.924
2006-02-17,1675.21,-0.7936
2006-02-21,1655.68,-1.1658
2006-02-22,1677.52,1.3191
2006-02-23,1672.29,-0.3118
2006-02-24,1676.5,0.2518
2006-02-27,1695.66,1.1429
2006-02-28,1670.57,-1.4797
2006-03-01,1694.58,1.4372
2006-03-02,1693.78,-0.0472
2006-03-03,1684.32,-0.5585
2006-03-06,1669.94,-0.8538
2006-03-07,1661.02,-0.5342
2006-03-08,1661.86,0.0506
2006-03-09,1645.09,-1.0091
2006-03-10,1648.23,0.1909
2006-03-13,1653.79,0.3373
2006-03-14,1681.15,1.6544
2006-03-15,1694.46,0.7917
2006-03-16,1679.05,-0.9094
2006-03-17,1685.66,0.3937
2006-03-20,1688.98,0.197
2006-03-21,1672.47,-0.9775
2006-03-22,1676.32,0.2302
2006-03-23,1670.73,-0.3335
2006-03-24,1679.81,0.5435
2006-03-27,1680.63,0.0488
2006-03-28,1673.03,-0.4522
2006-03-29,1703.84,1.8416
2006-03-30,1708.68,0.2841
2006-03-31,1703.66,-0.2938
2006-04-03,1706.77,0.1825
2006-04-04,1716.55,0.573
2006-04-05,1732.74,0.9432
2006-04-06,1739.2,0.3728
2006-04-07,1723.03,-0.9297
2006-04-10,1718.86,-0.242
2006-04-11,1704.4,-0.8413
2006-04-12,1704.75,0.0205
2006-04-13,1712.07,0.4294
2006-04-17,1694.32,-1.0368
2006-04-18,1726.64,1.9075
2006-04-19,1734.04,0.4286
2006-04-20,1728.9,-0.2964
2006-04-21,1709.02,-1.1499
2006-04-24,1706.44,-0.151
2006-04-25,1701.47,-0.2912
2006-04-26,1702.2,0.0429
2006-04-27,1717.14,0.8777
2006-04-28,1700.71,-0.9568
2006-05-01,1686.61,-0.8291
2006-05-02,1689.93,0.1968
2006-05-03,1686.3,-0.2148
2006-05-04,1701.03,0.8735
2006-05-05,1713.84,0.7531
2006-05-08,1715.23,0.0811
2006-05-09,1711.17,-0.2367
2006-05-10,1694.82,-0.9555
2006-05-11,1657.48,-2.2032
2006-05-12,1635.81,-1.3074
2006-05-15,1634.78,-0.063
2006-05-16,1623.69,-0.6784
2006-05-17,1598.91,-1.5262
2006-05-18,1587.11,-0.738
2006-05-19,1600.86,0.8664
2006-05-22,1584.57,-1.0176
2006-05-23,1569.01,-0.982
2006-05-24,1580.18,0.7119
2006-05-25,1599.68,1.234
2006-05-26,1606.37,0.4182
2006-05-30,1571.29,-2.1838
2006-05-31,1579.58,0.5276
2006-06-01,1616.57,2.3418
2006-06-02,1612.9,-0.227
2006-06-05,1577.5,-2.1948
2006-06-06,1575.39,-0.1338
2006-06-07,1565.22,-0.6456
2006-06-08,1561.55,-0.2345
2006-06-09,1550.97,-0.6775
2006-06-12,1520.31,-1.9768
2006-06-13,1516.85,-0.2276
2006-06-14,1530.26,0.8841
2006-06-15,1573.08,2.7982
2006-06-16,1562.84,-0.651
2006-06-19,1548.94,-0.8894
2006-06-20,1548.32,-0.04
2006-06-21,1573.56,1.6302
2006-06-22,1554.49,-1.2119
2006-06-23,1551.05,-0.2213
2006-06-26,1556.17,0.3301
2006-06-27,1527.0,-1.8745
2006-06-28,1538.25,0.7367
2006-06-29,1585.56,3.0756
2006-06-30,1575.23,-0.6515
2006-07-03,1586.25,0.6996
2006-07-05,1553.95,-2.0362
2006-07-06,1551.55,-0.1544
2006-07-07,1533.71,-1.1498
2006-07-10,1520.9,-0.8352
2006-07-11,1533.06,0.7995
2006-07-12,1501.46,-2.0612
2006-07-13,1478.16,-1.5518
2006-07-14,1462.17,-1.0818
2006-07-17,1468.5,0.4329
2006-07-18,1472.34,0.2615
2006-07-19,1490.6,1.2402
2006-07-20,1466.89,-1.5906
2006-07-21,1451.88,-1.0233
2006-07-24,1482.34,2.098
2006-07-25,1489.52,0.4844
2006-07-26,1487.88,-0.1101
2006-07-27,1478.53,-0.6284
2006-07-28,1510.3,2.1488
2006-07-31,1509.43,-0.0576
2006-08-01,1484.94,-1.6225
2006-08-02,1500.48,1.0465
2006-08-03,1510.6,0.6745
2006-08-04,1503.84,-0.4475
2006-08-07,1494.13,-0.6457
2006-08-08,1484.8,-0.6244
2006-08-09,1485.64,0.0566
2006-08-10,1496.28,0.7162
2006-08-11,1486.74,-0.6376
2006-08-14,1494.33,0.5105
2006-08-15,1534.43,2.6835
2006-08-16,1570.06,2.322
2006-08-17,1573.59,0.2248
2006-08-18,1576.46,0.1824
2006-08-21,1561.12,-0.9731
2006-08-22,1563.43,0.148
2006-08-23,1550.41,-0.8328
2006-08-24,1555.19,0.3083
2006-08-25,1557.7,0.1614
2006-08-28,1570.29,0.8082
2006-08-29,1573.65,0.214
2006-08-30,1581.95,0.5274
2006-08-31,1579.73,-0.1403
2006-09-01,1589.47,0.6166
2006-09-05,1603.69,0.8946
2006-09-06,1572.2,-1.9636
2006-09-07,1564.84,-0.4681
2006-09-08,1574.71,0.6307
2006-09-11,1583.78,0.576
2006-09-12,1615.75,2.0186
2006-09-13,1623.99,0.51
2006-09-14,1625.98,0.1225
2006-09-15,1632.44,0.3973
2006-09-18,1632.17,-0.0165
2006-09-19,1621.07,-0.6801
2006-09-20,1645.35,1.4978
2006-09-21,1634.87,-0.6369
2006-09-22,1622.37,-0.7646
2006-09-25,1650.37,1.7259
2006-09-26,1659.2,0.535
2006-09-27,1655.67,-0.2128
2006-09-28,1661.59,0.3576
2006-09-29,1654.13,-0.449
2006-10-02,1632.81,-1.2889
2006-10-03,1640.29,0.4581
2006-10-04,1681.14,2.4904
2006-10-05,1689.43,0.4931
2006-10-06,1684.88,-0.2693
2006-10-09,1691.08,0.368
2006-10-10,1693.29,0.1307
2006-10-11,1691.28,-0.1187
2006-10-12,1718.54,1.6118
2006-10-13,1727.21,0.5045
2006-10-16,1727.61,0.0232
2006-10-17,1709.61,-1.0419
2006-10-18,1700.75,-0.5182
2006-10-19,1706.37,0.3304
2006-10-20,1709.58,0.1881
2006-10-23,1725.93,0.9564
2006-10-24,1713.88,-0.6982
2006-10-25,1726.76,0.7515
2006-10-26,1744.07,1.0025
2006-10-27,1717.61,-1.5171
2006-10-30,1727.8,0.5933
2006-10-31,1732.54,0.2743
2006-11-01,1707.65,-1.4366
2006-11-02,1710.17,0.1476
2006-11-03,1703.98,-0.362
2006-11-06,1732.26,1.6596
2006-11-07,1741.53,0.5351
2006-11-08,1749.75,0.472
2006-11-09,1740.14,-0.5492
2006-11-10,1751.11,0.6304
2006-11-13,1768.0,0.9645
2006-11-14,1787.23,1.0877
2006-11-15,1793.82,0.3687
2006-11-16,1801.97,0.4543
2006-11-17,1800.67,-0.0721
2006-11-20,1803.81,0.1744
2006-11-21,1808.88,0.2811
2006-11-22,1819.76,0.6015
2006-11-24,1815.53,-0.2324
2006-11-27,1775.17,-2.223
2006-11-28,1780.34,0.2912
2006-11-29,1792.77,0.6982
2006-11-30,1791.25,-0.0848
2006-12-01,1775.12,-0.9005
2006-12-04,1799.93,1.3977
2006-12-05,1804.85,0.2733
2006-12-06,1799.13,-0.3169
2006-12-07,1777.46,-1.2045
2006-12-08,1786.21,0.4923
2006-12-11,1791.74,0.3096
2006-12-12,1781.97,-0.5453
2006-12-13,1783.44,0.0825
2006-12-14,1803.41,1.1197
2006-12-15,1808.56,0.2856
2006-12-18,1790.99,-0.9715
2006-12-19,1785.12,-0.3278
2006-12-20,1777.92,-0.4033
2006-12-21,1766.28,-0.6547
2006-12-22,1748.61,-1.0004
2006-12-26,1753.55,0.2825
2006-12-27,1763.41,0.5623
2006-12-28,1758.94,-0.2535
2006-12-29,1756.9,-0.116
2007-01-03,1759.37,0.1406
2007-01-04,1792.91,1.9064
2007-01-05,1785.3,-0.4244
2007-01-08,1787.14,0.1031
2007-01-09,1795.63,0.4751
2007-01-10,1816.15,1.1428
2007-01-11,1834.86,1.0302
2007-01-12,1844.81,0.5423
2007-01-16,1842.44,-0.1285
2007-01-17,1827.68,-0.8011
2007-01-18,1793.68,-1.8603
2007-01-19,1796.81,0.1745
2007-01-22,1779.02,-0.9901
2007-01-23,1773.4,-0.3159
2007-01-24,1802.63,1.6482
2007-01-25,1777.75,-1.3802
2007-01-26,1772.97,-0.2689
2007-01-29,1775.08,0.119
2007-01-30,1777.76,0.151
2007-01-31,1792.28,0.8168
2007-02-01,1791.45,-0.0463
2007-02-02,1798.13,0.3729
2007-02-05,1795.39,-0.1524
2007-02-06,1793.06,-0.1298
2007-02-07,1810.95,0.9977
2007-02-08,1810.54,-0.0226
2007-02-09,1785.53,-1.3814
2007-02-12,1778.42,-0.3982
2007-02-13,1783.82,0.3036
2007-02-14,1814.98,1.7468
2007-02-15,1823.41,0.4645
2007-02-16,1821.49,-0.1053
2007-02-20,1833.71,0.6709
2007-02-21,1839.13,0.2956
2007-02-22,1846.34,0.392
2007-02-23,1839.77,-0.3558
2007-02-26,1830.59,-0.499
2007-02-27,1756.27,-4.0599
2007-02-28,1761.6,0.3035
2007-03-01,1753.45,-0.4626
2007-03-02,1726.03,-1.5638
2007-03-05,1712.94,-0.7584
2007-03-06,1743.1,1.7607
2007-03-07,1736.1,-0.4016
2007-03-08,1746.43,0.595
2007-03-09,1744.74,-0.0968
2007-03-12,1756.42,0.6694
2007-03-13,1722.48,-1.9323
2007-03-14,1743.15,1.2
2007-03-15,1744.87,0.0987
2007-03-16,1742.23,-0.1513
2007-03-19,1758.23,0.9184
2007-03-20,1767.25,0.513
2007-03-21,1806.35,2.2125
2007-03-22,1799.75,-0.3654
2007-03-23,1794.04,-0.3173
2007-03-26,1802.95,0.4966
2007-03-27,1789.93,-0.7221
2007-03-28,1770.54,-1.0833
2007-03-29,1771.72,0.0666
2007-03-30,1772.36,0.0361
2007-04-02,1773.33,0.0547
2007-04-03,1796.31,1.2959
2007-04-04,1801.74,0.3023
2007-04-05,1812.94,0.6216
2007-04-09,1808.19,-0.262
2007-04-10,1816.93,0.4834
2007-04-11,1798.09,-1.0369
2007-04-12,1813.49,0.8565
2007-04-13,1816.85,0.1853
2007-04-16,1833.96,0.9417
2007-04-17,1834.91,0.0518
2007-04-18,1832.39,-0.1373
2007-04-19,1832.47,0.0044
2007-04-20,1845.89,0.7323
2007-04-23,1850.18,0.2324
2007-04-24,1858.87,0.4697
2007-04-25,1881.33,1.2083
2007-04-26,1889.57,0.438
2007-04-27,1891.06,0.0789
2007-04-30,1867.75,-1.2326
2007-05-01,1873.43,0.3041
2007-05-02,1889.73,0.8701
2007-05-03,1895.64,0.3127
2007-05-04,1895.7,0.0032
2007-05-07,1895.96,0.0137
2007-05-08,1899.83,0.2041
2007-05-09,1905.65,0.3063
2007-05-10,1875.2,-1.5979
2007-05-11,1898.79,1.258
2007-05-14,1888.08,-0.564
2007-05-15,1871.79,-0.8628
2007-05-16,1891.57,1.0567
2007-05-17,1884.68,-0.3642
2007-05-18,1896.93,0.65
2007-05-21,1911.16,0.7502
2007-05-22,1916.45,0.2768
2007-05-23,1904.41,-0.6282
2007-05-24,1874.6,-1.5653
2007-05-25,1889.25,0.7815
2007-05-29,1899.79,0.5579
2007-05-30,1918.08,0.9627
2007-05-31,1928.19,0.5271
2007-06-01,1928.26,0.0036
2007-06-04,1933.73,0.2837
2007-06-05,1932.35,-0.0714
2007-06-06,1914.85,-0.9056
2007-06-07,1882.17,-1.7067
2007-06-08,1906.26,1.2799
2007-06-11,1901.96,-0.2256
2007-06-12,1890.67,-0.5936
2007-06-13,1913.87,1.2271
2007-06-14,1924.54,0.5575
2007-06-15,1942.41,0.9285
2007-06-18,1944.37,0.1009
2007-06-19,1941.75,-0.1347
2007-06-20,1922.12,-1.0109
2007-06-21,1941.32,0.9989
2007-06-22,1921.94,-0.9983
2007-06-25,1912.9,-0.4704
2007-06-26,1908.64,-0.2227
2007-06-27,1933.06,1.2794
2007-06-28,1931.67,-0.0719
2007-06-29,1934.1,0.1258
2007-07-02,1954.12,1.0351
2007-07-03,1965.2,0.567
2007-07-05,1981.06,0.807
2007-07-06,1988.31,0.366
2007-07-09,1989.2,0.0448
2007-07-10,1971.89,-0.8702
2007-07-11,1984.08,0.6182
2007-07-12,2021.03,1.8623
2007-07-13,2032.16,0.5507
2007-07-16,2028.02,-0.2037
2007-07-17,2041.78,0.6785
2007-07-18,2037.98,-0.1861
2007-07-19,2052.99,0.7365
2007-07-20,2035.88,-0.8334
2007-07-23,2036.33,0.0221
2007-07-24,2000.55,-1.7571
2007-07-25,2011.14,0.5294
2007-07-26,1986.6,-1.2202
2007-07-27,1956.19,-1.5308
2007-07-30,1973.93,0.9069
2007-07-31,1932.06,-2.1211
2007-08-01,1945.08,0.6739
2007-08-02,1966.6,1.1064
2007-08-03,1918.56,-2.4428
2007-08-06,1954.37,1.8665
2007-08-07,1961.64,0.372
2007-08-08,1987.34,1.3101
2007-08-09,1936.76,-2.5451
2007-08-10,1925.14,-0.6
2007-08-13,1934.41,0.4815
2007-08-14,1901.32,-1.7106
2007-08-15,1864.92,-1.9145
2007-08-16,1846.09,-1.0097
2007-08-17,1888.78,2.3125
2007-08-20,1893.05,0.2261
2007-08-21,1910.99,0.9477
2007-08-22,1936.77,1.349
2007-08-23,1931.88,-0.2525
2007-08-24,1961.38,1.527
2007-08-27,1947.49,-0.7082
2007-08-28,1899.24,-2.4775
2007-08-29,1954.85,2.928
2007-08-30,1963.75,0.4553
2007-08-31,1988.73,1.2721
2007-09-04,2020.51,1.598
2007-09-05,1994.38,-1.2932
2007-09-06,1998.67,0.2151
2007-09-07,1958.35,-2.0173
2007-09-10,1960.2,0.0945
2007-09-11,1988.98,1.4682
2007-09-12,1988.96,-0.001
2007-09-13,1998.63,0.4862
2007-09-14,2000.82,0.1096
2007-09-17,1983.08,-0.8866
2007-09-18,2035.37,2.6368
2007-09-19,2041.36,0.2943
2007-09-20,2032.61,-0.4286
2007-09-21,2049.48,0.83
2007-09-24,2057.25,0.3791
2007-09-25,2076.83,0.9518
2007-09-26,2088.38,0.5561
2007-09-27,2096.39,0.3836
2007-09-28,2091.11,-0.2519
2007-10-01,2116.97,1.2367
2007-10-02,2115.89,-0.051
2007-10-03,2103.01,-0.6087
2007-10-04,2105.56,0.1213
2007-10-05,2149.67,2.0949
2007-10-08,2163.26,0.6322
2007-10-09,2171.21,0.3675
2007-10-10,2176.98,0.2658
2007-10-11,2140.92,-1.6564
2007-10-12,2177.99,1.7315
2007-10-15,2158.92,-0.8756
2007-10-16,2151.14,-0.3604
2007-10-17,2179.14,1.3016
2007-10-18,2187.52,0.3846
2007-10-19,2131.08,-2.5801
2007-10-22,2157.45,1.2374
2007-10-23,2205.18,2.2123
2007-10-24,2188.59,-0.7523
2007-10-25,2161.52,-1.2369
2007-10-26,2194.59,1.5299
2007-10-29,2203.42,0.4024
2007-10-30,2207.61,0.1902
2007-10-31,2238.98,1.421
2007-11-01,2197.07,-1.8718
2007-11-02,2213.86,0.7642
2007-11-05,2200.48,-0.6044
2007-11-06,2223.97,1.0675
2007-11-07,2169.43,-2.4524
2007-11-08,2106.16,-2.9164
2007-11-09,2034.3,-3.4119
2007-11-12,1982.16,-2.563
2007-11-13,2066.08,4.2338
2007-11-14,2038.05,-1.3567
2007-11-15,2024.03,-0.6879
2007-11-16,2048.62,1.2149
2007-11-19,2021.14,-1.3414
2007-11-20,2029.94,0.4354
2007-11-21,2006.38,-1.1606
2007-11-23,2028.9,1.1224
2007-11-26,1989.36,-1.9488
2007-11-27,2033.76,2.2319
2007-11-28,2095.39,3.0303
2007-11-29,2102.42,0.3355
2007-11-30,2089.1,-0.6336
2007-12-03,2067.45,-1.0363
2007-12-04,2059.06,-0.4058
2007-12-05,2099.31,1.9548
2007-12-06,2127.65,1.35
2007-12-07,2130.0,0.1105
2007-12-10,2134.88,0.2291
2007-12-11,2083.72,-2.3964
2007-12-12,2101.36,0.8466
2007-12-13,2094.68,-0.3179
2007-12-14,2072.11,-1.0775
2007-12-17,2020.8,-2.4762
2007-12-18,2029.49,0.43
2007-12-19,2031.0,0.0744
2007-12-20,2069.68,1.9045
2007-12-21,2111.77,2.0336
2007-12-24,2128.62,0.7979
2007-12-26,2136.94,0.3909
2007-12-27,2106.09,-1.4437
2007-12-28,2107.05,0.0456
2007-12-31,2084.93,-1.0498
2008-01-02,2049.71,-1.6893
2008-01-03,2051.76,0.1
2008-01-04,1963.52,-4.3007
2008-01-07,1957.44,-0.3096
2008-01-08,1910.33,-2.4067
2008-01-09,1949.2,2.0347
2008-01-10,1953.64,0.2278
2008-01-11,1912.81,-2.0899
2008-01-14,1949.15,1.8998
2008-01-15,1894.09,-2.8248
2008-01-16,1872.29,-1.1509
2008-01-17,1842.1,-1.6125
2008-01-18,1844.09,0.108
2008-01-22,1795.61,-2.6289
2008-01-23,1789.53,-0.3386
2008-01-24,1826.92,2.0894
2008-01-25,1789.17,-2.0663
2008-01-28,1805.08,0.8892
2008-01-29,1807.67,0.1435
2008-01-30,1808.51,0.0465
2008-01-31,1841.42,1.8197
2008-02-01,1855.27,0.7521
2008-02-04,1828.8,-1.4267
2008-02-05,1773.49,-3.0244
2008-02-06,1740.95,-1.8348
2008-02-07,1753.3,0.7094
2008-02-08,1773.74,1.1658
2008-02-11,1793.09,1.0909
2008-02-12,1780.54,-0.6999
2008-02-13,1823.0,2.3847
2008-02-14,1787.59,-1.9424
2008-02-15,1780.38,-0.4033
2008-02-19,1764.81,-0.8745
2008-02-20,1787.45,1.2829
2008-02-21,1766.3,-1.1832
2008-02-22,1773.44,0.4042
2008-02-25,1785.46,0.6778
2008-02-26,1791.31,0.3276
2008-02-27,1799.94,0.4818
2008-02-28,1794.46,-0.3045
2008-02-29,1745.27,-2.7412
2008-03-03,1733.27,-0.6876
2008-03-04,1743.7,0.6018
2008-03-05,1753.57,0.566
2008-03-06,1712.5,-2.3421
2008-03-07,1707.5,-0.292
2008-03-10,1673.03,-2.0187
2008-03-11,1740.95,4.0597
2008-03-12,1735.18,-0.3314
2008-03-13,1750.4,0.8771
2008-03-14,1713.83,-2.0892
2008-03-17,1687.19,-1.5544
2008-03-18,1761.05,4.3777
2008-03-19,1715.59,-2.5814
2008-03-20,1751.99,2.1217
2008-03-24,1814.4,3.5622
2008-03-25,1824.54,0.5589
2008-03-26,1817.28,-0.3979
2008-03-27,1777.89,-2.1675
2008-03-28,1767.57,-0.5805
2008-03-31,1781.93,0.8124
2008-04-01,1855.48,4.1275
2008-04-02,1848.8,-0.36
2008-04-03,1855.19,0.3456
2008-04-04,1865.87,0.5757
2008-04-07,1860.83,-0.2701
2008-04-08,1846.14,-0.7894
2008-04-09,1826.19,-1.0806
2008-04-10,1852.97,1.4664
2008-04-11,1798.72,-2.9277
2008-04-14,1790.93,-0.4331
2008-04-15,1794.73,0.2122
2008-04-16,1846.89,2.9063
2008-04-17,1840.88,-0.3254
2008-04-18,1900.28,3.2267
2008-04-21,1913.12,0.6757
2008-04-22,1881.65,-1.645
2008-04-23,1906.66,1.3292
2008-04-24,1924.58,0.9399
2008-04-25,1918.58,-0.3118
2008-04-28,1923.26,0.2439
2008-04-29,1933.6,0.5376
2008-04-30,1917.7,-0.8223
2008-05-01,1980.44,3.2716
2008-05-02,1981.87,0.0722
2008-05-05,1975.82,-0.3053
2008-05-06,1990.61,0.7485
2008-05-07,1951.42,-1.9687
2008-05-08,1966.86,0.7912
2008-05-09,1960.29,-0.334
2008-05-12,1997.02,1.8737
2008-05-13,2000.61,0.1798
2008-05-14,1997.3,-0.1654
2008-05-15,2031.34,1.7043
2008-05-16,2031.27,-0.0034
2008-05-19,2016.6,-0.7222
2008-05-20,2000.67,-0.7899
2008-05-21,1956.8,-2.1928
2008-05-22,1964.92,0.415
2008-05-23,1958.96,-0.3033
2008-05-27,1995.44,1.8622
2008-05-28,2000.07,0.232
2008-05-29,2019.02,0.9475
2008-05-30,2032.57,0.6711
2008-06-02,2006.84,-1.2659
2008-06-03,1996.79,-0.5008
2008-06-04,2021.45,1.235
2008-06-05,2055.11,1.6651
2008-06-06,1990.39,-3.1492
2008-06-09,1979.71,-0.5366
2008-06-10,1972.54,-0.3622
2008-06-11,1924.33,-2.4441
2008-06-12,1924.26,-0.0036
2008-06-13,1966.01,2.1697
2008-06-16,1984.76,0.9537
2008-06-17,1972.82,-0.6016
2008-06-18,1951.1,-1.101
2008-06-19,1982.69,1.6191
2008-06-20,1928.39,-2.7387
2008-06-23,1913.31,-0.782
2008-06-24,1903.74,-0.5002
2008-06-25,1933.86,1.5821
2008-06-26,1855.39,-4.0577
2008-06-27,1855.72,0.0178
2008-06-30,1837.09,-1.0039
2008-07-01,1862.71,1.3946
2008-07-02,1816.15,-2.4996
2008-07-03,1816.35,0.011
2008-07-07,1826.93,0.5825
2008-07-08,1871.28,2.4276
2008-07-09,1819.18,-2.7842
2008-07-10,1839.57,1.1208
2008-07-11,1810.88,-1.5596
2008-07-14,1798.03,-0.7096
2008-07-15,1798.35,0.0178
2008-07-16,1843.87,2.5312
2008-07-17,1853.47,0.5206
2008-07-18,1823.23,-1.6315
2008-07-21,1819.76,-0.1903
2008-07-22,1821.62,0.1022
2008-07-23,1845.56,1.3142
2008-07-24,1816.98,-1.5486
2008-07-25,1846.55,1.6274
2008-07-28,1802.99,-2.359
2008-07-29,1845.55,2.3605
2008-07-30,1852.8,0.3928
2008-07-31,1849.15,-0.197
2008-08-01,1826.56,-1.2216
2008-08-04,1804.84,-1.1891
2008-08-05,1869.76,3.597
2008-08-06,1895.21,1.3611
2008-08-07,1880.09,-0.7978
2008-08-08,1926.23,2.4541
2008-08-11,1941.23,0.7787
2008-08-12,1941.07,-0.0082
2008-08-13,1942.02,0.0489
2008-08-14,1964.38,1.1514
2008-08-15,1957.56,-0.3472
2008-08-18,1932.7,-1.2699
2008-08-19,1908.68,-1.2428
2008-08-20,1913.02,0.2274
2008-08-21,1906.74,-0.3283
2008-08-22,1931.47,1.297
2008-08-25,1889.72,-2.1616
2008-08-26,1886.32,-0.1799
2008-08-27,1900.3,0.7411
2008-08-28,1915.12,0.7799
2008-08-29,1872.54,-2.2234
2008-09-02,1850.14,-1.1962
2008-09-03,1833.09,-0.9216
2008-09-04,1774.78,-3.181
2008-09-05,1768.23,-0.3691
2008-09-08,1762.95,-0.2986
2008-09-09,1721.55,-2.3483
2008-09-10,1738.07,0.9596
2008-09-11,1773.65,2.0471
2008-09-12,1767.13,-0.3676
2008-09-15,1705.46,-3.4898
2008-09-16,1724.08,1.0918
2008-09-17,1632.45,-5.3147
2008-09-18,1697.42,3.9799
2008-09-19,1745.06,2.8066
2008-09-22,1665.94,-4.5339
2008-09-23,1648.4,-1.0529
2008-09-24,1661.33,0.7844
2008-09-25,1687.55,1.5783
2008-09-26,1672.04,-0.9191
2008-09-29,1496.15,-10.5195
2008-09-30,1594.63,6.5822
2008-10-01,1563.8,-1.9334
2008-10-02,1491.11,-4.6483
2008-10-03,1470.84,-1.3594
2008-10-06,1411.28,-4.0494
2008-10-07,1329.98,-5.7607
2008-10-08,1330.61,0.0474
2008-10-09,1275.1,-4.1718
2008-10-10,1269.8,-0.4157
2008-10-13,1429.54,12.5799
2008-10-14,1364.59,-4.5434
2008-10-15,1244.23,-8.8202
2008-10-16,1312.97,5.5247
2008-10-17,1311.72,-0.0952
2008-10-20,1352.76,3.1287
2008-10-21,1283.43,-5.1251
2008-10-22,1237.09,-3.6106
2008-10-23,1239.16,0.1673
2008-10-24,1202.27,-2.977
2008-10-27,1169.78,-2.7024
2008-10-28,1297.57,10.9243
2008-10-29,1302.12,0.3507
2008-10-30,1333.94,2.4437
2008-10-31,1334.78,0.063
2008-11-03,1334.75,-0.0022
2008-11-04,1378.4,3.2703
2008-11-05,1299.98,-5.6892
2008-11-06,1241.97,-4.4624
2008-11-07,1271.62,2.3873
2008-11-10,1251.0,-1.6216
2008-11-11,1225.59,-2.0312
2008-11-12,1165.38,-4.9127
2008-11-13,1240.93,6.4829
2008-11-14,1179.63,-4.9398
2008-11-17,1151.96,-2.3457
2008-11-18,1155.75,0.329
2008-11-19,1087.6,-5.8966
2008-11-20,1036.51,-4.6975
2008-11-21,1085.57,4.7332
2008-11-24,1154.34,6.3349
2008-11-25,1142.58,-1.0188
2008-11-26,1193.09,4.4207
2008-11-28,1185.75,-0.6152
2008-12-01,1091.16,-7.9772
2008-12-02,1130.0,3.5595
2008-12-03,1166.2,3.2035
2008-12-04,1127.75,-3.297
2008-12-05,1177.87,4.4442
2008-12-08,1225.06,4.0064
2008-12-09,1212.45,-1.0293
2008-12-10,1222.38,0.819
2008-12-11,1180.46,-3.4294
2008-12-12,1206.65,2.2186
2008-12-15,1181.87,-2.0536
2008-12-16,1243.49,5.2138
2008-12-17,1225.86,-1.4178
2008-12-18,1204.69,-1.727
2008-12-19,1217.19,1.0376
2008-12-22,1189.15,-2.3037
2008-12-23,1183.19,-0.5012
2008-12-24,1184.3,0.0938
2008-12-26,1185.44,0.0963
2008-12-29,1173.15,-1.0367
2008-12-30,1201.34,2.4029
2008-12-31,1211.65,0.8582
2009-01-02,1263.7,4.2958
2009-01-05,1262.52,-0.0934
2009-01-06,1274.49,0.9481
2009-01-07,1238.6,-2.816
2009-01-08,1252.52,1.1238
2009-01-09,1223.01,-2.3561
2009-01-12,1201.13,-1.789
2009-01-13,1202.65,0.1265
2009-01-14,1163.42,-3.262
2009-01-15,1183.52,1.7277
2009-01-16,1198.14,1.2353
2009-01-20,1136.61,-5.1355
2009-01-21,1185.76,4.3243
2009-01-22,1168.08,-1.491
2009-01-23,1175.89,0.6686
2009-01-26,1184.56,0.7373
2009-01-27,1194.41,0.8315
2009-01-28,1235.91,3.4745
2009-01-29,1203.85,-2.594
2009-01-30,1180.25,-1.9604
2009-02-02,1195.75,1.3133
2009-02-03,1215.66,1.6651
2009-02-04,1215.43,-0.0189
2009-02-05,1245.11,2.4419
2009-02-06,1277.49,2.6006
2009-02-09,1281.65,0.3256
2009-02-10,1229.29,-4.0854
2009-02-11,1227.05,-0.1822
2009-02-12,1242.81,1.2844
2009-02-13,1236.85,-0.4796
2009-02-17,1187.04,-4.0272
2009-02-18,1188.77,0.1457
2009-02-19,1167.89,-1.7564
2009-02-20,1172.71,0.4127
2009-02-23,1128.97,-3.7298
2009-02-24,1171.45,3.7627
2009-02-25,1160.83,-0.9066
2009-02-26,1127.1,-2.9057
2009-02-27,1116.99,-0.897
2009-03-02,1076.67,-3.6097
2009-03-03,1080.67,0.3715
2009-03-04,1110.3,2.7418
2009-03-05,1074.52,-3.2226
2009-03-06,1064.7,-0.9139
2009-03-09,1043.87,-1.9564
2009-03-10,1112.44,6.5688
2009-03-11,1125.95,1.2144
2009-03-12,1164.71,3.4424
2009-03-13,1168.52,0.3271
2009-03-16,1145.45,-1.9743
2009-03-17,1192.17,4.0787
2009-03-18,1206.96,1.2406
2009-03-19,1204.21,-0.2278
2009-03-20,1187.18,-1.4142
2009-03-23,1259.81,6.1179
2009-03-24,1234.34,-2.0217
2009-03-25,1236.66,0.188
2009-03-26,1281.3,3.6097
2009-03-27,1251.47,-2.3281
2009-03-30,1220.81,-2.4499
2009-03-31,1237.01,1.327
2009-04-01,1252.51,1.253
2009-04-02,1294.3,3.3365
2009-04-03,1316.16,1.6889
2009-04-06,1313.1,-0.2325
2009-04-07,1275.42,-2.8695
2009-04-08,1300.75,1.986
2009-04-09,1340.28,3.039
2009-04-13,1336.67,-0.2693
2009-04-14,1322.31,-1.0743
2009-04-15,1316.51,-0.4386
2009-04-16,1352.98,2.7702
2009-04-17,1353.92,0.0695
2009-04-20,1309.37,-3.2904
2009-04-21,1329.06,1.5038
2009-04-22,1335.72,0.5011
2009-04-23,1344.41,0.6506
2009-04-24,1373.28,2.1474
2009-04-27,1369.94,-0.2432
2009-04-28,1361.92,-0.5854
2009-04-29,1382.38,1.5023
2009-04-30,1394.33,0.8645
2009-05-01,1396.62,0.1642
2009-05-04,1427.96,2.244
2009-05-05,1423.81,-0.2906
2009-05-06,1423.85,0.0028
2009-05-07,1389.83,-2.3893
2009-05-08,1394.16,0.3115
2009-05-11,1395.79,0.1169
2009-05-12,1377.4,-1.3175
2009-05-13,1339.83,-2.7276
2009-05-14,1359.67,1.4808
2009-05-15,1355.11,-0.3354
2009-05-18,1392.73,2.7762
2009-05-19,1398.05,0.382
2009-05-20,1393.72,-0.3097
2009-05-21,1367.39,-1.8892
2009-05-22,1363.17,-0.3086
2009-05-26,1412.61,3.6268
2009-05-27,1401.88,-0.7596
2009-05-28,1420.31,1.3147
2009-05-29,1435.57,1.0744
2009-06-01,1477.12,2.8943
2009-06-02,1480.31,0.216
2009-06-03,1475.44,-0.329
2009-06-04,1492.74,1.1725
2009-06-05,1493.21,0.0315
2009-06-08,1488.49,-0.3161
2009-06-09,1501.55,0.8774
2009-06-10,1495.27,-0.4182
2009-06-11,1497.01,0.1164
2009-06-12,1489.97,-0.4703
2009-06-15,1456.96,-2.2155
2009-06-16,1443.25,-0.941
2009-06-17,1455.89,0.8758
2009-06-18,1453.8,-0.1436
2009-06-19,1471.23,1.1989
2009-06-22,1426.61,-3.0328
2009-06-23,1424.46,-0.1507
2009-06-24,1447.06,1.5866
2009-06-25,1475.82,1.9875
2009-06-26,1480.2,0.2968
2009-06-29,1483.83,0.2452
2009-06-30,1477.25,-0.4434
2009-07-01,1481.34,0.2769
2009-07-02,1446.28,-2.3668
2009-07-06,1441.01,-0.3644
2009-07-07,1404.78,-2.5142
2009-07-08,1411.53,0.4805
2009-07-09,1414.98,0.2444
2009-07-10,1419.84,0.3435
2009-07-13,1447.7,1.9622
2009-07-14,1452.84,0.355
2009-07-15,1500.98,3.3135
2009-07-16,1518.87,1.1919
2009-07-17,1527.26,0.5524
2009-07-20,1544.0,1.0961
2009-07-21,1553.01,0.5835
2009-07-22,1565.0,0.772
2009-07-23,1601.52,2.3335
2009-07-24,1599.06,-0.1536
2009-07-27,1599.31,0.0156
2009-07-28,1605.47,0.3852
2009-07-29,1599.61,-0.365
2009-07-30,1609.87,0.6414
2009-07-31,1603.36,-0.4044
2009-08-03,1628.12,1.5443
2009-08-04,1628.49,0.0227
2009-08-05,1614.44,-0.8628
2009-08-06,1600.29,-0.8765
2009-08-07,1619.49,1.1998
2009-08-10,1610.43,-0.5594
2009-08-11,1594.69,-0.9774
2009-08-12,1619.59,1.5614
2009-08-13,1628.65,0.5594
2009-08-14,1611.58,-1.0481
2009-08-17,1564.89,-2.8972
2009-08-18,1586.5,1.3809
2009-08-19,1596.61,0.6373
2009-08-20,1614.22,1.103
2009-08-21,1637.78,1.4595
2009-08-24,1634.78,-0.1832
2009-08-25,1639.9,0.3132
2009-08-26,1637.0,-0.1768
2009-08-27,1640.97,0.2425
2009-08-28,1643.24,0.1383
2009-08-31,1625.19,-1.0984
2009-09-01,1595.84,-1.8059
2009-09-02,1594.28,-0.0978
2009-09-03,1605.98,0.7339
2009-09-04,1638.07,1.9982
2009-09-08,1654.81,1.0219
2009-09-09,1669.23,0.8714
2009-09-10,1686.16,1.0142
2009-09-11,1685.46,-0.0415
2009-09-14,1693.76,0.4924
2009-09-15,1699.53,0.3407
2009-09-16,1723.73,1.4239
2009-09-17,1721.09,-0.1532
2009-09-18,1725.24,0.2411
2009-09-21,1731.58,0.3675
2009-09-22,1734.09,0.145
2009-09-23,1724.27,-0.5663
2009-09-24,1709.76,-0.8415
2009-09-25,1694.15,-0.913
2009-09-28,1724.59,1.7968
2009-09-29,1717.67,-0.4013
2009-09-30,1718.99,0.0768
2009-10-01,1666.41,-3.0588
2009-10-02,1662.49,-0.2352
2009-10-05,1675.64,0.791
2009-10-06,1705.25,1.7671
2009-10-07,1710.45,0.3049
2009-10-08,1717.79,0.4291
2009-10-09,1727.76,0.5804
2009-10-12,1729.63,0.1082
2009-10-13,1730.27,0.037
2009-10-14,1754.26,1.3865
2009-10-15,1753.36,-0.0513
2009-10-16,1739.32,-0.8007
2009-10-19,1756.68,0.9981
2009-10-20,1756.19,-0.0279
2009-10-21,1753.56,-0.1498
2009-10-22,1763.15,0.5469
2009-10-23,1753.63,-0.5399
2009-10-26,1746.75,-0.3923
2009-10-27,1722.46,-1.3906
2009-10-28,1682.06,-2.3455
2009-10-29,1711.27,1.7366
2009-10-30,1667.13,-2.5794
2009-11-02,1672.91,0.3467
2009-11-03,1679.2,0.376
2009-11-04,1680.67,0.0875
2009-11-05,1721.09,2.405
2009-11-06,1730.76,0.5619
2009-11-09,1768.4,2.1748
2009-11-10,1773.17,0.2697
2009-11-11,1782.95,0.5516
2009-11-12,1773.14,-0.5502
2009-11-13,1788.61,0.8725
2009-11-16,1807.56,1.0595
2009-11-17,1812.21,0.2573
2009-11-18,1801.74,-0.5777
2009-11-19,1773.19,-1.5846
2009-11-20,1764.39,-0.4963
2009-11-23,1792.94,1.6181
2009-11-24,1786.25,-0.3731
2009-11-25,1793.67,0.4154
2009-11-27,1765.46,-1.5728
2009-11-30,1767.43,0.1116
2009-12-01,1787.71,1.1474
2009-12-02,1790.82,0.174
2009-12-03,1782.91,-0.4417
2009-12-04,1791.91,0.5048
2009-12-07,1783.65,-0.461
2009-12-08,1772.73,-0.6122
2009-12-09,1789.7,0.9573
2009-12-10,1799.37,0.5403
2009-12-11,1792.06,-0.4063
2009-12-14,1809.09,0.9503
2009-12-15,1798.21,-0.6014
2009-12-16,1800.82,0.1451
2009-12-17,1778.27,-1.2522
2009-12-18,1807.36,1.6359
2009-12-21,1828.79,1.1857
2009-12-22,1839.51,0.5862
2009-12-23,1851.99,0.6784
2009-12-24,1869.84,0.9638
2009-12-28,1878.18,0.446
2009-12-29,1872.02,-0.328
2009-12-30,1878.65,0.3542
2009-12-31,1860.31,-0.9762
2010-01-04,1886.7,1.4186
2010-01-05,1888.43,0.0917
2010-01-06,1878.42,-0.5301
2010-01-07,1876.72,-0.0905
2010-01-08,1892.59,0.8456
2010-01-11,1886.24,-0.3355
2010-01-12,1861.79,-1.2962
2010-01-13,1886.13,1.3073
2010-01-14,1886.52,0.0207
2010-01-15,1864.52,-1.1662
2010-01-19,1895.48,1.6605
2010-01-20,1867.95,-1.4524
2010-01-21,1850.57,-0.9304
2010-01-22,1794.82,-3.0126
2010-01-25,1802.39,0.4218
2010-01-26,1803.86,0.0816
2010-01-27,1818.9,0.8338
2010-01-28,1771.1,-2.628
2010-01-29,1741.04,-1.6973
2010-02-01,1760.72,1.1304
2010-02-02,1776.92,0.9201
2010-02-03,1784.7,0.4378
2010-02-04,1732.99,-2.8974
2010-02-05,1746.12,0.7577
2010-02-08,1734.88,-0.6437
2010-02-09,1753.84,1.0929
2010-02-10,1749.76,-0.2326
2010-02-11,1775.74,1.4848
2010-02-12,1779.11,0.1898
2010-02-16,1802.06,1.29
2010-02-17,1810.86,0.4883
2010-02-18,1823.39,0.6919
2010-02-19,1823.32,-0.0038
2010-02-22,1817.63,-0.3121
2010-02-23,1793.82,-1.3099
2010-02-24,1812.51,1.0419
2010-02-25,1812.91,0.0221
2010-02-26,1818.68,0.3183
2010-03-01,1846.4,1.5242
2010-03-02,1851.21,0.2605
2010-03-03,1851.57,0.0194
2010-03-04,1859.72,0.4402
2010-03-05,1888.56,1.5508
2010-03-08,1890.89,0.1234
2010-03-09,1901.38,0.5548
2010-03-10,1917.35,0.8399
2010-03-11,1923.81,0.3369
2010-03-12,1924.43,0.0322
2010-03-15,1920.09,-0.2255
2010-03-16,1932.24,0.6328
2010-03-17,1936.22,0.206
2010-03-18,1943.94,0.3987
2010-03-19,1932.43,-0.5921
2010-03-22,1949.59,0.888
2010-03-23,1963.2,0.6981
2010-03-24,1951.84,-0.5786
2010-03-25,1949.15,-0.1378
2010-03-26,1952.63,0.1785
2010-03-29,1961.22,0.4399
2010-03-30,1967.96,0.3437
2010-03-31,1958.34,-0.4888
2010-04-01,1959.56,0.0623
2010-04-05,1977.83,0.9324
2010-04-06,1981.95,0.2083
2010-04-07,1977.3,-0.2346
2010-04-08,1980.73,0.1735
2010-04-09,1994.43,0.6917
2010-04-12,1995.65,0.0612
2010-04-13,2003.81,0.4089
2010-04-14,2028.82,1.2481
2010-04-15,2038.64,0.484
2010-04-16,2012.84,-1.2655
2010-04-19,2013.53,0.0343
2010-04-20,2023.6,0.5001
2010-04-21,2034.53,0.5401
2010-04-22,2045.16,0.5225
2010-04-23,2055.33,0.4973
2010-04-26,2049.09,-0.3036
2010-04-27,2006.25,-2.0907
2010-04-28,2007.59,0.0668
2010-04-29,2042.89,1.7583
2010-04-30,2000.63,-2.0686
2010-05-03,2031.6,1.548
2010-05-04,1968.97,-3.0828
2010-05-05,1958.26,-0.5439
2010-05-06,1893.75,-3.2943
2010-05-07,1849.44,-2.3398
2010-05-10,1942.61,5.0377
2010-05-11,1940.48,-0.1096
2010-05-12,1975.58,1.8088
2010-05-13,1945.52,-1.5216
2010-05-14,1907.1,-1.9748
2010-05-17,1915.45,0.4378
2010-05-18,1887.06,-1.4822
2010-05-19,1873.42,-0.7228
2010-05-20,1800.12,-3.9126
2010-05-21,1822.77,1.2582
2010-05-24,1815.28,-0.4109
2010-05-25,1815.68,0.022
2010-05-26,1796.47,-1.058
2010-05-27,1862.71,3.6872
2010-05-28,1852.39,-0.554
2010-06-01,1835.04,-0.9366
2010-06-02,1879.59,2.4277
2010-06-03,1895.66,0.855
2010-06-04,1832.04,-3.3561
2010-06-07,1798.16,-1.8493
2010-06-08,1795.7,-0.1368
2010-06-09,1778.92,-0.9345
2010-06-10,1830.09,2.8765
2010-06-11,1847.15,0.9322
2010-06-14,1845.48,-0.0904
2010-06-15,1897.48,2.8177
2010-06-16,1905.31,0.4127
2010-06-17,1910.65,0.2803
2010-06-18,1913.48,0.1481
2010-06-21,1895.84,-0.9219
2010-06-22,1880.54,-0.807
2010-06-23,1874.42,-0.3254
2010-06-24,1844.59,-1.5914
2010-06-25,1838.52,-0.3291
2010-06-28,1836.0,-0.1371
2010-06-29,1764.06,-3.9183
2010-06-30,1739.14,-1.4127
2010-07-01,1734.41,-0.272
2010-07-02,1728.34,-0.35
2010-07-06,1734.68,0.3668
2010-07-07,1789.72,3.1729
2010-07-08,1798.31,0.48
2010-07-09,1814.79,0.9164
2010-07-12,1821.03,0.3438
2010-07-13,1845.03,1.3179
2010-07-14,1853.41,0.4542
2010-07-15,1856.24,0.1527
2010-07-16,1803.48,-2.8423
2010-07-19,1819.28,0.8761
2010-07-20,1840.67,1.1757
2010-07-21,1817.3,-1.2696
2010-07-22,1863.1,2.5202
2010-07-23,1875.38,0.6591
2010-07-26,1890.4,0.8009
2010-07-27,1888.81,-0.0841
2010-07-28,1872.62,-0.8572
2010-07-29,1860.3,-0.6579
2010-07-30,1864.0,0.1989
2010-08-02,1898.99,1.8771
2010-08-03,1891.81,-0.3781
2010-08-04,1909.2,0.9192
2010-08-05,1904.95,-0.2226
2010-08-06,1902.88,-0.1087
2010-08-09,1915.17,0.6459
2010-08-10,1899.24,-0.8318
2010-08-11,1845.38,-2.8359
2010-08-12,1832.17,-0.7158
2010-08-13,1818.8,-0.7297
2010-08-16,1821.51,0.149
2010-08-17,1845.37,1.3099
2010-08-18,1850.8,0.2942
2010-08-19,1823.0,-1.5021
2010-08-20,1825.75,0.1509
2010-08-23,1808.31,-0.9552
2010-08-24,1775.27,-1.8271
2010-08-25,1790.88,0.8793
2010-08-26,1769.02,-1.2206
2010-08-27,1791.64,1.2787
2010-08-30,1772.07,-1.0923
2010-08-31,1767.43,-0.2618
2010-09-01,1820.05,2.9772
2010-09-02,1840.58,1.128
2010-09-03,1870.31,1.6153
2010-09-07,1856.5,-0.7384
2010-09-08,1880.0,1.2658
2010-09-09,1886.14,0.3266
2010-09-10,1892.34,0.3287
2010-09-13,1921.67,1.5499
2010-09-14,1928.59,0.3601
2010-09-15,1939.6,0.5709
2010-09-16,1948.11,0.4388
2010-09-17,1955.83,0.3963
2010-09-20,1989.43,1.7179
2010-09-21,1989.11,-0.0161
2010-09-22,1982.76,-0.3192
2010-09-23,1982.15,-0.0308
2010-09-24,2023.84,2.1033
2010-09-27,2010.99,-0.6349
2010-09-28,2012.43,0.0716
2010-09-29,2009.08,-0.1665
2010-09-30,1998.04,-0.5495
2010-10-01,1996.6,-0.0721
2010-10-04,1975.33,-1.0653
2010-10-05,2024.63,2.4958
2010-10-06,2006.52,-0.8945
2010-10-07,2011.63,0.2547
2010-10-08,2027.03,0.7655
2010-10-11,2026.98,-0.0025
2010-10-12,2041.55,0.7188
2010-10-13,2057.25,0.769
2010-10-14,2054.51,-0.1332
2010-10-15,2097.73,2.1037
2010-10-18,2104.15,0.306
2010-10-19,2069.73,-1.6358
2010-10-20,2085.75,0.774
2010-10-21,2090.1,0.2086
2010-10-22,2104.21,0.6751
2010-10-25,2113.55,0.4439
2010-10-26,2119.05,0.2602
2010-10-27,2125.88,0.3223
2010-10-28,2129.73,0.1811
2010-10-29,2124.45,-0.2479
2010-11-01,2128.42,0.1869
2010-11-02,2151.72,1.0947
2010-11-03,2158.36,0.3086
2010-11-04,2187.8,1.364
2010-11-05,2186.71,-0.0498
2010-11-08,2188.94,0.102
2010-11-09,2176.88,-0.551
2010-11-10,2187.74,0.4989
2010-11-11,2173.11,-0.6687
2010-11-12,2137.95,-1.618
2010-11-15,2131.48,-0.3026
2010-11-16,2093.63,-1.7758
2010-11-17,2100.0,0.3043
2010-11-18,2134.77,1.6557
2010-11-19,2135.27,0.0234
2010-11-22,2150.86,0.7301
2010-11-23,2116.61,-1.5924
2010-11-24,2160.52,2.0745
2010-11-26,2153.91,-0.3059
2010-11-29,2144.56,-0.4341
2010-11-30,2117.33,-1.2697
2010-12-01,2162.83,2.1489
2010-12-02,2185.3,1.0389
2010-12-03,2191.17,0.2686
2010-12-06,2189.81,-0.0621
2010-12-07,2189.35,-0.021
2010-12-08,2200.6,0.5139
2010-12-09,2201.57,0.0441
2010-12-10,2215.34,0.6255
2010-12-13,2207.45,-0.3562
2010-12-14,2212.59,0.2328
2010-12-15,2202.45,-0.4583
2010-12-16,2218.02,0.7069
2010-12-17,2218.29,0.0122
2010-12-20,2223.04,0.2141
2010-12-21,2234.57,0.5187
2010-12-22,2235.91,0.06
2010-12-23,2230.27,-0.2522
2010-12-27,2229.86,-0.0184
2010-12-28,2227.42,-0.1094
2010-12-29,2231.64,0.1895
2010-12-30,2225.72,-0.2653
2010-12-31,2217.86,-0.3531
2011-01-03,2254.23,1.6399
2011-01-04,2251.46,-0.1229
2011-01-05,2270.4,0.8412
2011-01-06,2277.51,0.3132
2011-01-07,2276.7,-0.0356
2011-01-10,2284.38,0.3373
2011-01-11,2288.73,0.1904
2011-01-12,2304.88,0.7056
2011-01-13,2305.53,0.0282
2011-01-14,2323.43,0.7764
2011-01-18,2328.79,0.2307
2011-01-19,2303.32,-1.0937
2011-01-20,2286.08,-0.7485
2011-01-21,2268.32,-0.7769
2011-01-24,2300.39,1.4138
2011-01-25,2304.03,0.1582
2011-01-26,2314.19,0.441
2011-01-27,2330.07,0.6862
2011-01-28,2270.51,-2.5561
2011-01-31,2281.91,0.5021
2011-02-01,2324.95,1.8861
2011-02-02,2321.09,-0.166
2011-02-03,2323.07,0.0853
2011-02-04,2338.2,0.6513
2011-02-07,2349.2,0.4704
2011-02-08,2363.61,0.6134
2011-02-09,2360.95,-0.1125
2011-02-10,2364.35,0.144
2011-02-11,2379.15,0.626
2011-02-14,2385.6,0.2711
2011-02-15,2381.92,-0.1543
2011-02-16,2397.94,0.6726
2011-02-17,2397.57,-0.0154
2011-02-18,2392.47,-0.2127
2011-02-22,2322.86,-2.9095
2011-02-23,2300.94,-0.9437
2011-02-24,2313.31,0.5376
2011-02-25,2346.29,1.4257
2011-02-28,2350.99,0.2003
2011-03-01,2315.26,-1.5198
2011-03-02,2326.77,0.4971
2011-03-03,2371.76,1.9336
2011-03-04,2359.96,-0.4975
2011-03-07,2328.07,-1.3513
2011-03-08,2337.55,0.4072
2011-03-09,2322.69,-0.6357
2011-03-10,2284.29,-1.6533
2011-03-11,2299.26,0.6553
2011-03-14,2290.72,-0.3714
2011-03-15,2259.62,-1.3577
2011-03-16,2202.97,-2.5071
2011-03-17,2225.24,1.0109
2011-03-18,2221.07,-0.1874
2011-03-21,2262.7,1.8743
2011-03-22,2257.96,-0.2095
2011-03-23,2270.5,0.5554
2011-03-24,2312.09,1.8318
2011-03-25,2316.36,0.1847
2011-03-28,2303.1,-0.5724
2011-03-29,2325.54,0.9743
2011-03-30,2336.52,0.4721
2011-03-31,2338.99,0.1057
2011-04-01,2342.92,0.168
2011-04-04,2334.54,-0.3577
2011-04-05,2327.87,-0.2857
2011-04-06,2332.34,0.192
2011-04-07,2332.88,0.0232
2011-04-08,2321.18,-0.5015
2011-04-11,2314.5,-0.2878
2011-04-12,2298.3,-0.6999
2011-04-13,2316.63,0.7975
2011-04-14,2311.25,-0.2322
2011-04-15,2307.58,-0.1588
2011-04-18,2292.34,-0.6604
2011-04-19,2306.77,0.6295
2011-04-20,2357.76,2.2105
2011-04-21,2377.3,0.8288
2011-04-25,2383.72,0.2701
2011-04-26,2396.03,0.5164
2011-04-27,2413.59,0.7329
2011-04-28,2409.9,-0.1529
2011-04-29,2404.08,-0.2415
2011-05-02,2404.24,0.0067
2011-05-03,2392.8,-0.4758
2011-05-04,2387.51,-0.2211
2011-05-05,2375.21,-0.5152
2011-05-06,2383.18,0.3355
2011-05-09,2390.97,0.3269
2011-05-10,2411.35,0.8524
2011-05-11,2393.08,-0.7577
2011-05-12,2407.89,0.6189
2011-05-13,2379.24,-1.1898
2011-05-16,2337.85,-1.7396
2011-05-17,2343.51,0.2421
2011-05-18,2362.95,0.8295
2011-05-19,2369.67,0.2844
2011-05-20,2351.43,-0.7697
2011-05-23,2316.78,-1.4736
2011-05-24,2303.55,-0.5711
2011-05-25,2310.95,0.3212
2011-05-26,2325.93,0.6482
2011-05-27,2336.09,0.4368
2011-05-31,2372.54,1.5603
2011-06-01,2322.48,-2.11
2011-06-02,2326.7,0.1817
2011-06-03,2292.31,-1.4781
2011-06-06,2274.48,-0.7778
2011-06-07,2268.96,-0.2427
2011-06-08,2252.89,-0.7083
2011-06-09,2256.65,0.1669
2011-06-10,2221.09,-1.5758
2011-06-13,2222.28,0.0536
2011-06-14,2250.34,1.2627
2011-06-15,2209.01,-1.8366
2011-06-16,2199.93,-0.411
2011-06-17,2192.96,-0.3168
2011-06-20,2204.36,0.5198
2011-06-21,2251.82,2.153
2011-06-22,2235.75,-0.7136
2011-06-23,2255.05,0.8632
2011-06-24,2217.06,-1.6847
2011-06-27,2252.24,1.5868
2011-06-28,2285.75,1.4879
2011-06-29,2294.43,0.3797
2011-06-30,2325.07,1.3354
2011-07-01,2361.39,1.5621
2011-07-05,2371.21,0.4159
2011-07-06,2378.58,0.3108
2011-07-07,2412.89,1.4425
2011-07-08,2405.89,-0.2901
2011-07-11,2362.0,-1.8243
2011-07-12,2343.79,-0.771
2011-07-13,2352.43,0.3686
2011-07-14,2325.06,-1.1635
2011-07-15,2356.67,1.3595
2011-07-18,2344.01,-0.5372
2011-07-19,2398.17,2.3106
2011-07-20,2387.8,-0.4324
2011-07-21,2404.24,0.6885
2011-07-22,2429.5,1.0506
2011-07-25,2424.15,-0.2202
2011-07-26,2429.45,0.2186
2011-07-27,2367.16,-2.564
2011-07-28,2371.77,0.1947
2011-07-29,2362.81,-0.3778
2011-08-01,2354.05,-0.3707
2011-08-02,2292.85,-2.5998
2011-08-03,2312.78,0.8692
2011-08-04,2207.2,-4.5651
2011-08-05,2194.38,-0.5808
2011-08-08,2060.29,-6.1106
2011-08-09,2160.79,4.878
2011-08-10,2073.09,-4.0587
2011-08-11,2167.07,4.5333
2011-08-12,2182.05,0.6913
2011-08-15,2214.12,1.4697
2011-08-16,2194.27,-0.8965
2011-08-17,2181.62,-0.5765
2011-08-18,2073.03,-4.9775
2011-08-19,2038.22,-1.6792
2011-08-22,2044.73,0.3194
2011-08-23,2129.27,4.1345
2011-08-24,2145.04,0.7406
2011-08-25,2108.21,-1.717
2011-08-26,2161.97,2.55
2011-08-29,2223.96,2.8673
2011-08-30,2237.69,0.6174
2011-08-31,2241.01,0.1484
2011-09-01,2219.05,-0.9799
2011-09-02,2167.83,-2.3082
2011-09-06,2167.6,-0.0106
2011-09-07,2223.75,2.5904
2011-09-08,2214.29,-0.4254
2011-09-09,2163.66,-2.2865
2011-09-12,2191.84,1.3024
2011-09-13,2220.58,1.3112
2011-09-14,2252.75,1.4487
2011-09-15,2286.56,1.5008
2011-09-16,2306.09,0.8541
2011-09-19,2308.76,0.1158
2011-09-20,2295.89,-0.5574
2011-09-21,2258.3,-1.6373
2011-09-22,2184.59,-3.264
2011-09-23,2206.86,1.0194
2011-09-26,2234.28,1.2425
2011-09-27,2253.55,0.8625
2011-09-28,2220.84,-1.4515
2011-09-29,2197.68,-1.0428
2011-09-30,2139.18,-2.6619
2011-10-03,2085.04,-2.5309
2011-10-04,2129.21,2.1184
2011-10-05,2182.77,2.5155
2011-10-06,2217.99,1.6135
2011-10-07,2202.76,-0.6867
2011-10-10,2278.65,3.4452
2011-10-11,2294.92,0.714
2011-10-12,2307.18,0.5342
2011-10-13,2326.88,0.8539
2011-10-14,2371.94,1.9365
2011-10-17,2334.38,-1.5835
2011-10-18,2364.87,1.3061
2011-10-19,2316.81,-2.0322
2011-10-20,2306.29,-0.4541
2011-10-21,2335.93,1.2852
2011-10-24,2384.42,2.0758
2011-10-25,2335.87,-2.0361
2011-10-26,2334.79,-0.0462
2011-10-27,2399.83,2.7857
2011-10-28,2401.29,0.0608
2011-10-31,2360.08,-1.7162
2011-11-01,2298.37,-2.6147
2011-11-02,2318.32,0.868
2011-11-03,2367.71,2.1304
2011-11-04,2356.32,-0.4811
2011-11-07,2371.04,0.6247
2011-11-08,2400.01,1.2218
2011-11-09,2314.1,-3.5796
2011-11-10,2312.07,-0.0877
2011-11-11,2355.78,1.8905
2011-11-14,2341.32,-0.6138
2011-11-15,2366.24,1.0644
2011-11-16,2324.37,-1.7695
2011-11-17,2272.09,-2.2492
2011-11-18,2253.95,-0.7984
2011-11-21,2211.14,-1.8993
2011-11-22,2216.33,0.2347
2011-11-23,2166.54,-2.2465
2011-11-25,2150.88,-0.7228
2011-11-28,2224.22,3.4098
2011-11-29,2211.39,-0.5768
2011-11-30,2295.2,3.7899
2011-12-01,2309.2,0.61
2011-12-02,2302.04,-0.3101
2011-12-05,2326.95,1.0821
2011-12-06,2321.49,-0.2346
2011-12-07,2320.54,-0.0409
2011-12-08,2282.59,-1.6354
2011-12-09,2318.68,1.5811
2011-12-12,2292.24,-1.1403
2011-12-13,2268.37,-1.0413
2011-12-14,2233.03,-1.5579
2011-12-15,2226.71,-0.283
2011-12-16,2238.18,0.5151
2011-12-19,2215.27,-1.0236
2011-12-20,2281.94,3.0096
2011-12-21,2249.03,-1.4422
2011-12-22,2266.77,0.7888
2011-12-23,2287.57,0.9176
2011-12-27,2293.12,0.2426
2011-12-28,2267.08,-1.1356
2011-12-29,2285.07,0.7935
2011-12-30,2277.83,-0.3168
2012-01-03,2321.96,1.9374
2012-01-04,2329.71,0.3338
2012-01-05,2348.98,0.8271
2012-01-06,2356.17,0.3061
2012-01-09,2350.65,-0.2343
2012-01-10,2367.38,0.7117
2012-01-11,2372.25,0.2057
2012-01-12,2381.99,0.4106
2012-01-13,2371.98,-0.4202
2012-01-17,2393.24,0.8963
2012-01-18,2425.96,1.3672
2012-01-19,2441.7,0.6488
2012-01-20,2437.02,-0.1917
2012-01-23,2437.22,0.0082
2012-01-24,2433.96,-0.1338
2012-01-25,2465.66,1.3024
2012-01-26,2454.63,-0.4473
2012-01-27,2461.77,0.2909
2012-01-30,2465.32,0.1442
2012-01-31,2467.95,0.1067
2012-02-01,2488.18,0.8197
2012-02-02,2495.83,0.3075
2012-02-03,2529.17,1.3358
2012-02-06,2528.3,-0.0344
2012-02-07,2532.06,0.1487
2012-02-08,2545.72,0.5395
2012-02-09,2563.93,0.7153
2012-02-10,2547.32,-0.6478
2012-02-13,2569.49,0.8703
2012-02-14,2575.24,0.2238
2012-02-15,2556.01,-0.7467
2012-02-16,2592.29,1.4194
2012-02-17,2584.24,-0.3105
2012-02-21,2590.24,0.2322
2012-02-22,2579.78,-0.4038
2012-02-23,2594.93,0.5873
2012-02-24,2604.21,0.3576
2012-02-27,2606.76,0.0979
2012-02-28,2633.46,1.0243
2012-02-29,2623.1,-0.3934
2012-03-01,2643.54,0.7792
2012-03-02,2641.58,-0.0741
2012-03-05,2614.92,-1.0092
2012-03-06,2588.95,-0.9931
2012-03-07,2607.85,0.73
2012-03-08,2637.18,1.1247
2012-03-09,2646.85,0.3667
2012-03-12,2646.85,0.0
2012-03-13,2697.43,1.911
2012-03-14,2708.41,0.4071
2012-03-15,2714.79,0.2356
2012-03-16,2712.78,-0.074
2012-03-19,2733.26,0.7549
2012-03-20,2737.63,0.1599
2012-03-21,2736.88,-0.0274
2012-03-22,2731.5,-0.1966
2012-03-23,2728.55,-0.108
2012-03-26,2778.02,1.8131
2012-03-27,2782.12,0.1476
2012-03-28,2770.97,-0.4008
2012-03-29,2762.05,-0.3219
2012-03-30,2755.27,-0.2455
2012-04-02,2784.42,1.058
2012-04-03,2782.78,-0.0589
2012-04-04,2745.0,-1.3576
2012-04-05,2762.5,0.6375
2012-04-09,2739.98,-0.8152
2012-04-10,2695.12,-1.6372
2012-04-11,2708.13,0.4827
2012-04-12,2740.26,1.1864
2012-04-13,2698.99,-1.5061
2012-04-16,2670.1,-1.0704
2012-04-17,2723.58,2.0029
2012-04-18,2716.14,-0.2732
2012-04-19,2686.82,-1.0795
2012-04-20,2676.04,-0.4012
2012-04-23,2653.5,-0.8423
2012-04-24,2638.73,-0.5566
2012-04-25,2709.62,2.6865
2012-04-26,2725.23,0.5761
2012-04-27,2741.34,0.5911
2012-04-30,2723.68,-0.6442
2012-05-01,2726.92,0.119
2012-05-02,2734.77,0.2879
2012-05-03,2704.59,-1.1036
2012-05-04,2637.92,-2.4651
2012-05-07,2639.28,0.0516
2012-05-08,2629.87,-0.3565
2012-05-09,2621.35,-0.324
2012-05-10,2616.24,-0.1949
2012-05-11,2615.98,-0.0099
2012-05-14,2590.28,-0.9824
2012-05-15,2580.75,-0.3679
2012-05-16,2561.56,-0.7436
2012-05-17,2509.05,-2.0499
2012-05-18,2478.53,-1.2164
2012-05-21,2545.43,2.6992
2012-05-22,2539.2,-0.2448
2012-05-23,2547.08,0.3103
2012-05-24,2531.35,-0.6176
2012-05-25,2527.05,-0.1699
2012-05-29,2558.97,1.2631
2012-05-30,2537.4,-0.8429
2012-05-31,2524.87,-0.4938
2012-06-01,2458.83,-2.6156
2012-06-04,2478.13,0.7849
2012-06-05,2487.5,0.3781
2012-06-06,2546.32,2.3646
2012-06-07,2535.41,-0.4285
2012-06-08,2559.21,0.9387
2012-06-11,2517.18,-1.6423
2012-06-12,2546.2,1.1529
2012-06-13,2527.44,-0.7368
2012-06-14,2539.97,0.4958
2012-06-15,2571.23,1.2307
2012-06-18,2592.52,0.828
2012-06-19,2620.83,1.092
2012-06-20,2623.33,0.0954
2012-06-21,2556.96,-2.53
2012-06-22,2585.53,1.1173
2012-06-25,2533.54,-2.0108
2012-06-26,2549.84,0.6434
2012-06-27,2565.53,0.6153
2012-06-28,2536.65,-1.1257
2012-06-29,2615.72,3.1171
2012-07-02,2625.03,0.3559
2012-07-03,2645.84,0.7928
2012-07-05,2647.47,0.0616
2012-07-06,2612.29,-1.3288
2012-07-09,2610.31,-0.0758
2012-07-10,2585.52,-0.9497
2012-07-11,2570.99,-0.562
2012-07-12,2545.3,-0.9992
2012-07-13,2584.97,1.5586
2012-07-16,2577.05,-0.3064
2012-07-17,2591.65,0.5665
2012-07-18,2625.87,1.3204
2012-07-19,2655.81,1.1402
2012-07-20,2618.04,-1.4222
2012-07-23,2589.93,-1.0737
2012-07-24,2567.46,-0.8676
2012-07-25,2549.2,-0.7112
2012-07-26,2584.85,1.3985
2012-07-27,2647.03,2.4056
2012-07-30,2642.12,-0.1855
2012-07-31,2642.53,0.0155
2012-08-01,2635.13,-0.28
2012-08-02,2625.52,-0.3647
2012-08-03,2676.0,1.9227
2012-08-06,2694.09,0.676
2012-08-07,2717.16,0.8563
2012-08-08,2714.02,-0.1156
2012-08-09,2719.61,0.206
2012-08-10,2722.96,0.1232
2012-08-13,2728.68,0.2101
2012-08-14,2727.79,-0.0326
2012-08-15,2735.47,0.2815
2012-08-16,2768.09,1.1925
2012-08-17,2780.3,0.4411
2012-08-20,2784.33,0.1449
2012-08-21,2772.2,-0.4357
2012-08-22,2783.42,0.4047
2012-08-23,2762.02,-0.7688
2012-08-24,2778.05,0.5804
2012-08-27,2782.55,0.162
2012-08-28,2782.69,0.005
2012-08-29,2784.0,0.0471
2012-08-30,2753.74,-1.0869
2012-08-31,2772.24,0.6718
2012-09-04,2772.03,-0.0076
2012-09-05,2766.95,-0.1833
2012-09-06,2829.71,2.2682
2012-09-07,2825.11,-0.1626
2012-09-10,2788.35,-1.3012
2012-09-11,2784.89,-0.1241
2012-09-12,2791.68,0.2438
2012-09-13,2831.35,1.421
2012-09-14,2855.23,0.8434
2012-09-17,2856.44,0.0424
2012-09-18,2857.38,0.0329
2012-09-19,2864.03,0.2327
2012-09-20,2861.7,-0.0814
2012-09-21,2861.64,-0.0021
2012-09-24,2843.98,-0.6171
2012-09-25,2804.53,-1.3871
2012-09-26,2781.63,-0.8165
2012-09-27,2821.6,1.4369
2012-09-28,2799.19,-0.7942
2012-10-01,2794.28,-0.1754
2012-10-02,2799.29,0.1793
2012-10-03,2818.84,0.6984
2012-10-04,2828.6,0.3462
2012-10-05,2811.94,-0.589
2012-10-08,2786.92,-0.8898
2012-10-09,2741.92,-1.6147
2012-10-10,2728.54,-0.488
2012-10-11,2719.21,-0.3419
2012-10-12,2720.14,0.0342
2012-10-15,2739.87,0.7253
2012-10-16,2778.38,1.4055
2012-10-17,2775.62,-0.0993
2012-10-18,2744.17,-1.1331
2012-10-19,2678.32,-2.3996
2012-10-22,2694.56,0.6064
2012-10-23,2666.02,-1.0592
2012-10-24,2655.55,-0.3927
2012-10-25,2657.66,0.0795
2012-10-26,2665.83,0.3074
2012-10-31,2647.92,-0.6718
2012-11-01,2687.52,1.4955
2012-11-02,2656.28,-1.1624
2012-11-05,2672.91,0.6261
2012-11-06,2681.05,0.3045
2012-11-07,2612.69,-2.5497
2012-11-08,2572.57,-1.5356
2012-11-09,2584.1,0.4482
2012-11-12,2582.77,-0.0515
2012-11-13,2561.86,-0.8096
2012-11-14,2531.87,-1.1706
2012-11-15,2524.36,-0.2966
2012-11-16,2534.16,0.3882
2012-11-19,2595.83,2.4335
2012-11-20,2594.66,-0.0451
2012-11-21,2600.48,0.2243
2012-11-23,2639.59,1.504
2012-11-26,2651.67,0.4576
2012-11-27,2641.42,-0.3865
2012-11-28,2665.27,0.9029
2012-11-29,2680.03,0.5538
2012-11-30,2677.88,-0.0802
2012-12-03,2671.84,-0.2256
2012-12-04,2667.89,-0.1478
2012-12-05,2637.89,-1.1245
2012-12-06,2656.3,0.6979
2012-12-07,2640.54,-0.5933
2012-12-10,2647.57,0.2662
2012-12-11,2682.07,1.3031
2012-12-12,2674.57,-0.2796
2012-12-13,2654.01,-0.7687
2012-12-14,2628.09,-0.9766
2012-12-17,2664.26,1.3763
2012-12-18,2705.39,1.5438
2012-12-19,2690.99,-0.5323
2012-12-20,2693.55,0.0951
2012-12-21,2664.67,-1.0722
2012-12-24,2658.05,-0.2484
2012-12-26,2637.18,-0.7852
2012-12-27,2632.94,-0.1608
2012-12-28,2606.36,-1.0095
2012-12-31,2660.93,2.0937
2013-01-02,2746.47,3.2147
2013-01-03,2732.26,-0.5174
2013-01-04,2724.49,-0.2844
2013-01-07,2724.22,-0.0099
2013-01-08,2718.72,-0.2019
2013-01-09,2727.65,0.3285
2013-01-10,2744.18,0.606
2013-01-11,2748.26,0.1487
2013-01-14,2735.7,-0.457
2013-01-15,2722.98,-0.465
2013-01-16,2734.73,0.4315
2013-01-17,2747.15,0.4542
2013-01-18,2743.24,-0.1423
2013-01-22,2746.19,0.1075
2013-01-23,2762.17,0.5819
2013-01-24,2723.53,-1.3989
2013-01-25,2736.73,0.4847
2013-01-28,2742.43,0.2083
2013-01-29,2743.58,0.0419
2013-01-30,2738.71,-0.1775
2013-01-31,2731.53,-0.2622
2013-02-01,2763.96,1.1872
2013-02-04,2715.68,-1.7468
2013-02-05,2754.99,1.4475
2013-02-06,2746.35,-0.3136
2013-02-07,2746.5,0.0055
2013-02-08,2775.56,1.0581
2013-02-11,2774.64,-0.0331
2013-02-12,2762.62,-0.4332
2013-02-13,2773.77,0.4036
2013-02-14,2771.43,-0.0844
2013-02-15,2764.67,-0.2439
2013-02-19,2782.86,0.6579
2013-02-20,2739.99,-1.5405
2013-02-21,2711.51,-1.0394
2013-02-22,2737.28,0.9504
2013-02-25,2700.97,-1.3265
2013-02-26,2713.02,0.4461
2013-02-27,2741.26,1.0409
2013-02-28,2738.58,-0.0978
2013-03-01,2747.75,0.3348
2013-03-04,2759.53,0.4287
2013-03-05,2799.25,1.4394
2013-03-06,2792.56,-0.239
2013-03-07,2799.49,0.2482
2013-03-08,2804.11,0.165
2013-03-11,2811.86,0.2764
2013-03-12,2800.81,-0.393
2013-03-13,2798.68,-0.076
2013-03-14,2807.3,0.308
2013-03-15,2799.41,-0.2811
2013-03-18,2792.3,-0.254
2013-03-19,2787.27,-0.1801
2013-03-20,2805.91,0.6688
2013-03-21,2774.85,-1.1069
2013-03-22,2800.81,0.9355
2013-03-25,2789.45,-0.4056
2013-03-26,2806.5,0.6112
2013-03-27,2809.98,0.124
2013-03-28,2818.69,0.31
2013-04-01,2797.07,-0.767
2013-04-02,2820.62,0.842
2013-04-03,2795.04,-0.9069
2013-04-04,2794.92,-0.0043
2013-04-05,2771.75,-0.829
2013-04-08,2786.13,0.5188
2013-04-09,2804.67,0.6654
2013-04-10,2859.21,1.9446
2013-04-11,2859.07,-0.0049
2013-04-12,2856.48,-0.0906
2013-04-15,2797.47,-2.0658
2013-04-16,2838.41,1.4635
2013-04-17,2781.98,-1.9881
2013-04-18,2741.95,-1.4389
2013-04-19,2780.46,1.4045
2013-04-22,2810.07,1.0649
2013-04-23,2835.37,0.9003
2013-04-24,2834.12,-0.0441
2013-04-25,2848.66,0.513
2013-04-26,2840.55,-0.2847
2013-04-29,2866.95,0.9294
2013-04-30,2887.44,0.7147
2013-05-01,2873.35,-0.488
2013-05-02,2911.14,1.3152
2013-05-03,2944.59,1.149
2013-05-06,2955.36,0.3658
2013-05-07,2952.88,-0.0839
2013-05-08,2968.24,0.5202
2013-05-09,2961.12,-0.2399
2013-05-10,2981.02,0.672
2013-05-13,2982.09,0.0359
2013-05-14,2996.05,0.4681
2013-05-15,3002.62,0.2193
2013-05-16,2999.34,-0.1092
2013-05-17,3028.96,0.9876
2013-05-20,3020.97,-0.2638
2013-05-21,3026.45,0.1814
2013-05-22,2999.13,-0.9027
2013-05-23,2991.45,-0.2561
2013-05-24,2991.02,-0.0144
2013-05-28,3011.94,0.6994
2013-05-29,2994.82,-0.5684
2013-05-30,3011.83,0.568
2013-05-31,2981.76,-0.9984
2013-06-03,2990.79,0.3028
2013-06-04,2973.69,-0.5718
2013-06-05,2937.14,-1.2291
2013-06-06,2950.3,0.4481
2013-06-07,2990.87,1.3751
2013-06-10,2990.49,-0.0127
2013-06-11,2959.84,-1.0249
2013-06-12,2926.14,-1.1386
2013-06-13,2962.9,1.2563
2013-06-14,2943.86,-0.6426
2013-06-17,2971.26,0.9308
2013-06-18,2996.09,0.8357
2013-06-19,2959.5,-1.2213
2013-06-20,2890.33,-2.3372
2013-06-21,2877.94,-0.4287
2013-06-24,2848.2,-1.0334
2013-06-25,2866.5,0.6425
2013-06-26,2893.85,0.9541
2013-06-27,2906.84,0.4489
2013-06-28,2909.6,0.0949
2013-07-01,2927.35,0.61
2013-07-02,2929.63,0.0779
2013-07-03,2941.41,0.4021
2013-07-05,2963.22,0.7415
2013-07-08,2966.13,0.0982
2013-07-09,2984.32,0.6133
2013-07-10,3000.66,0.5475
2013-07-11,3059.46,1.9596
2013-07-12,3079.07,0.641
2013-07-15,3079.85,0.0253
2013-07-16,3077.47,-0.0773
2013-07-17,3085.28,0.2538
2013-07-18,3077.82,-0.2418
2013-07-19,3044.93,-1.0686
2013-07-22,3055.23,0.3383
2013-07-23,3031.4,-0.78
2013-07-24,3041.16,0.322
2013-07-25,3061.67,0.6744
2013-07-26,3076.23,0.4756
2013-07-29,3068.95,-0.2367
2013-07-30,3085.33,0.5337
2013-07-31,3090.19,0.1575
2013-08-01,3126.3,1.1685
2013-08-02,3143.52,0.5508
2013-08-05,3143.19,-0.0105
2013-08-06,3122.2,-0.6678
2013-08-07,3118.69,-0.1124
2013-08-08,3130.13,0.3668
2013-08-09,3118.57,-0.3693
2013-08-12,3125.93,0.236
2013-08-13,3141.06,0.484
2013-08-14,3129.45,-0.3696
2013-08-15,3076.23,-1.7006
2013-08-16,3073.91,-0.0754
2013-08-19,3069.76,-0.135
2013-08-20,3082.17,0.4043
2013-08-21,3071.47,-0.3472
2013-08-22,3101.82,0.9881
2013-08-23,3124.27,0.7238
2013-08-26,3122.67,-0.0512
2013-08-27,3059.58,-2.0204
2013-08-28,3072.17,0.4115
2013-08-29,3093.36,0.6897
2013-08-30,3073.81,-0.632
2013-09-03,3091.76,0.584
2013-09-04,3124.54,1.0602
2013-09-05,3129.94,0.1728
2013-09-06,3133.38,0.1099
2013-09-09,3169.93,1.1665
2013-09-10,3185.07,0.4776
2013-09-11,3179.86,-0.1636
2013-09-12,3175.57,-0.1349
2013-09-13,3178.28,0.0853
2013-09-16,3168.69,-0.3017
2013-09-17,3190.83,0.6987
2013-09-18,3231.31,1.2686
2013-09-19,3237.61,0.195
2013-09-20,3224.73,-0.3978
2013-09-23,3219.34,-0.1671
2013-09-24,3218.66,-0.0211
2013-09-25,3208.55,-0.3141
2013-09-26,3234.04,0.7944
2013-09-27,3230.3,-0.1156
2013-09-30,3218.2,-0.3746
2013-10-01,3253.05,1.0829
2013-10-02,3253.26,0.0065
2013-10-03,3213.83,-1.212
2013-10-04,3242.57,0.8943
2013-10-07,3215.69,-0.829
2013-10-08,3153.87,-1.9224
2013-10-09,3142.54,-0.3592
2013-10-10,3210.84,2.1734
2013-10-11,3233.83,0.716
2013-10-14,3256.02,0.6862
2013-10-15,3244.66,-0.3489
2013-10-16,3281.67,1.1406
2013-10-17,3301.28,0.5976
2013-10-18,3353.88,1.5933
2013-10-21,3361.18,0.2177
2013-10-22,3366.93,0.1711
2013-10-23,3346.05,-0.6201
2013-10-24,3362.38,0.488
2013-10-25,3383.83,0.6379
2013-10-28,3382.68,-0.034
2013-10-29,3391.75,0.2681
2013-10-30,3385.38,-0.1878
2013-10-31,3377.73,-0.226
2013-11-01,3379.76,0.0601
2013-11-04,3384.75,0.1476
2013-11-05,3388.82,0.1202
2013-11-06,3385.38,-0.1015
2013-11-07,3321.41,-1.8896
2013-11-08,3366.84,1.3678
2013-11-11,3362.98,-0.1146
2013-11-12,3365.23,0.0669
2013-11-13,3405.56,1.1984
2013-11-14,3415.14,0.2813
2013-11-15,3422.58,0.2179
2013-11-18,3388.87,-0.9849
2013-11-19,3378.13,-0.3169
2013-11-20,3367.17,-0.3244
2013-11-21,3402.74,1.0564
2013-11-22,3422.02,0.5666
2013-11-25,3427.49,0.1598
2013-11-26,3445.76,0.533
2013-11-27,3470.48,0.7174
2013-11-29,3487.82,0.4996
2013-12-02,3481.15,-0.1912
2013-12-03,3479.34,-0.052
2013-12-04,3483.01,0.1055
2013-12-05,3477.73,-0.1516
2013-12-06,3504.26,0.7629
2013-12-09,3516.17,0.3399
2013-12-10,3514.2,-0.056
2013-12-11,3468.99,-1.2865
2013-12-12,3460.29,-0.2508
2013-12-13,3456.4,-0.1124
2013-12-16,3475.79,0.561
2013-12-17,3469.32,-0.1861
2013-12-18,3509.63,1.1619
2013-12-19,3498.63,-0.3134
2013-12-20,3531.19,0.9306
2013-12-23,3569.4,1.0821
2013-12-24,3572.8,0.0953
2013-12-26,3584.58,0.3297
2013-12-27,3574.02,-0.2946
2013-12-30,3570.08,-0.1102
2013-12-31,3592.0,0.614
2014-01-02,3563.57,-0.7915
2014-01-03,3538.73,-0.6971
2014-01-06,3526.96,-0.3326
2014-01-07,3557.85,0.8758
2014-01-08,3567.54,0.2724
2014-01-09,3552.58,-0.4193
2014-01-10,3565.08,0.3519
2014-01-13,3512.8,-1.4664
2014-01-14,3580.65,1.9315
2014-01-15,3609.84,0.8152
2014-01-16,3611.29,0.0402
2014-01-17,3591.25,-0.5549
2014-01-21,3617.7,0.7365
2014-01-22,3627.72,0.277
2014-01-23,3613.76,-0.3848
2014-01-24,3541.48,-2.0001
2014-01-27,3509.02,-0.9166
2014-01-28,3505.72,-0.094
2014-01-29,3467.82,-1.0811
2014-01-30,3532.41,1.8626
2014-01-31,3521.92,-0.297
2014-02-03,3440.5,-2.3118
2014-02-04,3470.2,0.8632
2014-02-05,3454.9,-0.4409
2014-02-06,3497.6,1.2359
2014-02-07,3561.91,1.8387
2014-02-10,3582.11,0.5671
2014-02-11,3621.72,1.1058
2014-02-12,3627.36,0.1557
2014-02-13,3659.56,0.8877
2014-02-14,3663.88,0.118
2014-02-18,3679.43,0.4244
2014-02-19,3652.85,-0.7224
2014-02-20,3671.93,0.5223
2014-02-21,3662.6,-0.2541
2014-02-24,3685.81,0.6337
2014-02-25,3679.14,-0.181
2014-02-26,3676.6,-0.069
2014-02-27,3699.8,0.631
2014-02-28,3696.1,-0.1
2014-03-03,3668.37,-0.7503
2014-03-04,3719.93,1.4055
2014-03-05,3727.19,0.1952
2014-03-06,3720.93,-0.168
2014-03-07,3703.4,-0.4711
2014-03-10,3706.34,0.0794
2014-03-11,3691.5,-0.4004
2014-03-12,3707.06,0.4215
2014-03-13,3651.49,-1.499
2014-03-14,3627.87,-0.6469
2014-03-17,3662.51,0.9548
2014-03-18,3706.62,1.2044
2014-03-19,3682.74,-0.6443
2014-03-20,3693.97,0.3049
2014-03-21,3653.07,-1.1072
2014-03-24,3617.39,-0.9767
2014-03-25,3629.73,0.3411
2014-03-26,3582.89,-1.2905
2014-03-27,3563.13,-0.5515
2014-03-28,3571.49,0.2346
2014-03-31,3595.74,0.679
2014-04-01,3658.4,1.7426
2014-04-02,3665.99,0.2075
2014-04-03,3637.58,-0.775
2014-04-04,3539.38,-2.6996
2014-04-07,3507.75,-0.8937
2014-04-08,3538.23,0.8689
2014-04-09,3600.44,1.7582
2014-04-10,3487.76,-3.1296
2014-04-11,3446.85,-1.173
2014-04-14,3474.63,0.806
2014-04-15,3487.85,0.3805
2014-04-16,3533.09,1.2971
2014-04-17,3534.53,0.0408
2014-04-21,3559.95,0.7192
2014-04-22,3588.81,0.8107
2014-04-23,3557.04,-0.8853
2014-04-24,3591.03,0.9556
2014-04-25,3533.1,-1.6132
2014-04-28,3545.03,0.3377
2014-04-29,3573.99,0.8169
2014-04-30,3582.02,0.2247
2014-05-01,3594.36,0.3445
2014-05-02,3587.64,-0.187
2014-05-05,3605.09,0.4864
2014-05-06,3556.51,-1.3475
2014-05-07,3546.47,-0.2823
2014-05-08,3540.42,-0.1706
2014-05-09,3555.7,0.4316
2014-05-12,3612.73,1.6039
2014-05-13,3611.13,-0.0443
2014-05-14,3593.25,-0.4951
2014-05-15,3565.17,-0.7815
2014-05-16,3587.2,0.6179
2014-05-19,3615.62,0.7923
2014-05-20,3600.31,-0.4234
2014-05-21,3635.61,0.9805
2014-05-22,3650.86,0.4195
2014-05-23,3677.33,0.725
2014-05-27,3723.07,1.2438
2014-05-28,3712.26,-0.2904
2014-05-29,3735.72,0.632
2014-05-30,3736.82,0.0294
2014-06-02,3732.96,-0.1033
2014-06-03,3730.07,-0.0774
2014-06-04,3743.59,0.3625
2014-06-05,3776.95,0.8911
2014-06-06,3794.57,0.4665
2014-06-09,3795.74,0.0308
2014-06-10,3800.86,0.1349
2014-06-11,3797.85,-0.0792
2014-06-12,3763.8,-0.8966
2014-06-13,3775.56,0.3125
2014-06-16,3779.93,0.1157
2014-06-17,3781.32,0.0368
2014-06-18,3804.61,0.6159
2014-06-19,3800.8,-0.1001
2014-06-20,3802.64,0.0484
2014-06-23,3805.31,0.0702
2014-06-24,3799.53,-0.1519
2014-06-25,3827.33,0.7317
2014-06-26,3826.91,-0.011
2014-06-27,3844.44,0.4581
2014-06-30,3849.48,0.1311
2014-07-01,3894.33,1.1651
2014-07-02,3899.27,0.1269
2014-07-03,3923.01,0.6088
2014-07-07,3910.71,-0.3135
2014-07-08,3864.07,-1.1926
2014-07-09,3892.91,0.7464
2014-07-10,3880.04,-0.3306
2014-07-11,3904.58,0.6325
2014-07-14,3929.46,0.6372
2014-07-15,3914.46,-0.3817
2014-07-16,3932.33,0.4565
2014-07-17,3878.01,-1.3814
2014-07-18,3939.89,1.5957
2014-07-21,3934.14,-0.1459
2014-07-22,3961.62,0.6985
2014-07-23,3986.19,0.6202
2014-07-24,3983.19,-0.0753
2014-07-25,3965.17,-0.4524
2014-07-28,3967.24,0.0522
2014-07-29,3959.03,-0.2069
2014-07-30,3976.07,0.4304
2014-07-31,3892.5,-2.1018
2014-08-01,3879.67,-0.3296
2014-08-04,3908.77,0.7501
2014-08-05,3874.94,-0.8655
2014-08-06,3874.27,-0.0173
2014-08-07,3857.94,-0.4215
2014-08-08,3888.09,0.7815
2014-08-11,3910.46,0.5753
2014-08-12,3905.23,-0.1337
2014-08-13,3949.2,1.1259
2014-08-14,3969.11,0.5042
2014-08-15,3987.51,0.4636
2014-08-18,4020.5,0.8273
2014-08-19,4040.13,0.4882
2014-08-20,4040.71,0.0144
2014-08-21,4047.03,0.1564
2014-08-22,4052.75,0.1413
2014-08-25,4067.48,0.3635
2014-08-26,4071.67,0.103
2014-08-27,4073.18,0.0371
2014-08-28,4066.27,-0.1696
2014-08-29,4082.56,0.4006
2014-09-02,4095.81,0.3246
2014-09-03,4070.96,-0.6067
2014-09-04,4066.13,-0.1186
2014-09-05,4089.92,0.5851
2014-09-08,4095.47,0.1357
2014-09-09,4061.88,-0.8202
2014-09-10,4094.97,0.8146
2014-09-11,4092.65,-0.0567
2014-09-12,4069.23,-0.5722
2014-09-15,4029.89,-0.9668
2014-09-16,4067.27,0.9276
2014-09-17,4073.57,0.1549
2014-09-18,4103.08,0.7244
2014-09-19,4100.09,-0.0729
2014-09-22,4061.23,-0.9478
2014-09-23,4051.57,-0.2379
2014-09-24,4094.31,1.0549
2014-09-25,4007.82,-2.1124
2014-09-26,4053.72,1.1453
2014-09-29,4047.18,-0.1613
2014-09-30,4049.45,0.0561
2014-10-01,3984.74,-1.598
2014-10-02,3985.87,0.0284
2014-10-03,4027.31,1.0397
2014-10-06,4016.27,-0.2741
2014-10-07,3958.59,-1.4362
2014-10-08,4041.12,2.0848
2014-10-09,3969.32,-1.7767
2014-10-10,3870.86,-2.4805
2014-10-13,3808.0,-1.6239
2014-10-14,3810.45,0.0643
2014-10-15,3785.97,-0.6424
2014-10-16,3765.28,-0.5465
2014-10-17,3815.47,1.333
2014-10-20,3870.08,1.4313
2014-10-21,3971.39,2.6178
2014-10-22,3949.59,-0.5489
2014-10-23,4012.27,1.587
2014-10-24,4042.02,0.7415
2014-10-27,4046.02,0.099
2014-10-28,4106.63,1.498
2014-10-29,4090.55,-0.3916
2014-10-30,4100.64,0.2467
2014-10-31,4158.21,1.4039
2014-11-03,4169.28,0.2662
2014-11-04,4156.23,-0.313
2014-11-05,4153.27,-0.0712
2014-11-06,4164.08,0.2603
2014-11-07,4160.5,-0.086
2014-11-10,4175.95,0.3713
2014-11-11,4187.16,0.2684
2014-11-12,4195.4,0.1968
2014-11-13,4213.48,0.4309
2014-11-14,4224.99,0.2732
2014-11-17,4213.79,-0.2651
2014-11-18,4242.19,0.674
2014-11-19,4222.66,-0.4604
2014-11-20,4242.09,0.4601
2014-11-21,4251.32,0.2176
2014-11-24,4284.32,0.7762
2014-11-25,4288.23,0.0913
2014-11-26,4317.99,0.694
2014-11-28,4337.79,0.4585
2014-12-01,4287.81,-1.1522
2014-12-02,4305.96,0.4233
2014-12-03,4312.93,0.1619
2014-12-04,4311.93,-0.0232
2014-12-05,4311.57,-0.0083
2014-12-08,4278.34,-0.7707
2014-12-09,4294.67,0.3817
2014-12-10,4224.87,-1.6253
2014-12-11,4246.48,0.5115
2014-12-12,4199.28,-1.1115
2014-12-15,4157.41,-0.9971
2014-12-16,4089.6,-1.6311
2014-12-17,4165.1,1.8461
2014-12-18,4267.77,2.465
2014-12-19,4281.78,0.3283
2014-12-22,4293.67,0.2777
2014-12-23,4279.3,-0.3347
2014-12-24,4283.1,0.0888
2014-12-26,4314.09,0.7235
2014-12-29,4312.64,-0.0336
2014-12-30,4282.35,-0.7024
2014-12-31,4236.28,-1.0758
2015-01-02,4230.24,-0.1426
2015-01-05,4160.96,-1.6377
2015-01-06,4110.83,-1.2048
2015-01-07,4160.0,1.1961
2015-01-08,4240.55,1.9363
2015-01-09,4213.28,-0.6431
2015-01-12,4169.97,-1.0279
2015-01-13,4166.2,-0.0904
2015-01-14,4145.84,-0.4887
2015-01-15,4089.65,-1.3553
2015-01-16,4142.14,1.2835
2015-01-20,4171.21,0.7018
2015-01-21,4192.09,0.5006
2015-01-22,4270.36,1.8671
2015-01-23,4278.14,0.1822
2015-01-26,4275.72,-0.0566
2015-01-27,4165.5,-2.5778
2015-01-28,4140.38,-0.603
2015-01-29,4181.35,0.9895
2015-01-30,4148.43,-0.7873
2015-02-02,4188.59,0.9681
2015-02-03,4229.15,0.9683
2015-02-04,4221.2,-0.188
2015-02-05,4256.18,0.8287
2015-02-06,4228.68,-0.6461
2015-02-09,4216.09,-0.2977
2015-02-10,4281.16,1.5434
2015-02-11,4297.28,0.3765
2015-02-12,4347.97,1.1796
2015-02-13,4384.03,0.8294
2015-02-17,4385.34,0.0299
2015-02-18,4390.91,0.127
2015-02-19,4411.86,0.4771
2015-02-20,4443.05,0.707
2015-02-23,4449.49,0.1449
2015-02-24,4451.03,0.0346
2015-02-25,4440.59,-0.2346
2015-02-26,4462.27,0.4882
2015-02-27,4440.67,-0.4841
2015-03-02,4483.05,0.9544
2015-03-03,4458.78,-0.5414
2015-03-04,4445.36,-0.301
2015-03-05,4452.06,0.1507
2015-03-06,4399.23,-1.1866
2015-03-09,4412.99,0.3128
2015-03-10,4329.08,-1.9014
2015-03-11,4305.38,-0.5475
2015-03-12,4336.23,0.7165
2015-03-13,4314.9,-0.4919
2015-03-16,4370.47,1.2879
2015-03-17,4375.63,0.1181
2015-03-18,4422.5,1.0712
2015-03-19,4426.82,0.0977
2015-03-20,4458.54,0.7165
2015-03-23,4445.54,-0.2916
2015-03-24,4430.99,-0.3273
2015-03-25,4329.29,-2.2952
2015-03-26,4315.26,-0.3241
2015-03-27,4332.86,0.4079
2015-03-30,4382.82,1.153
2015-03-31,4333.69,-1.121
2015-04-01,4311.26,-0.5176
2015-04-02,4316.01,0.1102
2015-04-06,4350.98,0.8102
2015-04-07,4344.08,-0.1586
2015-04-08,4375.96,0.7339
2015-04-09,4403.95,0.6396
2015-04-10,4422.02,0.4103
2015-04-13,4409.21,-0.2897
2015-04-14,4397.64,-0.2624
2015-04-15,4424.53,0.6115
2015-04-16,4418.83,-0.1288
2015-04-17,4351.8,-1.5169
2015-04-20,4417.4,1.5074
2015-04-21,4435.98,0.4206
2015-04-22,4460.81,0.5597
2015-04-23,4477.07,0.3645
2015-04-24,4536.78,1.3337
2015-04-27,4525.04,-0.2588
2015-04-28,4515.27,-0.2159
2015-04-29,4488.15,-0.6006
2015-04-30,4414.25,-1.6466
2015-05-01,4479.06,1.4682
2015-05-04,4482.61,0.0793
2015-05-05,4409.39,-1.6334
2015-05-06,4379.75,-0.6722
2015-05-07,4401.55,0.4977
2015-05-08,4458.65,1.2973
2015-05-11,4438.64,-0.4488
2015-05-12,4420.65,-0.4053
2015-05-13,4426.56,0.1337
2015-05-14,4495.04,1.547
2015-05-15,4494.29,-0.0167
2015-05-18,4512.95,0.4152
2015-05-19,4503.72,-0.2045
2015-05-20,4505.3,0.0351
2015-05-21,4529.47,0.5365
2015-05-22,4527.16,-0.051
2015-05-26,4472.96,-1.1972
2015-05-27,4546.06,1.6343
2015-05-28,4535.66,-0.2288
2015-05-29,4508.25,-0.6043
2015-06-01,4521.85,0.3017
2015-06-02,4508.89,-0.2866
2015-06-03,4519.86,0.2433
2015-06-04,4487.03,-0.7263
2015-06-05,4477.19,-0.2193
2015-06-08,4431.51,-1.0203
2015-06-09,4427.61,-0.088
2015-06-10,4485.46,1.3066
2015-06-11,4488.47,0.0671
2015-06-12,4453.79,-0.7726
2015-06-15,4432.92,-0.4686
2015-06-16,4455.9,0.5184
2015-06-17,4468.98,0.2935
2015-06-18,4531.85,1.4068
2015-06-19,4513.42,-0.4067
2015-06-22,4544.04,0.6784
2015-06-23,4548.74,0.1034
2015-06-24,4524.6,-0.5307
2015-06-25,4514.01,-0.2341
2015-06-26,4484.28,-0.6586
2015-06-29,4379.87,-2.3284
2015-06-30,4396.76,0.3856
2015-07-01,4429.23,0.7385
2015-07-02,4433.39,0.0939
2015-07-06,4418.66,-0.3323
2015-07-07,4429.06,0.2354
2015-07-08,4351.58,-1.7494
2015-07-09,4352.03,0.0103
2015-07-10,4420.15,1.5652
2015-07-13,4494.47,1.6814
2015-07-14,4523.47,0.6452
2015-07-15,4528.36,0.1081
2015-07-16,4594.9,1.4694
2015-07-17,4661.6,1.4516
2015-07-20,4679.68,0.3878
2015-07-21,4674.41,-0.1126
2015-07-22,4623.24,-1.0947
2015-07-23,4602.83,-0.4415
2015-07-24,4557.37,-0.9877
2015-07-27,4519.09,-0.84
2015-07-28,4560.23,0.9104
2015-07-29,4581.6,0.4686
2015-07-30,4598.59,0.3708
2015-07-31,4588.91,-0.2105
2015-08-03,4580.46,-0.1841
2015-08-04,4567.47,-0.2836
2015-08-05,4602.24,0.7613
2015-08-06,4528.51,-1.602
2015-08-07,4520.08,-0.1862
2015-08-10,4573.11,1.1732
2015-08-11,4513.99,-1.2928
2015-08-12,4528.19,0.3146
2015-08-13,4519.32,-0.1959
2015-08-14,4530.74,0.2527
2015-08-17,4566.37,0.7864
2015-08-18,4542.07,-0.5322
2015-08-19,4510.9,-0.6863
2015-08-20,4385.13,-2.7881
2015-08-21,4197.27,-4.284
2015-08-24,4038.6,-3.7803
2015-08-25,4016.32,-0.5517
2015-08-26,4219.6,5.0613
2015-08-27,4324.82,2.4936
2015-08-28,4329.12,0.0994
2015-08-31,4274.58,-1.2598
2015-09-01,4142.63,-3.0869
2015-09-02,4256.23,2.7422
2015-09-03,4234.65,-0.507
2015-09-04,4184.72,-1.1791
2015-09-08,4303.53,2.8391
2015-09-09,4253.45,-1.1637
2015-09-10,4296.3,1.0074
2015-09-11,4323.23,0.6268
2015-09-14,4308.76,-0.3347
2015-09-15,4360.28,1.1957
2015-09-16,4383.67,0.5364
2015-09-17,4384.96,0.0294
2015-09-18,4323.86,-1.3934
2015-09-21,4336.13,0.2838
2015-09-22,4274.1,-1.4305
2015-09-23,4273.53,-0.0133
2015-09-24,4261.1,-0.2909
2015-09-25,4224.74,-0.8533
2015-09-28,4103.47,-2.8705
2015-09-29,4083.37,-0.4898
2015-09-30,4181.06,2.3924
2015-10-01,4192.96,0.2846
2015-10-02,4267.45,1.7765
2015-10-05,4331.43,1.4993
2015-10-06,4306.7,-0.5709
2015-10-07,4333.46,0.6214
2015-10-08,4350.15,0.3851
2015-10-09,4370.01,0.4565
2015-10-12,4382.56,0.2872
2015-10-13,4352.94,-0.6759
2015-10-14,4346.92,-0.1383
2015-10-15,4418.22,1.6402
2015-10-16,4438.62,0.4617
2015-10-19,4462.07,0.5283
2015-10-20,4438.18,-0.5354
2015-10-21,4413.52,-0.5556
2015-10-22,4503.22,2.0324
2015-10-23,4624.09,2.6841
2015-10-26,4630.85,0.1462
2015-10-27,4639.23,0.181
2015-10-28,4678.58,0.8482
2015-10-29,4670.76,-0.1671
2015-10-30,4648.83,-0.4695
2015-11-02,4703.92,1.185
2015-11-03,4719.05,0.3216
2015-11-04,4717.55,-0.0318
2015-11-05,4702.9,-0.3105
2015-11-06,4707.23,0.0921
2015-11-09,4655.52,-1.0985
2015-11-10,4641.73,-0.2962
2015-11-11,4636.94,-0.1032
2015-11-12,4588.93,-1.0354
2015-11-13,4502.14,-1.8913
2015-11-16,4565.47,1.4067
2015-11-17,4565.82,0.0077
2015-11-18,4653.44,1.919
2015-11-19,4655.35,0.041
2015-11-20,4686.36,0.6661
2015-11-23,4674.79,-0.2469
2015-11-24,4669.41,-0.1151
2015-11-25,4672.88,0.0743
2015-11-27,4680.47,0.1624
2015-11-30,4664.51,-0.341
2015-12-01,4716.16,1.1073
2015-12-02,4686.22,-0.6348
2015-12-03,4606.75,-1.6958
2015-12-04,4716.12,2.3741
2015-12-07,4693.62,-0.4771
2015-12-08,4694.77,0.0245
2015-12-09,4622.14,-1.547
2015-12-10,4643.05,0.4524
2015-12-11,4537.56,-2.272
2015-12-14,4570.16,0.7184
2015-12-15,4597.33,0.5945
2015-12-16,4664.56,1.4624
2015-12-17,4598.14,-1.4239
2015-12-18,4514.83,-1.8118
2015-12-21,4560.55,1.0127
2015-12-22,4589.26,0.6295
2015-12-23,4624.59,0.7698
2015-12-24,4622.77,-0.0394
2015-12-28,4621.35,-0.0307
2015-12-29,4691.08,1.5089
2015-12-30,4652.01,-0.8329
2015-12-31,4593.27,-1.2627
2016-01-04,4497.86,-2.0772
2016-01-05,4484.18,-0.3041
2016-01-06,4443.99,-0.8963
2016-01-07,4305.72,-3.1114
2016-01-08,4270.78,-0.8115
2016-01-11,4283.55,0.299
2016-01-12,4333.72,1.1712
2016-01-13,4183.12,-3.4751
2016-01-14,4272.97,2.1479
2016-01-15,4141.08,-3.0866
2016-01-19,4147.07,0.1446
2016-01-20,4136.28,-0.2602
2016-01-21,4142.6,0.1528
2016-01-22,4259.77,2.8284
2016-01-25,4196.53,-1.4846
2016-01-26,4233.85,0.8893
2016-01-27,4128.86,-2.4798
2016-01-28,4186.06,1.3854
2016-01-29,4279.17,2.2243
2016-02-01,4286.56,0.1727
2016-02-02,4193.1,-2.1803
2016-02-03,4171.97,-0.5039
2016-02-04,4167.77,-0.1007
2016-02-05,4024.47,-3.4383
2016-02-08,3960.67,-1.5853
2016-02-09,3947.8,-0.3249
2016-02-10,3966.28,0.4681
2016-02-11,3962.22,-0.1024
2016-02-12,4019.19,1.4378
2016-02-16,4104.33,2.1183
2016-02-17,4199.1,2.309
2016-02-18,4151.49,-1.1338
2016-02-19,4164.09,0.3035
2016-02-22,4231.27,1.6133
2016-02-23,4162.54,-1.6243
2016-02-24,4200.66,0.9158
2016-02-25,4241.06,0.9618
2016-02-26,4235.62,-0.1283
2016-02-29,4201.12,-0.8145
2016-03-01,4333.61,3.1537
2016-03-02,4334.39,0.018
2016-03-03,4325.86,-0.1968
2016-03-04,4329.0,0.0726
2016-03-07,4303.33,-0.593
2016-03-08,4265.51,-0.8789
2016-03-09,4293.23,0.6499
2016-03-10,4286.97,-0.1458
2016-03-11,4361.83,1.7462
2016-03-14,4367.33,0.1261
2016-03-15,4367.08,-0.0057
2016-03-16,4404.2,0.85
2016-03-17,4400.26,-0.0895
2016-03-18,4410.83,0.2402
2016-03-21,4426.98,0.3661
2016-03-22,4437.62,0.2403
2016-03-23,4402.56,-0.7901
2016-03-24,4405.53,0.0675
2016-03-28,4398.07,-0.1693
2016-03-29,4467.72,1.5836
2016-03-30,4490.88,0.5184
2016-03-31,4483.66,-0.1608
2016-04-01,4532.08,1.0799
2016-04-04,4511.7,-0.4497
2016-04-05,4470.75,-0.9076
2016-04-06,4543.78,1.6335
2016-04-07,4475.29,-1.5073
2016-04-08,4474.93,-0.008
2016-04-11,4458.71,-0.3625
2016-04-12,4496.04,0.8372
2016-04-13,4554.72,1.3051
2016-04-14,4554.63,-0.002
2016-04-15,4543.16,-0.2518
2016-04-18,4569.31,0.5756
2016-04-19,4537.09,-0.7051
2016-04-20,4540.44,0.0738
2016-04-21,4540.8,0.0079
2016-04-22,4474.19,-1.4669
2016-04-25,4474.13,-0.0013
2016-04-26,4452.97,-0.4729
2016-04-27,4416.63,-0.8161
2016-04-28,4363.99,-1.1919
2016-04-29,4341.3,-0.5199
2016-05-02,4381.3,0.9214
2016-05-03,4341.39,-0.9109
2016-05-04,4312.01,-0.6767
2016-05-05,4309.48,-0.0587
2016-05-06,4330.17,0.4801
2016-05-09,4341.23,0.2554
2016-05-10,4402.04,1.4008
2016-05-11,4361.03,-0.9316
2016-05-12,4342.81,-0.4178
2016-05-13,4326.53,-0.3749
2016-05-16,4380.48,1.247
2016-05-17,4322.56,-1.3222
2016-05-18,4338.23,0.3625
2016-05-19,4315.58,-0.5221
2016-05-20,4362.9,1.0965
2016-05-23,4355.1,-0.1788
2016-05-24,4444.3,2.0482
2016-05-25,4476.43,0.7229
2016-05-26,4487.96,0.2576
2016-05-27,4512.54,0.5477
2016-05-31,4523.89,0.2515
2016-06-01,4520.07,-0.0844
2016-06-02,4531.35,0.2496
2016-06-03,4509.79,-0.4758
2016-06-06,4523.63,0.3069
2016-06-07,4513.09,-0.233
2016-06-08,4520.63,0.1671
2016-06-09,4512.69,-0.1756
2016-06-10,4461.05,-1.1443
2016-06-13,4422.76,-0.8583
2016-06-14,4424.91,0.0486
2016-06-15,4409.51,-0.348
2016-06-16,4424.23,0.3338
2016-06-17,4374.38,-1.1267
2016-06-20,4400.16,0.5893
2016-06-21,4413.4,0.3009
2016-06-22,4404.73,-0.1964
2016-06-23,4467.48,1.4246
2016-06-24,4285.7,-4.069
2016-06-27,4201.05,-1.9752
2016-06-28,4290.47,2.1285
2016-06-29,4364.74,1.731
2016-06-30,4417.7,1.2134
2016-07-01,4437.45,0.4471
2016-07-05,4410.75,-0.6017
2016-07-06,4444.7,0.7697
2016-07-07,4459.58,0.3348
2016-07-08,4528.36,1.5423
2016-07-11,4554.71,0.5819
2016-07-12,4577.61,0.5028
2016-07-13,4565.77,-0.2587
2016-07-14,4596.49,0.6728
2016-07-15,4589.83,-0.1449
2016-07-18,4619.68,0.6504
2016-07-19,4603.28,-0.355
2016-07-20,4657.2,1.1713
2016-07-21,4647.02,-0.2186
2016-07-22,4666.07,0.4099
2016-07-25,4665.93,-0.003
2016-07-26,4672.11,0.1324
2016-07-27,4702.88,0.6586
2016-07-28,4721.41,0.394
2016-07-29,4730.23,0.1868
2016-08-01,4756.04,0.5456
2016-08-02,4719.21,-0.7744
2016-08-03,4734.33,0.3204
2016-08-04,4743.81,0.2002
2016-08-05,4791.21,0.9992
2016-08-08,4784.74,-0.135
2016-08-09,4795.75,0.2301
2016-08-10,4783.39,-0.2577
2016-08-11,4803.31,0.4164
2016-08-12,4807.08,0.0785
2016-08-15,4827.12,0.4169
2016-08-16,4797.19,-0.62
2016-08-17,4805.45,0.1722
2016-08-18,4808.68,0.0672
2016-08-19,4806.14,-0.0528
2016-08-22,4808.56,0.0504
2016-08-23,4818.48,0.2063
2016-08-24,4783.49,-0.7262
2016-08-25,4775.43,-0.1685
2016-08-26,4783.69,0.173
2016-08-29,4791.09,0.1547
2016-08-30,4775.99,-0.3152
2016-08-31,4771.05,-0.1034
2016-09-01,4783.94,0.2702
2016-09-02,4798.74,0.3094
2016-09-06,4829.51,0.6412
2016-09-07,4831.86,0.0487
2016-09-08,4804.0,-0.5766
2016-09-09,4681.54,-2.5491
2016-09-12,4764.65,1.7753
2016-09-13,4722.85,-0.8773
2016-09-14,4746.06,0.4914
2016-09-15,4819.9,1.5558
2016-09-16,4818.05,-0.0384
2016-09-19,4796.07,-0.4562
2016-09-20,4805.22,0.1908
2016-09-21,4853.75,1.0099
2016-09-22,4891.36,0.7749
2016-09-23,4858.91,-0.6634
2016-09-26,4817.17,-0.859
2016-09-27,4866.71,1.0284
2016-09-28,4875.27,0.1759
2016-09-29,4838.3,-0.7583
2016-09-30,4875.7,0.773
2016-10-03,4866.63,-0.186
2016-10-04,4859.47,-0.1471
2016-10-05,4877.75,0.3762
2016-10-06,4873.92,-0.0785
2016-10-07,4864.52,-0.1929
2016-10-10,4893.77,0.6013
2016-10-11,4821.91,-1.4684
2016-10-12,4819.64,-0.0471
2016-10-13,4803.1,-0.3432
2016-10-14,4808.48,0.112
2016-10-17,4796.17,-0.256
2016-10-18,4839.72,0.908
2016-10-19,4836.61,-0.0643
2016-10-20,4832.71,-0.0806
2016-10-21,4851.86,0.3963
2016-10-24,4909.97,1.1977
2016-10-25,4891.45,-0.3772
2016-10-26,4860.59,-0.6309
2016-10-27,4836.45,-0.4966
2016-10-28,4805.59,-0.6381
2016-10-31,4801.27,-0.0899
2016-11-01,4766.94,-0.715
2016-11-02,4726.91,-0.8397
2016-11-03,4679.1,-1.0114
2016-11-04,4660.46,-0.3984
2016-11-07,4773.73,2.4304
2016-11-08,4804.92,0.6534
2016-11-09,4825.18,0.4217
2016-11-10,4747.03,-1.6196
2016-11-11,4751.95,0.1036
2016-11-14,4702.04,-1.0503
2016-11-15,4764.47,1.3277
2016-11-16,4792.27,0.5835
2016-11-17,4826.59,0.7162
2016-11-18,4808.04,-0.3843
2016-11-21,4859.0,1.0599
2016-11-22,4873.84,0.3054
2016-11-23,4853.86,-0.4099
2016-11-25,4870.02,0.3329
2016-11-28,4857.02,-0.2669
2016-11-29,4873.21,0.3333
2016-11-30,4810.81,-1.2805
2016-12-01,4734.1,-1.5945
2016-12-02,4739.37,0.1113
2016-12-05,4778.14,0.818
2016-12-06,4788.67,0.2204
2016-12-07,4851.94,1.3212
2016-12-08,4859.19,0.1494
2016-12-09,4895.9,0.7555
2016-12-12,4874.3,-0.4412
2016-12-13,4935.84,1.2625
2016-12-14,4921.22,-0.2962
2016-12-15,4933.41,0.2477
2016-12-16,4914.86,-0.376
2016-12-19,4934.85,0.4067
2016-12-20,4953.8,0.384
2016-12-21,4948.91,-0.0987
2016-12-22,4934.39,-0.2934
2016-12-23,4940.02,0.1141
2016-12-27,4965.81,0.5221
2016-12-28,4926.29,-0.7958
2016-12-29,4918.28,-0.1626
2016-12-30,4863.62,-1.1114
2017-01-03,4911.33,0.981
2017-01-04,4937.21,0.5269
2017-01-05,4964.95,0.5619
2017-01-06,5007.08,0.8485
2017-01-09,5024.9,0.3559
2017-01-10,5035.17,0.2044
2017-01-11,5050.21,0.2987
2017-01-12,5041.43,-0.1739
2017-01-13,5059.51,0.3586
2017-01-17,5044.65,-0.2937
2017-01-18,5055.85,0.222
2017-01-19,5051.17,-0.0926
2017-01-20,5063.2,0.2382
2017-01-23,5065.7,0.0494
2017-01-24,5101.06,0.698
2017-01-25,5151.47,0.9882
2017-01-26,5156.92,0.1058
2017-01-27,5168.06,0.216
2017-01-30,5129.33,-0.7494
2017-01-31,5116.77,-0.2449
2017-02-01,5152.69,0.702
2017-02-02,5147.7,-0.0968
2017-02-03,5161.6,0.27
2017-02-06,5167.96,0.1232
2017-02-07,5185.88,0.3468
2017-02-08,5196.58,0.2063
2017-02-09,5212.16,0.2998
2017-02-10,5226.69,0.2788
2017-02-13,5256.82,0.5765
2017-02-14,5271.07,0.2711
2017-02-15,5302.39,0.5942
2017-02-16,5300.64,-0.033
2017-02-17,5324.72,0.4543
2017-02-21,5350.73,0.4885
2017-02-22,5352.13,0.0262
2017-02-23,5332.37,-0.3692
2017-02-24,5343.31,0.2052
2017-02-27,5347.55,0.0794
2017-02-28,5330.31,-0.3224
2017-03-01,5390.99,1.1384
2017-03-02,5363.26,-0.5144
2017-03-03,5373.48,0.1906
2017-03-06,5360.31,-0.2451
2017-03-07,5351.28,-0.1685
2017-03-08,5359.81,0.1594
2017-03-09,5363.98,0.0778
2017-03-10,5385.9,0.4087
2017-03-13,5394.57,0.161
2017-03-14,5382.17,-0.2299
2017-03-15,5416.25,0.6332
2017-03-16,5412.08,-0.077
2017-03-17,5408.76,-0.0613
2017-03-20,5413.31,0.0841
2017-03-21,5332.53,-1.4922
2017-03-22,5367.55,0.6567
2017-03-23,5355.14,-0.2312
2017-03-24,5364.0,0.1654
2017-03-27,5374.27,0.1915
2017-03-28,5407.21,0.6129
2017-03-29,5430.27,0.4265
2017-03-30,5439.74,0.1744
2017-03-31,5436.23,-0.0645
2017-04-03,5432.2,-0.0741
2017-04-04,5440.41,0.1511
2017-04-05,5418.52,-0.4024
2017-04-06,5420.88,0.0436
2017-04-07,5418.37,-0.0463
2017-04-10,5421.68,0.0611
2017-04-11,5398.4,-0.4294
2017-04-12,5377.03,-0.3959
2017-04-13,5353.59,-0.4359
2017-04-17,5399.2,0.852
2017-04-18,5391.66,-0.1397
2017-04-19,5399.64,0.148
2017-04-20,5443.53,0.8128
2017-04-21,5442.05,-0.0272
2017-04-24,5508.03,1.2124
2017-04-25,5548.19,0.7291
2017-04-26,5541.09,-0.128
2017-04-27,5571.28,0.5448
2017-04-28,5583.53,0.2199
2017-05-01,5629.63,0.8256
2017-05-02,5644.07,0.2565
2017-05-03,5625.16,-0.335
2017-05-04,5626.32,0.0206
2017-05-05,5646.09,0.3514
2017-05-08,5659.07,0.2299
2017-05-09,5678.31,0.34
2017-05-10,5681.68,0.0593
2017-05-11,5674.22,-0.1313
2017-05-12,5686.81,0.2219
2017-05-15,5704.48,0.3107
2017-05-16,5724.44,0.3499
2017-05-17,5580.55,-2.5136
2017-05-18,5626.31,0.82
2017-05-19,5651.56,0.4488
2017-05-22,5699.4,0.8465
2017-05-23,5703.35,0.0693
2017-05-24,5730.3,0.4725
2017-05-25,5778.37,0.8389
2017-05-26,5788.36,0.1729
2017-05-30,5794.63,0.1083
2017-05-31,5788.8,-0.1006
2017-06-01,5816.51,0.4787
2017-06-02,5881.46,1.1166
2017-06-05,5878.12,-0.0568
2017-06-06,5856.77,-0.3632
2017-06-07,5877.59,0.3555
2017-06-08,5885.3,0.1312
2017-06-09,5741.94,-2.4359
2017-06-12,5708.18,-0.588
2017-06-13,5751.82,0.7645
2017-06-14,5727.07,-0.4303
2017-06-15,5700.89,-0.4571
2017-06-16,5681.48,-0.3405
2017-06-19,5772.22,1.5971
2017-06-20,5726.31,-0.7954
2017-06-21,5782.39,0.9793
2017-06-22,5779.87,-0.0436
2017-06-23,5803.11,0.4021
2017-06-26,5777.59,-0.4398
2017-06-27,5671.6,-1.8345
2017-06-28,5753.03,1.4358
2017-06-29,5653.02,-1.7384
2017-06-30,5646.92,-0.1079
2017-07-03,5596.96,-0.8847
2017-07-05,5648.82,0.9266
2017-07-06,5597.9,-0.9014
2017-07-07,5656.47,1.0463
2017-07-10,5694.15,0.6661
2017-07-11,5709.8,0.2748
2017-07-12,5778.95,1.2111
2017-07-13,5793.36,0.2494
2017-07-14,5838.08,0.7719
2017-07-17,5839.74,0.0284
2017-07-18,5880.1,0.6911
2017-07-19,5916.16,0.6133
2017-07-20,5921.22,0.0855
2017-07-21,5921.53,0.0052
2017-07-24,5941.37,0.335
2017-07-25,5930.65,-0.1804
2017-07-26,5950.73,0.3386
2017-07-27,5917.03,-0.5663
2017-07-28,5908.92,-0.1371
2017-07-31,5880.33,-0.4838
2017-08-01,5895.17,0.2524
2017-08-02,5914.23,0.3233
2017-08-03,5891.2,-0.3894
2017-08-04,5899.91,0.1478
2017-08-07,5934.73,0.5902
2017-08-08,5926.35,-0.1412
2017-08-09,5919.39,-0.1174
2017-08-10,5788.19,-2.2164
2017-08-11,5831.53,0.7488
2017-08-14,5908.17,1.3142
2017-08-15,5907.73,-0.0074
2017-08-16,5917.42,0.164
2017-08-17,5796.32,-2.0465
2017-08-18,5790.91,-0.0933
2017-08-21,5786.54,-0.0755
2017-08-22,5873.33,1.4999
2017-08-23,5851.78,-0.3669
2017-08-24,5834.44,-0.2963
2017-08-25,5822.53,-0.2041
2017-08-28,5838.08,0.2671
2017-08-29,5862.14,0.4121
2017-08-30,5932.9,1.2071
2017-08-31,5988.6,0.9388
2017-09-01,5987.9,-0.0117
2017-09-05,5932.73,-0.9214
2017-09-06,5951.13,0.3101
2017-09-07,5964.31,0.2215
2017-09-08,5913.37,-0.8541
2017-09-11,5980.53,1.1357
2017-09-12,5995.64,0.2527
2017-09-13,6004.38,0.1458
2017-09-14,5968.82,-0.5922
2017-09-15,5988.0,0.3213
2017-09-18,5981.12,-0.1149
2017-09-19,5991.08,0.1665
2017-09-20,5973.61,-0.2916
2017-09-21,5934.91,-0.6478
2017-09-22,5932.32,-0.0436
2017-09-25,5867.35,-1.0952
2017-09-26,5881.34,0.2384
2017-09-27,5937.79,0.9598
2017-09-28,5933.07,-0.0795
2017-09-29,5979.3,0.7792
2017-10-02,5981.92,0.0438
2017-10-03,5995.06,0.2197
2017-10-04,5998.84,0.0631
2017-10-05,6057.14,0.9719
2017-10-06,6064.57,0.1227
2017-10-09,6058.53,-0.0996
2017-10-10,6063.52,0.0824
2017-10-11,6081.25,0.2924
2017-10-12,6069.99,-0.1852
2017-10-13,6092.45,0.37
2017-10-16,6114.53,0.3624
2017-10-17,6122.61,0.1321
2017-10-18,6114.35,-0.1349
2017-10-19,6092.62,-0.3554
2017-10-20,6108.82,0.2659
2017-10-23,6067.83,-0.671
2017-10-24,6080.22,0.2042
2017-10-25,6055.04,-0.4141
2017-10-26,6037.87,-0.2836
2017-10-27,6213.47,2.9083
2017-10-30,6227.59,0.2272
2017-10-31,6248.56,0.3367
2017-11-01,6248.65,0.0014
2017-11-02,6236.39,-0.1962
2017-11-03,6295.58,0.9491
2017-11-06,6313.61,0.2864
2017-11-07,6320.78,0.1136
2017-11-08,6345.81,0.396
2017-11-09,6312.21,-0.5295
2017-11-10,6309.07,-0.0497
2017-11-13,6316.18,0.1127
2017-11-14,6293.64,-0.3569
2017-11-15,6258.36,-0.5606
2017-11-16,6339.14,1.2908
2017-11-17,6314.51,-0.3885
2017-11-20,6308.61,-0.0934
2017-11-21,6378.63,1.1099
2017-11-22,6386.12,0.1174
2017-11-24,6409.29,0.3628
2017-11-27,6405.97,-0.0518
2017-11-28,6422.56,0.259
2017-11-29,6311.38,-1.7311
2017-11-30,6365.56,0.8584
2017-12-01,6337.87,-0.435
2017-12-04,6263.7,-1.1703
2017-12-05,6265.11,0.0225
2017-12-06,6293.05,0.446
2017-12-07,6316.28,0.3691
2017-12-08,6344.57,0.4479
2017-12-11,6393.89,0.7774
2017-12-12,6383.65,-0.1602
2017-12-13,6394.67,0.1726
2017-12-14,6389.91,-0.0744
2017-12-15,6466.32,1.1958
2017-12-18,6513.27,0.7261
2017-12-19,6480.67,-0.5005
2017-12-20,6472.48,-0.1264
2017-12-21,6472.69,0.0032
2017-12-22,6465.17,-0.1162
2017-12-26,6433.16,-0.4951
2017-12-27,6435.15,0.0309
2017-12-28,6441.42,0.0974
2017-12-29,6396.42,-0.6986
2018-01-02,6511.34,1.7966
2018-01-03,6575.8,0.99
2018-01-04,6584.58,0.1335
2018-01-05,6653.29,1.0435
2018-01-08,6676.63,0.3508
2018-01-09,6677.94,0.0196
2018-01-10,6662.66,-0.2288
2018-01-11,6708.49,0.6879
2018-01-12,6758.54,0.7461
2018-01-16,6737.14,-0.3166
2018-01-17,6810.28,1.0856
2018-01-18,6811.38,0.0162
2018-01-19,6834.33,0.3369
2018-01-22,6906.28,1.0528
2018-01-23,6963.46,0.8279
2018-01-24,6919.35,-0.6334
2018-01-25,6916.3,-0.0441
2018-01-26,7022.97,1.5423
2018-01-29,6988.32,-0.4934
2018-01-30,6930.73,-0.8241
2018-01-31,6949.99,0.2779
2018-02-01,6901.5,-0.6977
2018-02-02,6760.29,-2.0461
2018-02-05,6495.92,-3.9106
2018-02-06,6665.98,2.618
2018-02-07,6582.02,-1.2595
2018-02-08,6306.1,-4.192
2018-02-09,6412.68,1.6901
2018-02-12,6523.85,1.7336
2018-02-13,6553.86,0.46
2018-02-14,6675.03,1.8488
2018-02-15,6794.92,1.7961
2018-02-16,6770.66,-0.357
2018-02-20,6779.69,0.1334
2018-02-21,6759.26,-0.3013
2018-02-22,6761.85,0.0383
2018-02-23,6896.6,1.9928
2018-02-26,6989.1,1.3412
2018-02-27,6900.35,-1.2698
2018-02-28,6854.42,-0.6656
2018-03-01,6750.54,-1.5155
2018-03-02,6811.04,0.8962
2018-03-05,6881.28,1.0313
2018-03-06,6913.02,0.4613
2018-03-07,6929.39,0.2368
2018-03-08,6966.43,0.5345
2018-03-09,7101.18,1.9343
2018-03-12,7131.12,0.4216
2018-03-13,7046.51,-1.1865
2018-03-14,7040.98,-0.0785
2018-03-15,7030.97,-0.1422
2018-03-16,7019.95,-0.1567
2018-03-19,6864.88,-2.209
2018-03-20,6885.92,0.3065
2018-03-21,6853.45,-0.4715
2018-03-22,6682.26,-2.4979
2018-03-23,6508.09,-2.6065
2018-03-26,6753.83,3.7759
2018-03-27,6529.84,-3.3165
2018-03-28,6460.81,-1.0571
2018-03-29,6581.13,1.8623
2018-04-02,6390.84,-2.8914
2018-04-03,6458.83,1.0639
2018-04-04,6560.06,1.5673
2018-04-05,6594.84,0.5302
2018-04-06,6433.21,-2.4509
2018-04-09,6472.34,0.6083
2018-04-10,6615.87,2.2176
2018-04-11,6583.44,-0.4902
2018-04-12,6656.26,1.1061
2018-04-13,6628.34,-0.4195
2018-04-16,6675.18,0.7067
2018-04-17,6816.37,2.1151
2018-04-18,6833.21,0.2471
2018-04-19,6774.89,-0.8535
2018-04-20,6667.75,-1.5814
2018-04-23,6648.8,-0.2842
2018-04-24,6509.05,-2.1019
2018-04-25,6513.94,0.0751
2018-04-26,6649.65,2.0834
2018-04-27,6656.35,0.1008
2018-04-30,6605.57,-0.7629
2018-05-01,6681.96,1.1564
2018-05-02,6644.48,-0.5609
2018-05-03,6643.48,-0.0151
2018-05-04,6769.12,1.8912
2018-05-07,6821.87,0.7793
2018-05-08,6815.48,-0.0937
2018-05-09,6893.21,1.1405
2018-05-10,6963.55,1.0204
2018-05-11,6952.56,-0.1578
2018-05-14,6964.37,0.1699
2018-05-15,6888.54,-1.0888
2018-05-16,6929.97,0.6014
2018-05-17,6901.63,-0.4089
2018-05-18,6866.25,-0.5126
2018-05-21,6905.53,0.5721
2018-05-22,6893.62,-0.1725
2018-05-23,6953.63,0.8705
2018-05-24,6949.7,-0.0565
2018-05-25,6960.92,0.1614
2018-05-29,6926.54,-0.4939
2018-05-30,6976.37,0.7194
2018-05-31,6967.73,-0.1238
2018-06-01,7083.93,1.6677
2018-06-04,7143.57,0.8419
2018-06-05,7166.75,0.3245
2018-06-06,7210.08,0.6046
2018-06-07,7152.83,-0.794
2018-06-08,7152.62,-0.0029
2018-06-11,7168.48,0.2217
2018-06-12,7209.18,0.5678
2018-06-13,7205.26,-0.0544
2018-06-14,7279.59,1.0316
2018-06-15,7255.76,-0.3274
2018-06-18,7251.41,-0.06
2018-06-19,7228.04,-0.3223
2018-06-20,7280.7,0.7286
2018-06-21,7217.49,-0.8682
2018-06-22,7197.51,-0.2768
2018-06-25,7038.17,-2.2138
2018-06-26,7068.2,0.4267
2018-06-27,6969.67,-1.394
2018-06-28,7031.6,0.8886
2018-06-29,7040.8,0.1308
2018-07-02,7097.82,0.8099
2018-07-03,7014.55,-1.1732
2018-07-05,7101.05,1.2332
2018-07-06,7207.33,1.4967
2018-07-09,7276.0,0.9528
2018-07-10,7282.6,0.0907
2018-07-11,7243.98,-0.5303
2018-07-12,7366.25,1.6879
2018-07-13,7375.82,0.1299
2018-07-16,7357.9,-0.243
2018-07-17,7403.89,0.625
2018-07-18,7390.13,-0.1858
2018-07-19,7352.36,-0.5111
2018-07-20,7350.23,-0.029
2018-07-23,7371.78,0.2932
2018-07-24,7406.25,0.4676
2018-07-25,7508.59,1.3818
2018-07-26,7400.75,-1.4362
2018-07-27,7296.78,-1.4049
2018-07-30,7193.1,-1.4209
2018-07-31,7231.98,0.5405
2018-08-01,7272.89,0.5657
2018-08-02,7372.15,1.3648
2018-08-03,7395.49,0.3166
2018-08-06,7438.99,0.5882
2018-08-07,7462.65,0.3181
2018-08-08,7469.55,0.0925
2018-08-09,7466.96,-0.0347
2018-08-10,7408.3,-0.7856
2018-08-13,7401.17,-0.0962
2018-08-14,7447.17,0.6215
2018-08-15,7354.66,-1.2422
2018-08-16,7374.29,0.2669
2018-08-17,7377.54,0.0441
2018-08-20,7371.42,-0.083
2018-08-21,7397.23,0.3501
2018-08-22,7424.6,0.37
2018-08-23,7413.84,-0.1449
2018-08-24,7485.4,0.9652
2018-08-27,7559.13,0.985
2018-08-28,7570.25,0.1471
2018-08-29,7660.18,1.1879
2018-08-30,7642.67,-0.2286
2018-08-31,7654.55,0.1554
2018-09-04,7622.32,-0.4211
2018-09-05,7523.26,-1.2996
2018-09-06,7453.17,-0.9316
2018-09-07,7430.26,-0.3074
2018-09-10,7447.68,0.2344
2018-09-11,7507.87,0.8082
2018-09-12,7488.06,-0.2639
2018-09-13,7561.69,0.9833
2018-09-14,7545.5,-0.2141
2018-09-17,7434.73,-1.468
2018-09-18,7494.4,0.8026
2018-09-19,7490.32,-0.0544
2018-09-20,7569.03,1.0508
2018-09-21,7531.07,-0.5015
2018-09-24,7548.75,0.2348
2018-09-25,7563.19,0.1913
2018-09-26,7563.09,-0.0013
2018-09-27,7629.57,0.879
2018-09-28,7627.65,-0.0252
2018-10-01,7645.45,0.2334
2018-10-02,7628.28,-0.2246
2018-10-03,7637.43,0.1199
2018-10-04,7490.0,-1.9304
2018-10-05,7399.01,-1.2148
2018-10-08,7352.82,-0.6243
2018-10-09,7371.62,0.2557
2018-10-10,7044.5,-4.4376
2018-10-11,6964.03,-1.1423
2018-10-12,7157.21,2.774
2018-10-15,7068.67,-1.2371
2018-10-16,7276.43,2.9392
2018-10-17,7278.63,0.0302
2018-10-18,7116.09,-2.2331
2018-10-19,7107.23,-0.1245
2018-10-22,7141.21,0.4781
2018-10-23,7118.67,-0.3156
2018-10-24,6789.15,-4.629
2018-10-25,7016.39,3.3471
2018-10-26,6852.4,-2.3372
2018-10-29,6713.9,-2.0212
2018-10-30,6810.12,1.4331
2018-10-31,6967.1,2.3051
2018-11-01,7069.17,1.465
2018-11-02,6965.29,-1.4695
2018-11-05,6937.09,-0.4049
2018-11-06,6988.85,0.7461
2018-11-07,7203.13,3.066
2018-11-08,7158.59,-0.6183
2018-11-09,7039.15,-1.6685
2018-11-12,6829.1,-2.984
2018-11-13,6830.91,0.0265
2018-11-14,6769.87,-0.8936
2018-11-15,6890.45,1.7811
2018-11-16,6867.02,-0.34
2018-11-19,6642.92,-3.2634
2018-11-20,6526.96,-1.7456
2018-11-21,6575.66,0.7461
2018-11-23,6527.35,-0.7347
2018-11-26,6678.34,2.3132
2018-11-27,6701.04,0.3399
2018-11-28,6913.33,3.168
2018-11-29,6892.4,-0.3027
2018-11-30,6949.01,0.8213
2018-12-03,7062.13,1.6279
2018-12-04,6795.21,-3.7796
2018-12-06,6838.85,0.6422
2018-12-07,6613.28,-3.2984
2018-12-10,6682.74,1.0503
2018-12-11,6704.24,0.3217
2018-12-12,6763.96,0.8908
2018-12-13,6767.97,0.0593
2018-12-14,6594.96,-2.5563
2018-12-17,6448.39,-2.2225
2018-12-18,6491.52,0.6688
2018-12-19,6342.97,-2.2884
2018-12-20,6243.19,-1.5731
2018-12-21,6046.56,-3.1495
2018-12-24,5899.35,-2.4346
2018-12-26,6262.77,6.1603
2018-12-27,6288.3,0.4076
2018-12-28,6285.27,-0.0482
2018-12-31,6329.97,0.7112
2019-01-02,6360.87,0.4882
2019-01-03,6147.13,-3.3602
2019-01-04,6422.67,4.4824
2019-01-07,6488.25,1.0211
2019-01-08,6551.85,0.9802
2019-01-09,6600.69,0.7454
2019-01-10,6620.94,0.3068
2019-01-11,6601.4,-0.2951
2019-01-14,6541.04,-0.9144
2019-01-15,6669.64,1.966
2019-01-16,6668.56,-0.0162
2019-01-17,6718.45,0.7481
2019-01-18,6784.61,0.9848
2019-01-22,6646.81,-2.0311
2019-01-23,6658.76,0.1798
2019-01-24,6702.55,0.6576
2019-01-25,6787.37,1.2655
2019-01-28,6697.09,-1.3301
2019-01-29,6632.79,-0.9601
2019-01-30,6807.91,2.6402
2019-01-31,6906.84,1.4532
2019-02-01,6875.52,-0.4535
2019-02-04,6959.96,1.2281
2019-02-05,7023.52,0.9132
2019-02-06,6997.62,-0.3688
2019-02-07,6904.98,-1.3239
2019-02-08,6913.13,0.118
2019-02-11,6909.18,-0.0571
2019-02-12,7014.67,1.5268
2019-02-13,7015.88,0.0172
2019-02-14,7022.42,0.0932
2019-02-15,7055.18,0.4665
2019-02-19,7066.61,0.162
2019-02-20,7062.34,-0.0604
2019-02-21,7035.16,-0.3849
2019-02-22,7090.63,0.7885
2019-02-25,7115.43,0.3498
2019-02-26,7123.22,0.1095
2019-02-27,7117.0,-0.0873
2019-02-28,7097.53,-0.2736
2019-03-01,7151.57,0.7614
2019-03-04,7150.83,-0.0103
2019-03-05,7156.79,0.0833
2019-03-06,7112.47,-0.6193
2019-03-07,7026.88,-1.2034
2019-03-08,7015.69,-0.1592
2019-03-11,7164.02,2.1143
2019-03-12,7201.28,0.5201
2019-03-13,7256.98,0.7735
2019-03-14,7243.01,-0.1925
2019-03-15,7306.99,0.8833
2019-03-18,7326.28,0.264
2019-03-19,7349.28,0.3139
2019-03-20,7380.75,0.4282
2019-03-21,7493.27,1.5245
2019-03-22,7326.06,-2.2315
2019-03-25,7316.96,-0.1242
2019-03-26,7351.15,0.4673
2019-03-27,7308.19,-0.5844
2019-03-28,7320.47,0.168
2019-03-29,7378.77,0.7964
2019-04-01,7478.42,1.3505
2019-04-02,7499.64,0.2837
2019-04-03,7544.97,0.6044
2019-04-04,7540.57,-0.0583
2019-04-05,7578.84,0.5075
2019-04-08,7599.74,0.2758
2019-04-09,7568.49,-0.4112
2019-04-10,7611.49,0.5681
2019-04-11,7594.89,-0.2181
2019-04-12,7628.15,0.4379
2019-04-15,7629.12,0.0127
2019-04-16,7654.73,0.3357
2019-04-17,7680.72,0.3395
2019-04-18,7689.72,0.1172
2019-04-22,7713.49,0.3091
2019-04-23,7810.71,1.2604
2019-04-24,7784.41,-0.3367
2019-04-25,7816.92,0.4176
2019-04-26,7826.68,0.1249
2019-04-29,7839.04,0.1579
2019-04-30,7781.46,-0.7345
2019-05-01,7751.85,-0.3805
2019-05-02,7724.06,-0.3585
2019-05-03,7845.73,1.5752
2019-05-06,7794.09,-0.6582
2019-05-07,7640.15,-1.9751
2019-05-08,7617.55,-0.2958
2019-05-09,7582.75,-0.4568
2019-05-10,7586.53,0.0498
2019-05-13,7324.13,-3.4588
2019-05-14,7401.88,1.0616
2019-05-15,7503.25,1.3695
2019-05-16,7580.14,1.0248
2019-05-17,7503.68,-1.0087
2019-05-20,7376.7,-1.6922
2019-05-21,7451.02,1.0075
2019-05-22,7420.66,-0.4075
2019-05-23,7307.93,-1.5191
2019-05-24,7300.96,-0.0954
2019-05-28,7278.38,-0.3093
2019-05-29,7216.86,-0.8452
2019-05-30,7245.4,0.3955
2019-05-31,7127.96,-1.6209
2019-06-03,6978.02,-2.1035
2019-06-04,7166.75,2.7046
2019-06-05,7220.9,0.7556
2019-06-06,7275.93,0.7621
2019-06-07,7417.29,1.9428
2019-06-10,7501.93,1.1411
2019-06-11,7513.85,0.1589
2019-06-12,7472.29,-0.5531
2019-06-13,7510.68,0.5138
2019-06-14,7479.11,-0.4203
2019-06-17,7526.52,0.6339
2019-06-18,7635.4,1.4466
2019-06-19,7667.74,0.4236
2019-06-20,7738.05,0.917
2019-06-21,7728.78,-0.1198
2019-06-24,7723.02,-0.0745
2019-06-25,7591.54,-1.7024
2019-06-26,7627.05,0.4678
2019-06-27,7657.05,0.3933
2019-06-28,7671.08,0.1832
2019-07-01,7768.14,1.2653
2019-07-02,7799.82,0.4078
2019-07-03,7857.69,0.7419
2019-07-05,7841.3,-0.2086
2019-07-08,7785.79,-0.7079
2019-07-09,7826.86,0.5275
2019-07-10,7903.4,0.9779
2019-07-11,7896.78,-0.0838
2019-07-12,7943.24,0.5883
2019-07-15,7966.93,0.2982
2019-07-16,7927.08,-0.5002
2019-07-17,7888.76,-0.4834
2019-07-18,7904.13,0.1948
2019-07-19,7834.9,-0.8759
2019-07-22,7905.12,0.8962
2019-07-23,7954.56,0.6254
2019-07-24,8010.61,0.7046
2019-07-25,7929.87,-1.0079
2019-07-26,8016.95,1.0981
2019-07-29,7989.08,-0.3476
2019-07-30,7952.47,-0.4583
2019-07-31,7848.78,-1.3039
2019-08-01,7801.15,-0.6068
2019-08-02,7692.8,-1.3889
2019-08-05,7415.69,-3.6022
2019-08-06,7521.32,1.4244
2019-08-07,7551.9,0.4066
2019-08-08,7724.83,2.2899
2019-08-09,7646.27,-1.017
2019-08-12,7561.68,-1.1063
2019-08-13,7728.15,2.2015
2019-08-14,7490.13,-3.0799
2019-08-15,7484.89,-0.07
2019-08-16,7604.11,1.5928
2019-08-19,7719.32,1.5151
2019-08-20,7664.47,-0.7106
2019-08-21,7733.22,0.897
2019-08-22,7707.43,-0.3335
2019-08-23,7464.99,-3.1455
2019-08-26,7575.02,1.4739
2019-08-27,7566.03,-0.1187
2019-08-28,7587.9,0.2891
2019-08-29,7702.31,1.5078
2019-08-30,7691.0,-0.1468
2019-09-03,7609.51,-1.0596
2019-09-04,7719.25,1.4421
2019-09-05,7862.54,1.8563
2019-09-06,7852.54,-0.1272
2019-09-09,7832.4,-0.2565
2019-09-10,7814.74,-0.2255
2019-09-11,7887.58,0.9321
2019-09-12,7917.34,0.3773
2019-09-13,7892.95,-0.3081
2019-09-16,7852.41,-0.5136
2019-09-17,7888.79,0.4633
2019-09-18,7888.56,-0.0029
2019-09-19,7901.79,0.1677
2019-09-20,7823.55,-0.9902
2019-09-23,7818.61,-0.0631
2019-09-24,7710.04,-1.3886
2019-09-25,7803.54,1.2127
2019-09-26,7771.99,-0.4043
2019-09-27,7681.58,-1.1633
2019-09-30,7749.45,0.8835
2019-10-01,7684.14,-0.8428
2019-10-02,7550.79,-1.7354
2019-10-03,7638.39,1.1601
2019-10-04,7754.1,1.5148
2019-10-07,7725.13,-0.3736
2019-10-08,7604.27,-1.5645
2019-10-09,7690.53,1.1344
2019-10-10,7740.36,0.6479
2019-10-11,7843.88,1.3374
2019-10-14,7842.33,-0.0198
2019-10-15,7942.85,1.2818
2019-10-16,7920.21,-0.285
2019-10-17,7942.14,0.2769
2019-10-18,7868.49,-0.9273
2019-10-21,7940.33,0.913
2019-10-22,7874.62,-0.8275
2019-10-23,7889.47,0.1886
2019-10-24,7966.72,0.9792
2019-10-25,8029.22,0.7845
2019-10-28,8110.67,1.0144
2019-10-29,8047.51,-0.7787
2019-10-30,8083.11,0.4424
2019-10-31,8083.83,0.0089
2019-11-01,8161.17,0.9567
2019-11-04,8210.66,0.6064
2019-11-05,8210.18,-0.0058
2019-11-06,8196.03,-0.1723
2019-11-07,8219.65,0.2882
2019-11-08,8255.89,0.4409
2019-11-11,8241.91,-0.1693
2019-11-12,8263.79,0.2655
2019-11-13,8259.81,-0.0482
2019-11-14,8257.83,-0.024
2019-11-15,8315.52,0.6986
2019-11-18,8328.48,0.1559
2019-11-19,8338.74,0.1232
2019-11-20,8283.75,-0.6595
2019-11-21,8265.62,-0.2189
2019-11-22,8272.05,0.0778
2019-11-25,8371.93,1.2074
2019-11-26,8385.75,0.1651
2019-11-27,8444.71,0.7031
2019-11-29,8403.68,-0.4859
2019-12-02,8309.26,-1.1236
2019-12-03,8254.74,-0.6561
2019-12-04,8296.53,0.5063
2019-12-05,8308.4,0.1431
2019-12-06,8397.37,1.0708
2019-12-09,8362.74,-0.4124
2019-12-10,8354.29,-0.101
2019-12-11,8402.61,0.5784
2019-12-12,8466.89,0.765
2019-12-13,8487.71,0.2459
2019-12-16,8570.33,0.9734
2019-12-17,8575.7,0.0627
2019-12-18,8580.62,0.0574
2019-12-19,8641.29,0.7071
2019-12-20,8678.49,0.4305
2019-12-23,8696.01,0.2019
2019-12-24,8699.51,0.0402
2019-12-26,8778.31,0.9058
2019-12-27,8770.98,-0.0835
2019-12-30,8709.73,-0.6983
2019-12-31,8733.07,0.268
2020-01-02,8872.22,1.5934
2020-01-03,8793.9,-0.8828
2020-01-06,8848.52,0.6211
2020-01-07,8846.45,-0.0234
2020-01-08,8912.37,0.7452
2020-01-09,8989.63,0.8669
2020-01-10,8966.64,-0.2557
2020-01-13,9070.65,1.16
2020-01-14,9033.42,-0.4104
2020-01-15,9035.67,0.0249
2020-01-16,9125.0,0.9886
2020-01-17,9173.73,0.534
2020-01-21,9166.63,-0.0774
2020-01-22,9188.58,0.2395
2020-01-23,9216.98,0.3091
2020-01-24,9141.47,-0.8192
2020-01-27,8952.18,-2.0707
2020-01-28,9090.93,1.5499
2020-01-29,9101.61,0.1175
2020-01-30,9136.09,0.3788
2020-01-31,8991.51,-1.5825
2020-02-03,9126.23,1.4983
2020-02-04,9334.06,2.2773
2020-02-05,9367.48,0.358
2020-02-06,9445.92,0.8374
2020-02-07,9401.1,-0.4745
2020-02-10,9516.84,1.2311
2020-02-11,9517.86,0.0107
2020-02-12,9613.2,1.0017
2020-02-13,9595.7,-0.182
2020-02-14,9623.58,0.2905
2020-02-18,9629.8,0.0646
2020-02-19,9718.73,0.9235
2020-02-20,9627.83,-0.9353
2020-02-21,9446.69,-1.8814
2020-02-24,9079.63,-3.8856
2020-02-25,8834.87,-2.6957
2020-02-26,8873.76,0.4402
2020-02-27,8436.67,-4.9256
2020-02-28,8461.83,0.2982
2020-03-02,8877.98,4.918
2020-03-03,8594.49,-3.1932
2020-03-04,8949.28,4.1281
2020-03-05,8671.66,-3.1021
2020-03-06,8530.34,-1.6297
2020-03-09,7948.03,-6.8263
2020-03-10,8372.27,5.3377
2020-03-11,8006.12,-4.3734
2020-03-12,7263.65,-9.2738
2020-03-13,7995.26,10.0722
2020-03-16,7020.38,-12.1932
2020-03-17,7473.95,6.4608
2020-03-18,7175.18,-3.9975
2020-03-19,7288.52,1.5796
2020-03-20,6994.29,-4.0369
2020-03-23,7006.92,0.1806
2020-03-24,7553.83,7.8053
2020-03-25,7469.62,-1.1148
2020-03-26,7897.13,5.7233
2020-03-27,7588.37,-3.9098
2020-03-30,7889.01,3.9619
2020-03-31,7813.5,-0.9572
2020-04-01,7486.29,-4.1878
2020-04-02,7635.66,1.9952
2020-04-03,7528.11,-1.4085
2020-04-06,8081.66,7.3531
2020-04-07,8049.31,-0.4003
2020-04-08,8229.54,2.2391
2020-04-09,8238.53,0.1092
2020-04-13,8332.74,1.1435
2020-04-14,8692.16,4.3133
2020-04-15,8591.96,-1.1528
2020-04-16,8757.83,1.9305
2020-04-17,8832.41,0.8516
2020-04-20,8726.51,-1.199
2020-04-21,8403.0,-3.7072
2020-04-22,8664.64,3.1136
2020-04-23,8641.5,-0.2671
2020-04-24,8786.6,1.6791
2020-04-27,8837.66,0.5811
2020-04-28,8677.6,-1.8111
2020-04-29,8982.76,3.5166
2020-04-30,9000.51,0.1976
2020-05-01,8718.18,-3.1368
2020-05-04,8834.11,1.3298
2020-05-05,8930.62,1.0925
2020-05-06,8984.86,0.6073
2020-05-07,9101.88,1.3024
2020-05-08,9220.35,1.3016
2020-05-11,9298.92,0.8521
2020-05-12,9112.45,-2.0053
2020-05-13,9000.08,-1.2331
2020-05-14,9094.42,1.0482
2020-05-15,9152.64,0.6402
2020-05-18,9331.93,1.9589
2020-05-19,9298.54,-0.3578
2020-05-20,9485.02,2.0055
2020-05-21,9377.99,-1.1284
2020-05-22,9413.99,0.3839
2020-05-26,9389.98,-0.255
2020-05-27,9442.05,0.5545
2020-05-28,9416.71,-0.2684
2020-05-29,9555.53,1.4742
2020-06-01,9598.89,0.4538
2020-06-02,9657.31,0.6086
2020-06-03,9704.69,0.4906
2020-06-04,9629.66,-0.7731
2020-06-05,9824.39,2.0222
2020-06-08,9901.52,0.7851
2020-06-09,9967.17,0.663
2020-06-10,10094.26,1.2751
2020-06-11,9588.48,-5.0106
2020-06-12,9663.78,0.7853
2020-06-15,9776.89,1.1705
2020-06-16,9949.37,1.7642
2020-06-17,9982.48,0.3328
2020-06-18,10012.05,0.2962
2020-06-19,10008.64,-0.0341
2020-06-22,10130.33,1.2158
2020-06-23,10209.82,0.7847
2020-06-24,10002.7,-2.0286
2020-06-25,10101.83,0.991
2020-06-26,9849.36,-2.4993
2020-06-29,9961.16,1.1351
2020-06-30,10156.85,1.9645
2020-07-01,10279.25,1.2051
2020-07-02,10341.89,0.6094
2020-07-06,10604.06,2.535
2020-07-07,10524.01,-0.7549
2020-07-08,10666.7,1.3559
2020-07-09,10754.59,0.824
2020-07-10,10836.33,0.76
2020-07-13,10602.21,-2.1605
2020-07-14,10689.52,0.8235
2020-07-15,10701.68,0.1138
2020-07-16,10626.46,-0.7029
2020-07-17,10645.22,0.1765
2020-07-20,10952.08,2.8826
2020-07-21,10833.07,-1.0866
2020-07-22,10870.75,0.3478
2020-07-23,10580.59,-2.6692
2020-07-24,10483.13,-0.9211
2020-07-27,10674.38,1.8244
2020-07-28,10532.5,-1.3292
2020-07-29,10662.98,1.2388
2020-07-30,10715.51,0.4926
2020-07-31,10905.88,1.7766
2020-08-03,11055.08,1.3681
2020-08-04,11096.54,0.375
2020-08-05,11125.44,0.2604
2020-08-06,11267.08,1.2731
2020-08-07,11139.39,-1.1333
2020-08-10,11085.17,-0.4867
2020-08-11,10876.08,-1.8862
2020-08-12,11157.72,2.5895
2020-08-13,11178.37,0.1851
2020-08-14,11164.45,-0.1245
2020-08-17,11288.57,1.1117
2020-08-18,11399.03,0.9785
2020-08-19,11318.64,-0.7052
2020-08-20,11477.05,1.3995
2020-08-21,11555.16,0.6806
2020-08-24,11626.17,0.6145
2020-08-25,11721.81,0.8226
2020-08-26,11971.94,2.1339
2020-08-27,11926.16,-0.3824
2020-08-28,11995.85,0.5843
2020-08-31,12110.7,0.9574
2020-09-01,12292.86,1.5041
2020-09-02,12420.54,1.0387
2020-09-03,11771.37,-5.2266
2020-09-04,11622.13,-1.2678
2020-09-08,11068.26,-4.7656
2020-09-09,11395.85,2.9597
2020-09-10,11154.12,-2.1212
2020-09-11,11087.4,-0.5982
2020-09-14,11277.76,1.7169
2020-09-15,11438.87,1.4286
2020-09-16,11247.6,-1.6721
2020-09-17,11080.95,-1.4816
2020-09-18,10936.98,-1.2993
2020-09-21,10980.22,0.3954
2020-09-22,11186.37,1.8775
2020-09-23,10833.33,-3.156
2020-09-24,10896.47,0.5828
2020-09-25,11151.13,2.3371
2020-09-28,11364.45,1.913
2020-09-29,11322.95,-0.3652
2020-09-30,11418.06,0.84
2020-10-01,11583.2,1.4463
2020-10-02,11255.69,-2.8275
2020-10-05,11509.06,2.251
2020-10-06,11291.27,-1.8923
2020-10-07,11503.19,1.8768
2020-10-08,11550.94,0.4151
2020-10-09,11725.85,1.5142
2020-10-12,12088.11,3.0894
2020-10-13,12083.17,-0.0409
2020-10-14,11985.36,-0.8095
2020-10-15,11898.57,-0.7241
2020-10-16,11852.17,-0.39
2020-10-19,11634.35,-1.8378
2020-10-20,11677.84,0.3738
2020-10-21,11665.37,-0.1068
2020-10-22,11662.91,-0.0211
2020-10-23,11692.57,0.2543
2020-10-26,11504.52,-1.6083
2020-10-27,11598.95,0.8208
2020-10-28,11142.76,-3.933
2020-10-29,11350.74,1.8665
2020-10-30,11052.95,-2.6235
2020-11-02,11084.76,0.2878
2020-11-03,11279.91,1.7605
2020-11-04,11777.02,4.407
2020-11-05,12078.07,2.5562
2020-11-06,12091.35,0.11
2020-11-09,11830.39,-2.1582
2020-11-10,11624.29,-1.7421
2020-11-11,11892.93,2.311
2020-11-12,11827.14,-0.5532
2020-11-13,11937.84,0.936
2020-11-16,12013.38,0.6328
2020-11-17,11977.49,-0.2988
2020-11-18,11894.71,-0.6911
2020-11-19,11985.43,0.7627
2020-11-20,11906.44,-0.6591
2020-11-23,11905.94,-0.0042
2020-11-24,12079.81,1.4604
2020-11-25,12152.22,0.5994
2020-11-27,12258.21,0.8722
2020-11-30,12268.32,0.0825
2020-12-01,12455.33,1.5243
2020-12-02,12456.41,0.0087
2020-12-03,12467.13,0.0861
2020-12-04,12528.48,0.4921
2020-12-07,12596.47,0.5427
2020-12-08,12635.72,0.3116
2020-12-09,12364.64,-2.1453
2020-12-10,12401.74,0.3
2020-12-11,12375.41,-0.2123
2020-12-14,12462.21,0.7014
2020-12-15,12595.92,1.0729
2020-12-16,12668.16,0.5735
2020-12-17,12752.06,0.6623
2020-12-18,12738.18,-0.1088
2020-12-21,12690.26,-0.3762
2020-12-22,12717.56,0.2151
2020-12-23,12653.14,-0.5065
2020-12-24,12711.01,0.4574
2020-12-28,12838.86,1.0058
2020-12-29,12843.49,0.0361
2020-12-30,12845.36,0.0146
2020-12-31,12888.28,0.3341
2021-01-04,12694.66,-1.5023
2021-01-05,12802.38,0.8485
2021-01-06,12623.35,-1.3984
2021-01-07,12939.57,2.505
2021-01-08,13105.2,1.28
2021-01-11,12902.49,-1.5468
2021-01-12,12892.09,-0.0806
2021-01-13,12973.63,0.6325
2021-01-14,12898.69,-0.5776
2021-01-15,12803.93,-0.7346
2021-01-19,12996.54,1.5043
2021-01-20,13296.45,2.3076
2021-01-21,13404.99,0.8163
2021-01-22,13366.4,-0.2879
2021-01-25,13483.29,0.8745
2021-01-26,13490.19,0.0512
2021-01-27,13112.65,-2.7986
2021-01-28,13201.53,0.6778
2021-01-29,12925.38,-2.0918
2021-02-01,13248.9,2.503
2021-02-02,13456.12,1.5641
2021-02-03,13402.37,-0.3994
2021-02-04,13560.89,1.1828
2021-02-05,13603.96,0.3176
2021-02-08,13695.02,0.6694
2021-02-09,13687.08,-0.058
2021-02-10,13655.27,-0.2324
2021-02-11,13734.35,0.5791
2021-02-12,13807.7,0.5341
2021-02-16,13773.77,-0.2457
2021-02-17,13699.71,-0.5377
2021-02-18,13637.51,-0.454
2021-02-19,13580.78,-0.416
2021-02-22,13223.74,-2.629
2021-02-23,13194.71,-0.2195
2021-02-24,13302.19,0.8146
2021-02-25,12828.31,-3.5624
2021-02-26,12909.44,0.6324
2021-03-01,13282.95,2.8933
2021-03-02,13059.95,-1.6788
2021-03-03,12683.33,-2.8838
2021-03-04,12464.0,-1.7293
2021-03-05,12668.51,1.6408
2021-03-08,12299.08,-2.9161
2021-03-09,12794.49,4.028
2021-03-10,12752.07,-0.3315
2021-03-11,13052.9,2.3591
2021-03-12,12937.29,-0.8857
2021-03-15,13082.54,1.1227
2021-03-16,13152.28,0.5331
2021-03-17,13202.38,0.3809
2021-03-18,12789.14,-3.13
2021-03-19,12866.99,0.6087
2021-03-22,13086.51,1.7061
2021-03-23,13017.79,-0.5251
2021-03-24,12798.88,-1.6816
2021-03-25,12780.51,-0.1435
2021-03-26,12979.12,1.554
2021-03-29,12965.74,-0.1031
2021-03-30,12896.53,-0.5338
2021-03-31,13091.44,1.5113
2021-04-01,13329.52,1.8186
2021-04-05,13598.16,2.0154
2021-04-06,13578.46,-0.1449
2021-04-07,13616.7,0.2816
2021-04-08,13758.51,1.0414
2021-04-09,13845.06,0.6291
2021-04-12,13819.35,-0.1857
2021-04-13,13986.49,1.2095
2021-04-14,13803.91,-1.3054
2021-04-15,14026.19,1.6103
2021-04-16,14041.91,0.1121
2021-04-19,13907.67,-0.956
2021-04-20,13809.3,-0.7073
2021-04-21,13935.15,0.9113
2021-04-22,13762.36,-1.24
2021-04-23,13941.44,1.3012
2021-04-26,14026.16,0.6077
2021-04-27,13960.28,-0.4697
2021-04-28,13901.62,-0.4202
2021-04-29,13970.2,0.4933
2021-04-30,13860.76,-0.7834
2021-05-03,13799.72,-0.4404
2021-05-04,13544.67,-1.8482
2021-05-05,13503.37,-0.3049
2021-05-06,13613.73,0.8173
2021-05-07,13719.63,0.7779
2021-05-10,13359.08,-2.628
2021-05-11,13351.27,-0.0585
2021-05-12,13001.63,-2.6188
2021-05-13,13109.15,0.827
2021-05-14,13393.12,2.1662
2021-05-17,13312.91,-0.5989
2021-05-18,13217.68,-0.7153
2021-05-19,13237.91,0.1531
2021-05-20,13494.09,1.9352
2021-05-21,13411.74,-0.6103
2021-05-24,13641.75,1.715
2021-05-25,13657.73,0.1171
2021-05-26,13702.74,0.3296
2021-05-27,13657.85,-0.3276
2021-05-28,13686.51,0.2098
2021-06-01,13654.59,-0.2332
2021-06-02,13675.79,0.1553
2021-06-03,13529.68,-1.0684
2021-06-04,13770.77,1.7819
2021-06-07,13802.89,0.2332
2021-06-08,13810.86,0.0577
2021-06-09,13814.94,0.0295
2021-06-10,13960.35,1.0526
2021-06-11,13998.3,0.2718
2021-06-14,14128.2,0.928
2021-06-15,14030.41,-0.6922
2021-06-16,13983.01,-0.3378
2021-06-17,14163.81,1.293
2021-06-18,14049.58,-0.8065
2021-06-21,14137.23,0.6239
2021-06-22,14270.42,0.9421
2021-06-23,14274.24,0.0268
2021-06-24,14365.96,0.6426
2021-06-25,14345.18,-0.1446
2021-06-28,14524.98,1.2534
2021-06-29,14572.75,0.3289
2021-06-30,14554.8,-0.1232
2021-07-01,14560.05,0.0361
2021-07-02,14727.63,1.151
2021-07-06,14786.36,0.3988
2021-07-07,14810.54,0.1635
2021-07-08,14722.14,-0.5969
2021-07-09,14826.09,0.7061
2021-07-12,14877.89,0.3494
2021-07-13,14874.54,-0.0225
2021-07-14,14900.44,0.1741
2021-07-15,14794.69,-0.7097
2021-07-16,14681.38,-0.7659
2021-07-19,14549.09,-0.9011
2021-07-20,14728.21,1.2311
2021-07-21,14842.63,0.7769
2021-07-22,14940.17,0.6572
2021-07-23,15111.79,1.1487
2021-07-26,15125.95,0.0937
2021-07-27,14956.97,-1.1172
2021-07-28,15018.1,0.4087
2021-07-29,15048.36,0.2015
2021-07-30,14959.9,-0.5878
2021-08-02,14963.62,0.0249
2021-08-03,15061.42,0.6536
2021-08-04,15083.39,0.1459
2021-08-05,15181.64,0.6514
2021-08-06,15109.36,-0.4761
2021-08-09,15133.11,0.1572
2021-08-10,15053.58,-0.5255
2021-08-11,15027.76,-0.1715
2021-08-12,15088.98,0.4074
2021-08-13,15136.68,0.3161
2021-08-16,15140.77,0.027
2021-08-17,15002.83,-0.9111
2021-08-18,14857.92,-0.9659
2021-08-19,14933.94,0.5116
2021-08-20,15092.57,1.0622
2021-08-23,15312.82,1.4593
2021-08-24,15357.68,0.293
2021-08-25,15368.92,0.0732
2021-08-26,15278.52,-0.5882
2021-08-27,15432.95,1.0108
2021-08-30,15605.09,1.1154
2021-08-31,15582.51,-0.1447
2021-09-01,15611.57,0.1865
2021-09-02,15604.25,-0.0469
2021-09-03,15652.86,0.3115
2021-09-07,15675.76,0.1463
2021-09-08,15620.85,-0.3503
2021-09-09,15561.05,-0.3828
2021-09-10,15440.75,-0.7731
2021-09-13,15434.5,-0.0405
2021-09-14,15382.9,-0.3343
2021-09-15,15503.53,0.7842
2021-09-16,15515.91,0.0799
2021-09-17,15333.47,-1.1758
2021-09-20,15012.19,-2.0953
2021-09-21,15027.77,0.1038
2021-09-22,15176.51,0.9898
2021-09-23,15316.58,0.9229
2021-09-24,15329.68,0.0855
2021-09-27,15204.82,-0.8145
2021-09-28,14770.3,-2.8578
2021-09-29,14752.89,-0.1179
2021-09-30,14689.62,-0.4289
2021-10-01,14791.87,0.6961
2021-10-04,14472.12,-2.1617
2021-10-05,14674.15,1.396
2021-10-06,14766.75,0.631
2021-10-07,14897.13,0.8829
2021-10-08,14820.75,-0.5127
2021-10-11,14713.73,-0.7221
2021-10-12,14662.11,-0.3508
2021-10-13,14774.6,0.7672
2021-10-14,15052.42,1.8804
2021-10-15,15146.92,0.6278
2021-10-18,15300.89,1.0165
2021-10-19,15410.72,0.7178
2021-10-20,15388.71,-0.1428
2021-10-21,15489.59,0.6555
2021-10-22,15355.07,-0.8685
2021-10-25,15514.19,1.0363
2021-10-26,15559.49,0.292
2021-10-27,15598.39,0.25
2021-10-28,15778.16,1.1525
2021-10-29,15850.47,0.4583
2021-11-01,15905.28,0.3458
2021-11-02,15972.49,0.4226
2021-11-03,16144.5,1.0769
2021-11-04,16346.24,1.2496
2021-11-05,16359.38,0.0804
2021-11-08,16336.03,-0.1427
2021-11-09,16219.94,-0.7106
2021-11-10,15985.57,-1.4449
2021-11-11,16032.47,0.2934
2021-11-12,16199.89,1.0443
2021-11-15,16189.12,-0.0665
2021-11-16,16309.77,0.7453
2021-11-17,16308.07,-0.0104
2021-11-18,16482.97,1.0725
2021-11-19,16573.34,0.5483
2021-11-22,16380.98,-1.1607
2021-11-23,16306.72,-0.4533
2021-11-24,16367.81,0.3746
2021-11-26,16025.58,-2.0909
2021-11-29,16399.24,2.3316
2021-11-30,16135.92,-1.6057
2021-12-01,15877.72,-1.6002
2021-12-02,15990.76,0.7119
2021-12-03,15712.04,-1.743
2021-12-06,15846.16,0.8536
2021-12-07,16325.66,3.026
2021-12-08,16394.34,0.4207
2021-12-09,16149.57,-1.493
2021-12-10,16331.98,1.1295
2021-12-13,16082.55,-1.5272
2021-12-14,15914.9,-1.0424
2021-12-15,16289.59,2.3543
2021-12-16,15863.94,-2.613
2021-12-17,15801.46,-0.3938
2021-12-20,15627.64,-1.1
2021-12-21,15986.28,2.2949
2021-12-22,16180.14,1.2127
2021-12-23,16308.21,0.7915
2021-12-27,16567.5,1.5899
2021-12-28,16488.66,-0.4759
2021-12-29,16491.01,0.0143
2021-12-30,16429.1,-0.3754
2021-12-31,16320.08,-0.6636
2022-01-03,16501.77,1.1133
2022-01-04,16279.73,-1.3456
2022-01-05,15771.78,-3.1201
2022-01-06,15765.36,-0.0407
2022-01-07,15592.19,-1.0984
2022-01-10,15614.43,0.1426
2022-01-11,15844.12,1.471
2022-01-12,15905.1,0.3849
2022-01-13,15495.62,-2.5745
2022-01-14,15611.59,0.7484
2022-01-18,15210.76,-2.5675
2022-01-19,15047.84,-1.0711
2022-01-20,14846.46,-1.3383
2022-01-21,14438.4,-2.7485
2022-01-24,14509.58,0.493
2022-01-25,14149.12,-2.4843
2022-01-26,14172.76,0.1671
2022-01-27,14003.11,-1.197
2022-01-28,14454.61,3.2243
2022-01-31,14930.05,3.2892
2022-02-01,15019.68,0.6003
2022-02-02,15139.74,0.7994
2022-02-03,14501.11,-4.2182
2022-02-04,14694.35,1.3326
2022-02-07,14571.25,-0.8377
2022-02-08,14747.03,1.2063
2022-02-09,15056.96,2.1016
2022-02-10,14705.64,-2.3333
2022-02-11,14253.84,-3.0723
2022-02-14,14268.59,0.1035
2022-02-15,14620.82,2.4686
2022-02-16,14603.64,-0.1175
2022-02-17,14171.74,-2.9575
2022-02-18,14009.54,-1.1445
2022-02-22,13870.53,-0.9923
2022-02-23,13509.43,-2.6034
2022-02-24,13974.67,3.4438
2022-02-25,14189.16,1.5348
2022-02-28,14237.81,0.3429
2022-03-01,14005.99,-1.6282
2022-03-02,14243.69,1.6971
2022-03-03,14035.21,-1.4637
2022-03-04,13837.83,-1.4063
2022-03-07,13319.38,-3.7466
2022-03-08,13267.61,-0.3887
2022-03-09,13742.2,3.5771
2022-03-10,13591.0,-1.1003
2022-03-11,13301.83,-2.1277
2022-03-14,13046.64,-1.9185
2022-03-15,13458.56,3.1573
2022-03-16,13956.79,3.702
2022-03-17,14118.6,1.1594
2022-03-18,14420.08,2.1353
2022-03-21,14376.09,-0.3051
2022-03-22,14654.33,1.9354
2022-03-23,14447.55,-1.4111
2022-03-24,14765.69,2.202
2022-03-25,14754.31,-0.0771
2022-03-28,14987.4,1.5798
2022-03-29,15239.32,1.6809
2022-03-30,15071.55,-1.1009
2022-03-31,14838.49,-1.5464
2022-04-01,14861.21,0.1531
2022-04-04,15159.58,2.0077
2022-04-05,14820.64,-2.2358
2022-04-06,14498.89,-2.171
2022-04-07,14531.81,0.2271
2022-04-08,14327.26,-1.4076
2022-04-11,13990.21,-2.3525
2022-04-12,13940.24,-0.3572
2022-04-13,14217.29,1.9874
2022-04-14,13893.21,-2.2795
2022-04-18,13910.76,0.1263
2022-04-19,14210.26,2.153
2022-04-20,13998.53,-1.49
2022-04-21,13720.45,-1.9865
2022-04-22,13356.87,-2.6499
2022-04-25,13533.22,1.3203
2022-04-26,13009.71,-3.8683
2022-04-27,13003.36,-0.0488
2022-04-28,13456.06,3.4814
2022-04-29,12854.8,-4.4683
2022-05-02,13075.85,1.7196
2022-05-03,13089.9,0.1074
2022-05-04,13535.71,3.4058
2022-05-05,12850.55,-5.0619
2022-05-06,12693.53,-1.2219
2022-05-09,12187.72,-3.9848
2022-05-10,12345.86,1.2975
2022-05-11,11967.56,-3.0642
2022-05-12,11945.5,-0.1843
2022-05-13,12387.4,3.6993
2022-05-16,12243.58,-1.161
2022-05-17,12564.1,2.6179
2022-05-18,11928.31,-5.0604
2022-05-19,11875.63,-0.4416
2022-05-20,11835.62,-0.3369
2022-05-23,12034.28,1.6785
2022-05-24,11769.84,-2.1974
2022-05-25,11943.93,1.4791
2022-05-26,12276.79,2.7869
2022-05-27,12681.42,3.2959
2022-05-31,12642.1,-0.3101
2022-06-01,12548.36,-0.7415
2022-06-02,12892.89,2.7456
2022-06-03,12548.03,-2.6748
2022-06-06,12599.63,0.4112
2022-06-07,12711.68,0.8893
2022-06-08,12615.13,-0.7595
2022-06-09,12269.78,-2.7376
2022-06-10,11832.82,-3.5613
2022-06-13,11288.32,-4.6016
2022-06-14,11311.69,0.207
2022-06-15,11593.77,2.4937
2022-06-16,11127.57,-4.0211
2022-06-17,11265.99,1.2439
2022-06-21,11546.76,2.4922
2022-06-22,11527.71,-0.165
2022-06-23,11697.68,1.4744
2022-06-24,12105.85,3.4893
2022-06-27,12008.24,-0.8063
2022-06-28,11637.77,-3.0851
2022-06-29,11658.26,0.1761
2022-06-30,11503.72,-1.3256
2022-07-01,11585.68,0.7125
2022-07-05,11779.9,1.6764
2022-07-06,11852.59,0.6171
2022-07-07,12109.05,2.1637
2022-07-08,12125.69,0.1374
2022-07-11,11860.28,-2.1888
2022-07-12,11744.99,-0.9721
2022-07-13,11728.53,-0.1401
2022-07-14,11768.4,0.3399
2022-07-15,11983.62,1.8288
2022-07-18,11877.5,-0.8855
2022-07-19,12249.42,3.1313
2022-07-20,12439.68,1.5532
2022-07-21,12619.41,1.4448
2022-07-22,12396.47,-1.7666
2022-07-25,12328.41,-0.549
2022-07-26,12086.9,-1.959
2022-07-27,12601.47,4.2573
2022-07-28,12717.87,0.9237
2022-07-29,12947.97,1.8093
2022-08-01,12940.78,-0.0555
2022-08-02,12901.6,-0.3028
2022-08-03,13253.26,2.7257
2022-08-04,13311.04,0.436
2022-08-05,13207.69,-0.7764
2022-08-08,13159.16,-0.3674
2022-08-09,13008.17,-1.1474
2022-08-10,13378.32,2.8455
2022-08-11,13291.99,-0.6453
2022-08-12,13565.87,2.0605
2022-08-15,13667.18,0.7468
2022-08-16,13635.21,-0.2339
2022-08-17,13470.86,-1.2053
2022-08-18,13505.99,0.2608
2022-08-19,13242.9,-1.948
2022-08-22,12890.54,-2.6607
2022-08-23,12881.79,-0.0679
2022-08-24,12917.86,0.28
2022-08-25,13143.58,1.7473
2022-08-26,12605.17,-4.0964
2022-08-29,12484.32,-0.9587
2022-08-30,12342.7,-1.1344
2022-08-31,12272.03,-0.5726
2022-09-01,12274.62,0.0211
2022-09-02,12098.44,-1.4353
2022-09-06,12011.31,-0.7202
2022-09-07,12259.39,2.0654
2022-09-08,12321.19,0.5041
2022-09-09,12588.29,2.1678
2022-09-12,12739.72,1.2029
2022-09-13,12033.62,-5.5425
2022-09-14,12134.4,0.8375
2022-09-15,11927.49,-1.7052
2022-09-16,11861.38,-0.5543
2022-09-19,11953.27,0.7747
2022-09-20,11851.54,-0.8511
2022-09-21,11637.79,-1.8036
2022-09-22,11501.65,-1.1698
2022-09-23,11311.24,-1.6555
2022-09-26,11254.11,-0.5051
2022-09-27,11271.75,0.1567
2022-09-28,11493.83,1.9702
2022-09-29,11164.78,-2.8628
2022-09-30,10971.22,-1.7337
2022-10-03,11229.73,2.3563
2022-10-04,11582.54,3.1417
2022-10-05,11573.18,-0.0808
2022-10-06,11485.5,-0.7576
2022-10-07,11039.47,-3.8834
2022-10-10,10926.97,-1.0191
2022-10-11,10791.35,-1.2411
2022-10-12,10785.62,-0.0531
2022-10-13,11033.58,2.299
2022-10-14,10692.06,-3.0953
2022-10-17,11062.53,3.4649
2022-10-18,11147.74,0.7703
2022-10-19,11103.38,-0.3979
2022-10-20,11046.71,-0.5104
2022-10-21,11310.33,2.3864
2022-10-24,11430.26,1.0604
2022-10-25,11669.99,2.0973
2022-10-26,11405.9,-2.263
2022-10-27,11191.63,-1.8786
2022-10-28,11546.21,3.1683
2022-10-31,11405.57,-1.2181
2022-11-01,11288.95,-1.0225
2022-11-02,10906.34,-3.3892
2022-11-03,10690.6,-1.9781
2022-11-04,10857.03,1.5568
2022-11-07,10977.0,1.105
2022-11-08,11059.5,0.7516
2022-11-09,10797.55,-2.3686
2022-11-10,11605.96,7.487
2022-11-11,11817.01,1.8185
2022-11-14,11700.94,-0.9822
2022-11-15,11871.15,1.4547
2022-11-16,11699.09,-1.4494
2022-11-17,11676.86,-0.19
2022-11-18,11677.02,0.0014
2022-11-21,11553.45,-1.0582
2022-11-22,11724.84,1.4835
2022-11-23,11838.72,0.9713
2022-11-25,11756.03,-0.6985
2022-11-28,11587.75,-1.4314
2022-11-29,11503.45,-0.7275
2022-11-30,12030.06,4.5778
2022-12-01,12041.89,0.0983
2022-12-02,11994.26,-0.3955
2022-12-05,11786.8,-1.7297
2022-12-06,11549.69,-2.0117
2022-12-07,11497.39,-0.4528
2022-12-08,11637.5,1.2186
2022-12-09,11563.33,-0.6373
2022-12-12,11706.44,1.2376
2022-12-13,11834.21,1.0915
2022-12-14,11740.92,-0.7883
2022-12-15,11345.22,-3.3703
2022-12-16,11243.72,-0.8946
2022-12-19,11084.59,-1.4153
2022-12-20,11072.42,-0.1098
2022-12-21,11235.88,1.4763
2022-12-22,10956.14,-2.4897
2022-12-23,10985.45,0.2675
2022-12-27,10822.51,-1.4832
2022-12-28,10679.34,-1.3229
2022-12-29,10951.05,2.5443
2022-12-30,10939.76,-0.1031
2023-01-03,10862.64,-0.705
2023-01-04,10914.8,0.4802
2023-01-05,10741.22,-1.5903
2023-01-06,11040.35,2.7849
2023-01-09,11108.45,0.6168
2023-01-10,11205.78,0.8762
2023-01-11,11402.52,1.7557
2023-01-12,11459.61,0.5007
2023-01-13,11541.48,0.7144
2023-01-17,11557.19,0.1361
2023-01-18,11410.29,-1.2711
2023-01-19,11295.67,-1.0045
2023-01-20,11619.03,2.8627
2023-01-23,11872.54,2.1819
2023-01-24,11846.64,-0.2182
2023-01-25,11814.69,-0.2697
2023-01-26,12051.48,2.0042
2023-01-27,12166.6,0.9552
2023-01-30,11912.39,-2.0894
2023-01-31,12101.93,1.5911
2023-02-01,12363.1,2.1581
2023-02-02,12803.14,3.5593
2023-02-03,12573.36,-1.7947
2023-02-06,12464.51,-0.8657
2023-02-07,12728.27,2.1161
2023-02-08,12495.38,-1.8297
2023-02-09,12381.17,-0.914
2023-02-10,12304.92,-0.6159
2023-02-13,12502.31,1.6042
2023-02-14,12590.89,0.7085
2023-02-15,12687.89,0.7704
2023-02-16,12442.48,-1.9342
2023-02-17,12358.18,-0.6775
2023-02-21,12060.3,-2.4104
2023-02-22,12066.27,0.0495
2023-02-23,12180.14,0.9437
2023-02-24,11969.65,-1.7281
2023-02-27,12057.79,0.7364
2023-02-28,12042.12,-0.13
2023-03-01,11938.57,-0.8599
2023-03-02,12044.87,0.8904
2023-03-03,12290.81,2.0419
2023-03-06,12302.48,0.0949
2023-03-07,12152.17,-1.2218
2023-03-08,12215.33,0.5197
2023-03-09,11995.88,-1.7965
2023-03-10,11830.28,-1.3805
2023-03-13,11923.17,0.7852
2023-03-14,12199.79,2.32
2023-03-15,12251.32,0.4224
2023-03-16,12581.39,2.6942
2023-03-17,12519.88,-0.4889
2023-03-20,12562.61,0.3413
2023-03-21,12741.44,1.4235
2023-03-22,12567.15,-1.3679
2023-03-23,12729.23,1.2897
2023-03-24,12767.05,0.2971
2023-03-27,12673.07,-0.7361
2023-03-28,12610.57,-0.4932
2023-03-29,12846.03,1.8672
2023-03-30,12963.14,0.9116
2023-03-31,13181.35,1.6833
2023-04-03,13148.35,-0.2504
2023-04-04,13100.08,-0.3671
2023-04-05,12967.2,-1.0143
2023-04-06,13062.6,0.7357
2023-04-10,13051.23,-0.087
2023-04-11,12964.15,-0.6672
2023-04-12,12848.35,-0.8932
2023-04-13,13109.39,2.0317
2023-04-14,13079.52,-0.2279
2023-04-17,13087.71,0.0626
2023-04-18,13091.79,0.0312
2023-04-19,13088.71,-0.0235
2023-04-20,12985.98,-0.7849
2023-04-21,13000.77,0.1139
2023-04-24,12969.76,-0.2385
2023-04-25,12725.11,-1.8863
2023-04-26,12806.48,0.6394
2023-04-27,13160.03,2.7607
2023-04-28,13245.99,0.6532
2023-05-01,13231.47,-0.1096
2023-05-02,13113.66,-0.8904
2023-05-03,13030.21,-0.6364
2023-05-04,12982.48,-0.3663
2023-05-05,13259.13,2.1309
2023-05-08,13291.64,0.2452
2023-05-09,13201.11,-0.6811
2023-05-10,13347.83,1.1114
2023-05-11,13389.78,0.3143
2023-05-12,13340.18,-0.3704
2023-05-15,13413.51,0.5497
2023-05-16,13426.01,0.0932
2023-05-17,13589.26,1.2159
2023-05-18,13834.62,1.8055
2023-05-19,13803.49,-0.225
2023-05-22,13849.74,0.3351
2023-05-23,13672.54,-1.2794
2023-05-24,13604.48,-0.4978
2023-05-25,13938.53,2.4554
2023-05-26,14298.41,2.5819
2023-05-30,14354.99,0.3957
2023-05-31,14254.09,-0.7029
2023-06-01,14441.51,1.3149
2023-06-02,14546.64,0.728
2023-06-05,14556.5,0.0678
2023-06-06,14558.09,0.0109
2023-06-07,14303.29,-1.7502
2023-06-08,14484.54,1.2672
2023-06-09,14528.36,0.3025
2023-06-12,14784.3,1.7617
2023-06-13,14900.85,0.7883
2023-06-14,15005.69,0.7036
2023-06-15,15185.48,1.1981
2023-06-16,15083.92,-0.6688
2023-06-20,15070.15,-0.0913
2023-06-21,14867.45,-1.345
2023-06-22,15042.32,1.1762
2023-06-23,14891.48,-1.0028
2023-06-26,14689.02,-1.3596
2023-06-27,14945.91,1.7489
2023-06-28,14964.57,0.1249
2023-06-29,14939.95,-0.1645
2023-06-30,15179.21,1.6015
2023-07-03,15208.69,0.1942
2023-07-05,15203.78,-0.0323
2023-07-06,15089.45,-0.752
2023-07-07,15036.85,-0.3486
2023-07-10,15045.64,0.0585
2023-07-11,15119.06,0.488
2023-07-12,15307.23,1.2446
2023-07-13,15571.98,1.7296
2023-07-14,15565.6,-0.041
2023-07-17,15713.28,0.9488
2023-07-18,15841.35,0.815
2023-07-19,15826.35,-0.0947
2023-07-20,15466.09,-2.2763
2023-07-21,15425.67,-0.2613
2023-07-24,15448.02,0.1449
2023-07-25,15561.42,0.7341
2023-07-26,15499.26,-0.3994
2023-07-27,15464.93,-0.2215
2023-07-28,15750.93,1.8493
2023-07-31,15757.0,0.0385
2023-08-01,15718.01,-0.2474
2023-08-02,15370.74,-2.2094
2023-08-03,15353.54,-0.1119
2023-08-04,15274.92,-0.5121
2023-08-07,15407.85,0.8703
2023-08-08,15273.05,-0.8749
2023-08-09,15101.71,-1.1218
2023-08-10,15128.84,0.1796
2023-08-11,15028.07,-0.6661
2023-08-14,15205.59,1.1813
2023-08-15,15037.65,-1.1045
2023-08-16,14876.47,-1.0718
2023-08-17,14715.81,-1.08
2023-08-18,14694.84,-0.1425
2023-08-21,14936.69,1.6458
2023-08-22,14908.96,-0.1857
2023-08-23,15148.06,1.6037
2023-08-24,14816.44,-2.1892
2023-08-25,14941.83,0.8463
2023-08-28,15052.46,0.7404
2023-08-29,15376.55,2.1531
2023-08-30,15462.43,0.5585
2023-08-31,15501.07,0.2499
2023-09-01,15490.86,-0.0659
2023-09-05,15508.24,0.1122
2023-09-06,15371.44,-0.8821
2023-09-07,15258.52,-0.7346
2023-09-08,15280.23,0.1423
2023-09-11,15461.87,1.1887
2023-09-12,15289.74,-1.1133
2023-09-13,15348.53,0.3845
2023-09-14,15473.89,0.8168
2023-09-15,15202.4,-1.7545
2023-09-18,15225.37,0.1511
2023-09-19,15191.23,-0.2242
2023-09-20,14969.92,-1.4568
2023-09-21,14694.24,-1.8416
2023-09-22,14701.1,0.0467
2023-09-25,14768.9,0.4612
2023-09-26,14545.83,-1.5104
2023-09-27,14580.16,0.236
2023-09-28,14702.77,0.8409
2023-09-29,14715.24,0.0848
2023-10-02,14837.57,0.8313
2023-10-03,14565.62,-1.8328
2023-10-04,14776.25,1.4461
2023-10-05,14723.22,-0.3589
2023-10-06,14973.24,1.6981
2023-10-09,15047.15,0.4936
2023-10-10,15131.52,0.5607
2023-10-11,15241.12,0.7243
2023-10-12,15184.1,-0.3741
2023-10-13,14995.12,-1.2446
2023-10-16,15172.73,1.1845
2023-10-17,15122.01,-0.3343
2023-10-18,14909.26,-1.4069
2023-10-19,14783.13,-0.846
2023-10-20,14560.88,-1.5034
2023-10-23,14604.85,0.302
2023-10-24,14745.86,0.9655
2023-10-25,14381.64,-2.47
2023-10-26,14109.57,-1.8918
2023-10-27,14180.42,0.5021
2023-10-30,14335.51,1.0937
2023-10-31,14409.78,0.5181
2023-11-01,14664.91,1.7705
2023-11-02,14919.55,1.7364
2023-11-03,15099.49,1.2061
2023-11-06,15154.93,0.3672
2023-11-07,15296.02,0.931
2023-11-08,15313.24,0.1126
2023-11-09,15187.9,-0.8185
2023-11-10,15529.12,2.2467
2023-11-13,15482.79,-0.2983
2023-11-14,15812.47,2.1293
2023-11-15,15817.18,0.0298
2023-11-16,15833.17,0.1011
2023-11-17,15837.99,0.0304
2023-11-20,16027.06,1.1938
2023-11-21,15933.62,-0.583
2023-11-22,16001.39,0.4253
2023-11-24,15982.01,-0.1211
2023-11-27,15961.98,-0.1253
2023-11-28,16010.43,0.3035
2023-11-29,15987.6,-0.1426
2023-11-30,15947.87,-0.2485
2023-12-01,15997.58,0.3117
2023-12-04,15839.67,-0.9871
2023-12-05,15877.71,0.2402
2023-12-06,15788.05,-0.5647
2023-12-07,16022.49,1.4849
2023-12-08,16084.69,0.3882
2023-12-11,16221.73,0.852
2023-12-12,16354.25,0.8169
2023-12-13,16562.37,1.2726
2023-12-14,16537.83,-0.1482
2023-12-15,16623.45,0.5177
2023-12-18,16729.8,0.6398
2023-12-19,16811.85,0.4904
2023-12-20,16554.16,-1.5328
2023-12-21,16757.41,1.2278
2023-12-22,16777.4,0.1193
2023-12-26,16878.46,0.6024
2023-12-27,16906.8,0.1679
2023-12-28,16898.47,-0.0493
2023-12-29,16825.93,-0.4293
2024-01-02,16543.94,-1.6759
2024-01-03,16368.49,-1.0605
2024-01-04,16282.01,-0.5283
2024-01-05,16305.98,0.1472
2024-01-08,16649.87,2.109
2024-01-09,16678.7,0.1732
2024-01-10,16793.05,0.6856
2024-01-11,16820.9,0.1658
2024-01-12,16832.92,0.0715
2024-01-16,16830.71,-0.0131
2024-01-17,16736.28,-0.5611
2024-01-18,16982.29,1.4699
2024-01-19,17314.0,1.9533
2024-01-22,17330.38,0.0946
2024-01-23,17404.21,0.426
2024-01-24,17499.3,0.5464
2024-01-25,17516.99,0.1011
2024-01-26,17421.01,-0.5479
2024-01-29,17596.27,1.006
2024-01-30,17476.71,-0.6795
2024-01-31,17137.24,-1.9424
2024-02-01,17344.71,1.2106
2024-02-02,17642.73,1.7182
2024-02-05,17613.04,-0.1683
2024-02-06,17572.73,-0.2289
2024-02-07,17755.07,1.0376
2024-02-08,17783.17,0.1583
2024-02-09,17962.41,1.0079
2024-02-12,17882.66,-0.444
2024-02-13,17600.42,-1.5783
2024-02-14,17807.63,1.1773
2024-02-15,17845.72,0.2139
2024-02-16,17685.98,-0.8951
2024-02-20,17546.1,-0.7909
2024-02-21,17478.91,-0.3829
2024-02-22,18004.7,3.0081
2024-02-23,17937.61,-0.3726
2024-02-26,17933.33,-0.0239
2024-02-27,17971.05,0.2103
2024-02-28,17874.5,-0.5373
2024-02-29,18043.85,0.9474
2024-03-01,18302.91,1.4357
2024-03-04,18226.48,-0.4176
2024-03-05,17897.87,-1.8029
2024-03-06,18017.57,0.6688
2024-03-07,18297.99,1.5564
2024-03-08,18018.45,-1.5277
2024-03-11,17951.69,-0.3705
2024-03-12,18219.11,1.4897
2024-03-13,18068.47,-0.8268
2024-03-14,18014.81,-0.297
2024-03-15,17808.25,-1.1466
2024-03-18,17985.01,0.9926
2024-03-19,18032.2,0.2624
2024-03-20,18240.11,1.153
2024-03-21,18320.38,0.4401
2024-03-22,18339.44,0.104
2024-03-25,18277.06,-0.3401
2024-03-26,18210.54,-0.364
2024-03-27,18280.84,0.386
2024-03-28,18254.69,-0.143
2024-04-01,18293.2,0.211
2024-04-02,18121.78,-0.9371
2024-04-03,18160.19,0.212
2024-04-04,17878.78,-1.5496
2024-04-05,18108.46,1.2847
2024-04-08,18100.19,-0.0457
2024-04-09,18169.9,0.3851
2024-04-10,18011.66,-0.8709
2024-04-11,18307.98,1.6452
2024-04-12,18003.49,-1.6632
2024-04-15,17706.83,-1.6478
2024-04-16,17713.66,0.0386
2024-04-17,17493.62,-1.2422
2024-04-18,17394.31,-0.5677
2024-04-19,17037.65,-2.0504
2024-04-22,17210.89,1.0168
2024-04-23,17471.47,1.514
2024-04-24,17526.8,0.3167
2024-04-25,17430.5,-0.5494
2024-04-26,17718.3,1.6511
2024-04-29,17782.72,0.3636
2024-04-30,17440.69,-1.9234
2024-05-01,17318.55,-0.7003
2024-05-02,17541.54,1.2876
2024-05-03,17890.8,1.991
2024-05-06,18093.57,1.1334
2024-05-07,18091.45,-0.0117
2024-05-08,18085.01,-0.0356
2024-05-09,18113.46,0.1573
2024-05-10,18161.18,0.2635
2024-05-13,18198.61,0.2061
2024-05-14,18322.77,0.6822
2024-05-15,18596.65,1.4948
2024-05-16,18557.96,-0.208
2024-05-17,18546.23,-0.0632
2024-05-20,18674.19,0.69
2024-05-21,18713.8,0.2121
2024-05-22,18705.2,-0.046
2024-05-23,18623.39,-0.4374
2024-05-24,18808.35,0.9932
2024-05-28,18869.44,0.3248
2024-05-29,18736.75,-0.7032
2024-05-30,18538.66,-1.0572
2024-05-31,18536.65,-0.0108
2024-06-03,18600.97,0.347
2024-06-04,18654.84,0.2896
2024-06-05,19035.05,2.0381
2024-06-06,19021.19,-0.0728
2024-06-07,19000.95,-0.1064
2024-06-10,19074.67,0.388
2024-06-11,19210.18,0.7104
2024-06-12,19465.18,1.3274
2024-06-13,19576.92,0.5741
2024-06-14,19659.8,0.4234
2024-06-17,19902.75,1.2358
2024-06-18,19908.86,0.0307
2024-06-20,19752.3,-0.7864
2024-06-21,19700.43,-0.2626
2024-06-24,19474.62,-1.1462
2024-06-25,19701.13,1.1631
2024-06-26,19751.05,0.2534
2024-06-27,19789.03,0.1923
2024-06-28,19682.87,-0.5365
2024-07-01,19812.22,0.6572
2024-07-02,20011.89,1.0078
2024-07-03,20186.63,0.8732
2024-07-05,20391.97,1.0172
2024-07-08,20439.54,0.2333
2024-07-09,20453.02,0.066
2024-07-10,20675.38,1.0872
2024-07-11,20211.36,-2.2443
2024-07-12,20331.49,0.5944
2024-07-15,20386.88,0.2724
2024-07-16,20398.62,0.0576
2024-07-17,19799.14,-2.9388
2024-07-18,19705.09,-0.475
2024-07-19,19522.62,-0.926
2024-07-22,19822.87,1.538
2024-07-23,19754.34,-0.3457
2024-07-24,19032.39,-3.6546
2024-07-25,18830.58,-1.0604
2024-07-26,19023.66,1.0254
2024-07-29,19059.49,0.1883
2024-07-30,18796.27,-1.381
2024-07-31,19362.43,3.0121
2024-08-01,18890.39,-2.4379
2024-08-02,18440.85,-2.3797
2024-08-05,17895.16,-2.9591
2024-08-06,18077.92,1.0213
2024-08-07,17867.37,-1.1647
2024-08-08,18413.82,3.0584
2024-08-09,18513.1,0.5392
2024-08-12,18542.03,0.1563
2024-08-13,19006.43,2.5046
2024-08-14,19022.68,0.0855
2024-08-15,19490.15,2.4574
2024-08-16,19508.52,0.0943
2024-08-19,19766.49,1.3223
2024-08-20,19719.82,-0.2361
2024-08-21,19824.84,0.5326
2024-08-22,19491.84,-1.6797
2024-08-23,19720.87,1.175
2024-08-26,19516.44,-1.0366
2024-08-27,19581.52,0.3335
2024-08-28,19350.78,-1.1784
2024-08-29,19325.45,-0.1309
2024-08-30,19574.64,1.2894
2024-09-03,18958.74,-3.1464
2024-09-04,18921.4,-0.197
2024-09-05,18930.33,0.0472
2024-09-06,18421.31,-2.6889
2024-09-09,18660.78,1.3
2024-09-10,18829.14,0.9022
2024-09-11,19237.3,2.1677
2024-09-12,19423.07,0.9657
2024-09-13,19514.59,0.4712
2024-09-16,19423.06,-0.469
2024-09-17,19432.4,0.0481
2024-09-18,19344.49,-0.4524
2024-09-19,19839.83,2.5606
2024-09-20,19791.49,-0.2437
2024-09-23,19852.2,0.3067
2024-09-24,19944.84,0.4666
2024-09-25,19972.61,0.1392
2024-09-26,20115.54,0.7156
2024-09-27,20008.62,-0.5315
2024-09-30,20060.69,0.2602
2024-10-01,19773.3,-1.4326
2024-10-02,19802.59,0.1481
2024-10-03,19793.34,-0.0467
2024-10-04,20035.02,1.221
2024-10-07,19800.74,-1.1694
2024-10-08,20107.78,1.5506
2024-10-09,20268.86,0.8011
2024-10-10,20241.76,-0.1337
2024-10-11,20271.97,0.1492
2024-10-14,20439.05,0.8242
2024-10-15,20159.83,-1.3661
2024-10-16,20174.05,0.0705
2024-10-17,20190.42,0.0811
2024-10-18,20324.04,0.6618
2024-10-21,20361.47,0.1842
2024-10-22,20390.46,0.1424
2024-10-23,20066.96,-1.5865
2024-10-24,20232.87,0.8268
2024-10-25,20352.02,0.5889
2024-10-28,20351.07,-0.0047
2024-10-29,20550.65,0.9807
2024-10-30,20387.7,-0.7929
2024-10-31,19890.42,-2.4391
2024-11-01,20033.14,0.7175
2024-11-04,19963.6,-0.3471
2024-11-05,20227.46,1.3217
2024-11-06,20781.33,2.7382
2024-11-07,21101.57,1.541
2024-11-08,21117.18,0.074
2024-11-11,21106.59,-0.0501
2024-11-12,21070.79,-0.1696
2024-11-13,21036.16,-0.1644
2024-11-14,20896.67,-0.6631
2024-11-15,20394.13,-2.4049
2024-11-18,20539.19,0.7113
2024-11-19,20684.59,0.7079
2024-11-20,20667.1,-0.0846
2024-11-21,20740.78,0.3565
2024-11-22,20776.23,0.1709
2024-11-25,20804.89,0.1379
2024-11-26,20922.9,0.5672
2024-11-27,20744.49,-0.8527
2024-11-29,20930.37,0.896
2024-12-02,21164.6,1.1191
2024-12-03,21229.32,0.3058
2024-12-04,21492.36,1.239
2024-12-05,21425.22,-0.3124
2024-12-06,21622.25,0.9196
2024-12-09,21440.82,-0.8391
2024-12-10,21368.18,-0.3388
2024-12-11,21763.98,1.8523
2024-12-12,21615.27,-0.6833
2024-12-13,21780.25,0.7633
2024-12-16,22096.66,1.4527
2024-12-17,22001.08,-0.4326
2024-12-18,21209.32,-3.5987
2024-12-19,21110.51,-0.4659
2024-12-20,21289.15,0.8462
2024-12-23,21503.17,1.0053
2024-12-24,21797.65,1.3695
2024-12-26,21768.31,-0.1346
2024-12-27,21473.02,-1.3565
2024-12-30,21197.09,-1.285
2024-12-31,21012.17,-0.8724
2025-01-02,20975.62,-0.1739
2025-01-03,21326.16,1.6712
2025-01-06,21559.5,1.0941
2025-01-07,21173.04,-1.7925
2025-01-08,21180.97,0.0375
2025-01-10,20847.58,-1.574
2025-01-13,20784.72,-0.3015
2025-01-14,20757.41,-0.1314
2025-01-15,21237.85,2.3145
2025-01-16,21091.25,-0.6903
2025-01-17,21441.16,1.659
2025-01-21,21566.51,0.5846
2025-01-22,21853.0,1.3284
2025-01-23,21900.93,0.2193
2025-01-24,21774.01,-0.5795
2025-01-27,21127.28,-2.9702
2025-01-28,21463.04,1.5892
2025-01-29,21411.46,-0.2403
2025-01-30,21508.12,0.4514
2025-01-31,21478.05,-0.1398
2025-02-03,21297.58,-0.8403
2025-02-04,21566.92,1.2647
2025-02-05,21658.16,0.4231
2025-02-06,21774.07,0.5352
2025-02-07,21491.31,-1.2986
2025-02-10,21756.73,1.235
2025-02-11,21693.52,-0.2905
2025-02-12,21719.26,0.1187
2025-02-13,22030.71,1.434
2025-02-14,22114.69,0.3812
2025-02-18,22164.61,0.2257
2025-02-19,22175.6,0.0496
2025-02-20,22068.06,-0.4849
2025-02-21,21614.08,-2.0572
2025-02-24,21352.08,-1.2122
2025-02-25,21087.25,-1.2403
2025-02-26,21132.92,0.2166
2025-02-27,20550.95,-2.7539
2025-02-28,20884.41,1.6226
2025-03-03,20425.58,-2.197
2025-03-04,20352.53,-0.3576
2025-03-05,20628.46,1.3558
2025-03-06,20052.63,-2.7914
2025-03-07,20201.37,0.7417
2025-03-10,19430.95,-3.8137
2025-03-11,19376.96,-0.2779
2025-03-12,19596.02,1.1305
2025-03-13,19225.48,-1.8909
2025-03-14,19704.64,2.4923
2025-03-17,19812.24,0.5461
2025-03-18,19483.36,-1.66
2025-03-19,19736.66,1.3001
2025-03-20,19677.61,-0.2992
2025-03-21,19753.97,0.3881
2025-03-24,20180.45,2.159
2025-03-25,20287.83,0.5321
2025-03-26,19916.99,-1.8279
2025-03-27,19798.62,-0.5943
2025-03-28,19281.4,-2.6124
2025-03-31,19278.45,-0.0153
2025-04-01,19436.42,0.8194
2025-04-02,19581.78,0.7479
2025-04-03,18521.47,-5.4148
2025-04-04,17397.7,-6.0674
2025-04-07,17430.68,0.1896
2025-04-08,17090.4,-1.9522
2025-04-09,19145.06,12.0223
2025-04-10,18343.57,-4.1864
2025-04-11,18690.05,1.8888
2025-04-14,18796.02,0.567
2025-04-15,18830.23,0.182
2025-04-16,18257.64,-3.0408
2025-04-17,18258.09,0.0025
2025-04-21,17808.3,-2.4635
2025-04-22,18276.41,2.6286
2025-04-23,18693.26,2.2808
2025-04-24,19214.4,2.7878
2025-04-25,19432.56,1.1354
2025-04-28,19427.29,-0.0271
2025-04-29,19544.95,0.6056
2025-04-30,19571.02,0.1334
2025-05-01,19786.71,1.1021
2025-05-02,20102.61,1.5965
2025-05-05,19967.94,-0.6699
2025-05-06,19791.35,-0.8844
2025-05-07,19867.97,0.3871
2025-05-08,20063.56,0.9844
2025-05-09,20061.45,-0.0105
2025-05-12,20868.15,4.0211
2025-05-13,21197.7,1.5792
2025-05-14,21319.21,0.5732
2025-05-15,21335.82,0.0779
2025-05-16,21427.94,0.4318
2025-05-19,21447.05,0.0892
2025-05-20,21367.37,-0.3715
2025-05-21,21080.36,-1.3432
2025-05-22,21112.47,0.1523
2025-05-23,20915.66,-0.9322
2025-05-27,21414.99,2.3873
2025-05-28,21318.17,-0.4521
2025-05-29,21363.95,0.2147
2025-05-30,21340.99,-0.1075
2025-06-02,21491.75,0.7064
2025-06-03,21662.58,0.7949
2025-06-04,21721.92,0.2739
2025-06-05,21547.43,-0.8033
2025-06-06,21761.79,0.9948
2025-06-09,21797.87,0.1658
2025-06-10,21941.92,0.6608
2025-06-11,21860.8,-0.3697
2025-06-12,21913.32,0.2402
2025-06-13,21631.04,-1.2882
2025-06-16,21937.57,1.4171
2025-06-17,21719.08,-0.996
2025-06-18,21719.69,0.0028
2025-06-20,21626.39,-0.4296
2025-06-23,21856.33,1.0632
2025-06-24,22190.52,1.529
2025-06-25,22237.74,0.2128
2025-06-26,22447.29,0.9423
2025-06-27,22534.2,0.3872
2025-06-30,22679.01,0.6426
2025-07-01,22478.13,-0.8858
2025-07-02,22641.89,0.7285
2025-07-03,22866.97,0.9941
2025-07-07,22685.57,-0.7933
2025-07-08,22702.25,0.0735
2025-07-09,22864.91,0.7165
2025-07-10,22829.26,-0.1559
2025-07-11,22780.6,-0.2131
2025-07-14,22855.63,0.3294
2025-07-15,22884.59,0.1267
2025-07-16,22907.97,0.1022
2025-07-17,23081.05,0.7555
2025-07-18,23065.47,-0.0675
2025-07-21,23180.06,0.4968
2025-07-22,23063.58,-0.5025
2025-07-23,23162.41,0.4285
2025-07-24,23219.87,0.2481
2025-07-25,23272.25,0.2256
2025-07-28,23356.27,0.361
2025-07-29,23308.3,-0.2054
2025-07-30,23345.41,0.1592
2025-07-31,23218.12,-0.5452
2025-08-01,22763.31,-1.9589
2025-08-04,23188.61,1.8684
2025-08-05,23018.56,-0.7333
2025-08-06,23315.04,1.288
2025-08-07,23389.53,0.3195
2025-08-08,23611.27,0.948
2025-08-11,23526.63,-0.3585
2025-08-12,23839.2,1.3286
2025-08-13,23849.04,0.0413
2025-08-14,23832.44,-0.0696
2025-08-15,23712.07,-0.5051
2025-08-18,23713.76,0.0071
2025-08-19,23384.77,-1.3873
2025-08-20,23249.57,-0.5782
2025-08-21,23142.58,-0.4602
2025-08-22,23498.12,1.5363
2025-08-25,23425.61,-0.3086
2025-08-26,23525.29,0.4255
2025-08-27,23565.85,0.1724
2025-08-28,23703.45,0.5839
2025-08-29,23415.42,-1.2151
2025-09-02,23231.11,-0.7871
2025-09-03,23414.84,0.7909
2025-09-04,23633.01,0.9318
2025-09-05,23652.44,0.0822
2025-09-08,23762.3,0.4645
2025-09-09,23839.8,0.3261
2025-09-10,23849.27,0.0397
2025-09-11,23992.56,0.6008
2025-09-12,24092.19,0.4153
2025-09-15,24293.78,0.8367
2025-09-16,24274.25,-0.0804
2025-09-17,24223.69,-0.2083
2025-09-18,24454.89,0.9544
2025-09-19,24626.25,0.7007
2025-09-22,24761.07,0.5475
2025-09-23,24580.17,-0.7306
2025-09-24,24503.57,-0.3116
2025-09-25,24397.31,-0.4337
2025-09-26,24503.85,0.4367
2025-09-29,24611.35,0.4387
2025-09-30,24679.99,0.2789
2025-10-01,24800.86,0.4897
2025-10-02,24892.76,0.3706
2025-10-03,24785.52,-0.4308
2025-10-06,24978.56,0.7788
2025-10-07,24840.23,-0.5538
2025-10-08,25136.62,1.1932
2025-10-09,25098.18,-0.1529
2025-10-10,24221.74,-3.492
2025-10-13,24750.25,2.182
2025-10-14,24579.32,-0.6906
2025-10-15,24745.36,0.6755
2025-10-16,24657.24,-0.3561
2025-10-17,24817.95,0.6518
2025-10-20,25141.02,1.3018
2025-10-21,25127.13,-0.0552
2025-10-22,24879.01,-0.9875
2025-10-23,25097.41,0.8778
2025-10-24,25358.16,1.039
2025-10-27,25821.55,1.8274
2025-10-28,26012.15,0.7381
2025-10-29,26119.85,0.414
2025-10-30,25734.81,-1.4741
2025-10-31,25858.13,0.4792
2025-11-03,25972.94,0.444
2025-11-04,25435.7,-2.0685
2025-11-05,25620.03,0.7247
2025-11-06,25130.04,-1.9125
2025-11-07,25059.81,-0.2795
2025-11-10,25611.74,2.2025
2025-11-11,25533.49,-0.3055
2025-11-12,25517.33,-0.0633
2025-11-13,24993.46,-2.053
2025-11-14,25008.24,0.0591
2025-11-17,24799.92,-0.833
2025-11-18,24503.1,-1.1969
2025-11-19,24640.52,0.5608
2025-11-20,24054.38,-2.3788
2025-11-21,24239.57,0.7699
2025-11-24,24873.85,2.6167
2025-11-25,25018.36,0.581
2025-11-26,25236.94,0.8737
2025-11-28,25434.89,0.7844
2025-12-01,25342.85,-0.3619
2025-12-02,25555.86,0.8405
2025-12-03,25606.54,0.1983
2025-12-04,25581.7,-0.097
2025-12-05,25692.05,0.4314
2025-12-08,25627.95,-0.2495
2025-12-09,25668.69,0.159
2025-12-10,25776.44,0.4198
2025-12-11,25686.69,-0.3482
2025-12-12,25196.73,-1.9074
2025-12-15,25067.27,-0.5138
2025-12-16,25132.94,0.262
2025-12-17,24647.61,-1.9311
2025-12-18,25019.37,1.5083
2025-12-19,25346.18,1.3062
2025-12-22,25461.7,0.4558
2025-12-23,25587.83,0.4954
2025-12-24,25656.15,0.267
2025-12-26,25644.39,-0.0458
2025-12-29,25525.56,-0.4634
2025-12-30,25462.56,-0.2468
2025-12-31,25249.85,-0.8354
2026-01-02,25206.17,-0.173
2026-01-05,25401.32,0.7742
2026-01-06,25639.71,0.9385
2026-01-07,25653.9,0.0553
2026-01-08,25507.1,-0.5722
2026-01-09,25766.26,1.016
2026-01-12,25787.66,0.0831
2026-01-13,25741.95,-0.1773
2026-01-14,25465.94,-1.0722
2026-01-15,25547.07,0.3186
2026-01-16,25529.26,-0.0697
2026-01-20,24987.57,-2.1218
2026-01-21,25326.58,1.3567
2026-01-22,25518.35,0.7572
2026-01-23,25605.47,0.3414
2026-01-26,25713.21,0.4208
2026-01-27,25939.74,0.881
2026-01-28,26022.79,0.3202
2026-01-29,25884.3,-0.5322
2026-01-30,25552.39,-1.2823
2026-02-02,25738.61,0.7288
2026-02-03,25338.62,-1.554
2026-02-04,24891.24,-1.7656
2026-02-05,24548.69,-1.3762
2026-02-06,25075.77,2.1471
2026-02-09,25268.14,0.7672
2026-02-10,25127.64,-0.556
2026-02-11,25201.26,0.293
2026-02-12,24687.61,-2.0382
2026-02-13,24732.73,0.1828
2026-02-17,24701.6,-0.1259
2026-02-18,24898.87,0.7986
2026-02-19,24797.34,-0.4078
2026-02-20,25012.62,0.8682
2026-02-23,24708.94,-1.2141
2026-02-24,24977.04,1.085
2026-02-25,25329.04,1.4093
2026-02-26,25034.37,-1.1634
2026-02-27,24960.04,-0.2969
2026-03-02,24992.6,0.1304
2026-03-03,24720.08,-1.0904
2026-03-04,25093.68,1.5113
2026-03-05,25020.41,-0.292
2026-03-06,24643.02,-1.5083
2026-03-09,24967.25,1.3157
2026-03-10,24956.47,-0.0432
2026-03-11,24965.01,0.0342
2026-03-12,24533.58,-1.7281
2026-03-13,24380.73,-0.623
2026-03-16,24655.34,1.1263
2026-03-17,24780.42,0.5073
2026-03-18,24425.09,-1.4339
2026-03-19,24355.28,-0.2858
2026-03-20,23898.15,-1.8769
2026-03-23,24188.59,1.2153
2026-03-24,24002.45,-0.7695
2026-03-25,24162.98,0.6688
2026-03-26,23586.99,-2.3838
2026-03-27,23132.77,-1.9257
2026-03-30,22953.38,-0.7755
2026-03-31,23740.19,3.4279
2026-04-01,24019.99,1.1786
2026-04-02,24045.53,0.1063
2026-04-06,24192.17,0.6098
2026-04-07,24202.37,0.0422
2026-04-08,24903.17,2.8956
2026-04-09,25082.09,0.7185
2026-04-10,25116.34,0.1366
2026-04-13,25383.72,1.0646
2026-04-14,25842.0,1.8054
2026-04-15,26204.58,1.4031
2026-04-16,26333.0,0.4901
2026-04-17,26672.43,1.289
2026-04-20,26590.34,-0.3078
2026-04-21,26479.47,-0.417
2026-04-22,26937.28,1.7289
2026-04-23,26782.63,-0.5741
2026-04-24,27303.67,1.9454
2026-04-27,27305.68,0.0074
2026-04-28,27029.01,-1.0132
2026-04-29,27186.98,0.5844
2026-04-30,27452.12,0.9752
2026-05-01,27710.36,0.9407
2026-05-04,27651.82,-0.2113
2026-05-05,28015.06,1.3136
2026-05-06,28599.17,2.085
2026-05-07,28563.95,-0.1232
2026-05-08,29234.99,2.3493
2026-05-11,29320.66,0.293
2026-05-12,29064.8,-0.8726
2026-05-13,29366.94,1.0395
2026-05-14,29580.3,0.7265
2026-05-15,29125.2,-1.5385
2026-05-18,28994.37,-0.4492
2026-05-19,28818.84,-0.6054
2026-05-20,29297.7,1.6616
2026-05-21,29357.27,0.2033
2026-05-22,29481.64,0.4236
2026-05-26,30001.32,1.7627
2026-05-27,29973.57,-0.0925
2026-05-28,30223.89,0.8351
2026-05-29,30333.18,0.3616
2026-06-01,30513.86,0.5957
2026-06-02,30660.6,0.4809
2026-06-03,30571.24,-0.2914
2026-06-04,30407.81,-0.5346
2026-06-05,28957.6,-4.7692
2026-06-08,29414.26,1.577
2026-06-09,29084.5,-1.1211
2026-06-10,28508.03,-1.9821
2026-06-11,29446.18,3.2908
2026-06-12,29635.95,0.6445
2026-06-15,30543.92,3.0637
2026-06-16,29968.13,-1.8851
2026-06-17,29670.95,-0.9917
2026-06-18,30406.19,2.478
2026-06-22,30347.08,-0.1944
2026-06-23,29347.27,-3.2946
2026-06-24,29220.06,-0.4335
2026-06-25,29440.32,0.7538
2026-06-26,29118.24,-1.094
2026-06-29,29774.75,2.2546
2026-06-30,30276.35,1.6846
2026-07-01,29809.13,-1.5432
2026-07-02,29329.21,-1.61
2026-07-06,29697.87,1.257
2026-07-07,29173.02,-1.7673
2026-07-08,29252.56,0.2726
2026-07-09,29727.1,1.6222
2026-07-10,29825.11,0.3297
2026-07-13,29264.1,-1.881
2026-07-14,29586.29,1.101
2026-07-15,29502.6,-0.2829
2026-07-16,29025.77,-1.6162
2026-07-17,28592.66,-1.4922
2026-07-20,28604.23,0.0405
2026-07-21,29155.18,1.9261
2026-07-22,28998.1,-0.5388
2026-07-23,28454.81,-1.8735
2026-07-24,28128.34,-1.1473
2026-07-27,28039.21,-0.3169
2026-07-28,27763.13,-0.9846
2026-07-29,27192.31,-2.056
2026-07-30,28106.35,3.3614
2026-07-31,28274.2,0.5972
2026-08-03,28776.8,1.7776
2026-08-04,29733.16,3.3234
2026-08-05,29487.79,-0.8252
2026-08-06,29373.33,-0.3882
2026-08-07,29722.3,1.1881
2026-08-10,29621.8,-0.3381
2026-08-11,29525.48,-0.3252
2026-08-12,29742.6,0.7354
2026-08-13,30084.5,1.1495
2026-08-14,30046.14,-0.1275
2026-08-17,29995.38,-0.1689
2026-08-18,29490.96,-1.6817
2026-08-19,29426.02,-0.2202
2026-08-20,29213.16,-0.7234
2026-08-21,29308.86,0.3276
2026-08-24,29023.18,-0.9747
2026-08-25,29209.23,0.641
2026-08-26,29224.52,0.0523
2026-08-27,29641.56,1.427
2026-08-28,29433.43,-0.7022
2026-08-31,29456.97,0.08
