date,level,change_pct
1927-12-30,17.66,
1928-01-03,17.76,0.5663
1928-01-04,17.72,-0.2252
1928-01-05,17.55,-0.9594
1928-01-06,17.66,0.6268
1928-01-09,17.5,-0.906
1928-01-10,17.37,-0.7429
1928-01-11,17.35,-0.1151
1928-01-12,17.47,0.6916
1928-01-13,17.58,0.6297
1928-01-16,17.29,-1.6496
1928-01-17,17.3,0.0578
1928-01-18,17.26,-0.2312
1928-01-19,17.38,0.6952
1928-01-20,17.48,0.5754
1928-01-23,17.64,0.9153
1928-01-24,17.71,0.3968
1928-01-25,17.52,-1.0728
1928-01-26,17.63,0.6279
1928-01-27,17.69,0.3403
1928-01-30,17.49,-1.1306
1928-01-31,17.57,0.4574
1928-02-01,17.53,-0.2277
1928-02-02,17.63,0.5705
1928-02-03,17.4,-1.3046
1928-02-06,17.45,0.2874
1928-02-07,17.44,-0.0573
1928-02-08,17.49,0.2867
1928-02-09,17.55,0.3431
1928-02-10,17.54,-0.057
1928-02-14,17.44,-0.5701
1928-02-15,17.4,-0.2294
1928-02-16,17.35,-0.2874
1928-02-17,17.04,-1.7867
1928-02-20,16.95,-0.5282
1928-02-21,17.11,0.944
1928-02-23,17.13,0.1169
1928-02-24,17.18,0.2919
1928-02-27,17.11,-0.4075
1928-02-28,17.16,0.2922
1928-02-29,17.26,0.5828
1928-03-01,17.3,0.2317
1928-03-02,17.3,0.0
1928-03-05,17.57,1.5607
1928-03-06,17.67,0.5692
1928-03-07,17.58,-0.5093
1928-03-08,17.64,0.3413
1928-03-09,17.93,1.644
1928-03-12,18.0,0.3904
1928-03-13,17.92,-0.4444
1928-03-14,17.93,0.0558
1928-03-15,18.07,0.7808
1928-03-16,18.26,1.0515
1928-03-19,18.36,0.5476
1928-03-20,18.46,0.5447
1928-03-21,18.65,1.0293
1928-03-22,18.6,-0.2681
1928-03-23,18.78,0.9677
1928-03-26,19.05,1.4377
1928-03-27,18.94,-0.5774
1928-03-28,18.89,-0.264
1928-03-29,18.95,0.3176
1928-03-30,19.28,1.7414
1928-04-02,18.91,-1.9191
1928-04-03,19.02,0.5817
1928-04-04,18.99,-0.1577
1928-04-05,19.23,1.2638
1928-04-09,19.27,0.208
1928-04-10,19.1,-0.8822
1928-04-11,19.44,1.7801
1928-04-12,19.41,-0.1543
1928-04-13,19.73,1.6486
1928-04-16,19.68,-0.2534
1928-04-17,19.52,-0.813
1928-04-18,19.52,0.0
1928-04-19,19.63,0.5635
1928-04-20,19.34,-1.4773
1928-04-23,19.15,-0.9824
1928-04-24,19.25,0.5222
1928-04-25,19.33,0.4156
1928-04-26,19.47,0.7243
1928-04-27,19.68,1.0786
1928-04-30,19.75,0.3557
1928-05-01,19.78,0.1519
1928-05-02,19.83,0.2528
1928-05-03,19.93,0.5043
1928-05-04,20.24,1.5554
1928-05-07,20.41,0.8399
1928-05-08,20.27,-0.6859
1928-05-09,20.24,-0.148
1928-05-10,20.21,-0.1482
1928-05-11,20.36,0.7422
1928-05-14,20.44,0.3929
1928-05-15,20.39,-0.2446
1928-05-16,20.05,-1.6675
1928-05-17,20.12,0.3491
1928-05-18,19.92,-0.994
1928-05-21,19.63,-1.4558
1928-05-22,19.36,-1.3754
1928-05-23,19.75,2.0145
1928-05-24,19.87,0.6076
1928-05-25,19.9,0.151
1928-05-28,19.57,-1.6583
1928-05-29,19.82,1.2775
1928-05-31,20.0,0.9082
1928-06-01,20.07,0.35
1928-06-04,19.8,-1.3453
1928-06-05,19.85,0.2525
1928-06-06,19.66,-0.9572
1928-06-07,19.61,-0.2543
1928-06-08,19.37,-1.2239
1928-06-11,18.68,-3.5622
1928-06-12,18.34,-1.8201
1928-06-13,18.89,2.9989
1928-06-14,19.05,0.847
1928-06-15,18.74,-1.6273
1928-06-18,18.4,-1.8143
1928-06-19,18.34,-0.3261
1928-06-20,18.57,1.2541
1928-06-21,18.56,-0.0539
1928-06-22,18.54,-0.1078
1928-06-25,18.47,-0.3776
1928-06-26,18.68,1.137
1928-06-27,18.86,0.9636
1928-06-28,19.07,1.1135
1928-06-29,19.14,0.3671
1928-07-02,18.98,-0.8359
1928-07-03,19.29,1.6333
1928-07-05,19.48,0.985
1928-07-06,19.39,-0.462
1928-07-09,19.46,0.361
1928-07-10,19.43,-0.1542
1928-07-11,18.95,-2.4704
1928-07-12,18.81,-0.7388
1928-07-13,18.96,0.7974
1928-07-16,18.7,-1.3713
1928-07-17,18.8,0.5348
1928-07-18,19.03,1.2234
1928-07-19,18.99,-0.2102
1928-07-20,19.03,0.2106
1928-07-23,19.12,0.4729
1928-07-24,19.09,-0.1569
1928-07-25,19.2,0.5762
1928-07-26,19.24,0.2083
1928-07-27,19.42,0.9356
1928-07-30,19.47,0.2575
1928-07-31,19.43,-0.2054
1928-08-01,19.42,-0.0515
1928-08-02,19.33,-0.4634
1928-08-03,19.36,0.1552
1928-08-06,19.58,1.1364
1928-08-07,19.49,-0.4597
1928-08-08,19.25,-1.2314
1928-08-09,19.3,0.2597
1928-08-10,19.25,-0.2591
1928-08-13,19.29,0.2078
1928-08-14,19.13,-0.8294
1928-08-15,19.47,1.7773
1928-08-16,19.61,0.7191
1928-08-17,19.64,0.153
1928-08-20,19.77,0.6619
1928-08-21,20.02,1.2645
1928-08-22,20.0,-0.0999
1928-08-23,20.02,0.1
1928-08-24,20.34,1.5984
1928-08-27,20.38,0.1967
1928-08-28,20.54,0.7851
1928-08-29,20.58,0.1947
1928-08-30,20.61,0.1458
1928-08-31,20.87,1.2615
1928-09-04,20.97,0.4792
1928-09-05,21.07,0.4769
1928-09-06,20.94,-0.617
1928-09-07,21.09,0.7163
1928-09-10,20.92,-0.8061
1928-09-11,21.08,0.7648
1928-09-12,21.16,0.3795
1928-09-13,21.14,-0.0945
1928-09-14,21.14,0.0
1928-09-17,21.33,0.8988
1928-09-18,21.18,-0.7032
1928-09-19,21.18,0.0
1928-09-20,21.22,0.1889
1928-09-21,21.36,0.6598
1928-09-24,21.43,0.3277
1928-09-25,21.41,-0.0933
1928-09-26,21.4,-0.0467
1928-09-27,21.13,-1.2617
1928-09-28,21.14,0.0473
1928-10-01,21.36,1.0407
1928-10-02,21.26,-0.4682
1928-10-03,21.19,-0.3293
1928-10-04,21.26,0.3303
1928-10-05,21.22,-0.1881
1928-10-08,21.11,-0.5184
1928-10-09,21.18,0.3316
1928-10-10,21.41,1.0859
1928-10-11,21.51,0.4671
1928-10-15,21.65,0.6509
1928-10-16,21.72,0.3233
1928-10-17,21.79,0.3223
1928-10-18,21.84,0.2295
1928-10-19,21.96,0.5495
1928-10-22,21.81,-0.6831
1928-10-23,21.95,0.6419
1928-10-24,21.99,0.1822
1928-10-25,21.91,-0.3638
1928-10-26,21.65,-1.1867
1928-10-29,22.0,1.6166
1928-10-30,21.76,-1.0909
1928-10-31,21.68,-0.3676
1928-11-01,21.99,1.4299
1928-11-02,21.95,-0.1819
1928-11-05,22.24,1.3212
1928-11-07,22.24,0.0
1928-11-08,22.39,0.6745
1928-11-09,22.55,0.7146
1928-11-12,22.84,1.286
1928-11-13,22.91,0.3065
1928-11-14,22.91,0.0
1928-11-15,23.03,0.5238
1928-11-16,23.37,1.4763
1928-11-19,23.37,0.0
1928-11-20,23.57,0.8558
1928-11-21,23.22,-1.4849
1928-11-22,23.52,1.292
1928-11-23,23.7,0.7653
1928-11-26,23.8,0.4219
1928-11-27,23.91,0.4622
1928-11-28,24.19,1.1711
1928-11-30,24.28,0.3721
1928-12-03,23.85,-1.771
1928-12-04,23.91,0.2516
1928-12-05,23.81,-0.4182
1928-12-06,22.91,-3.7799
1928-12-07,22.36,-2.4007
1928-12-10,22.31,-0.2236
1928-12-11,22.74,1.9274
1928-12-12,22.52,-0.9675
1928-12-13,22.48,-0.1776
1928-12-14,22.53,0.2224
1928-12-17,22.44,-0.3995
1928-12-18,22.7,1.1586
1928-12-19,22.98,1.2335
1928-12-20,23.07,0.3916
1928-12-21,23.33,1.127
1928-12-24,23.54,0.9001
1928-12-26,23.44,-0.4248
1928-12-27,23.64,0.8532
1928-12-28,23.98,1.4382
1928-12-31,24.35,1.543
1929-01-02,24.81,1.8891
1929-01-03,24.86,0.2015
1929-01-04,24.85,-0.0402
1929-01-07,24.25,-2.4145
1929-01-08,24.17,-0.3299
1929-01-09,24.54,1.5308
1929-01-10,24.58,0.163
1929-01-11,24.54,-0.1627
1929-01-14,24.59,0.2037
1929-01-15,24.23,-1.464
1929-01-16,24.56,1.3619
1929-01-17,24.69,0.5293
1929-01-18,24.77,0.324
1929-01-21,24.86,0.3633
1929-01-22,25.07,0.8447
1929-01-23,25.22,0.5983
1929-01-24,25.06,-0.6344
1929-01-25,25.48,1.676
1929-01-28,25.35,-0.5102
1929-01-29,25.36,0.0394
1929-01-30,25.45,0.3549
1929-01-31,25.74,1.1395
1929-02-01,25.84,0.3885
1929-02-04,25.64,-0.774
1929-02-05,25.7,0.234
1929-02-06,25.49,-0.8171
1929-02-07,24.71,-3.06
1929-02-08,24.44,-1.0927
1929-02-11,24.98,2.2095
1929-02-13,24.95,-0.1201
1929-02-14,24.85,-0.4008
1929-02-15,24.35,-2.0121
1929-02-18,24.39,0.1643
1929-02-19,24.38,-0.041
1929-02-20,24.59,0.8614
1929-02-21,24.86,1.098
1929-02-25,24.91,0.2011
1929-02-26,24.95,0.1606
1929-02-27,25.25,1.2024
1929-02-28,25.59,1.3465
1929-03-01,25.83,0.9379
1929-03-04,25.49,-1.3163
1929-03-05,25.32,-0.6669
1929-03-06,24.92,-1.5798
1929-03-07,25.15,0.923
1929-03-08,25.31,0.6362
1929-03-11,24.95,-1.4224
1929-03-12,24.97,0.0802
1929-03-13,25.24,1.0813
1929-03-14,25.73,1.9414
1929-03-15,26.08,1.3603
1929-03-18,26.04,-0.1534
1929-03-19,26.03,-0.0384
1929-03-20,26.02,-0.0384
1929-03-21,25.9,-0.4612
1929-03-22,25.55,-1.3514
1929-03-25,24.51,-4.0705
1929-03-26,24.35,-0.6528
1929-03-27,25.09,3.039
1929-03-28,25.53,1.7537
1929-04-01,24.88,-2.546
1929-04-02,25.17,1.1656
1929-04-03,24.86,-1.2316
1929-04-04,25.3,1.7699
1929-04-05,25.05,-0.9881
1929-04-08,24.83,-0.8782
1929-04-09,24.63,-0.8055
1929-04-10,24.78,0.609
1929-04-11,25.06,1.1299
1929-04-12,25.15,0.3591
1929-04-15,25.0,-0.5964
1929-04-16,25.06,0.24
1929-04-17,25.32,1.0375
1929-04-18,25.43,0.4344
1929-04-19,25.41,-0.0786
1929-04-22,25.7,1.1413
1929-04-23,25.85,0.5837
1929-04-24,25.75,-0.3868
1929-04-25,25.63,-0.466
1929-04-26,25.58,-0.1951
1929-04-29,25.53,-0.1955
1929-04-30,25.94,1.606
1929-05-01,25.99,0.1928
1929-05-02,26.11,0.4617
1929-05-03,26.37,0.9958
1929-05-06,26.32,-0.1896
1929-05-07,26.07,-0.9498
1929-05-08,26.18,0.4219
1929-05-09,26.02,-0.6112
1929-05-10,26.34,1.2298
1929-05-13,25.64,-2.6576
1929-05-14,25.95,1.209
1929-05-15,25.84,-0.4239
1929-05-16,25.97,0.5031
1929-05-17,26.09,0.4621
1929-05-20,25.39,-2.683
1929-05-21,25.7,1.221
1929-05-22,24.76,-3.6576
1929-05-23,25.31,2.2213
1929-05-24,25.12,-0.7507
1929-05-27,24.2,-3.6624
1929-05-28,24.59,1.6116
1929-05-29,24.62,0.122
1929-05-31,24.83,0.853
1929-06-03,25.27,1.772
1929-06-04,25.64,1.4642
1929-06-05,25.59,-0.195
1929-06-06,25.64,0.1954
1929-06-07,25.53,-0.429
1929-06-10,25.27,-1.0184
1929-06-11,25.43,0.6332
1929-06-12,25.45,0.0786
1929-06-13,25.84,1.5324
1929-06-14,25.93,0.3483
1929-06-17,26.41,1.8511
1929-06-18,26.42,0.0379
1929-06-19,26.32,-0.3785
1929-06-20,26.47,0.5699
1929-06-21,26.62,0.5667
1929-06-24,26.62,0.0
1929-06-25,26.9,1.0518
1929-06-26,27.06,0.5948
1929-06-27,27.11,0.1848
1929-06-28,27.41,1.1066
1929-07-01,27.77,1.3134
1929-07-02,28.06,1.0443
1929-07-03,28.18,0.4277
1929-07-05,28.32,0.4968
1929-07-08,28.37,0.1766
1929-07-09,28.28,-0.3172
1929-07-10,28.2,-0.2829
1929-07-11,28.26,0.2128
1929-07-12,28.57,1.097
1929-07-15,28.45,-0.42
1929-07-16,28.65,0.703
1929-07-17,28.72,0.2443
1929-07-18,28.66,-0.2089
1929-07-19,28.76,0.3489
1929-07-22,28.43,-1.1474
1929-07-23,28.83,1.407
1929-07-24,28.64,-0.659
1929-07-25,28.77,0.4539
1929-07-26,28.66,-0.3823
1929-07-29,28.18,-1.6748
1929-07-30,28.5,1.1356
1929-07-31,28.88,1.3333
1929-08-01,29.08,0.6925
1929-08-02,29.56,1.6506
1929-08-05,29.54,-0.0677
1929-08-06,29.43,-0.3724
1929-08-07,29.13,-1.0194
1929-08-08,29.47,1.1672
1929-08-09,28.38,-3.6987
1929-08-12,29.27,3.136
1929-08-13,29.53,0.8883
1929-08-14,29.62,0.3048
1929-08-15,29.67,0.1688
1929-08-16,30.22,1.8537
1929-08-19,30.5,0.9265
1929-08-20,30.68,0.5902
1929-08-21,30.55,-0.4237
1929-08-22,30.79,0.7856
1929-08-23,31.09,0.9743
1929-08-26,31.07,-0.0643
1929-08-27,31.05,-0.0644
1929-08-28,30.99,-0.1932
1929-08-29,31.29,0.9681
1929-08-30,31.71,1.3423
1929-09-03,31.82,0.3469
1929-09-04,31.72,-0.3143
1929-09-05,31.02,-2.2068
1929-09-06,31.83,2.6112
1929-09-09,31.67,-0.5027
1929-09-10,31.1,-1.7998
1929-09-11,31.53,1.3826
1929-09-12,31.17,-1.1418
1929-09-13,31.38,0.6737
1929-09-16,31.86,1.5296
1929-09-17,31.6,-0.8161
1929-09-18,31.68,0.2532
1929-09-19,31.73,0.1578
1929-09-20,31.39,-1.0715
1929-09-23,31.38,-0.0319
1929-09-24,30.8,-1.8483
1929-09-25,30.85,0.1623
1929-09-26,31.13,0.9076
1929-09-27,30.27,-2.7626
1929-09-30,30.16,-0.3634
1929-10-01,29.98,-0.5968
1929-10-02,30.2,0.7338
1929-10-03,28.95,-4.1391
1929-10-04,28.65,-1.0363
1929-10-07,30.44,6.2478
1929-10-08,30.34,-0.3285
1929-10-09,30.27,-0.2307
1929-10-10,30.81,1.7839
1929-10-11,30.76,-0.1623
1929-10-14,30.55,-0.6827
1929-10-15,30.3,-0.8183
1929-10-16,29.24,-3.4983
1929-10-17,29.69,1.539
1929-10-18,28.84,-2.8629
1929-10-21,27.73,-3.8488
1929-10-22,28.27,1.9473
1929-10-23,26.6,-5.9073
1929-10-24,25.75,-3.1955
1929-10-25,26.12,1.4369
1929-10-28,22.74,-12.9403
1929-10-29,20.43,-10.1583
1929-10-30,22.99,12.5306
1929-10-31,24.15,5.0457
1929-11-04,22.88,-5.2588
1929-11-06,20.61,-9.9213
1929-11-07,21.37,3.6875
1929-11-08,21.18,-0.8891
1929-11-11,19.86,-6.2323
1929-11-12,18.73,-5.6898
1929-11-13,17.66,-5.7128
1929-11-14,19.24,8.9468
1929-11-15,20.3,5.5094
1929-11-18,20.09,-1.0345
1929-11-19,20.7,3.0363
1929-11-20,21.27,2.7536
1929-11-21,21.61,1.5985
1929-11-22,21.53,-0.3702
1929-11-25,21.28,-1.1612
1929-11-26,20.66,-2.9135
1929-11-27,20.92,1.2585
1929-12-02,20.95,0.1434
1929-12-03,21.65,3.3413
1929-12-04,22.05,1.8476
1929-12-05,21.87,-0.8163
1929-12-06,22.45,2.652
1929-12-09,22.4,-0.2227
1929-12-10,22.57,0.7589
1929-12-11,22.38,-0.8418
1929-12-12,21.17,-5.4066
1929-12-13,21.7,2.5035
1929-12-16,21.33,-1.7051
1929-12-17,21.56,1.0783
1929-12-18,21.42,-0.6494
1929-12-19,20.85,-2.6611
1929-12-20,20.16,-3.3094
1929-12-23,20.26,0.496
1929-12-24,20.39,0.6417
1929-12-26,20.84,2.207
1929-12-27,20.82,-0.096
1929-12-30,20.89,0.3362
1929-12-31,21.45,2.6807
1930-01-02,21.18,-1.2587
1930-01-03,21.23,0.2361
1930-01-06,21.5,1.2718
1930-01-07,21.31,-0.8837
1930-01-08,21.29,-0.0939
1930-01-09,21.62,1.55
1930-01-10,21.55,-0.3238
1930-01-13,21.52,-0.1392
1930-01-14,21.56,0.1859
1930-01-15,21.65,0.4174
1930-01-16,21.5,-0.6928
1930-01-17,21.31,-0.8837
1930-01-20,21.5,0.8916
1930-01-21,21.61,0.5116
1930-01-22,21.63,0.0925
1930-01-23,21.84,0.9709
1930-01-24,22.04,0.9158
1930-01-27,22.21,0.7713
1930-01-28,22.1,-0.4953
1930-01-29,22.35,1.1312
1930-01-30,22.47,0.5369
1930-01-31,22.79,1.4241
1930-02-03,22.74,-0.2194
1930-02-04,23.01,1.1873
1930-02-05,23.31,1.3038
1930-02-06,23.06,-1.0725
1930-02-07,22.97,-0.3903
1930-02-10,23.12,0.653
1930-02-11,23.32,0.8651
1930-02-13,23.36,0.1715
1930-02-14,23.35,-0.0428
1930-02-17,23.26,-0.3854
1930-02-18,23.28,0.086
1930-02-19,23.07,-0.9021
1930-02-20,22.64,-1.8639
1930-02-21,22.92,1.2367
1930-02-24,22.68,-1.0471
1930-02-25,22.89,0.9259
1930-02-26,23.11,0.9611
1930-02-27,23.08,-0.1298
1930-02-28,23.28,0.8666
1930-03-03,23.36,0.3436
1930-03-04,23.54,0.7705
1930-03-05,23.36,-0.7647
1930-03-06,23.59,0.9846
1930-03-07,23.59,0.0
1930-03-10,23.67,0.3391
1930-03-11,23.72,0.2112
1930-03-12,23.46,-1.0961
1930-03-13,23.6,0.5968
1930-03-14,23.45,-0.6356
1930-03-17,23.67,0.9382
1930-03-18,23.9,0.9717
1930-03-19,24.03,0.5439
1930-03-20,24.14,0.4578
1930-03-21,24.29,0.6214
1930-03-24,24.28,-0.0412
1930-03-25,24.25,-0.1236
1930-03-26,24.62,1.5258
1930-03-27,24.57,-0.2031
1930-03-28,24.85,1.1396
1930-03-31,24.15,-2.8169
1930-04-01,25.37,5.0518
1930-04-02,25.11,-1.0248
1930-04-03,25.16,0.1991
1930-04-04,25.54,1.5103
1930-04-07,25.6,0.2349
1930-04-08,25.46,-0.5469
1930-04-09,25.87,1.6104
1930-04-10,25.92,0.1933
1930-04-11,25.84,-0.3086
1930-04-14,25.73,-0.4257
1930-04-15,25.74,0.0389
1930-04-16,25.56,-0.6993
1930-04-17,25.75,0.7433
1930-04-21,25.29,-1.7864
1930-04-22,25.5,0.8304
1930-04-23,25.55,0.1961
1930-04-24,25.35,-0.7828
1930-04-25,25.32,-0.1183
1930-04-28,24.76,-2.2117
1930-04-29,24.73,-0.1212
1930-04-30,24.9,0.6874
1930-05-01,24.3,-2.4096
1930-05-02,23.57,-3.0041
1930-05-05,22.98,-2.5032
1930-05-06,23.76,3.3943
1930-05-07,23.31,-1.8939
1930-05-08,23.4,0.3861
1930-05-09,23.69,1.2393
1930-05-12,24.09,1.6885
1930-05-13,24.42,1.3699
1930-05-14,24.57,0.6143
1930-05-15,24.17,-1.628
1930-05-16,24.28,0.4551
1930-05-19,23.75,-2.1829
1930-05-20,23.86,0.4632
1930-05-21,23.74,-0.5029
1930-05-22,23.79,0.2106
1930-05-23,24.03,1.0088
1930-05-26,24.23,0.8323
1930-05-27,24.24,0.0413
1930-05-28,24.38,0.5776
1930-05-29,24.49,0.4512
1930-06-02,24.4,-0.3675
1930-06-03,24.18,-0.9016
1930-06-04,24.29,0.4549
1930-06-05,23.91,-1.5644
1930-06-06,23.52,-1.6311
1930-06-09,22.38,-4.8469
1930-06-10,23.01,2.815
1930-06-11,22.2,-3.5202
1930-06-12,22.13,-0.3153
1930-06-13,22.26,0.5874
1930-06-16,20.56,-7.637
1930-06-17,20.58,0.0973
1930-06-18,19.86,-3.4985
1930-06-19,20.79,4.6828
1930-06-20,20.25,-2.5974
1930-06-23,20.09,-0.7901
1930-06-24,19.39,-3.4843
1930-06-25,19.54,0.7736
1930-06-26,20.0,2.3541
1930-06-27,19.81,-0.95
1930-06-30,20.46,3.2812
1930-07-01,20.24,-1.0753
1930-07-02,20.46,1.087
1930-07-03,20.25,-1.0264
1930-07-07,19.83,-2.0741
1930-07-08,19.97,0.706
1930-07-09,20.26,1.4522
1930-07-10,20.77,2.5173
1930-07-11,20.55,-1.0592
1930-07-14,21.36,3.9416
1930-07-15,21.32,-0.1873
1930-07-16,21.48,0.7505
1930-07-17,21.58,0.4655
1930-07-18,21.77,0.8804
1930-07-21,20.94,-3.8126
1930-07-22,21.32,1.8147
1930-07-23,21.66,1.5947
1930-07-24,21.38,-1.2927
1930-07-25,21.5,0.5613
1930-07-28,21.82,1.4884
1930-07-29,21.65,-0.7791
1930-07-30,21.08,-2.6328
1930-07-31,21.21,0.6167
1930-08-01,21.11,-0.4715
1930-08-04,21.52,1.9422
1930-08-05,21.52,0.0
1930-08-06,21.18,-1.5799
1930-08-07,21.06,-0.5666
1930-08-08,20.27,-3.7512
1930-08-11,20.4,0.6413
1930-08-12,19.88,-2.549
1930-08-13,20.15,1.3581
1930-08-14,20.16,0.0496
1930-08-15,20.7,2.6786
1930-08-18,20.54,-0.7729
1930-08-19,20.74,0.9737
1930-08-20,20.85,0.5304
1930-08-21,20.64,-1.0072
1930-08-22,20.79,0.7267
1930-08-25,20.68,-0.5291
1930-08-26,20.98,1.4507
1930-08-27,21.14,0.7626
1930-08-28,21.13,-0.0473
1930-08-29,21.37,1.1358
1930-09-02,21.38,0.0468
1930-09-03,21.17,-0.9822
1930-09-04,21.02,-0.7085
1930-09-05,21.34,1.5224
1930-09-08,21.63,1.359
1930-09-09,21.76,0.601
1930-09-10,21.86,0.4596
1930-09-11,21.72,-0.6404
1930-09-12,21.5,-1.0129
1930-09-15,21.19,-1.4419
1930-09-16,21.22,0.1416
1930-09-17,21.29,0.3299
1930-09-18,21.06,-1.0803
1930-09-19,20.68,-1.8044
1930-09-22,20.17,-2.4662
1930-09-23,20.44,1.3386
1930-09-24,20.11,-1.6145
1930-09-25,19.73,-1.8896
1930-09-26,19.43,-1.5205
1930-09-29,18.88,-2.8307
1930-09-30,18.59,-1.536
1930-10-01,19.42,4.4648
1930-10-02,19.18,-1.2358
1930-10-03,19.42,1.2513
1930-10-06,18.61,-4.171
1930-10-07,18.62,0.0537
1930-10-08,18.4,-1.1815
1930-10-09,17.67,-3.9674
1930-10-10,18.11,2.4901
1930-10-14,17.91,-1.1044
1930-10-15,18.2,1.6192
1930-10-16,17.88,-1.7582
1930-10-17,17.16,-4.0268
1930-10-20,17.57,2.3893
1930-10-21,17.05,-2.9596
1930-10-22,16.9,-0.8798
1930-10-23,17.14,1.4201
1930-10-24,17.74,3.5006
1930-10-27,17.78,0.2255
1930-10-28,17.86,0.4499
1930-10-29,17.55,-1.7357
1930-10-30,17.34,-1.1966
1930-10-31,16.94,-2.3068
1930-11-03,17.13,1.1216
1930-11-05,16.62,-2.9772
1930-11-06,16.65,0.1805
1930-11-07,16.09,-3.3634
1930-11-10,15.54,-3.4183
1930-11-11,15.79,1.6088
1930-11-12,16.14,2.2166
1930-11-13,16.56,2.6022
1930-11-14,16.89,1.9928
1930-11-17,16.48,-2.4275
1930-11-18,16.66,1.0922
1930-11-19,17.01,2.1008
1930-11-20,16.94,-0.4115
1930-11-21,17.2,1.5348
1930-11-24,17.05,-0.8721
1930-11-25,16.85,-1.173
1930-11-26,16.61,-1.4243
1930-11-28,16.38,-1.3847
1930-12-01,16.8,2.5641
1930-12-02,16.96,0.9524
1930-12-03,16.67,-1.7099
1930-12-04,16.42,-1.4997
1930-12-05,16.43,0.0609
1930-12-08,15.97,-2.7998
1930-12-09,15.98,0.0626
1930-12-10,15.73,-1.5645
1930-12-11,15.55,-1.1443
1930-12-12,15.43,-0.7717
1930-12-15,14.94,-3.1756
1930-12-16,14.44,-3.3467
1930-12-17,15.11,4.6399
1930-12-18,15.22,0.728
1930-12-19,15.39,1.117
1930-12-22,14.88,-3.3138
1930-12-23,14.96,0.5376
1930-12-24,15.16,1.3369
1930-12-26,14.85,-2.0449
1930-12-29,14.72,-0.8754
1930-12-30,15.06,2.3098
1930-12-31,15.34,1.8592
1931-01-02,15.85,3.3246
1931-01-05,15.93,0.5047
1931-01-06,16.13,1.2555
1931-01-07,15.09,-6.4476
1931-01-08,16.23,7.5547
1931-01-09,16.07,-0.9858
1931-01-12,15.84,-1.4312
1931-01-13,15.65,-1.1995
1931-01-14,15.83,1.1502
1931-01-15,15.46,-2.3373
1931-01-16,15.65,1.229
1931-01-19,15.46,-1.2141
1931-01-20,15.78,2.0699
1931-01-21,15.78,0.0
1931-01-22,16.07,1.8378
1931-01-23,16.42,2.178
1931-01-26,16.4,-0.1218
1931-01-27,16.32,-0.4878
1931-01-28,16.02,-1.8382
1931-01-29,16.17,0.9363
1931-01-30,16.19,0.1237
1931-02-02,16.16,-0.1853
1931-02-03,16.24,0.495
1931-02-04,16.33,0.5542
1931-02-05,16.22,-0.6736
1931-02-06,16.27,0.3083
1931-02-09,16.96,4.2409
1931-02-10,17.23,1.592
1931-02-11,17.28,0.2902
1931-02-13,17.18,-0.5787
1931-02-16,17.34,0.9313
1931-02-17,17.05,-1.6724
1931-02-18,17.2,0.8798
1931-02-19,17.43,1.3372
1931-02-20,17.71,1.6064
1931-02-24,18.17,2.5974
1931-02-25,17.97,-1.1007
1931-02-26,18.17,1.113
1931-02-27,18.03,-0.7705
1931-03-02,17.52,-2.8286
1931-03-03,17.5,-0.1142
1931-03-04,17.34,-0.9143
1931-03-05,17.69,2.0185
1931-03-06,17.32,-2.0916
1931-03-09,17.76,2.5404
1931-03-10,17.72,-0.2252
1931-03-11,17.52,-1.1287
1931-03-12,17.4,-0.6849
1931-03-13,17.32,-0.4598
1931-03-16,17.77,2.5982
1931-03-17,17.58,-1.0692
1931-03-18,17.81,1.3083
1931-03-19,18.01,1.123
1931-03-20,18.06,0.2776
1931-03-23,17.76,-1.6611
1931-03-24,17.88,0.6757
1931-03-25,17.78,-0.5593
1931-03-26,17.54,-1.3498
1931-03-27,17.21,-1.8814
1931-03-30,16.66,-3.1958
1931-03-31,16.69,0.1801
1931-04-01,16.52,-1.0186
1931-04-02,16.45,-0.4237
1931-04-06,16.5,0.304
1931-04-07,16.28,-1.3333
1931-04-08,16.5,1.3514
1931-04-09,16.41,-0.5455
1931-04-10,16.46,0.3047
1931-04-13,16.72,1.5796
1931-04-14,16.51,-1.256
1931-04-15,16.18,-1.9988
1931-04-16,15.98,-1.2361
1931-04-17,15.73,-1.5645
1931-04-20,15.96,1.4622
1931-04-21,15.54,-2.6316
1931-04-22,15.22,-2.0592
1931-04-23,15.29,0.4599
1931-04-24,15.29,0.0
1931-04-27,14.76,-3.4663
1931-04-28,14.67,-0.6098
1931-04-29,14.37,-2.045
1931-04-30,15.09,5.0104
1931-05-01,14.65,-2.9158
1931-05-04,15.06,2.7986
1931-05-05,14.94,-0.7968
1931-05-06,15.01,0.4685
1931-05-07,14.95,-0.3997
1931-05-08,15.44,3.2776
1931-05-11,15.19,-1.6192
1931-05-12,15.04,-0.9875
1931-05-13,14.99,-0.3324
1931-05-14,14.66,-2.2015
1931-05-15,14.44,-1.5007
1931-05-18,13.84,-4.1551
1931-05-19,13.83,-0.0723
1931-05-20,13.75,-0.5785
1931-05-21,13.89,1.0182
1931-05-22,13.94,0.36
1931-05-25,13.4,-3.8737
1931-05-26,13.41,0.0746
1931-05-27,13.26,-1.1186
1931-05-28,13.31,0.3771
1931-05-29,13.02,-2.1788
1931-06-01,12.4,-4.7619
1931-06-02,12.2,-1.6129
1931-06-03,13.12,7.541
1931-06-04,13.55,3.2774
1931-06-05,13.4,-1.107
1931-06-08,13.56,1.194
1931-06-09,13.34,-1.6224
1931-06-10,13.7,2.6987
1931-06-11,13.73,0.219
1931-06-12,13.75,0.1457
1931-06-15,13.63,-0.8727
1931-06-16,13.66,0.2201
1931-06-17,13.51,-1.0981
1931-06-18,13.27,-1.7765
1931-06-19,13.22,-0.3768
1931-06-22,14.61,10.5144
1931-06-23,14.41,-1.3689
1931-06-24,15.09,4.7189
1931-06-25,14.99,-0.6627
1931-06-26,15.35,2.4016
1931-06-29,15.09,-1.6938
1931-06-30,14.83,-1.723
1931-07-01,15.07,1.6183
1931-07-02,14.94,-0.8626
1931-07-03,15.26,2.1419
1931-07-06,15.1,-1.0485
1931-07-07,14.51,-3.9073
1931-07-08,14.37,-0.9649
1931-07-09,14.49,0.8351
1931-07-10,14.63,0.9662
1931-07-13,14.23,-2.7341
1931-07-14,14.09,-0.9838
1931-07-15,13.8,-2.0582
1931-07-16,14.14,2.4638
1931-07-17,14.27,0.9194
1931-07-20,14.46,1.3315
1931-07-21,14.62,1.1065
1931-07-22,14.28,-2.3256
1931-07-23,14.28,0.0
1931-07-24,13.97,-2.1709
1931-07-27,14.03,0.4295
1931-07-28,14.18,1.0691
1931-07-29,13.74,-3.103
1931-07-30,13.8,0.4367
1931-07-31,13.73,-0.5072
1931-08-03,13.93,1.4567
1931-08-04,13.84,-0.6461
1931-08-05,13.64,-1.4451
1931-08-06,13.55,-0.6598
1931-08-07,13.61,0.4428
1931-08-10,13.55,-0.4409
1931-08-11,13.99,3.2472
1931-08-12,13.8,-1.3581
1931-08-13,14.02,1.5942
1931-08-14,14.29,1.9258
1931-08-17,14.05,-1.6795
1931-08-18,14.1,0.3559
1931-08-19,14.14,0.2837
1931-08-20,14.17,0.2122
1931-08-21,13.86,-2.1877
1931-08-24,13.75,-0.7937
1931-08-25,13.7,-0.3636
1931-08-26,13.93,1.6788
1931-08-27,13.85,-0.5743
1931-08-28,13.99,1.0108
1931-08-31,13.86,-0.9292
1931-09-01,13.92,0.4329
1931-09-02,13.66,-1.8678
1931-09-03,13.35,-2.2694
1931-09-04,13.29,-0.4494
1931-09-08,12.87,-3.1603
1931-09-09,12.76,-0.8547
1931-09-10,12.62,-1.0972
1931-09-11,12.69,0.5547
1931-09-14,12.1,-4.6493
1931-09-15,11.99,-0.9091
1931-09-16,11.82,-1.4178
1931-09-17,12.04,1.8613
1931-09-18,11.46,-4.8173
1931-09-21,10.93,-4.6248
1931-09-22,10.8,-1.1894
1931-09-23,11.52,6.6667
1931-09-24,10.68,-7.2917
1931-09-25,10.92,2.2472
1931-09-28,10.5,-3.8462
1931-09-29,10.06,-4.1905
1931-09-30,9.71,-3.4791
1931-10-01,9.53,-1.8538
1931-10-02,9.7,1.7838
1931-10-05,8.82,-9.0722
1931-10-06,9.91,12.3583
1931-10-07,9.78,-1.3118
1931-10-08,10.62,8.589
1931-10-09,10.55,-0.6591
1931-10-13,10.1,-4.2654
1931-10-14,9.87,-2.2772
1931-10-15,10.05,1.8237
1931-10-16,10.36,3.0846
1931-10-19,10.49,1.2548
1931-10-20,10.96,4.4805
1931-10-21,10.86,-0.9124
1931-10-22,10.5,-3.3149
1931-10-23,10.84,3.2381
1931-10-26,10.64,-1.845
1931-10-27,10.41,-2.1617
1931-10-28,10.07,-3.2661
1931-10-29,10.11,0.3972
1931-10-30,10.43,3.1652
1931-11-02,10.5,0.6711
1931-11-04,10.82,3.0476
1931-11-05,10.78,-0.3697
1931-11-06,11.11,3.0612
1931-11-09,11.52,3.6904
1931-11-10,11.28,-2.0833
1931-11-11,11.11,-1.5071
1931-11-12,11.07,-0.36
1931-11-13,10.72,-3.1617
1931-11-16,10.43,-2.7052
1931-11-17,10.6,1.6299
1931-11-18,10.21,-3.6792
1931-11-19,10.16,-0.4897
1931-11-20,9.85,-3.0512
1931-11-23,9.7,-1.5228
1931-11-24,9.87,1.7526
1931-11-25,9.53,-3.4448
1931-11-27,9.31,-2.3085
1931-11-30,9.5,2.0408
1931-12-01,9.38,-1.2632
1931-12-02,9.05,-3.5181
1931-12-03,9.22,1.8785
1931-12-04,9.02,-2.1692
1931-12-07,9.29,2.9933
1931-12-08,9.02,-2.9064
1931-12-09,8.78,-2.6608
1931-12-10,8.58,-2.2779
1931-12-11,8.31,-3.1469
1931-12-14,8.01,-3.6101
1931-12-15,8.12,1.3733
1931-12-16,7.93,-2.3399
1931-12-17,7.72,-2.6482
1931-12-18,8.36,8.2902
1931-12-21,8.15,-2.512
1931-12-22,8.29,1.7178
1931-12-23,7.95,-4.1013
1931-12-24,7.96,0.1258
1931-12-28,7.76,-2.5126
1931-12-29,7.96,2.5773
1931-12-30,8.1,1.7588
1931-12-31,8.12,0.2469
1932-01-04,7.56,-6.8966
1932-01-05,7.55,-0.1323
1932-01-06,8.08,7.0199
1932-01-07,8.22,1.7327
1932-01-08,8.57,4.2579
1932-01-11,8.48,-1.0502
1932-01-12,8.39,-1.0613
1932-01-13,8.8,4.8868
1932-01-14,8.9,1.1364
1932-01-15,8.92,0.2247
1932-01-18,8.51,-4.5964
1932-01-19,8.48,-0.3525
1932-01-20,8.63,1.7689
1932-01-21,8.58,-0.5794
1932-01-22,8.21,-4.3124
1932-01-25,8.2,-0.1218
1932-01-26,8.31,1.3415
1932-01-27,8.15,-1.9254
1932-01-28,8.03,-1.4724
1932-01-29,7.94,-1.1208
1932-02-01,8.23,3.6524
1932-02-02,8.05,-2.1871
1932-02-03,8.09,0.4969
1932-02-04,8.04,-0.618
1932-02-05,7.78,-3.2338
1932-02-08,7.62,-2.0566
1932-02-09,7.53,-1.1811
1932-02-10,7.5,-0.3984
1932-02-11,8.12,8.2667
1932-02-15,8.5,4.6798
1932-02-16,8.84,4.0
1932-02-17,8.48,-4.0724
1932-02-18,8.71,2.7123
1932-02-19,8.72,0.1148
1932-02-23,8.22,-5.7339
1932-02-24,8.43,2.5547
1932-02-25,8.35,-0.949
1932-02-26,8.34,-0.1198
1932-02-29,8.29,-0.5995
1932-03-01,8.35,0.7238
1932-03-02,8.71,4.3114
1932-03-03,8.71,0.0
1932-03-04,8.72,0.1148
1932-03-07,8.82,1.1468
1932-03-08,8.98,1.8141
1932-03-09,8.81,-1.8931
1932-03-10,8.73,-0.9081
1932-03-11,8.52,-2.4055
1932-03-14,8.31,-2.4648
1932-03-15,8.31,0.0
1932-03-16,8.11,-2.4067
1932-03-17,8.28,2.0962
1932-03-18,8.02,-3.1401
1932-03-21,8.06,0.4988
1932-03-22,8.05,-0.1241
1932-03-23,7.94,-1.3665
1932-03-24,7.86,-1.0076
1932-03-28,7.59,-3.4351
1932-03-29,7.58,-0.1318
1932-03-30,7.74,2.1108
1932-03-31,7.31,-5.5556
1932-04-01,7.18,-1.7784
1932-04-04,7.06,-1.6713
1932-04-05,6.73,-4.6742
1932-04-06,6.53,-2.9718
1932-04-07,6.46,-1.072
1932-04-08,6.26,-3.096
1932-04-11,6.07,-3.0351
1932-04-12,6.06,-0.1647
1932-04-13,5.98,-1.3201
1932-04-14,6.25,4.5151
1932-04-15,6.42,2.72
1932-04-18,6.12,-4.6729
1932-04-19,6.03,-1.4706
1932-04-20,6.03,0.0
1932-04-21,6.24,3.4826
1932-04-22,5.96,-4.4872
1932-04-25,6.03,1.1745
1932-04-26,6.12,1.4925
1932-04-27,6.27,2.451
1932-04-28,6.03,-3.8278
1932-04-29,5.83,-3.3167
1932-05-02,5.74,-1.5437
1932-05-03,5.66,-1.3937
1932-05-04,5.74,1.4134
1932-05-05,5.68,-1.0453
1932-05-06,6.09,7.2183
1932-05-09,5.96,-2.1346
1932-05-10,6.01,0.8389
1932-05-11,6.0,-0.1664
1932-05-12,5.8,-3.3333
1932-05-13,5.6,-3.4483
1932-05-16,5.61,0.1786
1932-05-17,5.59,-0.3565
1932-05-18,5.45,-2.5045
1932-05-19,5.48,0.5505
1932-05-20,5.48,0.0
1932-05-23,5.43,-0.9124
1932-05-24,5.21,-4.0516
1932-05-25,5.03,-3.4549
1932-05-26,5.11,1.5905
1932-05-27,4.83,-5.4795
1932-05-31,4.47,-7.4534
1932-06-01,4.4,-1.566
1932-06-02,4.64,5.4545
1932-06-03,4.89,5.3879
1932-06-06,5.07,3.681
1932-06-07,4.85,-4.3393
1932-06-08,4.57,-5.7732
1932-06-09,4.57,0.0
1932-06-10,4.92,7.6586
1932-06-13,4.82,-2.0325
1932-06-14,4.94,2.4896
1932-06-15,5.12,3.6437
1932-06-16,5.12,0.0
1932-06-17,4.83,-5.6641
1932-06-20,4.89,1.2422
1932-06-21,4.77,-2.454
1932-06-22,4.77,0.0
1932-06-23,4.8,0.6289
1932-06-24,4.6,-4.1667
1932-06-27,4.44,-3.4783
1932-06-28,4.44,0.0
1932-06-29,4.51,1.5766
1932-06-30,4.43,-1.7738
1932-07-01,4.6,3.8375
1932-07-05,4.5,-2.1739
1932-07-06,4.6,2.2222
1932-07-07,4.45,-3.2609
1932-07-08,4.41,-0.8989
1932-07-11,4.6,4.3084
1932-07-12,4.6,0.0
1932-07-13,4.82,4.7826
1932-07-14,4.79,-0.6224
1932-07-15,4.93,2.9228
1932-07-18,4.8,-2.6369
1932-07-19,4.78,-0.4167
1932-07-20,4.93,3.1381
1932-07-21,5.05,2.4341
1932-07-22,5.2,2.9703
1932-07-25,5.48,5.3846
1932-07-26,5.4,-1.4599
1932-07-27,5.67,5.0
1932-07-28,5.85,3.1746
1932-07-29,6.03,3.0769
1932-08-01,6.11,1.3267
1932-08-02,5.87,-3.928
1932-08-03,6.39,8.8586
1932-08-04,6.52,2.0344
1932-08-05,6.8,4.2945
1932-08-08,7.43,9.2647
1932-08-09,7.39,-0.5384
1932-08-10,7.65,3.5183
1932-08-11,7.61,-0.5229
1932-08-12,7.0,-8.0158
1932-08-15,7.44,6.2857
1932-08-16,7.68,3.2258
1932-08-17,7.51,-2.2135
1932-08-18,7.6,1.1984
1932-08-19,7.53,-0.9211
1932-08-22,7.77,3.1873
1932-08-23,8.15,4.8906
1932-08-24,8.33,2.2086
1932-08-25,8.26,-0.8403
1932-08-26,8.39,1.5738
1932-08-29,8.58,2.2646
1932-08-30,8.47,-1.2821
1932-08-31,8.39,-0.9445
1932-09-01,8.47,0.9535
1932-09-02,8.84,4.3684
1932-09-06,8.91,0.7919
1932-09-07,9.31,4.4893
1932-09-08,8.97,-3.652
1932-09-09,8.75,-2.4526
1932-09-12,8.15,-6.8571
1932-09-13,7.8,-4.2945
1932-09-14,7.35,-5.7692
1932-09-15,7.66,4.2177
1932-09-16,7.57,-1.1749
1932-09-19,7.34,-3.0383
1932-09-20,7.62,3.8147
1932-09-21,8.52,11.811
1932-09-22,8.26,-3.0516
1932-09-23,8.4,1.6949
1932-09-26,8.04,-4.2857
1932-09-27,8.13,1.1194
1932-09-28,8.36,2.829
1932-09-29,8.1,-3.11
1932-09-30,8.08,-0.2469
1932-10-03,8.06,-0.2475
1932-10-04,8.05,-0.1241
1932-10-05,7.39,-8.1988
1932-10-06,7.43,0.5413
1932-10-07,7.02,-5.5182
1932-10-10,6.42,-8.547
1932-10-11,6.88,7.1651
1932-10-13,6.67,-3.0523
1932-10-14,7.13,6.8966
1932-10-17,7.0,-1.8233
1932-10-18,7.13,1.8571
1932-10-19,7.4,3.7868
1932-10-20,7.23,-2.2973
1932-10-21,6.82,-5.6708
1932-10-24,6.83,0.1466
1932-10-25,6.76,-1.0249
1932-10-26,6.89,1.9231
1932-10-27,6.95,0.8708
1932-10-28,7.09,2.0144
1932-10-31,6.96,-1.8336
1932-11-01,6.76,-2.8736
1932-11-02,6.52,-3.5503
1932-11-03,6.48,-0.6135
1932-11-04,6.88,6.1728
1932-11-07,7.24,5.2326
1932-11-09,6.92,-4.4199
1932-11-10,7.44,7.5145
1932-11-11,7.68,3.2258
1932-11-14,7.43,-3.2552
1932-11-15,7.43,0.0
1932-11-16,7.2,-3.0956
1932-11-17,7.15,-0.6944
1932-11-18,7.13,-0.2797
1932-11-21,7.2,0.9818
1932-11-22,7.17,-0.4167
1932-11-23,6.85,-4.463
1932-11-25,6.78,-1.0219
1932-11-28,6.8,0.295
1932-11-29,6.78,-0.2941
1932-11-30,6.55,-3.3923
1932-12-01,6.73,2.7481
1932-12-02,6.47,-3.8633
1932-12-05,6.54,1.0819
1932-12-06,6.87,5.0459
1932-12-07,6.89,0.2911
1932-12-08,6.89,0.0
1932-12-09,7.08,2.7576
1932-12-12,7.07,-0.1412
1932-12-13,6.99,-1.1315
1932-12-14,7.12,1.8598
1932-12-15,7.05,-0.9831
1932-12-16,7.0,-0.7092
1932-12-19,6.97,-0.4286
1932-12-20,6.82,-2.1521
1932-12-21,6.8,-0.2933
1932-12-22,6.57,-3.3824
1932-12-23,6.57,0.0
1932-12-27,6.61,0.6088
1932-12-28,6.6,-0.1513
1932-12-29,6.75,2.2727
1932-12-30,6.92,2.5185
1933-01-03,6.83,-1.3006
1933-01-04,7.15,4.6852
1933-01-05,7.12,-0.4196
1933-01-06,7.23,1.5449
1933-01-09,7.13,-1.3831
1933-01-10,7.34,2.9453
1933-01-11,7.32,-0.2725
1933-01-12,7.23,-1.2295
1933-01-13,7.25,0.2766
1933-01-16,7.06,-2.6207
1933-01-17,7.08,0.2833
1933-01-18,6.95,-1.8362
1933-01-19,6.98,0.4317
1933-01-20,7.06,1.1461
1933-01-23,7.03,-0.4249
1933-01-24,6.98,-0.7112
1933-01-25,7.1,1.7192
1933-01-26,7.05,-0.7042
1933-01-27,7.04,-0.1418
1933-01-30,6.98,-0.8523
1933-01-31,6.94,-0.5731
1933-02-01,6.67,-3.8905
1933-02-02,6.55,-1.7991
1933-02-03,6.53,-0.3053
1933-02-06,6.48,-0.7657
1933-02-07,6.54,0.9259
1933-02-08,6.62,1.2232
1933-02-09,6.76,2.1148
1933-02-10,6.66,-1.4793
1933-02-14,6.32,-5.1051
1933-02-15,6.28,-0.6329
1933-02-16,6.13,-2.3885
1933-02-17,6.23,1.6313
1933-02-20,6.0,-3.6918
1933-02-21,5.96,-0.6667
1933-02-23,5.68,-4.698
1933-02-24,5.9,3.8732
1933-02-27,5.53,-6.2712
1933-02-28,5.66,2.3508
1933-03-01,5.77,1.9435
1933-03-02,5.65,-2.0797
1933-03-03,5.84,3.3628
1933-03-15,6.81,16.6096
1933-03-16,6.93,1.7621
1933-03-17,6.63,-4.329
1933-03-20,6.5,-1.9608
1933-03-21,6.2,-4.6154
1933-03-22,6.12,-1.2903
1933-03-23,6.25,2.1242
1933-03-24,6.25,0.0
1933-03-27,6.09,-2.56
1933-03-28,6.21,1.9704
1933-03-29,6.07,-2.2544
1933-03-30,6.05,-0.3295
1933-03-31,5.85,-3.3058
1933-04-03,5.87,0.3419
1933-04-04,5.9,0.5111
1933-04-05,5.95,0.8475
1933-04-06,6.05,1.6807
1933-04-07,6.12,1.157
1933-04-10,6.54,6.8627
1933-04-11,6.51,-0.4587
1933-04-12,6.41,-1.5361
1933-04-13,6.67,4.0562
1933-04-17,6.53,-2.099
1933-04-18,6.66,1.9908
1933-04-19,7.14,7.2072
1933-04-20,7.82,9.5238
1933-04-21,7.44,-4.8593
1933-04-24,7.91,6.3172
1933-04-25,7.72,-2.402
1933-04-26,7.77,0.6477
1933-04-27,7.7,-0.9009
1933-04-28,7.83,1.6883
1933-05-01,8.43,7.6628
1933-05-02,8.46,0.3559
1933-05-03,8.41,-0.591
1933-05-04,8.65,2.8537
1933-05-05,8.74,1.0405
1933-05-08,8.34,-4.5767
1933-05-09,8.4,0.7194
1933-05-10,8.82,5.0
1933-05-11,9.07,2.8345
1933-05-12,9.03,-0.441
1933-05-15,8.68,-3.876
1933-05-16,8.85,1.9585
1933-05-17,8.94,1.0169
1933-05-18,8.89,-0.5593
1933-05-19,8.82,-0.7874
1933-05-22,8.64,-2.0408
1933-05-23,8.96,3.7037
1933-05-24,9.15,2.1205
1933-05-25,9.08,-0.765
1933-05-26,9.34,2.8634
1933-05-29,9.78,4.7109
1933-05-31,9.64,-1.4315
1933-06-01,9.74,1.0373
1933-06-02,10.13,4.0041
1933-06-05,10.07,-0.5923
1933-06-06,10.04,-0.2979
1933-06-07,10.22,1.7928
1933-06-08,10.31,0.8806
1933-06-09,10.41,0.9699
1933-06-12,10.89,4.611
1933-06-13,10.57,-2.9385
1933-06-14,10.47,-0.9461
1933-06-15,9.74,-6.9723
1933-06-16,9.81,0.7187
1933-06-19,10.68,8.8685
1933-06-20,10.52,-1.4981
1933-06-21,10.58,0.5703
1933-06-22,10.22,-3.4026
1933-06-23,10.56,3.3268
1933-06-26,10.87,2.9356
1933-06-27,10.98,1.012
1933-06-28,10.84,-1.275
1933-06-29,10.74,-0.9225
1933-06-30,10.91,1.5829
1933-07-03,11.62,6.5078
1933-07-05,11.55,-0.6024
1933-07-06,11.85,2.5974
1933-07-07,11.96,0.9283
1933-07-10,11.86,-0.8361
1933-07-11,11.71,-1.2648
1933-07-12,11.87,1.3664
1933-07-13,12.0,1.0952
1933-07-14,11.85,-1.25
1933-07-17,12.01,1.3502
1933-07-18,12.2,1.582
1933-07-19,11.6,-4.918
1933-07-20,10.57,-8.8793
1933-07-21,9.65,-8.7039
1933-07-24,10.5,8.8083
1933-07-25,10.32,-1.7143
1933-07-26,10.59,2.6163
1933-07-27,10.68,0.8499
1933-07-28,10.43,-2.3408
1933-07-31,9.95,-4.6021
1933-08-01,10.25,3.0151
1933-08-02,10.49,2.3415
1933-08-03,10.36,-1.2393
1933-08-04,10.13,-2.2201
1933-08-07,10.05,-0.7897
1933-08-08,10.39,3.3831
1933-08-09,10.81,4.0423
1933-08-10,10.63,-1.6651
1933-08-11,10.59,-0.3763
1933-08-14,10.46,-1.2276
1933-08-15,10.48,0.1912
1933-08-16,10.2,-2.6718
1933-08-17,10.76,5.4902
1933-08-18,10.58,-1.6729
1933-08-21,10.75,1.6068
1933-08-22,10.92,1.5814
1933-08-23,10.78,-1.2821
1933-08-24,10.88,0.9276
1933-08-25,11.28,3.6765
1933-08-28,11.26,-0.1773
1933-08-29,11.2,-0.5329
1933-08-30,11.1,-0.8929
1933-08-31,11.09,-0.0901
1933-09-01,11.23,1.2624
1933-09-05,10.84,-3.4728
1933-09-06,10.85,0.0923
1933-09-07,10.7,-1.3825
1933-09-08,10.66,-0.3738
1933-09-11,11.13,4.409
1933-09-12,11.06,-0.6289
1933-09-13,11.11,0.4521
1933-09-14,11.13,0.18
1933-09-15,10.82,-2.7853
1933-09-18,11.0,1.6636
1933-09-19,11.04,0.3636
1933-09-20,10.69,-3.1703
1933-09-21,10.03,-6.174
1933-09-22,10.26,2.2931
1933-09-25,10.16,-0.9747
1933-09-26,10.07,-0.8858
1933-09-27,9.65,-4.1708
1933-09-28,9.79,1.4508
1933-09-29,9.72,-0.715
1933-10-02,9.62,-1.0288
1933-10-03,9.67,0.5198
1933-10-04,10.29,6.4116
1933-10-05,10.16,-1.2634
1933-10-06,10.05,-1.0827
1933-10-09,10.32,2.6866
1933-10-10,10.23,-0.8721
1933-10-11,10.24,0.0978
1933-10-13,9.85,-3.8086
1933-10-16,9.21,-6.4975
1933-10-17,9.51,3.2573
1933-10-18,9.07,-4.6267
1933-10-19,8.61,-5.0717
1933-10-20,8.86,2.9036
1933-10-23,9.02,1.8059
1933-10-24,9.38,3.9911
1933-10-25,9.63,2.6652
1933-10-26,9.44,-1.973
1933-10-27,9.54,1.0593
1933-10-30,9.04,-5.2411
1933-10-31,8.96,-0.885
1933-11-01,9.12,1.7857
1933-11-02,9.22,1.0965
1933-11-03,9.54,3.4707
1933-11-06,9.45,-0.9434
1933-11-08,9.8,3.7037
1933-11-09,9.87,0.7143
1933-11-10,9.72,-1.5198
1933-11-13,9.81,0.9259
1933-11-14,9.69,-1.2232
1933-11-15,9.58,-1.1352
1933-11-16,10.03,4.6973
1933-11-17,9.92,-1.0967
1933-11-20,10.23,3.125
1933-11-21,10.1,-1.2708
1933-11-22,10.05,-0.495
1933-11-23,9.87,-1.791
1933-11-24,10.01,1.4184
1933-11-27,9.69,-3.1968
1933-11-28,9.7,0.1032
1933-11-29,9.88,1.8557
1933-12-01,9.91,0.3036
1933-12-04,9.9,-0.1009
1933-12-05,10.2,3.0303
1933-12-06,10.13,-0.6863
1933-12-07,10.2,0.691
1933-12-08,10.1,-0.9804
1933-12-11,10.31,2.0792
1933-12-12,10.29,-0.194
1933-12-13,10.19,-0.9718
1933-12-14,10.23,0.3925
1933-12-15,10.07,-1.564
1933-12-18,9.77,-2.9791
1933-12-19,9.75,-0.2047
1933-12-20,9.57,-1.8462
1933-12-21,9.55,-0.209
1933-12-22,9.86,3.2461
1933-12-26,9.58,-2.8398
1933-12-27,9.71,1.357
1933-12-28,9.99,2.8836
1933-12-29,9.97,-0.2002
1934-01-02,10.11,1.4042
1934-01-03,9.97,-1.3848
1934-01-04,9.94,-0.3009
1934-01-05,9.81,-1.3078
1934-01-08,9.76,-0.5097
1934-01-09,9.87,1.127
1934-01-10,10.14,2.7356
1934-01-11,10.19,0.4931
1934-01-12,10.07,-1.1776
1934-01-15,10.64,5.6604
1934-01-16,10.69,0.4699
1934-01-17,10.66,-0.2806
1934-01-18,10.63,-0.2814
1934-01-19,10.93,2.8222
1934-01-22,10.91,-0.183
1934-01-23,11.05,1.2832
1934-01-24,11.12,0.6335
1934-01-25,11.12,0.0
1934-01-26,11.02,-0.8993
1934-01-29,11.19,1.5426
1934-01-30,11.33,1.2511
1934-01-31,11.17,-1.4122
1934-02-01,11.46,2.5962
1934-02-02,11.45,-0.0873
1934-02-05,11.81,3.1441
1934-02-06,11.82,0.0847
1934-02-07,11.45,-3.1303
1934-02-08,11.5,0.4367
1934-02-09,11.18,-2.7826
1934-02-13,11.22,0.3578
1934-02-14,11.29,0.6239
1934-02-15,11.51,1.9486
1934-02-16,11.54,0.2606
1934-02-19,11.36,-1.5598
1934-02-20,11.4,0.3521
1934-02-21,11.43,0.2632
1934-02-23,11.13,-2.6247
1934-02-26,10.69,-3.9533
1934-02-27,10.81,1.1225
1934-02-28,10.76,-0.4625
1934-03-01,10.72,-0.3717
1934-03-02,11.07,3.2649
1934-03-05,11.01,-0.542
1934-03-06,10.88,-1.1807
1934-03-07,10.6,-2.5735
1934-03-08,10.8,1.8868
1934-03-09,10.73,-0.6481
1934-03-12,10.96,2.1435
1934-03-13,10.96,0.0
1934-03-14,10.97,0.0912
1934-03-15,10.79,-1.6408
1934-03-16,10.82,0.278
1934-03-19,10.45,-3.4196
1934-03-20,10.66,2.0096
1934-03-21,10.45,-1.97
1934-03-22,10.64,1.8182
1934-03-23,10.53,-1.0338
1934-03-26,10.71,1.7094
1934-03-27,10.42,-2.7077
1934-03-28,10.45,0.2879
1934-03-29,10.62,1.6268
1934-04-02,10.76,1.3183
1934-04-03,10.84,0.7435
1934-04-04,10.87,0.2768
1934-04-05,10.9,0.276
1934-04-06,10.95,0.4587
1934-04-09,10.87,-0.7306
1934-04-10,11.03,1.4719
1934-04-11,11.02,-0.0907
1934-04-12,10.99,-0.2722
1934-04-13,10.95,-0.364
1934-04-16,10.78,-1.5525
1934-04-17,10.89,1.0204
1934-04-18,11.03,1.2856
1934-04-19,11.05,0.1813
1934-04-20,11.16,0.9955
1934-04-23,11.09,-0.6272
1934-04-24,11.0,-0.8115
1934-04-25,10.94,-0.5455
1934-04-26,10.79,-1.3711
1934-04-27,10.8,0.0927
1934-04-30,10.46,-3.1481
1934-05-01,10.46,0.0
1934-05-02,10.25,-2.0076
1934-05-03,10.29,0.3902
1934-05-04,10.32,0.2915
1934-05-07,9.81,-4.9419
1934-05-08,10.05,2.4465
1934-05-09,9.88,-1.6915
1934-05-10,9.65,-2.3279
1934-05-11,9.55,-1.0363
1934-05-14,9.45,-1.0471
1934-05-15,9.63,1.9048
1934-05-16,9.56,-0.7269
1934-05-17,9.59,0.3138
1934-05-18,9.85,2.7112
1934-05-21,9.87,0.203
1934-05-22,9.65,-2.229
1934-05-23,9.56,-0.9326
1934-05-24,9.59,0.3138
1934-05-25,9.7,1.147
1934-05-28,9.83,1.3402
1934-05-29,9.79,-0.4069
1934-05-31,9.61,-1.8386
1934-06-01,9.38,-2.3933
1934-06-04,9.49,1.1727
1934-06-05,9.72,2.4236
1934-06-06,9.74,0.2058
1934-06-07,9.71,-0.308
1934-06-08,10.17,4.7374
1934-06-11,10.09,-0.7866
1934-06-12,10.2,1.0902
1934-06-13,10.2,0.0
1934-06-14,10.05,-1.4706
1934-06-15,10.23,1.791
1934-06-18,10.37,1.3685
1934-06-19,10.19,-1.7358
1934-06-20,10.08,-1.0795
1934-06-21,9.98,-0.9921
1934-06-22,9.76,-2.2044
1934-06-25,9.73,-0.3074
1934-06-26,9.96,2.3638
1934-06-27,9.93,-0.3012
1934-06-28,9.98,0.5035
1934-06-29,9.81,-1.7034
1934-07-02,9.69,-1.2232
1934-07-03,9.66,-0.3096
1934-07-05,9.82,1.6563
1934-07-06,9.91,0.9165
1934-07-09,9.88,-0.3027
1934-07-10,9.94,0.6073
1934-07-11,9.99,0.503
1934-07-12,9.91,-0.8008
1934-07-13,9.93,0.2018
1934-07-16,9.72,-2.1148
1934-07-17,9.68,-0.4115
1934-07-18,9.84,1.6529
1934-07-19,9.74,-1.0163
1934-07-20,9.47,-2.7721
1934-07-23,9.09,-4.0127
1934-07-24,8.99,-1.1001
1934-07-25,9.07,0.8899
1934-07-26,8.36,-7.828
1934-07-27,8.6,2.8708
1934-07-30,8.67,0.814
1934-07-31,8.68,0.1153
1934-08-01,8.95,3.1106
1934-08-02,9.01,0.6704
1934-08-03,8.9,-1.2209
1934-08-06,8.71,-2.1348
1934-08-07,8.69,-0.2296
1934-08-08,8.83,1.611
1934-08-09,9.13,3.3975
1934-08-10,8.93,-2.1906
1934-08-13,9.17,2.6876
1934-08-14,9.1,-0.7634
1934-08-15,9.04,-0.6593
1934-08-16,9.11,0.7743
1934-08-17,9.06,-0.5488
1934-08-20,8.97,-0.9934
1934-08-21,9.19,2.4526
1934-08-22,9.4,2.2851
1934-08-23,9.35,-0.5319
1934-08-24,9.52,1.8182
1934-08-27,9.39,-1.3655
1934-08-28,9.34,-0.5325
1934-08-29,9.26,-0.8565
1934-08-30,9.16,-1.0799
1934-08-31,9.15,-0.1092
1934-09-04,9.06,-0.9836
1934-09-05,9.21,1.6556
1934-09-06,9.02,-2.063
1934-09-07,8.92,-1.1086
1934-09-10,8.7,-2.4664
1934-09-11,8.72,0.2299
1934-09-12,8.75,0.344
1934-09-13,8.72,-0.3429
1934-09-14,8.47,-2.867
1934-09-17,8.45,-0.2361
1934-09-18,8.52,0.8284
1934-09-19,8.74,2.5822
1934-09-20,8.77,0.3432
1934-09-21,8.95,2.0525
1934-09-24,8.9,-0.5587
1934-09-25,9.15,2.809
1934-09-26,9.09,-0.6557
1934-09-27,9.18,0.9901
1934-09-28,9.08,-1.0893
1934-10-01,8.83,-2.7533
1934-10-02,8.86,0.3398
1934-10-03,8.83,-0.3386
1934-10-04,8.82,-0.1133
1934-10-05,9.0,2.0408
1934-10-08,8.92,-0.8889
1934-10-09,8.83,-1.009
1934-10-10,9.07,2.718
1934-10-11,9.19,1.323
1934-10-15,9.0,-2.0675
1934-10-16,9.09,1.0
1934-10-17,9.11,0.22
1934-10-18,9.07,-0.4391
1934-10-19,9.03,-0.441
1934-10-22,9.02,-0.1107
1934-10-23,8.99,-0.3326
1934-10-24,9.14,1.6685
1934-10-25,8.93,-2.2976
1934-10-26,8.8,-1.4558
1934-10-29,8.76,-0.4545
1934-10-30,8.79,0.3425
1934-10-31,8.81,0.2275
1934-11-01,8.77,-0.454
1934-11-02,8.87,1.1403
1934-11-05,9.02,1.6911
1934-11-07,9.19,1.8847
1934-11-08,9.12,-0.7617
1934-11-09,9.3,1.9737
1934-11-13,9.23,-0.7527
1934-11-14,9.2,-0.325
1934-11-15,9.0,-2.1739
1934-11-16,9.18,2.0
1934-11-19,9.1,-0.8715
1934-11-20,9.14,0.4396
1934-11-21,9.1,-0.4376
1934-11-22,9.14,0.4396
1934-11-23,9.27,1.4223
1934-11-26,9.52,2.6969
1934-11-27,9.43,-0.9454
1934-11-28,9.54,1.1665
1934-11-30,9.54,0.0
1934-12-03,9.41,-1.3627
1934-12-04,9.48,0.7439
1934-12-05,9.56,0.8439
1934-12-06,9.54,-0.2092
1934-12-07,9.46,-0.8386
1934-12-10,9.36,-1.0571
1934-12-11,9.17,-2.0299
1934-12-12,9.18,0.1091
1934-12-13,9.13,-0.5447
1934-12-14,9.11,-0.2191
1934-12-17,9.17,0.6586
1934-12-18,9.16,-0.1091
1934-12-19,9.03,-1.4192
1934-12-20,9.02,-0.1107
1934-12-21,9.04,0.2217
1934-12-24,9.11,0.7743
1934-12-26,9.06,-0.5488
1934-12-27,9.07,0.1104
1934-12-28,9.41,3.7486
1934-12-31,9.5,0.9564
1935-01-02,9.51,0.1053
1935-01-03,9.53,0.2103
1935-01-04,9.51,-0.2099
1935-01-07,9.58,0.7361
1935-01-08,9.47,-1.1482
1935-01-09,9.46,-0.1056
1935-01-10,9.44,-0.2114
1935-01-11,9.25,-2.0127
1935-01-14,9.17,-0.8649
1935-01-15,8.96,-2.2901
1935-01-16,9.0,0.4464
1935-01-17,9.14,1.5556
1935-01-18,9.18,0.4376
1935-01-21,9.28,1.0893
1935-01-22,9.2,-0.8621
1935-01-23,9.2,0.0
1935-01-24,9.18,-0.2174
1935-01-25,9.23,0.5447
1935-01-28,9.07,-1.7335
1935-01-29,8.98,-0.9923
1935-01-30,9.03,0.5568
1935-01-31,9.1,0.7752
1935-02-01,9.05,-0.5495
1935-02-04,8.99,-0.663
1935-02-05,8.89,-1.1123
1935-02-06,8.81,-0.8999
1935-02-07,8.88,0.7946
1935-02-08,9.03,1.6892
1935-02-11,9.02,-0.1107
1935-02-13,9.01,-0.1109
1935-02-14,9.01,0.0
1935-02-15,9.06,0.5549
1935-02-18,9.34,3.0905
1935-02-19,9.19,-1.606
1935-02-20,9.04,-1.6322
1935-02-21,9.03,-0.1106
1935-02-25,8.85,-1.9934
1935-02-26,8.76,-1.0169
1935-02-27,8.79,0.3425
1935-02-28,8.74,-0.5688
1935-03-01,8.79,0.5721
1935-03-04,8.72,-0.7964
1935-03-05,8.47,-2.867
1935-03-06,8.45,-0.2361
1935-03-07,8.56,1.3018
1935-03-08,8.54,-0.2336
1935-03-11,8.32,-2.5761
1935-03-12,8.16,-1.9231
1935-03-13,8.19,0.3676
1935-03-14,8.06,-1.5873
1935-03-15,8.23,2.1092
1935-03-18,8.14,-1.0936
1935-03-19,8.26,1.4742
1935-03-20,8.25,-0.1211
1935-03-21,8.42,2.0606
1935-03-22,8.55,1.5439
1935-03-25,8.42,-1.5205
1935-03-26,8.35,-0.8314
1935-03-27,8.44,1.0778
1935-03-28,8.45,0.1185
1935-03-29,8.45,0.0
1935-04-01,8.54,1.0651
1935-04-02,8.5,-0.4684
1935-04-03,8.48,-0.2353
1935-04-04,8.57,1.0613
1935-04-05,8.78,2.4504
1935-04-08,8.78,0.0
1935-04-09,8.94,1.8223
1935-04-10,8.9,-0.4474
1935-04-11,8.85,-0.5618
1935-04-12,8.95,1.1299
1935-04-15,9.13,2.0112
1935-04-16,8.22,-9.9671
1935-04-17,9.01,9.6107
1935-04-18,9.14,1.4428
1935-04-22,9.41,2.954
1935-04-23,9.44,0.3188
1935-04-24,9.32,-1.2712
1935-04-25,9.44,1.2876
1935-04-26,9.4,-0.4237
1935-04-29,9.39,-0.1064
1935-04-30,9.28,-1.1715
1935-05-01,9.23,-0.5388
1935-05-02,9.27,0.4334
1935-05-03,9.42,1.6181
1935-05-06,9.42,0.0
1935-05-07,9.38,-0.4246
1935-05-08,9.65,2.8785
1935-05-09,9.69,0.4145
1935-05-10,9.75,0.6192
1935-05-13,9.8,0.5128
1935-05-14,9.81,0.102
1935-05-15,9.82,0.1019
1935-05-16,9.15,-6.8228
1935-05-17,10.01,9.3989
1935-05-20,9.89,-1.1988
1935-05-21,9.98,0.91
1935-05-22,10.06,0.8016
1935-05-23,10.07,0.0994
1935-05-24,10.02,-0.4965
1935-05-27,10.03,0.0998
1935-05-28,9.85,-1.7946
1935-05-29,9.69,-1.6244
1935-05-31,9.58,-1.1352
1935-06-03,9.67,0.9395
1935-06-04,9.92,2.5853
1935-06-05,9.91,-0.1008
1935-06-06,9.84,-0.7064
1935-06-07,9.9,0.6098
1935-06-10,10.03,1.3131
1935-06-11,10.13,0.997
1935-06-12,10.06,-0.691
1935-06-13,10.12,0.5964
1935-06-14,10.22,0.9881
1935-06-17,10.22,0.0
1935-06-18,10.28,0.5871
1935-06-19,10.23,-0.4864
1935-06-20,10.15,-0.782
1935-06-21,10.38,2.266
1935-06-24,10.47,0.8671
1935-06-25,10.32,-1.4327
1935-06-26,10.2,-1.1628
1935-06-27,10.15,-0.4902
1935-06-28,10.24,0.8867
1935-07-01,10.28,0.3906
1935-07-02,10.29,0.0973
1935-07-03,10.35,0.5831
1935-07-05,10.47,1.1594
1935-07-08,10.6,1.2416
1935-07-09,10.55,-0.4717
1935-07-10,10.63,0.7583
1935-07-11,10.52,-1.0348
1935-07-12,10.62,0.9506
1935-07-15,10.6,-0.1883
1935-07-16,10.61,0.0943
1935-07-17,10.67,0.5655
1935-07-18,10.66,-0.0937
1935-07-19,10.58,-0.7505
1935-07-22,10.77,1.7958
1935-07-23,10.76,-0.0929
1935-07-24,10.84,0.7435
1935-07-25,10.73,-1.0148
1935-07-26,10.79,0.5592
1935-07-29,11.04,2.317
1935-07-30,10.94,-0.9058
1935-07-31,11.08,1.2797
1935-08-01,11.04,-0.361
1935-08-02,10.95,-0.8152
1935-08-05,11.2,2.2831
1935-08-06,11.19,-0.0893
1935-08-07,11.18,-0.0894
1935-08-08,11.22,0.3578
1935-08-09,11.49,2.4064
1935-08-12,11.6,0.9574
1935-08-13,11.67,0.6034
1935-08-14,11.67,0.0
1935-08-15,11.54,-1.114
1935-08-16,10.62,-7.9723
1935-08-19,11.42,7.533
1935-08-20,11.45,0.2627
1935-08-21,11.55,0.8734
1935-08-22,11.59,0.3463
1935-08-23,11.56,-0.2588
1935-08-26,11.46,-0.8651
1935-08-27,11.12,-2.9668
1935-08-28,11.1,-0.1799
1935-08-29,11.17,0.6306
1935-08-30,11.24,0.6267
1935-09-03,11.21,-0.2669
1935-09-04,11.36,1.3381
1935-09-05,11.47,0.9683
1935-09-06,11.65,1.5693
1935-09-09,11.76,0.9442
1935-09-10,11.86,0.8503
1935-09-11,11.92,0.5059
1935-09-12,11.78,-1.1745
1935-09-13,11.8,0.1698
1935-09-16,11.64,-1.3559
1935-09-17,11.72,0.6873
1935-09-18,11.82,0.8532
1935-09-19,11.58,-2.0305
1935-09-20,11.26,-2.7634
1935-09-23,11.4,1.2433
1935-09-24,11.54,1.2281
1935-09-25,11.59,0.4333
1935-09-26,11.59,0.0
1935-09-27,11.56,-0.2588
1935-09-30,11.59,0.2595
1935-10-01,11.48,-0.9491
1935-10-02,11.1,-3.3101
1935-10-03,11.26,1.4414
1935-10-04,11.36,0.8881
1935-10-07,11.53,1.4965
1935-10-08,11.45,-0.6938
1935-10-09,11.51,0.524
1935-10-10,11.74,1.9983
1935-10-11,11.75,0.0852
1935-10-14,11.88,1.1064
1935-10-15,11.96,0.6734
1935-10-16,11.72,-2.0067
1935-10-17,11.85,1.1092
1935-10-18,11.81,-0.3376
1935-10-21,12.19,3.2176
1935-10-22,12.25,0.4922
1935-10-23,12.33,0.6531
1935-10-24,12.31,-0.1622
1935-10-25,12.43,0.9748
1935-10-28,12.46,0.2414
1935-10-29,12.45,-0.0803
1935-10-30,12.36,-0.7229
1935-10-31,12.46,0.8091
1935-11-01,12.61,1.2039
1935-11-04,12.62,0.0793
1935-11-06,12.86,1.9017
1935-11-07,12.81,-0.3888
1935-11-08,12.92,0.8587
1935-11-12,12.81,-0.8514
1935-11-13,12.96,1.171
1935-11-14,13.2,1.8519
1935-11-15,13.25,0.3788
1935-11-18,13.28,0.2264
1935-11-19,13.46,1.3554
1935-11-20,13.29,-1.263
1935-11-21,13.42,0.9782
1935-11-22,13.14,-2.0864
1935-11-25,13.18,0.3044
1935-11-26,12.99,-1.4416
1935-11-27,13.09,0.7698
1935-11-29,12.94,-1.1459
1935-12-02,12.75,-1.4683
1935-12-03,13.1,2.7451
1935-12-04,13.21,0.8397
1935-12-05,13.18,-0.2271
1935-12-06,13.15,-0.2276
1935-12-09,13.32,1.2928
1935-12-10,13.09,-1.7267
1935-12-11,13.14,0.382
1935-12-12,12.96,-1.3699
1935-12-13,12.84,-0.9259
1935-12-16,13.33,3.8162
1935-12-17,12.9,-3.2258
1935-12-18,12.86,-0.3101
1935-12-19,12.8,-0.4666
1935-12-20,12.88,0.625
1935-12-23,12.96,0.6211
1935-12-24,13.09,1.0031
1935-12-26,13.12,0.2292
1935-12-27,13.11,-0.0762
1935-12-30,13.3,1.4493
1935-12-31,13.43,0.9774
1936-01-02,13.4,-0.2234
1936-01-03,13.55,1.1194
1936-01-06,13.41,-1.0332
1936-01-07,13.62,1.566
1936-01-08,13.7,0.5874
1936-01-09,13.67,-0.219
1936-01-10,13.78,0.8047
1936-01-13,13.72,-0.4354
1936-01-14,13.8,0.5831
1936-01-15,13.71,-0.6522
1936-01-16,13.77,0.4376
1936-01-17,13.75,-0.1452
1936-01-20,13.52,-1.6727
1936-01-21,13.47,-0.3698
1936-01-22,13.76,2.1529
1936-01-23,13.91,1.0901
1936-01-24,13.85,-0.4313
1936-01-27,13.99,1.0108
1936-01-28,14.01,0.143
1936-01-29,14.15,0.9993
1936-01-30,14.08,-0.4947
1936-01-31,14.31,1.6335
1936-02-03,14.44,0.9085
1936-02-04,14.42,-0.1385
1936-02-05,14.37,-0.3467
1936-02-06,14.39,0.1392
1936-02-07,14.32,-0.4864
1936-02-10,14.43,0.7682
1936-02-11,14.63,1.386
1936-02-13,14.72,0.6152
1936-02-14,14.66,-0.4076
1936-02-17,14.58,-0.5457
1936-02-18,14.74,1.0974
1936-02-19,14.64,-0.6784
1936-02-20,14.87,1.571
1936-02-21,14.83,-0.269
1936-02-24,14.69,-0.944
1936-02-25,14.42,-1.838
1936-02-26,14.35,-0.4854
1936-02-27,14.69,2.3693
1936-02-28,14.6,-0.6127
1936-03-02,14.77,1.1644
1936-03-03,14.98,1.4218
1936-03-04,15.02,0.267
1936-03-05,15.04,0.1332
1936-03-06,15.1,0.3989
1936-03-09,14.51,-3.9073
1936-03-10,14.73,1.5162
1936-03-11,14.88,1.0183
1936-03-12,14.46,-2.8226
1936-03-13,14.24,-1.5214
1936-03-16,14.57,2.3174
1936-03-17,14.92,2.4022
1936-03-18,14.86,-0.4021
1936-03-19,15.06,1.3459
1936-03-20,15.04,-0.1328
1936-03-23,15.05,0.0665
1936-03-24,14.97,-0.5316
1936-03-25,15.1,0.8684
1936-03-26,15.05,-0.3311
1936-03-27,14.82,-1.5282
1936-03-30,14.81,-0.0675
1936-03-31,14.92,0.7427
1936-04-01,15.19,1.8097
1936-04-02,15.34,0.9875
1936-04-03,15.27,-0.4563
1936-04-06,15.51,1.5717
1936-04-07,15.43,-0.5158
1936-04-08,15.44,0.0648
1936-04-09,15.39,-0.3238
1936-04-13,15.42,0.1949
1936-04-14,15.11,-2.0104
1936-04-15,15.26,0.9927
1936-04-16,15.19,-0.4587
1936-04-17,15.1,-0.5925
1936-04-20,14.62,-3.1788
1936-04-21,14.6,-0.1368
1936-04-22,14.85,1.7123
1936-04-23,14.4,-3.0303
1936-04-24,14.44,0.2778
1936-04-27,13.96,-3.3241
1936-04-28,13.94,-0.1433
1936-04-29,13.53,-2.9412
1936-04-30,13.77,1.7738
1936-05-01,13.87,0.7262
1936-05-04,13.82,-0.3605
1936-05-05,14.02,1.4472
1936-05-06,14.18,1.1412
1936-05-07,13.92,-1.8336
1936-05-08,13.9,-0.1437
1936-05-11,13.86,-0.2878
1936-05-12,13.86,0.0
1936-05-13,13.97,0.7937
1936-05-14,14.29,2.2906
1936-05-15,14.29,0.0
1936-05-18,14.19,-0.6998
1936-05-19,13.85,-2.3961
1936-05-20,13.99,1.0108
1936-05-21,13.94,-0.3574
1936-05-22,14.09,1.076
1936-05-25,14.25,1.1356
1936-05-26,14.45,1.4035
1936-05-27,14.42,-0.2076
1936-05-28,14.3,-0.8322
1936-05-29,14.4,0.6993
1936-06-01,14.39,-0.0694
1936-06-02,14.39,0.0
1936-06-03,14.34,-0.3475
1936-06-04,14.13,-1.4644
1936-06-05,14.12,-0.0708
1936-06-08,14.34,1.5581
1936-06-09,14.48,0.9763
1936-06-10,14.55,0.4834
1936-06-11,14.76,1.4433
1936-06-12,14.59,-1.1518
1936-06-15,14.74,1.0281
1936-06-16,14.92,1.2212
1936-06-17,14.85,-0.4692
1936-06-18,14.92,0.4714
1936-06-19,14.83,-0.6032
1936-06-22,15.07,1.6183
1936-06-23,15.0,-0.4645
1936-06-24,15.16,1.0667
1936-06-25,15.0,-1.0554
1936-06-26,14.95,-0.3333
1936-06-29,14.89,-0.4013
1936-06-30,14.84,-0.3358
1936-07-01,14.9,0.4043
1936-07-02,14.88,-0.1342
1936-07-03,15.02,0.9409
1936-07-06,14.94,-0.5326
1936-07-07,14.81,-0.8701
1936-07-08,14.89,0.5402
1936-07-09,15.07,1.2089
1936-07-10,15.35,1.858
1936-07-13,15.45,0.6515
1936-07-14,15.63,1.165
1936-07-15,15.64,0.064
1936-07-16,15.63,-0.0639
1936-07-17,15.66,0.1919
1936-07-20,15.83,1.0856
1936-07-21,15.93,0.6317
1936-07-22,15.83,-0.6277
1936-07-23,15.89,0.379
1936-07-24,15.83,-0.3776
1936-07-27,16.15,2.0215
1936-07-28,16.12,-0.1858
1936-07-29,15.96,-0.9926
1936-07-30,16.02,0.3759
1936-07-31,15.85,-1.0612
1936-08-03,15.91,0.3785
1936-08-04,15.87,-0.2514
1936-08-05,15.77,-0.6301
1936-08-06,15.87,0.6341
1936-08-07,16.08,1.3233
1936-08-10,16.2,0.7463
1936-08-11,16.08,-0.7407
1936-08-12,16.16,0.4975
1936-08-13,16.08,-0.495
1936-08-14,15.87,-1.306
1936-08-17,15.8,-0.4411
1936-08-18,15.81,0.0633
1936-08-19,15.9,0.5693
1936-08-20,15.81,-0.566
1936-08-21,15.32,-3.0993
1936-08-24,15.65,2.154
1936-08-25,15.67,0.1278
1936-08-26,15.55,-0.7658
1936-08-27,15.89,2.1865
1936-08-28,15.92,0.1888
1936-08-31,15.99,0.4397
1936-09-01,15.95,-0.2502
1936-09-02,16.01,0.3762
1936-09-03,15.95,-0.3748
1936-09-04,16.02,0.4389
1936-09-08,16.29,1.6854
1936-09-09,16.17,-0.7366
1936-09-10,16.16,-0.0618
1936-09-11,16.11,-0.3094
1936-09-14,15.96,-0.9311
1936-09-15,15.93,-0.188
1936-09-16,15.0,-5.838
1936-09-17,15.87,5.8
1936-09-18,16.03,1.0082
1936-09-21,16.16,0.811
1936-09-22,16.22,0.3713
1936-09-23,16.14,-0.4932
1936-09-24,16.17,0.1859
1936-09-25,15.88,-1.7934
1936-09-28,16.13,1.5743
1936-09-29,16.06,-0.434
1936-09-30,16.01,-0.3113
1936-10-01,16.04,0.1874
1936-10-02,16.35,1.9327
1936-10-05,16.53,1.1009
1936-10-06,16.68,0.9074
1936-10-07,16.72,0.2398
1936-10-08,16.81,0.5383
1936-10-09,16.87,0.3569
1936-10-13,16.96,0.5335
1936-10-14,16.88,-0.4717
1936-10-15,16.85,-0.1777
1936-10-16,17.04,1.1276
1936-10-19,17.13,0.5282
1936-10-20,17.11,-0.1168
1936-10-21,17.18,0.4091
1936-10-22,17.04,-0.8149
1936-10-23,17.09,0.2934
1936-10-26,16.65,-2.5746
1936-10-27,16.93,1.6817
1936-10-28,16.94,0.0591
1936-10-29,17.2,1.5348
1936-10-30,17.23,0.1744
1936-11-02,17.17,-0.3482
1936-11-04,17.43,1.5143
1936-11-05,17.56,0.7458
1936-11-06,17.43,-0.7403
1936-11-09,17.69,1.4917
1936-11-10,17.63,-0.3392
1936-11-12,17.43,-1.1344
1936-11-13,17.24,-1.0901
1936-11-16,17.4,0.9281
1936-11-17,17.64,1.3793
1936-11-18,17.51,-0.737
1936-11-19,17.3,-1.1993
1936-11-20,17.13,-0.9827
1936-11-23,16.89,-1.4011
1936-11-24,17.18,1.717
1936-11-25,17.09,-0.5239
1936-11-27,17.34,1.4628
1936-11-30,17.28,-0.346
1936-12-01,17.14,-0.8102
1936-12-02,16.95,-1.1085
1936-12-03,17.04,0.531
1936-12-04,17.01,-0.1761
1936-12-07,16.91,-0.5879
1936-12-08,16.97,0.3548
1936-12-09,17.05,0.4714
1936-12-10,17.22,0.9971
1936-12-11,17.14,-0.4646
1936-12-14,17.32,1.0502
1936-12-15,17.32,0.0
1936-12-16,17.29,-0.1732
1936-12-17,17.16,-0.7519
1936-12-18,17.0,-0.9324
1936-12-21,16.65,-2.0588
1936-12-22,16.86,1.2613
1936-12-23,17.03,1.0083
1936-12-24,17.06,0.1762
1936-12-28,16.94,-0.7034
1936-12-29,17.01,0.4132
1936-12-30,17.27,1.5285
1936-12-31,17.18,-0.5211
1937-01-04,16.93,-1.4552
1937-01-05,17.08,0.886
1937-01-06,17.09,0.0585
1937-01-07,17.48,2.282
1937-01-08,17.48,0.0
1937-01-11,17.57,0.5149
1937-01-12,17.58,0.0569
1937-01-13,17.61,0.1706
1937-01-14,17.66,0.2839
1937-01-15,17.74,0.453
1937-01-18,17.74,0.0
1937-01-19,17.62,-0.6764
1937-01-20,17.84,1.2486
1937-01-21,17.96,0.6726
1937-01-22,17.87,-0.5011
1937-01-25,17.77,-0.5596
1937-01-26,17.51,-1.4631
1937-01-27,17.65,0.7995
1937-01-28,17.63,-0.1133
1937-01-29,17.77,0.7941
1937-02-01,17.88,0.619
1937-02-02,18.0,0.6711
1937-02-03,18.13,0.7222
1937-02-04,18.15,0.1103
1937-02-05,17.86,-1.5978
1937-02-08,18.07,1.1758
1937-02-09,17.99,-0.4427
1937-02-10,18.17,1.0006
1937-02-11,18.32,0.8255
1937-02-15,18.1,-1.2009
1937-02-16,18.15,0.2762
1937-02-17,18.12,-0.1653
1937-02-18,18.22,0.5519
1937-02-19,18.37,0.8233
1937-02-23,17.97,-2.1775
1937-02-24,18.07,0.5565
1937-02-25,18.0,-0.3874
1937-02-26,18.06,0.3333
1937-03-01,18.09,0.1661
1937-03-02,18.34,1.382
1937-03-03,18.55,1.145
1937-03-04,18.38,-0.9164
1937-03-05,18.62,1.3058
1937-03-08,18.56,-0.3222
1937-03-09,18.54,-0.1078
1937-03-10,18.67,0.7012
1937-03-11,18.38,-1.5533
1937-03-12,18.36,-0.1088
1937-03-15,18.14,-1.1983
1937-03-16,18.23,0.4961
1937-03-17,18.11,-0.6583
1937-03-18,17.73,-2.0983
1937-03-19,17.72,-0.0564
1937-03-22,17.22,-2.8217
1937-03-23,17.49,1.5679
1937-03-24,17.7,1.2007
1937-03-25,17.68,-0.113
1937-03-29,17.63,-0.2828
1937-03-30,17.95,1.8151
1937-03-31,17.92,-0.1671
1937-04-01,17.71,-1.1719
1937-04-02,17.49,-1.2422
1937-04-05,17.62,0.7433
1937-04-06,17.46,-0.9081
1937-04-07,16.91,-3.1501
1937-04-08,16.99,0.4731
1937-04-09,17.03,0.2354
1937-04-12,17.1,0.411
1937-04-13,17.28,1.0526
1937-04-14,17.3,0.1157
1937-04-15,17.23,-0.4046
1937-04-16,17.16,-0.4063
1937-04-19,17.13,-0.1748
1937-04-20,17.18,0.2919
1937-04-21,17.41,1.3388
1937-04-22,17.19,-1.2636
1937-04-23,16.85,-1.9779
1937-04-26,16.16,-4.095
1937-04-27,16.43,1.6708
1937-04-28,15.99,-2.678
1937-04-29,15.99,0.0
1937-04-30,16.43,2.7517
1937-05-03,16.47,0.2435
1937-05-04,16.73,1.5786
1937-05-05,16.59,-0.8368
1937-05-06,16.71,0.7233
1937-05-07,16.65,-0.3591
1937-05-10,16.28,-2.2222
1937-05-11,16.29,0.0614
1937-05-12,16.19,-0.6139
1937-05-13,15.65,-3.3354
1937-05-14,15.81,1.0224
1937-05-17,15.62,-1.2018
1937-05-18,15.88,1.6645
1937-05-19,15.84,-0.2519
1937-05-20,16.26,2.6515
1937-05-21,16.27,0.0615
1937-05-24,16.46,1.1678
1937-05-25,16.25,-1.2758
1937-05-26,16.23,-0.1231
1937-05-27,16.26,0.1848
1937-05-28,16.26,0.0
1937-06-01,15.96,-1.845
1937-06-02,16.07,0.6892
1937-06-03,16.1,0.1867
1937-06-04,16.28,1.118
1937-06-07,16.13,-0.9214
1937-06-08,16.18,0.31
1937-06-09,16.04,-0.8653
1937-06-10,15.94,-0.6234
1937-06-11,15.73,-1.3174
1937-06-14,15.2,-3.3694
1937-06-15,15.34,0.9211
1937-06-16,15.18,-1.043
1937-06-17,15.39,1.3834
1937-06-18,15.51,0.7797
1937-06-21,15.35,-1.0316
1937-06-22,15.38,0.1954
1937-06-23,15.51,0.8453
1937-06-24,15.62,0.7092
1937-06-25,15.52,-0.6402
1937-06-28,15.12,-2.5773
1937-06-29,15.14,0.1323
1937-06-30,15.4,1.7173
1937-07-01,15.47,0.4545
1937-07-02,15.7,1.4867
1937-07-06,16.25,3.5032
1937-07-07,16.37,0.7385
1937-07-08,16.4,0.1833
1937-07-09,16.32,-0.4878
1937-07-12,16.54,1.348
1937-07-13,16.4,-0.8464
1937-07-14,16.38,-0.122
1937-07-15,16.46,0.4884
1937-07-16,16.42,-0.243
1937-07-19,16.74,1.9488
1937-07-20,16.94,1.1947
1937-07-21,16.82,-0.7084
1937-07-22,16.87,0.2973
1937-07-23,16.94,0.4149
1937-07-26,17.06,0.7084
1937-07-27,17.04,-0.1172
1937-07-28,16.78,-1.5258
1937-07-29,16.72,-0.3576
1937-07-30,16.77,0.299
1937-08-02,17.07,1.7889
1937-08-03,16.93,-0.8202
1937-08-04,17.02,0.5316
1937-08-05,16.91,-0.6463
1937-08-06,16.85,-0.3548
1937-08-09,17.07,1.3056
1937-08-10,17.04,-0.1757
1937-08-11,17.01,-0.1761
1937-08-12,17.1,0.5291
1937-08-13,17.27,0.9942
1937-08-16,17.17,-0.579
1937-08-17,17.07,-0.5824
1937-08-18,16.91,-0.9373
1937-08-19,16.66,-1.4784
1937-08-20,16.49,-1.0204
1937-08-23,16.46,-0.1819
1937-08-24,16.59,0.7898
1937-08-25,16.47,-0.7233
1937-08-26,16.15,-1.9429
1937-08-27,15.88,-1.6718
1937-08-30,16.12,1.5113
1937-08-31,16.04,-0.4963
1937-09-01,15.61,-2.6808
1937-09-02,15.36,-1.6015
1937-09-03,15.46,0.651
1937-09-07,14.69,-4.9806
1937-09-08,14.61,-0.5446
1937-09-09,14.98,2.5325
1937-09-10,14.19,-5.2737
1937-09-13,14.23,0.2819
1937-09-14,14.68,3.1623
1937-09-15,14.61,-0.4768
1937-09-16,14.89,1.9165
1937-09-17,14.57,-2.1491
1937-09-20,13.94,-4.324
1937-09-21,14.08,1.0043
1937-09-22,14.14,0.4261
1937-09-23,13.79,-2.4752
1937-09-24,13.2,-4.2785
1937-09-27,13.63,3.2576
1937-09-28,13.72,0.6603
1937-09-29,13.79,0.5102
1937-09-30,13.76,-0.2175
1937-10-01,13.72,-0.2907
1937-10-04,13.59,-0.9475
1937-10-05,12.85,-5.4452
1937-10-06,13.16,2.4125
1937-10-07,13.06,-0.7599
1937-10-08,12.75,-2.3737
1937-10-11,12.22,-4.1569
1937-10-13,12.21,-0.0818
1937-10-14,11.97,-1.9656
1937-10-15,11.84,-1.086
1937-10-18,10.76,-9.1216
1937-10-19,11.1,3.1599
1937-10-20,11.93,7.4775
1937-10-21,12.17,2.0117
1937-10-22,11.84,-2.7116
1937-10-25,12.0,1.3514
1937-10-26,11.74,-2.1667
1937-10-27,11.76,0.1704
1937-10-28,12.05,2.466
1937-10-29,12.35,2.4896
1937-11-01,12.08,-2.1862
1937-11-03,11.52,-4.6358
1937-11-04,11.46,-0.5208
1937-11-05,11.46,0.0
1937-11-08,11.12,-2.9668
1937-11-09,11.35,2.0683
1937-11-10,11.96,5.3744
1937-11-12,11.91,-0.4181
1937-11-15,11.53,-3.1906
1937-11-16,11.48,-0.4337
1937-11-17,11.39,-0.784
1937-11-18,11.16,-2.0193
1937-11-19,10.51,-5.8244
1937-11-22,10.25,-2.4738
1937-11-23,10.43,1.7561
1937-11-24,10.17,-2.4928
1937-11-26,10.67,4.9164
1937-11-29,10.96,2.7179
1937-11-30,11.11,1.3686
1937-12-01,10.97,-1.2601
1937-12-02,11.19,2.0055
1937-12-03,11.34,1.3405
1937-12-06,11.13,-1.8519
1937-12-07,11.32,1.7071
1937-12-08,11.42,0.8834
1937-12-09,11.21,-1.8389
1937-12-10,11.1,-0.9813
1937-12-13,10.74,-3.2432
1937-12-14,10.83,0.838
1937-12-15,10.91,0.7387
1937-12-16,11.08,1.5582
1937-12-17,11.0,-0.722
1937-12-20,11.31,2.8182
1937-12-21,11.38,0.6189
1937-12-22,11.18,-1.7575
1937-12-23,11.12,-0.5367
1937-12-24,11.06,-0.5396
1937-12-27,10.69,-3.3454
1937-12-28,10.31,-3.5547
1937-12-29,10.42,1.0669
1937-12-30,10.56,1.3436
1937-12-31,10.55,-0.0947
1938-01-03,10.52,-0.2844
1938-01-04,10.99,4.4677
1938-01-05,10.92,-0.6369
1938-01-06,11.74,7.5092
1938-01-07,11.32,-3.5775
1938-01-10,11.87,4.8587
1938-01-11,11.95,0.674
1938-01-12,11.84,-0.9205
1938-01-13,11.67,-1.4358
1938-01-14,11.7,0.2571
1938-01-17,11.67,-0.2564
1938-01-18,11.55,-1.0283
1938-01-19,11.45,-0.8658
1938-01-20,11.66,1.8341
1938-01-21,11.44,-1.8868
1938-01-24,11.4,-0.3497
1938-01-25,11.22,-1.5789
1938-01-26,10.79,-3.8324
1938-01-27,10.64,-1.3902
1938-01-28,10.55,-0.8459
1938-01-31,10.69,1.327
1938-02-01,10.89,1.8709
1938-02-02,10.74,-1.3774
1938-02-03,10.34,-3.7244
1938-02-04,10.54,1.9342
1938-02-07,10.56,0.1898
1938-02-08,10.98,3.9773
1938-02-09,10.9,-0.7286
1938-02-10,10.97,0.6422
1938-02-11,10.93,-0.3646
1938-02-14,11.02,0.8234
1938-02-15,10.89,-1.1797
1938-02-16,10.87,-0.1837
1938-02-17,11.15,2.5759
1938-02-18,11.02,-1.1659
1938-02-21,11.38,3.2668
1938-02-23,11.68,2.6362
1938-02-24,11.51,-1.4555
1938-02-25,11.57,0.5213
1938-02-28,11.34,-1.9879
1938-03-01,11.46,1.0582
1938-03-02,11.35,-0.9599
1938-03-03,11.24,-0.9692
1938-03-04,11.13,-0.9786
1938-03-07,10.88,-2.2462
1938-03-08,10.88,0.0
1938-03-09,10.89,0.0919
1938-03-10,10.77,-1.1019
1938-03-11,10.58,-1.7642
1938-03-14,10.78,1.8904
1938-03-15,11.11,3.0612
1938-03-16,10.62,-4.4104
1938-03-17,10.53,-0.8475
1938-03-18,10.19,-3.2289
1938-03-21,10.38,1.8646
1938-03-22,10.06,-3.0829
1938-03-23,9.86,-1.9881
1938-03-24,9.89,0.3043
1938-03-25,9.35,-5.4601
1938-03-28,9.27,-0.8556
1938-03-29,8.73,-5.8252
1938-03-30,8.62,-1.26
1938-03-31,8.5,-1.3921
1938-04-01,8.91,4.8235
1938-04-04,9.24,3.7037
1938-04-05,9.48,2.5974
1938-04-06,9.27,-2.2152
1938-04-07,9.2,-0.7551
1938-04-08,9.62,4.5652
1938-04-11,9.95,3.4304
1938-04-12,10.05,1.005
1938-04-13,10.1,0.4975
1938-04-14,10.2,0.9901
1938-04-18,10.41,2.0588
1938-04-19,10.11,-2.8818
1938-04-20,10.06,-0.4946
1938-04-21,10.16,0.994
1938-04-22,10.45,2.8543
1938-04-25,10.21,-2.2967
1938-04-26,9.95,-2.5465
1938-04-27,10.08,1.3065
1938-04-28,9.77,-3.0754
1938-04-29,9.78,0.1024
1938-05-02,9.59,-1.9427
1938-05-03,9.85,2.7112
1938-05-04,10.01,1.6244
1938-05-05,9.97,-0.3996
1938-05-06,10.43,4.6138
1938-05-09,10.63,1.9175
1938-05-10,10.43,-1.8815
1938-05-11,10.49,0.5753
1938-05-12,10.43,-0.572
1938-05-13,10.26,-1.6299
1938-05-16,10.08,-1.7544
1938-05-17,10.14,0.5952
1938-05-18,10.0,-1.3807
1938-05-19,10.11,1.1
1938-05-20,9.96,-1.4837
1938-05-23,9.89,-0.7028
1938-05-24,9.71,-1.82
1938-05-25,9.54,-1.7508
1938-05-26,9.29,-2.6205
1938-05-27,9.28,-0.1076
1938-05-31,9.27,-0.1078
1938-06-01,9.57,3.2362
1938-06-02,9.54,-0.3135
1938-06-03,9.42,-1.2579
1938-06-06,9.74,3.397
1938-06-07,9.7,-0.4107
1938-06-08,9.73,0.3093
1938-06-09,9.94,2.1583
1938-06-10,9.8,-1.4085
1938-06-13,9.52,-2.8571
1938-06-14,9.63,1.1555
1938-06-15,9.67,0.4154
1938-06-16,9.76,0.9307
1938-06-17,9.67,-0.9221
1938-06-20,10.19,5.3775
1938-06-21,10.46,2.6497
1938-06-22,10.73,2.5813
1938-06-23,11.03,2.7959
1938-06-24,11.15,1.0879
1938-06-27,11.26,0.9865
1938-06-28,11.25,-0.0888
1938-06-29,11.72,4.1778
1938-06-30,11.56,-1.3652
1938-07-01,11.91,3.0277
1938-07-05,11.98,0.5877
1938-07-06,12.14,1.3356
1938-07-07,12.09,-0.4119
1938-07-08,11.89,-1.6543
1938-07-11,11.73,-1.3457
1938-07-12,12.04,2.6428
1938-07-13,11.95,-0.7475
1938-07-14,11.84,-0.9205
1938-07-15,12.0,1.3514
1938-07-18,12.35,2.9167
1938-07-19,12.67,2.5911
1938-07-20,12.53,-1.105
1938-07-21,12.54,0.0798
1938-07-22,12.55,0.0797
1938-07-25,12.8,1.992
1938-07-26,12.62,-1.4063
1938-07-27,12.25,-2.9319
1938-07-28,12.48,1.8776
1938-07-29,12.33,-1.2019
1938-08-01,12.25,-0.6488
1938-08-02,12.41,1.3061
1938-08-03,12.3,-0.8864
1938-08-04,12.38,0.6504
1938-08-05,12.66,2.2617
1938-08-08,12.73,0.5529
1938-08-09,12.65,-0.6284
1938-08-10,12.49,-1.2648
1938-08-11,12.17,-2.562
1938-08-12,11.92,-2.0542
1938-08-15,11.92,0.0
1938-08-16,12.08,1.3423
1938-08-17,12.1,0.1656
1938-08-18,12.09,-0.0826
1938-08-19,12.31,1.8197
1938-08-22,12.27,-0.3249
1938-08-23,12.55,2.282
1938-08-24,12.52,-0.239
1938-08-25,12.62,0.7987
1938-08-26,12.5,-0.9509
1938-08-29,11.85,-5.2
1938-08-30,12.04,1.6034
1938-08-31,12.06,0.1661
1938-09-01,11.92,-1.1609
1938-09-02,12.26,2.8523
1938-09-06,12.22,-0.3263
1938-09-07,12.41,1.5548
1938-09-08,12.29,-0.967
1938-09-09,12.02,-2.1969
1938-09-12,12.06,0.3328
1938-09-13,11.37,-5.7214
1938-09-14,11.3,-0.6157
1938-09-15,11.67,3.2743
1938-09-16,11.43,-2.0566
1938-09-19,11.5,0.6124
1938-09-20,11.89,3.3913
1938-09-21,11.96,0.5887
1938-09-22,11.75,-1.7559
1938-09-23,11.36,-3.3191
1938-09-26,11.02,-2.993
1938-09-27,10.99,-0.2722
1938-09-28,11.48,4.4586
1938-09-29,11.9,3.6585
1938-09-30,12.24,2.8571
1938-10-03,12.52,2.2876
1938-10-04,12.48,-0.3195
1938-10-05,12.86,3.0449
1938-10-06,12.82,-0.311
1938-10-07,12.85,0.234
1938-10-10,13.91,8.249
1938-10-11,12.84,-7.6923
1938-10-13,13.24,3.1153
1938-10-14,13.15,-0.6798
1938-10-17,13.07,-0.6084
1938-10-18,13.25,1.3772
1938-10-19,13.01,-1.8113
1938-10-20,13.21,1.5373
1938-10-21,13.25,0.3028
1938-10-24,13.4,1.1321
1938-10-25,13.43,0.2239
1938-10-26,13.26,-1.2658
1938-10-27,13.33,0.5279
1938-10-28,13.14,-1.4254
1938-10-31,13.17,0.2283
1938-11-01,13.1,-0.5315
1938-11-02,13.15,0.3817
1938-11-03,13.19,0.3042
1938-11-04,13.17,-0.1516
1938-11-07,13.43,1.9742
1938-11-09,13.79,2.6806
1938-11-10,13.7,-0.6526
1938-11-14,13.43,-1.9708
1938-11-15,13.35,-0.5957
1938-11-16,12.97,-2.8464
1938-11-17,13.12,1.1565
1938-11-18,12.84,-2.1341
1938-11-21,12.88,0.3115
1938-11-22,12.77,-0.854
1938-11-23,12.8,0.2349
1938-11-25,12.82,0.1562
1938-11-28,12.37,-3.5101
1938-11-29,12.43,0.485
1938-11-30,12.73,2.4135
1938-12-01,12.61,-0.9427
1938-12-02,12.48,-1.0309
1938-12-05,12.4,-0.641
1938-12-06,12.5,0.8065
1938-12-07,12.54,0.32
1938-12-08,12.39,-1.1962
1938-12-09,12.32,-0.565
1938-12-12,12.46,1.1364
1938-12-13,12.59,1.0433
1938-12-14,12.86,2.1446
1938-12-15,12.89,0.2333
1938-12-16,12.9,0.0776
1938-12-19,12.68,-1.7054
1938-12-20,12.66,-0.1577
1938-12-21,12.58,-0.6319
1938-12-22,12.67,0.7154
1938-12-23,12.81,1.105
1938-12-27,12.73,-0.6245
1938-12-28,12.85,0.9427
1938-12-29,13.13,2.179
1938-12-30,13.14,0.0762
1939-01-03,13.08,-0.4566
1939-01-04,13.23,1.1468
1939-01-05,13.06,-1.285
1939-01-06,13.07,0.0766
1939-01-09,12.79,-2.1423
1939-01-10,12.81,0.1564
1939-01-11,12.57,-1.8735
1939-01-12,12.47,-0.7955
1939-01-13,12.33,-1.1227
1939-01-16,12.63,2.4331
1939-01-17,12.73,0.7918
1939-01-18,12.71,-0.1571
1939-01-19,12.8,0.7081
1939-01-20,12.75,-0.3906
1939-01-23,11.93,-6.4314
1939-01-24,11.98,0.4191
1939-01-25,11.91,-0.5843
1939-01-26,11.53,-3.1906
1939-01-27,11.86,2.8621
1939-01-30,12.16,2.5295
1939-01-31,12.3,1.1513
1939-02-01,12.12,-1.4634
1939-02-02,12.38,2.1452
1939-02-03,12.3,-0.6462
1939-02-06,12.47,1.3821
1939-02-07,12.32,-1.2029
1939-02-08,12.48,1.2987
1939-02-09,12.3,-1.4423
1939-02-10,12.33,0.2439
1939-02-14,12.36,0.2433
1939-02-15,12.38,0.1618
1939-02-16,12.48,0.8078
1939-02-17,12.4,-0.641
1939-02-20,12.16,-1.9355
1939-02-21,12.23,0.5757
1939-02-23,12.24,0.0818
1939-02-24,12.54,2.451
1939-02-27,12.63,0.7177
1939-02-28,12.7,0.5542
1939-03-01,12.7,0.0
1939-03-02,12.68,-0.1575
1939-03-03,12.86,1.4196
1939-03-06,12.79,-0.5443
1939-03-07,12.85,0.4691
1939-03-08,13.07,1.7121
1939-03-09,13.01,-0.4591
1939-03-10,13.1,0.6918
1939-03-13,12.92,-1.374
1939-03-14,12.97,0.387
1939-03-15,12.61,-2.7756
1939-03-16,12.58,-0.2379
1939-03-17,12.21,-2.9412
1939-03-20,11.95,-2.1294
1939-03-21,12.16,1.7573
1939-03-22,11.75,-3.3717
1939-03-23,11.92,1.4468
1939-03-24,12.07,1.2584
1939-03-27,11.99,-0.6628
1939-03-28,11.83,-1.3344
1939-03-29,11.92,0.7608
1939-03-30,11.51,-3.4396
1939-03-31,10.98,-4.6047
1939-04-03,11.26,2.5501
1939-04-04,11.02,-2.1314
1939-04-05,11.06,0.363
1939-04-06,10.66,-3.6166
1939-04-10,10.44,-2.0638
1939-04-11,10.42,-0.1916
1939-04-12,10.7,2.6871
1939-04-13,10.79,0.8411
1939-04-14,10.63,-1.4829
1939-04-17,10.83,1.8815
1939-04-18,10.66,-1.5697
1939-04-19,10.79,1.2195
1939-04-20,10.92,1.2048
1939-04-21,10.96,0.3663
1939-04-24,10.78,-1.6423
1939-04-25,10.8,0.1855
1939-04-26,10.91,1.0185
1939-04-27,11.03,1.0999
1939-04-28,10.93,-0.9066
1939-05-01,10.86,-0.6404
1939-05-02,11.0,1.2891
1939-05-03,11.29,2.6364
1939-05-04,11.25,-0.3543
1939-05-05,11.21,-0.3556
1939-05-08,11.23,0.1784
1939-05-09,11.43,1.7809
1939-05-10,11.29,-1.2248
1939-05-11,11.29,0.0
1939-05-12,11.21,-0.7086
1939-05-15,11.25,0.3568
1939-05-16,10.94,-2.7556
1939-05-17,10.87,-0.6399
1939-05-18,10.89,0.184
1939-05-19,10.99,0.9183
1939-05-22,11.17,1.6379
1939-05-23,11.11,-0.5372
1939-05-24,11.43,2.8803
1939-05-25,11.45,0.175
1939-05-26,11.49,0.3493
1939-05-29,11.65,1.3925
1939-05-31,11.6,-0.4292
1939-06-01,11.42,-1.5517
1939-06-02,11.48,0.5254
1939-06-05,11.51,0.2613
1939-06-06,11.66,1.3032
1939-06-07,11.67,0.0858
1939-06-08,11.64,-0.2571
1939-06-09,11.8,1.3746
1939-06-12,11.66,-1.1864
1939-06-13,11.58,-0.6861
1939-06-14,11.53,-0.4318
1939-06-15,11.25,-2.4284
1939-06-16,11.28,0.2667
1939-06-19,11.42,1.2411
1939-06-20,11.52,0.8757
1939-06-21,11.52,0.0
1939-06-22,11.45,-0.6076
1939-06-23,11.5,0.4367
1939-06-26,11.24,-2.2609
1939-06-27,11.29,0.4448
1939-06-28,11.06,-2.0372
1939-06-29,10.79,-2.4412
1939-06-30,10.86,0.6487
1939-07-03,11.0,1.2891
1939-07-05,11.2,1.8182
1939-07-06,11.19,-0.0893
1939-07-07,11.13,-0.5362
1939-07-10,11.17,0.3594
1939-07-11,11.31,1.2534
1939-07-12,11.55,2.122
1939-07-13,11.64,0.7792
1939-07-14,11.55,-0.7732
1939-07-17,12.07,4.5022
1939-07-18,12.16,0.7457
1939-07-19,12.0,-1.3158
1939-07-20,11.85,-1.25
1939-07-21,12.09,2.0253
1939-07-24,12.13,0.3309
1939-07-25,12.05,-0.6595
1939-07-26,12.17,0.9959
1939-07-27,12.18,0.0822
1939-07-28,12.14,-0.3284
1939-07-31,12.04,-0.8237
1939-08-01,12.04,0.0
1939-08-02,12.16,0.9967
1939-08-03,12.12,-0.3289
1939-08-04,11.9,-1.8152
1939-08-07,11.84,-0.5042
1939-08-08,11.87,0.2534
1939-08-09,11.78,-0.7582
1939-08-10,11.54,-2.0374
1939-08-11,11.56,0.1733
1939-08-14,11.78,1.9031
1939-08-15,11.89,0.9338
1939-08-16,11.58,-2.6072
1939-08-17,11.57,-0.0864
1939-08-18,11.33,-2.0743
1939-08-21,11.03,-2.6478
1939-08-22,11.24,1.9039
1939-08-23,10.89,-3.1139
1939-08-24,10.86,-0.2755
1939-08-25,11.09,2.1179
1939-08-28,11.17,0.7214
1939-08-29,11.48,2.7753
1939-08-30,11.36,-1.0453
1939-08-31,11.18,-1.5845
1939-09-01,11.3,1.0733
1939-09-05,12.64,11.8584
1939-09-06,12.53,-0.8703
1939-09-07,12.5,-0.2394
1939-09-08,12.69,1.52
1939-09-11,13.02,2.6005
1939-09-12,13.17,1.1521
1939-09-13,13.03,-1.063
1939-09-14,13.08,0.3837
1939-09-15,13.07,-0.0765
1939-09-18,12.47,-4.5907
1939-09-19,12.95,3.8492
1939-09-20,12.94,-0.0772
1939-09-21,13.02,0.6182
1939-09-22,12.92,-0.768
1939-09-25,12.95,0.2322
1939-09-26,13.11,1.2355
1939-09-27,13.11,0.0
1939-09-28,12.86,-1.9069
1939-09-29,12.79,-0.5443
1939-10-02,12.88,0.7037
1939-10-03,12.77,-0.854
1939-10-04,12.79,0.1566
1939-10-05,12.82,0.2346
1939-10-06,12.8,-0.156
1939-10-09,12.73,-0.5469
1939-10-10,12.76,0.2357
1939-10-11,12.84,0.627
1939-10-13,12.74,-0.7788
1939-10-16,12.74,0.0
1939-10-17,13.09,2.7473
1939-10-18,13.0,-0.6875
1939-10-19,12.98,-0.1538
1939-10-20,12.94,-0.3082
1939-10-23,12.99,0.3864
1939-10-24,13.02,0.2309
1939-10-25,13.21,1.4593
1939-10-26,13.08,-0.9841
1939-10-27,13.02,-0.4587
1939-10-30,12.96,-0.4608
1939-10-31,12.83,-1.0031
1939-11-01,12.82,-0.0779
1939-11-02,12.84,0.156
1939-11-03,12.95,0.8567
1939-11-06,12.82,-1.0039
1939-11-08,12.75,-0.546
1939-11-09,12.58,-1.3333
1939-11-10,12.64,0.4769
1939-11-13,12.65,0.0791
1939-11-14,12.74,0.7115
1939-11-15,12.63,-0.8634
1939-11-16,12.79,1.2668
1939-11-17,12.75,-0.3127
1939-11-20,12.79,0.3137
1939-11-21,12.7,-0.7037
1939-11-22,12.68,-0.1575
1939-11-24,12.49,-1.4984
1939-11-27,12.52,0.2402
1939-11-28,12.47,-0.3994
1939-11-29,12.33,-1.1227
1939-11-30,12.2,-1.0543
1939-12-01,12.29,0.7377
1939-12-04,12.28,-0.0814
1939-12-05,12.26,-0.1629
1939-12-06,12.45,1.5498
1939-12-07,12.46,0.0803
1939-12-08,12.36,-0.8026
1939-12-11,12.23,-1.0518
1939-12-12,12.19,-0.3271
1939-12-13,12.38,1.5587
1939-12-14,12.36,-0.1616
1939-12-15,12.4,0.3236
1939-12-18,12.37,-0.2419
1939-12-19,12.34,-0.2425
1939-12-20,12.39,0.4052
1939-12-21,12.38,-0.0807
1939-12-22,12.44,0.4847
1939-12-26,12.38,-0.4823
1939-12-27,12.31,-0.5654
1939-12-28,12.42,0.8936
1939-12-29,12.46,0.3221
1940-01-02,12.63,1.3644
1940-01-03,12.77,1.1085
1940-01-04,12.73,-0.3132
1940-01-05,12.66,-0.5499
1940-01-08,12.67,0.079
1940-01-09,12.55,-0.9471
1940-01-10,12.57,0.1594
1940-01-11,12.37,-1.5911
1940-01-12,12.13,-1.9402
1940-01-15,12.07,-0.4946
1940-01-16,12.14,0.58
1940-01-17,12.15,0.0824
1940-01-18,12.13,-0.1646
1940-01-19,12.15,0.1649
1940-01-22,12.06,-0.7407
1940-01-23,12.11,0.4146
1940-01-24,12.27,1.3212
1940-01-25,12.16,-0.8965
1940-01-26,12.15,-0.0822
1940-01-29,12.16,0.0823
1940-01-30,12.09,-0.5757
1940-01-31,12.05,-0.3309
1940-02-01,12.05,0.0
1940-02-02,12.06,0.083
1940-02-05,12.04,-0.1658
1940-02-06,12.14,0.8306
1940-02-07,12.22,0.659
1940-02-08,12.37,1.2275
1940-02-09,12.37,0.0
1940-02-13,12.33,-0.3234
1940-02-14,12.28,-0.4055
1940-02-15,12.28,0.0
1940-02-16,12.29,0.0814
1940-02-19,12.29,0.0
1940-02-20,12.35,0.4882
1940-02-21,12.32,-0.2429
1940-02-23,12.23,-0.7305
1940-02-26,12.16,-0.5724
1940-02-27,12.14,-0.1645
1940-02-28,12.15,0.0824
1940-02-29,12.13,-0.1646
1940-03-01,12.06,-0.5771
1940-03-04,12.09,0.2488
1940-03-05,12.15,0.4963
1940-03-06,12.24,0.7407
1940-03-07,12.25,0.0817
1940-03-08,12.2,-0.4082
1940-03-11,12.24,0.3279
1940-03-12,12.27,0.2451
1940-03-13,12.25,-0.163
1940-03-14,12.22,-0.2449
1940-03-15,12.07,-1.2275
1940-03-18,12.0,-0.58
1940-03-19,12.09,0.75
1940-03-20,12.14,0.4136
1940-03-21,12.14,0.0
1940-03-25,12.07,-0.5766
1940-03-26,12.01,-0.4971
1940-03-27,12.17,1.3322
1940-03-28,12.14,-0.2465
1940-03-29,12.18,0.3295
1940-04-01,12.21,0.2463
1940-04-02,12.25,0.3276
1940-04-03,12.44,1.551
1940-04-04,12.52,0.6431
1940-04-05,12.48,-0.3195
1940-04-08,12.59,0.8814
1940-04-09,12.46,-1.0326
1940-04-10,12.35,-0.8828
1940-04-11,12.39,0.3239
1940-04-12,12.32,-0.565
1940-04-15,12.32,0.0
1940-04-16,12.15,-1.3799
1940-04-17,12.16,0.0823
1940-04-18,12.04,-0.9868
1940-04-19,12.04,0.0
1940-04-22,12.14,0.8306
1940-04-23,12.23,0.7414
1940-04-24,12.18,-0.4088
1940-04-25,12.19,0.0821
1940-04-26,12.08,-0.9024
1940-04-29,12.12,0.3311
1940-04-30,12.19,0.5776
1940-05-01,12.03,-1.3126
1940-05-02,12.1,0.5819
1940-05-03,12.12,0.1653
1940-05-06,12.06,-0.495
1940-05-07,12.09,0.2488
1940-05-08,12.11,0.1654
1940-05-09,12.12,0.0826
1940-05-10,11.76,-2.9703
1940-05-13,11.11,-5.5272
1940-05-14,10.28,-7.4707
1940-05-15,10.38,0.9728
1940-05-16,10.48,0.9634
1940-05-17,9.95,-5.0573
1940-05-20,9.79,-1.608
1940-05-21,9.14,-6.6394
1940-05-22,9.18,0.4376
1940-05-23,9.2,0.2179
1940-05-24,9.16,-0.4348
1940-05-27,9.38,2.4017
1940-05-28,9.19,-2.0256
1940-05-29,9.25,0.6529
1940-05-31,9.27,0.2162
1940-06-03,9.11,-1.726
1940-06-04,9.23,1.3172
1940-06-05,9.09,-1.5168
1940-06-06,9.22,1.4301
1940-06-07,9.34,1.3015
1940-06-10,8.99,-3.7473
1940-06-11,9.42,4.7831
1940-06-12,9.89,4.9894
1940-06-13,9.7,-1.9211
1940-06-14,9.94,2.4742
1940-06-17,9.98,0.4024
1940-06-18,10.01,0.3006
1940-06-19,10.03,0.1998
1940-06-20,9.91,-1.1964
1940-06-21,9.91,0.0
1940-06-24,10.1,1.9173
1940-06-25,9.81,-2.8713
1940-06-26,9.75,-0.6116
1940-06-27,9.85,1.0256
1940-06-28,9.98,1.3198
1940-07-01,9.87,-1.1022
1940-07-02,9.85,-0.2026
1940-07-03,9.88,0.3046
1940-07-05,9.94,0.6073
1940-07-08,9.94,0.0
1940-07-09,9.94,0.0
1940-07-10,9.97,0.3018
1940-07-11,9.97,0.0
1940-07-12,9.95,-0.2006
1940-07-15,9.98,0.3015
1940-07-16,10.09,1.1022
1940-07-17,10.06,-0.2973
1940-07-18,10.07,0.0994
1940-07-19,9.97,-0.993
1940-07-22,9.97,0.0
1940-07-23,9.98,0.1003
1940-07-24,9.89,-0.9018
1940-07-25,9.92,0.3033
1940-07-26,9.97,0.504
1940-07-29,10.08,1.1033
1940-07-30,10.33,2.4802
1940-07-31,10.29,-0.3872
1940-08-01,10.26,-0.2915
1940-08-02,10.25,-0.0975
1940-08-05,10.28,0.2927
1940-08-06,10.17,-1.07
1940-08-07,10.17,0.0
1940-08-08,10.17,0.0
1940-08-09,10.27,0.9833
1940-08-12,10.38,1.0711
1940-08-13,10.0,-3.6609
1940-08-14,9.91,-0.9
1940-08-15,10.0,0.9082
1940-08-16,9.84,-1.6
1940-08-19,9.91,0.7114
1940-08-20,10.03,1.2109
1940-08-21,10.21,1.7946
1940-08-22,10.32,1.0774
1940-08-23,10.19,-1.2597
1940-08-26,10.23,0.3925
1940-08-27,10.23,0.0
1940-08-28,10.37,1.3685
1940-08-29,10.32,-0.4822
1940-08-30,10.5,1.7442
1940-09-03,10.56,0.5714
1940-09-04,10.78,2.0833
1940-09-05,10.93,1.3915
1940-09-06,10.85,-0.7319
1940-09-09,10.52,-3.0415
1940-09-10,10.53,0.0951
1940-09-11,10.45,-0.7597
1940-09-12,10.3,-1.4354
1940-09-13,10.31,0.0971
1940-09-16,10.46,1.4549
1940-09-17,10.54,0.7648
1940-09-18,10.62,0.759
1940-09-19,10.59,-0.2825
1940-09-20,10.59,0.0
1940-09-23,10.9,2.9273
1940-09-24,10.86,-0.367
1940-09-25,10.84,-0.1842
1940-09-26,10.77,-0.6458
1940-09-27,10.58,-1.7642
1940-09-30,10.66,0.7561
1940-10-01,10.81,1.4071
1940-10-02,10.86,0.4625
1940-10-03,10.87,0.0921
1940-10-04,10.78,-0.828
1940-10-07,10.72,-0.5566
1940-10-08,10.54,-1.6791
1940-10-09,10.48,-0.5693
1940-10-10,10.47,-0.0954
1940-10-11,10.58,1.0506
1940-10-14,10.53,-0.4726
1940-10-15,10.64,1.0446
1940-10-16,10.68,0.3759
1940-10-17,10.73,0.4682
1940-10-18,10.72,-0.0932
1940-10-21,10.65,-0.653
1940-10-22,10.7,0.4695
1940-10-23,10.8,0.9346
1940-10-24,10.73,-0.6481
1940-10-25,10.73,0.0
1940-10-28,10.81,0.7456
1940-10-29,10.83,0.185
1940-10-30,10.92,0.831
1940-10-31,11.08,1.4652
1940-11-01,11.08,0.0
1940-11-04,11.16,0.722
1940-11-06,10.79,-3.3154
1940-11-07,11.39,5.5607
1940-11-08,11.23,-1.4047
1940-11-12,11.36,1.1576
1940-11-13,11.26,-0.8803
1940-11-14,11.29,0.2664
1940-11-15,11.17,-1.0629
1940-11-18,11.04,-1.1638
1940-11-19,11.05,0.0906
1940-11-20,10.79,-2.3529
1940-11-22,10.79,0.0
1940-11-25,10.79,0.0
1940-11-26,10.76,-0.278
1940-11-27,10.56,-1.8587
1940-11-28,10.56,0.0
1940-11-29,10.57,0.0947
1940-12-02,10.62,0.473
1940-12-03,10.58,-0.3766
1940-12-04,10.58,0.0
1940-12-05,10.51,-0.6616
1940-12-06,10.53,0.1903
1940-12-09,10.61,0.7597
1940-12-10,10.61,0.0
1940-12-11,10.63,0.1885
1940-12-12,10.67,0.3763
1940-12-13,10.69,0.1874
1940-12-16,10.58,-1.029
1940-12-17,10.54,-0.3781
1940-12-18,10.44,-0.9488
1940-12-19,10.4,-0.3831
1940-12-20,10.41,0.0962
1940-12-23,10.38,-0.2882
1940-12-24,10.4,0.1927
1940-12-26,10.39,-0.0962
1940-12-27,10.44,0.4812
1940-12-30,10.57,1.2452
1940-12-31,10.58,0.0946
1941-01-02,10.48,-0.9452
1941-01-03,10.72,2.2901
1941-01-06,10.74,0.1866
1941-01-07,10.75,0.0931
1941-01-08,10.77,0.186
1941-01-09,10.83,0.5571
1941-01-10,10.86,0.277
1941-01-13,10.82,-0.3683
1941-01-14,10.76,-0.5545
1941-01-15,10.67,-0.8364
1941-01-16,10.54,-1.2184
1941-01-17,10.52,-0.1898
1941-01-20,10.47,-0.4753
1941-01-21,10.37,-0.9551
1941-01-22,10.43,0.5786
1941-01-23,10.42,-0.0959
1941-01-24,10.45,0.2879
1941-01-27,10.49,0.3828
1941-01-28,10.43,-0.572
1941-01-29,10.22,-2.0134
1941-01-30,10.04,-1.7613
1941-01-31,10.07,0.2988
1941-02-03,9.96,-1.0924
1941-02-04,9.97,0.1004
1941-02-05,10.15,1.8054
1941-02-06,10.19,0.3941
1941-02-07,10.16,-0.2944
1941-02-10,10.15,-0.0984
1941-02-11,9.98,-1.6749
1941-02-13,9.84,-1.4028
1941-02-14,9.53,-3.1504
1941-02-17,9.65,1.2592
1941-02-18,9.63,-0.2073
1941-02-19,9.55,-0.8307
1941-02-20,9.72,1.7801
1941-02-21,9.76,0.4115
1941-02-24,9.84,0.8197
1941-02-25,9.93,0.9146
1941-02-26,9.95,0.2014
1941-02-27,9.88,-0.7035
1941-02-28,9.92,0.4049
1941-03-03,9.77,-1.5121
1941-03-04,9.82,0.5118
1941-03-05,9.76,-0.611
1941-03-06,9.95,1.9467
1941-03-07,9.9,-0.5025
1941-03-10,10.1,2.0202
1941-03-11,10.02,-0.7921
1941-03-12,10.02,0.0
1941-03-13,9.97,-0.499
1941-03-14,9.98,0.1003
1941-03-17,10.03,0.501
1941-03-18,10.07,0.3988
1941-03-19,10.01,-0.5958
1941-03-20,10.02,0.0999
1941-03-21,9.93,-0.8982
1941-03-24,9.92,-0.1007
1941-03-25,9.96,0.4032
1941-03-26,9.93,-0.3012
1941-03-27,10.01,0.8056
1941-03-28,9.94,-0.6993
1941-03-31,9.96,0.2012
1941-04-01,9.97,0.1004
1941-04-02,10.01,0.4012
1941-04-03,10.16,1.4985
1941-04-04,10.14,-0.1969
1941-04-07,10.05,-0.8876
1941-04-08,9.84,-2.0896
1941-04-09,9.7,-1.4228
1941-04-10,9.69,-0.1031
1941-04-14,9.62,-0.7224
1941-04-15,9.59,-0.3119
1941-04-16,9.59,0.0
1941-04-17,9.54,-0.5214
1941-04-18,9.4,-1.4675
1941-04-21,9.37,-0.3191
1941-04-22,9.32,-0.5336
1941-04-23,9.43,1.1803
1941-04-24,9.47,0.4242
1941-04-25,9.4,-0.7392
1941-04-28,9.42,0.2128
1941-04-29,9.44,0.2123
1941-04-30,9.31,-1.3771
1941-05-01,9.3,-0.1074
1941-05-02,9.33,0.3226
1941-05-05,9.34,0.1072
1941-05-06,9.5,1.7131
1941-05-07,9.47,-0.3158
1941-05-08,9.45,-0.2112
1941-05-09,9.45,0.0
1941-05-12,9.56,1.164
1941-05-13,9.56,0.0
1941-05-14,9.49,-0.7322
1941-05-15,9.33,-1.686
1941-05-16,9.35,0.2144
1941-05-19,9.4,0.5348
1941-05-20,9.56,1.7021
1941-05-21,9.55,-0.1046
1941-05-22,9.44,-1.1518
1941-05-23,9.44,0.0
1941-05-26,9.33,-1.1653
1941-05-27,9.39,0.6431
1941-05-28,9.39,0.0
1941-05-29,9.38,-0.1065
1941-06-02,9.36,-0.2132
1941-06-03,9.47,1.1752
1941-06-04,9.46,-0.1056
1941-06-05,9.5,0.4228
1941-06-06,9.49,-0.1053
1941-06-09,9.66,1.7914
1941-06-10,9.82,1.6563
1941-06-11,9.82,0.0
1941-06-12,9.87,0.5092
1941-06-13,9.85,-0.2026
1941-06-16,9.81,-0.4061
1941-06-17,9.89,0.8155
1941-06-18,9.9,0.1011
1941-06-19,9.88,-0.202
1941-06-20,9.76,-1.2146
1941-06-23,9.95,1.9467
1941-06-24,9.88,-0.7035
1941-06-25,9.9,0.2024
1941-06-26,9.94,0.404
1941-06-27,9.89,-0.503
1941-06-30,9.85,-0.4044
1941-07-01,9.82,-0.3046
1941-07-02,9.89,0.7128
1941-07-03,9.91,0.2022
1941-07-07,10.09,1.8163
1941-07-08,10.28,1.8831
1941-07-09,10.28,0.0
1941-07-10,10.31,0.2918
1941-07-11,10.28,-0.291
1941-07-14,10.3,0.1946
1941-07-15,10.33,0.2913
1941-07-16,10.28,-0.484
1941-07-17,10.21,-0.6809
1941-07-18,10.25,0.3918
1941-07-21,10.46,2.0488
1941-07-22,10.45,-0.0956
1941-07-23,10.42,-0.2871
1941-07-24,10.36,-0.5758
1941-07-25,10.34,-0.1931
1941-07-28,10.47,1.2573
1941-07-29,10.45,-0.191
1941-07-30,10.4,-0.4785
1941-07-31,10.39,-0.0962
1941-08-01,10.34,-0.4812
1941-08-04,10.36,0.1934
1941-08-05,10.36,0.0
1941-08-06,10.36,0.0
1941-08-07,10.34,-0.1931
1941-08-08,10.23,-1.0638
1941-08-11,10.14,-0.8798
1941-08-12,10.14,0.0
1941-08-13,10.09,-0.4931
1941-08-14,10.13,0.3964
1941-08-15,10.03,-0.9872
1941-08-18,10.13,0.997
1941-08-19,10.14,0.0987
1941-08-20,10.18,0.3945
1941-08-21,10.17,-0.0982
1941-08-22,10.15,-0.1967
1941-08-25,10.17,0.197
1941-08-26,10.25,0.7866
1941-08-27,10.26,0.0976
1941-08-28,10.29,0.2924
1941-08-29,10.28,-0.0972
1941-09-02,10.34,0.5837
1941-09-03,10.27,-0.677
1941-09-04,10.24,-0.2921
1941-09-05,10.21,-0.293
1941-09-08,10.23,0.1959
1941-09-09,10.2,-0.2933
1941-09-10,10.12,-0.7843
1941-09-11,10.23,1.087
1941-09-12,10.23,0.0
1941-09-15,10.24,0.0978
1941-09-16,10.29,0.4883
1941-09-17,10.47,1.7493
1941-09-18,10.39,-0.7641
1941-09-19,10.29,-0.9625
1941-09-22,10.28,-0.0972
1941-09-23,10.32,0.3891
1941-09-24,10.25,-0.6783
1941-09-25,10.12,-1.2683
1941-09-26,10.09,-0.2964
1941-09-29,10.13,0.3964
1941-09-30,10.2,0.691
1941-10-01,10.17,-0.2941
1941-10-02,10.14,-0.295
1941-10-03,10.13,-0.0986
1941-10-06,10.12,-0.0987
1941-10-07,10.0,-1.1858
1941-10-08,9.98,-0.2
1941-10-09,9.84,-1.4028
1941-10-10,9.84,0.0
1941-10-14,9.78,-0.6098
1941-10-15,9.72,-0.6135
1941-10-16,9.58,-1.4403
1941-10-17,9.62,0.4175
1941-10-20,9.71,0.9356
1941-10-21,9.8,0.9269
1941-10-22,9.76,-0.4082
1941-10-23,9.77,0.1025
1941-10-24,9.82,0.5118
1941-10-27,9.66,-1.6293
1941-10-28,9.65,-0.1035
1941-10-29,9.62,-0.3109
1941-10-30,9.62,0.0
1941-10-31,9.5,-1.2474
1941-11-03,9.59,0.9474
1941-11-05,9.66,0.7299
1941-11-06,9.58,-0.8282
1941-11-07,9.55,-0.3132
1941-11-10,9.48,-0.733
1941-11-12,9.26,-2.3207
1941-11-13,9.21,-0.54
1941-11-14,9.3,0.9772
1941-11-17,9.28,-0.2151
1941-11-18,9.26,-0.2155
1941-11-19,9.34,0.8639
1941-11-21,9.38,0.4283
1941-11-24,9.4,0.2132
1941-11-25,9.35,-0.5319
1941-11-26,9.27,-0.8556
1941-11-27,9.21,-0.6472
1941-11-28,9.12,-0.9772
1941-12-01,9.07,-0.5482
1941-12-02,9.26,2.0948
1941-12-03,9.36,1.0799
1941-12-04,9.38,0.2137
1941-12-05,9.32,-0.6397
1941-12-08,8.97,-3.7554
1941-12-09,8.68,-3.233
1941-12-10,8.68,0.0
1941-12-11,8.82,1.6129
1941-12-12,8.73,-1.0204
1941-12-15,8.73,0.0
1941-12-16,8.71,-0.2291
1941-12-17,8.57,-1.6073
1941-12-18,8.49,-0.9335
1941-12-19,8.49,0.0
1941-12-22,8.4,-1.0601
1941-12-23,8.38,-0.2381
1941-12-24,8.39,0.1193
1941-12-26,8.42,0.3576
1941-12-29,8.37,-0.5938
1941-12-30,8.74,4.4205
1941-12-31,8.69,-0.5721
1942-01-02,8.89,2.3015
1942-01-05,9.09,2.2497
1942-01-06,9.05,-0.44
1942-01-07,9.0,-0.5525
1942-01-08,8.88,-1.3333
1942-01-09,8.85,-0.3378
1942-01-12,8.84,-0.113
1942-01-13,9.02,2.0362
1942-01-14,9.02,0.0
1942-01-15,9.04,0.2217
1942-01-16,8.96,-0.885
1942-01-19,8.96,0.0
1942-01-20,8.94,-0.2232
1942-01-21,8.81,-1.4541
1942-01-22,8.81,0.0
1942-01-23,8.84,0.3405
1942-01-26,8.97,1.4706
1942-01-27,8.99,0.223
1942-01-28,8.93,-0.6674
1942-01-29,8.91,-0.224
1942-01-30,8.85,-0.6734
1942-02-02,8.84,-0.113
1942-02-03,8.9,0.6787
1942-02-04,8.97,0.7865
1942-02-05,8.95,-0.223
1942-02-06,8.85,-1.1173
1942-02-09,8.74,-1.2429
1942-02-10,8.62,-1.373
1942-02-11,8.6,-0.232
1942-02-13,8.62,0.2326
1942-02-16,8.65,0.348
1942-02-17,8.49,-1.8497
1942-02-18,8.48,-0.1178
1942-02-19,8.5,0.2358
1942-02-20,8.47,-0.3529
1942-02-24,8.52,0.5903
1942-02-25,8.46,-0.7042
1942-02-26,8.52,0.7092
1942-02-27,8.59,0.8216
1942-03-02,8.47,-1.397
1942-03-03,8.6,1.5348
1942-03-04,8.51,-1.0465
1942-03-05,8.38,-1.5276
1942-03-06,8.16,-2.6253
1942-03-09,8.2,0.4902
1942-03-10,8.14,-0.7317
1942-03-11,7.98,-1.9656
1942-03-12,7.98,0.0
1942-03-13,8.03,0.6266
1942-03-16,8.12,1.1208
1942-03-17,8.29,2.0936
1942-03-18,8.21,-0.965
1942-03-19,8.2,-0.1218
1942-03-20,8.11,-1.0976
1942-03-23,8.15,0.4932
1942-03-24,8.22,0.8589
1942-03-25,8.16,-0.7299
1942-03-26,8.13,-0.3676
1942-03-27,8.05,-0.984
1942-03-30,8.06,0.1242
1942-03-31,8.01,-0.6203
1942-04-01,8.05,0.4994
1942-04-02,8.11,0.7453
1942-04-06,8.2,1.1097
1942-04-07,8.16,-0.4878
1942-04-08,8.12,-0.4902
1942-04-09,7.99,-1.601
1942-04-10,7.98,-0.1252
1942-04-13,7.96,-0.2506
1942-04-14,7.83,-1.6332
1942-04-15,7.81,-0.2554
1942-04-16,7.82,0.128
1942-04-17,7.7,-1.5345
1942-04-20,7.79,1.1688
1942-04-21,7.81,0.2567
1942-04-22,7.79,-0.2561
1942-04-23,7.59,-2.5674
1942-04-24,7.55,-0.527
1942-04-27,7.54,-0.1325
1942-04-28,7.47,-0.9284
1942-04-29,7.61,1.8742
1942-04-30,7.66,0.657
1942-05-01,7.71,0.6527
1942-05-04,7.77,0.7782
1942-05-05,7.8,0.3861
1942-05-06,7.79,-0.1282
1942-05-07,7.89,1.2837
1942-05-08,7.89,0.0
1942-05-11,8.0,1.3942
1942-05-12,7.94,-0.75
1942-05-13,7.81,-1.6373
1942-05-14,7.79,-0.2561
1942-05-15,7.88,1.1553
1942-05-18,7.94,0.7614
1942-05-19,7.91,-0.3778
1942-05-20,7.89,-0.2528
1942-05-21,8.02,1.6477
1942-05-22,8.01,-0.1247
1942-05-25,7.98,-0.3745
1942-05-26,8.0,0.2506
1942-05-27,8.16,2.0
1942-05-28,8.18,0.2451
1942-05-29,8.15,-0.3667
1942-06-01,8.19,0.4908
1942-06-02,8.18,-0.1221
1942-06-03,8.24,0.7335
1942-06-04,8.35,1.335
1942-06-05,8.37,0.2395
1942-06-08,8.47,1.1947
1942-06-09,8.39,-0.9445
1942-06-10,8.34,-0.5959
1942-06-11,8.37,0.3597
1942-06-12,8.32,-0.5974
1942-06-15,8.38,0.7212
1942-06-16,8.39,0.1193
1942-06-17,8.53,1.6687
1942-06-18,8.49,-0.4689
1942-06-19,8.4,-1.0601
1942-06-22,8.25,-1.7857
1942-06-23,8.25,0.0
1942-06-24,8.21,-0.4848
1942-06-25,8.22,0.1218
1942-06-26,8.23,0.1217
1942-06-29,8.28,0.6075
1942-06-30,8.3,0.2415
1942-07-01,8.23,-0.8434
1942-07-02,8.36,1.5796
1942-07-03,8.44,0.9569
1942-07-06,8.53,1.0664
1942-07-07,8.51,-0.2345
1942-07-08,8.72,2.4677
1942-07-09,8.81,1.0321
1942-07-10,8.8,-0.1135
1942-07-13,8.73,-0.7955
1942-07-14,8.82,1.0309
1942-07-15,8.83,0.1134
1942-07-16,8.82,-0.1133
1942-07-17,8.72,-1.1338
1942-07-20,8.75,0.344
1942-07-21,8.77,0.2286
1942-07-22,8.74,-0.3421
1942-07-23,8.62,-1.373
1942-07-24,8.63,0.116
1942-07-27,8.63,0.0
1942-07-28,8.62,-0.1159
1942-07-29,8.48,-1.6241
1942-07-30,8.5,0.2358
1942-07-31,8.56,0.7059
1942-08-03,8.57,0.1168
1942-08-04,8.55,-0.2334
1942-08-05,8.47,-0.9357
1942-08-06,8.46,-0.1181
1942-08-07,8.49,0.3546
1942-08-10,8.48,-0.1178
1942-08-11,8.51,0.3538
1942-08-12,8.51,0.0
1942-08-13,8.54,0.3525
1942-08-14,8.58,0.4684
1942-08-17,8.65,0.8159
1942-08-18,8.73,0.9249
1942-08-19,8.72,-0.1145
1942-08-20,8.69,-0.344
1942-08-21,8.71,0.2301
1942-08-24,8.73,0.2296
1942-08-25,8.65,-0.9164
1942-08-26,8.54,-1.2717
1942-08-27,8.59,0.5855
1942-08-28,8.61,0.2328
1942-08-31,8.62,0.1161
1942-09-01,8.62,0.0
1942-09-02,8.63,0.116
1942-09-03,8.62,-0.1159
1942-09-04,8.61,-0.116
1942-09-08,8.68,0.813
1942-09-09,8.64,-0.4608
1942-09-10,8.58,-0.6944
1942-09-11,8.54,-0.4662
1942-09-14,8.55,0.1171
1942-09-15,8.59,0.4678
1942-09-16,8.6,0.1164
1942-09-17,8.59,-0.1163
1942-09-18,8.66,0.8149
1942-09-21,8.65,-0.1155
1942-09-22,8.68,0.3468
1942-09-23,8.75,0.8065
1942-09-24,8.86,1.2571
1942-09-25,8.9,0.4515
1942-09-28,8.89,-0.1124
1942-09-29,8.85,-0.4499
1942-09-30,8.85,0.0
1942-10-01,8.92,0.791
1942-10-02,9.05,1.4574
1942-10-05,9.13,0.884
1942-10-06,9.13,0.0
1942-10-07,9.17,0.4381
1942-10-08,9.3,1.4177
1942-10-09,9.34,0.4301
1942-10-13,9.45,1.1777
1942-10-14,9.43,-0.2116
1942-10-15,9.31,-1.2725
1942-10-16,9.35,0.4296
1942-10-19,9.35,0.0
1942-10-20,9.47,1.2834
1942-10-21,9.46,-0.1056
1942-10-22,9.46,0.0
1942-10-23,9.43,-0.3171
1942-10-26,9.48,0.5302
1942-10-27,9.39,-0.9494
1942-10-28,9.31,-0.852
1942-10-29,9.3,-0.1074
1942-10-30,9.36,0.6452
1942-11-02,9.48,1.2821
1942-11-04,9.44,-0.4219
1942-11-05,9.46,0.2119
1942-11-06,9.58,1.2685
1942-11-09,9.69,1.1482
1942-11-10,9.61,-0.8256
1942-11-12,9.63,0.2081
1942-11-13,9.57,-0.6231
1942-11-16,9.48,-0.9404
1942-11-17,9.36,-1.2658
1942-11-18,9.4,0.4274
1942-11-19,9.39,-0.1064
1942-11-20,9.48,0.9585
1942-11-23,9.37,-1.1603
1942-11-24,9.35,-0.2134
1942-11-25,9.31,-0.4278
1942-11-27,9.34,0.3222
1942-11-30,9.29,-0.5353
1942-12-01,9.28,-0.1076
1942-12-02,9.31,0.3233
1942-12-03,9.34,0.3222
1942-12-04,9.34,0.0
1942-12-07,9.3,-0.4283
1942-12-08,9.36,0.6452
1942-12-09,9.36,0.0
1942-12-10,9.37,0.1068
1942-12-11,9.37,0.0
1942-12-14,9.42,0.5336
1942-12-15,9.44,0.2123
1942-12-16,9.52,0.8475
1942-12-17,9.69,1.7857
1942-12-18,9.68,-0.1032
1942-12-21,9.68,0.0
1942-12-22,9.67,-0.1033
1942-12-23,9.7,0.3102
1942-12-24,9.74,0.4124
1942-12-28,9.65,-0.924
1942-12-29,9.65,0.0
1942-12-30,9.76,1.1399
1942-12-31,9.77,0.1025
1943-01-04,9.92,1.5353
1943-01-05,9.9,-0.2016
1943-01-06,9.89,-0.101
1943-01-07,9.91,0.2022
1943-01-08,9.92,0.1009
1943-01-11,9.96,0.4032
1943-01-12,9.93,-0.3012
1943-01-13,9.95,0.2014
1943-01-14,10.01,0.603
1943-01-15,10.09,0.7992
1943-01-18,10.12,0.2973
1943-01-19,10.02,-0.9881
1943-01-20,10.03,0.0998
1943-01-21,10.18,1.4955
1943-01-22,10.17,-0.0982
1943-01-25,10.3,1.2783
1943-01-26,10.35,0.4854
1943-01-27,10.34,-0.0966
1943-01-28,10.35,0.0967
1943-01-29,10.44,0.8696
1943-02-01,10.52,0.7663
1943-02-02,10.52,0.0
1943-02-03,10.44,-0.7605
1943-02-04,10.43,-0.0958
1943-02-05,10.51,0.767
1943-02-08,10.5,-0.0951
1943-02-09,10.58,0.7619
1943-02-10,10.65,0.6616
1943-02-11,10.67,0.1878
1943-02-15,10.81,1.3121
1943-02-16,10.79,-0.185
1943-02-17,10.81,0.1854
1943-02-18,10.66,-1.3876
1943-02-19,10.64,-0.1876
1943-02-23,10.84,1.8797
1943-02-24,10.9,0.5535
1943-02-25,10.97,0.6422
1943-02-26,10.97,0.0
1943-03-01,10.92,-0.4558
1943-03-02,10.84,-0.7326
1943-03-03,10.98,1.2915
1943-03-04,11.0,0.1821
1943-03-05,11.05,0.4545
1943-03-08,11.01,-0.362
1943-03-09,10.95,-0.545
1943-03-10,10.9,-0.4566
1943-03-11,11.01,1.0092
1943-03-12,11.05,0.3633
1943-03-15,11.04,-0.0905
1943-03-16,11.01,-0.2717
1943-03-17,10.93,-0.7266
1943-03-18,10.91,-0.183
1943-03-19,10.88,-0.275
1943-03-22,10.92,0.3676
1943-03-23,10.95,0.2747
1943-03-24,10.98,0.274
1943-03-25,11.21,2.0947
1943-03-26,11.3,0.8029
1943-03-29,11.49,1.6814
1943-03-30,11.59,0.8703
1943-03-31,11.58,-0.0863
1943-04-01,11.59,0.0864
1943-04-02,11.56,-0.2588
1943-04-05,11.59,0.2595
1943-04-06,11.76,1.4668
1943-04-07,11.7,-0.5102
1943-04-08,11.6,-0.8547
1943-04-09,11.14,-3.9655
1943-04-12,11.15,0.0898
1943-04-13,11.14,-0.0897
1943-04-14,11.28,1.2567
1943-04-15,11.36,0.7092
1943-04-16,11.33,-0.2641
1943-04-19,11.38,0.4413
1943-04-20,11.34,-0.3515
1943-04-21,11.45,0.97
1943-04-22,11.48,0.262
1943-04-26,11.48,0.0
1943-04-27,11.48,0.0
1943-04-28,11.48,0.0
1943-04-29,11.59,0.9582
1943-04-30,11.59,0.0
1943-05-03,11.82,1.9845
1943-05-04,11.86,0.3384
1943-05-05,11.93,0.5902
1943-05-06,11.97,0.3353
1943-05-07,11.81,-1.3367
1943-05-10,11.97,1.3548
1943-05-11,11.93,-0.3342
1943-05-12,11.88,-0.4191
1943-05-13,11.92,0.3367
1943-05-14,11.7,-1.8456
1943-05-17,11.72,0.1709
1943-05-18,11.81,0.7679
1943-05-19,11.93,1.0161
1943-05-20,11.9,-0.2515
1943-05-21,11.9,0.0
1943-05-24,11.87,-0.2521
1943-05-25,11.9,0.2527
1943-05-26,11.99,0.7563
1943-05-27,12.02,0.2502
1943-05-28,12.05,0.2496
1943-06-01,12.18,1.0788
1943-06-02,12.19,0.0821
1943-06-03,12.24,0.4102
1943-06-04,12.18,-0.4902
1943-06-07,12.15,-0.2463
1943-06-08,12.08,-0.5761
1943-06-09,12.12,0.3311
1943-06-10,12.14,0.165
1943-06-11,12.08,-0.4942
1943-06-14,11.88,-1.6556
1943-06-15,11.93,0.4209
1943-06-16,11.95,0.1676
1943-06-17,11.97,0.1674
1943-06-18,11.96,-0.0835
1943-06-21,11.9,-0.5017
1943-06-22,11.92,0.1681
1943-06-23,11.89,-0.2517
1943-06-24,11.95,0.5046
1943-06-25,12.21,2.1757
1943-06-28,12.32,0.9009
1943-06-29,12.28,-0.3247
1943-06-30,12.35,0.57
1943-07-01,12.36,0.081
1943-07-02,12.35,-0.0809
1943-07-06,12.37,0.1619
1943-07-07,12.35,-0.1617
1943-07-08,12.36,0.081
1943-07-09,12.41,0.4045
1943-07-12,12.49,0.6446
1943-07-13,12.57,0.6405
1943-07-14,12.64,0.5569
1943-07-15,12.57,-0.5538
1943-07-16,12.54,-0.2387
1943-07-19,12.55,0.0797
1943-07-20,12.47,-0.6375
1943-07-21,12.5,0.2406
1943-07-22,12.5,0.0
1943-07-23,12.51,0.08
1943-07-26,12.31,-1.5987
1943-07-27,11.92,-3.1682
1943-07-28,11.88,-0.3356
1943-07-29,12.08,1.6835
1943-07-30,11.85,-1.904
1943-08-02,11.47,-3.2068
1943-08-03,11.72,2.1796
1943-08-04,11.79,0.5973
1943-08-05,11.75,-0.3393
1943-08-06,11.63,-1.0213
1943-08-09,11.6,-0.258
1943-08-10,11.71,0.9483
1943-08-11,11.8,0.7686
1943-08-12,11.73,-0.5932
1943-08-13,11.84,0.9378
1943-08-16,11.81,-0.2534
1943-08-17,11.88,0.5927
1943-08-18,11.92,0.3367
1943-08-19,11.91,-0.0839
1943-08-20,11.81,-0.8396
1943-08-23,11.6,-1.7782
1943-08-24,11.69,0.7759
1943-08-25,11.71,0.1711
1943-08-26,11.75,0.3416
1943-08-27,11.67,-0.6809
1943-08-30,11.67,0.0
1943-08-31,11.8,1.114
1943-09-01,11.84,0.339
1943-09-02,11.84,0.0
1943-09-03,11.82,-0.1689
1943-09-07,11.85,0.2538
1943-09-08,11.78,-0.5907
1943-09-09,11.91,1.1036
1943-09-10,11.93,0.1679
1943-09-13,11.91,-0.1676
1943-09-14,11.89,-0.1679
1943-09-15,11.91,0.1682
1943-09-16,11.98,0.5877
1943-09-17,12.1,1.0017
1943-09-20,12.23,1.0744
1943-09-21,12.24,0.0818
1943-09-22,12.21,-0.2451
1943-09-23,12.1,-0.9009
1943-09-24,12.1,0.0
1943-09-27,12.0,-0.8264
1943-09-28,11.98,-0.1667
1943-09-29,12.01,0.2504
1943-09-30,12.08,0.5828
1943-10-01,12.09,0.0828
1943-10-04,12.02,-0.579
1943-10-05,11.97,-0.416
1943-10-06,11.83,-1.1696
1943-10-07,11.67,-1.3525
1943-10-08,11.72,0.4284
1943-10-11,11.7,-0.1706
1943-10-13,11.7,0.0
1943-10-14,11.75,0.4274
1943-10-15,11.83,0.6809
1943-10-18,11.85,0.1691
1943-10-19,11.91,0.5063
1943-10-20,11.95,0.3359
1943-10-21,11.84,-0.9205
1943-10-22,11.89,0.4223
1943-10-25,11.88,-0.0841
1943-10-26,11.92,0.3367
1943-10-27,11.99,0.5872
1943-10-28,11.96,-0.2502
1943-10-29,11.91,-0.4181
1943-11-01,11.92,0.084
1943-11-03,11.78,-1.1745
1943-11-04,11.68,-0.8489
1943-11-05,11.59,-0.7705
1943-11-08,11.26,-2.8473
1943-11-09,11.3,0.3552
1943-11-10,11.41,0.9735
1943-11-12,11.29,-1.0517
1943-11-15,11.25,-0.3543
1943-11-16,11.2,-0.4444
1943-11-17,11.13,-0.625
1943-11-18,11.16,0.2695
1943-11-19,11.3,1.2545
1943-11-22,11.34,0.354
1943-11-23,11.3,-0.3527
1943-11-24,11.24,-0.531
1943-11-26,11.15,-0.8007
1943-11-29,10.99,-1.435
1943-11-30,11.02,0.273
1943-12-01,11.13,0.9982
1943-12-02,11.22,0.8086
1943-12-03,11.23,0.0891
1943-12-06,11.28,0.4452
1943-12-07,11.38,0.8865
1943-12-08,11.5,1.0545
1943-12-09,11.43,-0.6087
1943-12-10,11.49,0.5249
1943-12-13,11.48,-0.087
1943-12-14,11.45,-0.2613
1943-12-15,11.44,-0.0873
1943-12-16,11.5,0.5245
1943-12-17,11.56,0.5217
1943-12-20,11.64,0.692
1943-12-21,11.61,-0.2577
1943-12-22,11.6,-0.0861
1943-12-23,11.59,-0.0862
1943-12-24,11.61,0.1726
1943-12-27,11.59,-0.1723
1943-12-28,11.48,-0.9491
1943-12-29,11.48,0.0
1943-12-30,11.69,1.8293
1943-12-31,11.67,-0.1711
1944-01-03,11.66,-0.0857
1944-01-04,11.81,1.2864
1944-01-05,11.94,1.1008
1944-01-06,11.89,-0.4188
1944-01-07,11.87,-0.1682
1944-01-10,11.85,-0.1685
1944-01-11,11.92,0.5907
1944-01-12,11.84,-0.6711
1944-01-13,11.81,-0.2534
1944-01-14,11.86,0.4234
1944-01-17,11.9,0.3373
1944-01-18,11.87,-0.2521
1944-01-19,11.88,0.0842
1944-01-20,11.88,0.0
1944-01-21,11.9,0.1684
1944-01-24,11.89,-0.084
1944-01-25,11.88,-0.0841
1944-01-26,11.76,-1.0101
1944-01-27,11.74,-0.1701
1944-01-28,11.81,0.5963
1944-01-31,11.85,0.3387
1944-02-01,11.83,-0.1688
1944-02-02,11.8,-0.2536
1944-02-03,11.7,-0.8475
1944-02-04,11.6,-0.8547
1944-02-07,11.56,-0.3448
1944-02-08,11.67,0.9516
1944-02-09,11.67,0.0
1944-02-10,11.75,0.6855
1944-02-11,11.74,-0.0851
1944-02-14,11.74,0.0
1944-02-15,11.82,0.6814
1944-02-16,11.79,-0.2538
1944-02-17,11.87,0.6785
1944-02-18,11.78,-0.7582
1944-02-21,11.76,-0.1698
1944-02-23,11.86,0.8503
1944-02-24,11.88,0.1686
1944-02-25,11.8,-0.6734
1944-02-28,11.89,0.7627
1944-02-29,11.82,-0.5887
1944-03-01,11.87,0.423
1944-03-02,11.88,0.0842
1944-03-03,11.9,0.1684
1944-03-06,11.93,0.2521
1944-03-07,12.01,0.6706
1944-03-08,12.11,0.8326
1944-03-09,12.08,-0.2477
1944-03-10,12.1,0.1656
1944-03-13,12.24,1.157
1944-03-14,12.22,-0.1634
1944-03-15,12.28,0.491
1944-03-16,12.29,0.0814
1944-03-17,12.31,0.1627
1944-03-20,12.2,-0.8936
1944-03-21,12.25,0.4098
1944-03-22,12.23,-0.1633
1944-03-23,12.1,-1.063
1944-03-24,12.13,0.2479
1944-03-27,12.1,-0.2473
1944-03-28,11.98,-0.9917
1944-03-29,11.95,-0.2504
1944-03-30,12.03,0.6695
1944-03-31,12.02,-0.0831
1944-04-03,11.96,-0.4992
1944-04-04,11.97,0.0836
1944-04-05,11.98,0.0835
1944-04-06,12.04,0.5008
1944-04-10,12.06,0.1661
1944-04-11,12.06,0.0
1944-04-12,11.98,-0.6633
1944-04-13,11.95,-0.2504
1944-04-14,11.95,0.0
1944-04-17,11.94,-0.0837
1944-04-18,11.73,-1.7588
1944-04-19,11.69,-0.341
1944-04-20,11.78,0.7699
1944-04-21,11.8,0.1698
1944-04-24,11.67,-1.1017
1944-04-25,11.69,0.1714
1944-04-26,11.76,0.5988
1944-04-27,11.81,0.4252
1944-04-28,11.87,0.508
1944-05-01,11.96,0.7582
1944-05-02,11.95,-0.0836
1944-05-03,12.03,0.6695
1944-05-04,12.01,-0.1663
1944-05-05,12.08,0.5828
1944-05-08,12.09,0.0828
1944-05-09,12.08,-0.0827
1944-05-10,12.08,0.0
1944-05-11,12.09,0.0828
1944-05-12,12.0,-0.7444
1944-05-15,11.99,-0.0833
1944-05-16,12.0,0.0834
1944-05-17,12.08,0.6667
1944-05-18,12.1,0.1656
1944-05-19,12.12,0.1653
1944-05-22,12.13,0.0825
1944-05-23,12.17,0.3298
1944-05-24,12.22,0.4108
1944-05-25,12.2,-0.1637
1944-05-26,12.22,0.1639
1944-05-29,12.27,0.4092
1944-05-31,12.35,0.652
1944-06-01,12.31,-0.3239
1944-06-02,12.3,-0.0812
1944-06-05,12.23,-0.5691
1944-06-06,12.31,0.6541
1944-06-07,12.3,-0.0812
1944-06-08,12.25,-0.4065
1944-06-09,12.27,0.1633
1944-06-12,12.55,2.282
1944-06-13,12.64,0.7171
1944-06-14,12.66,0.1582
1944-06-15,12.73,0.5529
1944-06-16,12.82,0.707
1944-06-19,12.95,1.014
1944-06-20,12.97,0.1544
1944-06-21,12.94,-0.2313
1944-06-22,12.92,-0.1546
1944-06-23,12.9,-0.1548
1944-06-26,12.98,0.6202
1944-06-27,13.02,0.3082
1944-06-28,12.95,-0.5376
1944-06-29,12.94,-0.0772
1944-06-30,12.98,0.3091
1944-07-03,13.11,1.0015
1944-07-05,13.18,0.5339
1944-07-06,13.13,-0.3794
1944-07-07,13.16,0.2285
1944-07-10,13.27,0.8359
1944-07-11,13.25,-0.1507
1944-07-12,13.27,0.1509
1944-07-13,13.22,-0.3768
1944-07-14,13.23,0.0756
1944-07-17,13.1,-0.9826
1944-07-18,12.98,-0.916
1944-07-19,13.07,0.6934
1944-07-20,12.96,-0.8416
1944-07-21,12.78,-1.3889
1944-07-24,12.7,-0.626
1944-07-25,12.8,0.7874
1944-07-26,12.77,-0.2344
1944-07-27,12.77,0.0
1944-07-28,12.7,-0.5482
1944-07-31,12.71,0.0787
1944-08-01,12.78,0.5507
1944-08-02,12.81,0.2347
1944-08-03,12.73,-0.6245
1944-08-04,12.61,-0.9427
1944-08-07,12.67,0.4758
1944-08-08,12.62,-0.3946
1944-08-09,12.68,0.4754
1944-08-10,12.78,0.7886
1944-08-11,12.83,0.3912
1944-08-14,12.85,0.1559
1944-08-15,12.84,-0.0778
1944-08-16,12.9,0.4673
1944-08-17,12.98,0.6202
1944-08-18,13.04,0.4622
1944-08-21,12.98,-0.4601
1944-08-22,12.89,-0.6934
1944-08-23,12.91,0.1552
1944-08-24,12.83,-0.6197
1944-08-25,12.8,-0.2338
1944-08-28,12.8,0.0
1944-08-29,12.84,0.3125
1944-08-30,12.87,0.2336
1944-08-31,12.82,-0.3885
1944-09-01,12.86,0.312
1944-09-05,12.78,-0.6221
1944-09-06,12.47,-2.4257
1944-09-07,12.43,-0.3208
1944-09-08,12.41,-0.1609
1944-09-11,12.48,0.5641
1944-09-12,12.54,0.4808
1944-09-13,12.42,-0.9569
1944-09-14,12.35,-0.5636
1944-09-15,12.45,0.8097
1944-09-18,12.53,0.6426
1944-09-19,12.64,0.8779
1944-09-20,12.66,0.1582
1944-09-21,12.62,-0.316
1944-09-22,12.65,0.2377
1944-09-25,12.76,0.8696
1944-09-26,12.73,-0.2351
1944-09-27,12.73,0.0
1944-09-28,12.69,-0.3142
1944-09-29,12.74,0.394
1944-10-02,12.8,0.471
1944-10-03,12.8,0.0
1944-10-04,12.87,0.5469
1944-10-05,12.95,0.6216
1944-10-06,12.97,0.1544
1944-10-09,12.89,-0.6168
1944-10-10,12.93,0.3103
1944-10-11,13.01,0.6187
1944-10-13,13.02,0.0769
1944-10-16,12.95,-0.5376
1944-10-17,13.0,0.3861
1944-10-18,13.07,0.5385
1944-10-19,13.04,-0.2295
1944-10-20,13.02,-0.1534
1944-10-23,12.8,-1.6897
1944-10-24,12.83,0.2344
1944-10-25,12.83,0.0
1944-10-26,12.73,-0.7794
1944-10-27,12.75,0.1571
1944-10-30,12.76,0.0784
1944-10-31,12.78,0.1567
1944-11-01,12.83,0.3912
1944-11-02,12.9,0.5456
1944-11-03,12.89,-0.0775
1944-11-06,12.96,0.5431
1944-11-08,12.94,-0.1543
1944-11-09,12.97,0.2318
1944-11-10,12.98,0.0771
1944-11-13,12.87,-0.8475
1944-11-14,12.71,-1.2432
1944-11-15,12.68,-0.236
1944-11-16,12.69,0.0789
1944-11-17,12.67,-0.1576
1944-11-20,12.72,0.3946
1944-11-21,12.81,0.7075
1944-11-22,12.82,0.0781
1944-11-24,12.75,-0.546
1944-11-27,12.79,0.3137
1944-11-28,12.78,-0.0782
1944-11-29,12.85,0.5477
1944-11-30,12.83,-0.1556
1944-12-01,12.8,-0.2338
1944-12-04,12.91,0.8594
1944-12-05,12.96,0.3873
1944-12-06,12.96,0.0
1944-12-07,12.99,0.2315
1944-12-08,13.09,0.7698
1944-12-11,13.17,0.6112
1944-12-12,13.14,-0.2278
1944-12-13,13.1,-0.3044
1944-12-14,13.14,0.3053
1944-12-15,13.27,0.9893
1944-12-18,13.19,-0.6029
1944-12-19,13.23,0.3033
1944-12-20,13.14,-0.6803
1944-12-21,13.11,-0.2283
1944-12-22,13.12,0.0763
1944-12-26,13.03,-0.686
1944-12-27,12.97,-0.4605
1944-12-28,13.1,1.0023
1944-12-29,13.28,1.374
1945-01-02,13.33,0.3765
1945-01-03,13.47,1.0503
1945-01-04,13.49,0.1485
1945-01-05,13.46,-0.2224
1945-01-08,13.58,0.8915
1945-01-09,13.59,0.0736
1945-01-10,13.69,0.7358
1945-01-11,13.68,-0.073
1945-01-12,13.64,-0.2924
1945-01-15,13.55,-0.6598
1945-01-16,13.54,-0.0738
1945-01-17,13.63,0.6647
1945-01-18,13.57,-0.4402
1945-01-19,13.44,-0.958
1945-01-22,13.3,-1.0417
1945-01-23,13.21,-0.6767
1945-01-24,13.25,0.3028
1945-01-25,13.33,0.6038
1945-01-26,13.46,0.9752
1945-01-29,13.54,0.5944
1945-01-30,13.46,-0.5908
1945-01-31,13.47,0.0743
1945-02-01,13.5,0.2227
1945-02-02,13.6,0.7407
1945-02-05,13.7,0.7353
1945-02-06,13.73,0.219
1945-02-07,13.76,0.2185
1945-02-08,13.76,0.0
1945-02-09,13.68,-0.5814
1945-02-13,13.9,1.6082
1945-02-14,13.97,0.5036
1945-02-15,14.07,0.7158
1945-02-16,14.05,-0.1421
1945-02-19,14.16,0.7829
1945-02-20,14.21,0.3531
1945-02-21,14.19,-0.1407
1945-02-23,14.16,-0.2114
1945-02-26,14.09,-0.4944
1945-02-27,14.2,0.7807
1945-02-28,14.3,0.7042
1945-03-01,14.32,0.1399
1945-03-02,14.23,-0.6285
1945-03-05,14.3,0.4919
1945-03-06,14.37,0.4895
1945-03-07,14.38,0.0696
1945-03-08,14.12,-1.8081
1945-03-09,13.82,-2.1246
1945-03-12,13.99,1.2301
1945-03-13,13.99,0.0
1945-03-14,14.01,0.143
1945-03-15,14.07,0.4283
1945-03-16,14.09,0.1421
1945-03-19,14.01,-0.5678
1945-03-20,13.82,-1.3562
1945-03-21,13.69,-0.9407
1945-03-22,13.68,-0.073
1945-03-23,13.74,0.4386
1945-03-26,13.39,-2.5473
1945-03-27,13.47,0.5975
1945-03-28,13.58,0.8166
1945-03-29,13.61,0.2209
1945-04-02,13.77,1.1756
1945-04-03,13.79,0.1452
1945-04-04,13.77,-0.145
1945-04-05,13.67,-0.7262
1945-04-06,13.77,0.7315
1945-04-09,13.81,0.2905
1945-04-10,13.86,0.3621
1945-04-11,14.06,1.443
1945-04-12,14.05,-0.0711
1945-04-13,14.2,1.0676
1945-04-16,14.49,2.0423
1945-04-17,14.51,0.138
1945-04-18,14.65,0.9649
1945-04-19,14.51,-0.9556
1945-04-20,14.49,-0.1378
1945-04-23,14.63,0.9662
1945-04-24,14.7,0.4785
1945-04-25,14.67,-0.2041
1945-04-26,14.64,-0.2045
1945-04-27,14.7,0.4098
1945-04-30,14.84,0.9524
1945-05-01,14.79,-0.3369
1945-05-02,14.77,-0.1352
1945-05-03,14.87,0.677
1945-05-04,14.92,0.3362
1945-05-07,14.93,0.067
1945-05-08,14.96,0.2009
1945-05-09,14.81,-1.0027
1945-05-10,14.62,-1.2829
1945-05-11,14.62,0.0
1945-05-14,14.63,0.0684
1945-05-15,14.68,0.3418
1945-05-16,14.69,0.0681
1945-05-17,14.77,0.5446
1945-05-18,14.87,0.677
1945-05-21,14.82,-0.3362
1945-05-22,14.81,-0.0675
1945-05-23,14.7,-0.7427
1945-05-24,14.7,0.0
1945-05-25,14.79,0.6122
1945-05-28,15.03,1.6227
1945-05-29,15.11,0.5323
1945-05-31,15.01,-0.6618
1945-06-01,15.03,0.1332
1945-06-04,15.05,0.1331
1945-06-05,15.03,-0.1329
1945-06-06,14.96,-0.4657
1945-06-07,14.97,0.0668
1945-06-08,14.93,-0.2672
1945-06-11,14.89,-0.2679
1945-06-12,14.92,0.2015
1945-06-13,14.99,0.4692
1945-06-14,15.05,0.4003
1945-06-15,15.1,0.3322
1945-06-18,15.09,-0.0662
1945-06-19,15.11,0.1325
1945-06-20,15.18,0.4633
1945-06-21,15.26,0.527
1945-06-22,15.28,0.1311
1945-06-25,15.35,0.4581
1945-06-26,15.37,0.1303
1945-06-27,15.35,-0.1301
1945-06-28,15.04,-2.0195
1945-06-29,14.87,-1.1303
1945-07-02,15.03,1.076
1945-07-03,15.03,0.0
1945-07-05,14.86,-1.1311
1945-07-06,14.91,0.3365
1945-07-09,15.04,0.8719
1945-07-10,15.1,0.3989
1945-07-11,15.05,-0.3311
1945-07-12,15.09,0.2658
1945-07-13,15.05,-0.2651
1945-07-16,14.94,-0.7309
1945-07-17,14.61,-2.2088
1945-07-18,14.56,-0.3422
1945-07-19,14.66,0.6868
1945-07-20,14.66,0.0
1945-07-23,14.51,-1.0232
1945-07-24,14.54,0.2068
1945-07-25,14.68,0.9629
1945-07-26,14.38,-2.0436
1945-07-27,14.45,0.4868
1945-07-30,14.6,1.0381
1945-07-31,14.66,0.411
1945-08-01,14.68,0.1364
1945-08-02,14.62,-0.4087
1945-08-03,14.68,0.4104
1945-08-06,14.72,0.2725
1945-08-07,14.52,-1.3587
1945-08-08,14.55,0.2066
1945-08-09,14.79,1.6495
1945-08-10,14.78,-0.0676
1945-08-13,14.61,-1.1502
1945-08-14,14.7,0.616
1945-08-17,14.62,-0.5442
1945-08-20,14.4,-1.5048
1945-08-21,14.46,0.4167
1945-08-22,14.56,0.6916
1945-08-23,14.85,1.9918
1945-08-24,15.05,1.3468
1945-08-27,15.27,1.4618
1945-08-28,15.32,0.3274
1945-08-29,15.3,-0.1305
1945-08-30,15.35,0.3268
1945-08-31,15.51,1.0423
1945-09-04,15.51,0.0
1945-09-05,15.53,0.1289
1945-09-06,15.74,1.3522
1945-09-07,15.73,-0.0635
1945-09-10,15.78,0.3179
1945-09-11,15.88,0.6337
1945-09-12,15.95,0.4408
1945-09-13,15.95,0.0
1945-09-14,15.86,-0.5643
1945-09-17,15.51,-2.2068
1945-09-18,15.82,1.9987
1945-09-19,15.97,0.9482
1945-09-20,16.03,0.3757
1945-09-21,15.95,-0.4991
1945-09-24,15.91,-0.2508
1945-09-25,15.93,0.1257
1945-09-26,15.92,-0.0628
1945-09-27,15.86,-0.3769
1945-09-28,16.05,1.198
1945-10-01,16.33,1.7445
1945-10-02,16.33,0.0
1945-10-03,16.3,-0.1837
1945-10-04,16.3,0.0
1945-10-05,16.38,0.4908
1945-10-08,16.5,0.7326
1945-10-09,16.54,0.2424
1945-10-10,16.6,0.3628
1945-10-11,16.58,-0.1205
1945-10-15,16.59,0.0603
1945-10-16,16.59,0.0
1945-10-17,16.66,0.4219
1945-10-18,16.72,0.3601
1945-10-19,16.59,-0.7775
1945-10-22,16.71,0.7233
1945-10-23,16.58,-0.778
1945-10-24,16.33,-1.5078
1945-10-25,16.41,0.4899
1945-10-26,16.49,0.4875
1945-10-29,16.3,-1.1522
1945-10-30,16.38,0.4908
1945-10-31,16.65,1.6484
1945-11-01,16.87,1.3213
1945-11-02,16.86,-0.0593
1945-11-05,16.94,0.4745
1945-11-07,17.14,1.1806
1945-11-08,17.08,-0.3501
1945-11-09,17.1,0.1171
1945-11-13,17.04,-0.3509
1945-11-14,16.95,-0.5282
1945-11-15,17.08,0.767
1945-11-16,17.0,-0.4684
1945-11-19,17.19,1.1176
1945-11-20,17.27,0.4654
1945-11-21,17.02,-1.4476
1945-11-23,16.85,-0.9988
1945-11-26,16.94,0.5341
1945-11-27,17.15,1.2397
1945-11-28,17.06,-0.5248
1945-11-29,17.03,-0.1758
1945-11-30,17.19,0.9395
1945-12-03,17.44,1.4543
1945-12-04,17.42,-0.1147
1945-12-05,17.41,-0.0574
1945-12-06,17.5,0.5169
1945-12-07,17.54,0.2286
1945-12-10,17.68,0.7982
1945-12-11,17.64,-0.2262
1945-12-12,17.37,-1.5306
1945-12-13,17.29,-0.4606
1945-12-14,17.31,0.1157
1945-12-17,16.94,-2.1375
1945-12-18,17.1,0.9445
1945-12-19,17.1,0.0
1945-12-20,16.99,-0.6433
1945-12-21,16.98,-0.0589
1945-12-26,17.41,2.5324
1945-12-27,17.28,-0.7467
1945-12-28,17.31,0.1736
1945-12-31,17.36,0.2889
1946-01-02,17.25,-0.6336
1946-01-03,17.27,0.1159
1946-01-04,17.23,-0.2316
1946-01-07,17.31,0.4643
1946-01-08,17.69,2.1953
1946-01-09,17.95,1.4698
1946-01-10,18.07,0.6685
1946-01-11,18.13,0.332
1946-01-14,18.33,1.1031
1946-01-15,18.36,0.1637
1946-01-16,18.38,0.1089
1946-01-17,18.34,-0.2176
1946-01-18,18.3,-0.2181
1946-01-21,17.74,-3.0601
1946-01-22,17.86,0.6764
1946-01-23,18.07,1.1758
1946-01-24,18.12,0.2767
1946-01-25,18.09,-0.1656
1946-01-28,18.62,2.9298
1946-01-29,18.67,0.2685
1946-01-30,18.56,-0.5892
1946-01-31,18.57,0.0539
1946-02-01,18.64,0.377
1946-02-04,18.62,-0.1073
1946-02-05,18.7,0.4296
1946-02-06,18.57,-0.6952
1946-02-07,18.57,0.0
1946-02-08,18.55,-0.1077
1946-02-11,18.24,-1.6712
1946-02-13,17.98,-1.4254
1946-02-14,18.09,0.6118
1946-02-15,18.44,1.9348
1946-02-18,18.38,-0.3254
1946-02-19,17.7,-3.6997
1946-02-20,17.37,-1.8644
1946-02-21,17.72,2.015
1946-02-25,16.91,-4.5711
1946-02-26,16.81,-0.5914
1946-02-27,17.15,2.0226
1946-02-28,17.28,0.758
1946-03-01,17.21,-0.4051
1946-03-04,17.09,-0.6973
1946-03-05,17.27,1.0532
1946-03-06,17.19,-0.4632
1946-03-07,17.34,0.8726
1946-03-08,17.49,0.8651
1946-03-11,17.38,-0.6289
1946-03-12,17.42,0.2301
1946-03-13,17.15,-1.5499
1946-03-14,17.09,-0.3499
1946-03-15,17.28,1.1118
1946-03-18,17.57,1.6782
1946-03-19,17.45,-0.683
1946-03-20,17.58,0.745
1946-03-21,17.7,0.6826
1946-03-22,17.7,0.0
1946-03-25,18.07,2.0904
1946-03-26,18.06,-0.0553
1946-03-27,17.95,-0.6091
1946-03-28,17.93,-0.1114
1946-03-29,18.04,0.6135
1946-04-01,18.06,0.1109
1946-04-02,18.07,0.0554
1946-04-03,18.38,1.7156
1946-04-04,18.58,1.0881
1946-04-05,18.54,-0.2153
1946-04-08,18.62,0.4315
1946-04-09,18.88,1.3963
1946-04-10,18.81,-0.3708
1946-04-11,18.77,-0.2127
1946-04-12,18.77,0.0
1946-04-15,18.62,-0.7991
1946-04-16,18.87,1.3426
1946-04-17,18.84,-0.159
1946-04-18,18.9,0.3185
1946-04-22,18.88,-0.1058
1946-04-23,18.84,-0.2119
1946-04-24,18.65,-1.0085
1946-04-25,18.54,-0.5898
1946-04-26,18.58,0.2157
1946-04-29,18.72,0.7535
1946-04-30,18.76,0.2137
1946-05-01,18.71,-0.2665
1946-05-02,18.62,-0.481
1946-05-03,18.46,-0.8593
1946-05-06,18.26,-1.0834
1946-05-07,18.51,1.3691
1946-05-08,18.47,-0.2161
1946-05-09,18.44,-0.1624
1946-05-10,18.74,1.6269
1946-05-13,18.79,0.2668
1946-05-14,18.67,-0.6386
1946-05-15,18.53,-0.7499
1946-05-16,18.64,0.5936
1946-05-17,18.6,-0.2146
1946-05-20,18.64,0.2151
1946-05-21,18.68,0.2146
1946-05-22,18.8,0.6424
1946-05-23,18.78,-0.1064
1946-05-24,18.78,0.0
1946-05-27,18.92,0.7455
1946-05-28,19.2,1.4799
1946-05-29,19.25,0.2604
1946-05-31,19.18,-0.3636
1946-06-03,19.05,-0.6778
1946-06-04,18.93,-0.6299
1946-06-05,18.82,-0.5811
1946-06-06,18.81,-0.0531
1946-06-07,18.82,0.0532
1946-06-10,18.85,0.1594
1946-06-11,18.65,-1.061
1946-06-12,18.69,0.2145
1946-06-13,18.8,0.5886
1946-06-14,18.79,-0.0532
1946-06-17,18.81,0.1064
1946-06-18,18.55,-1.3822
1946-06-19,18.44,-0.593
1946-06-20,18.03,-2.2234
1946-06-21,18.23,1.1093
1946-06-24,18.27,0.2194
1946-06-25,18.14,-0.7115
1946-06-26,18.11,-0.1654
1946-06-27,18.39,1.5461
1946-06-28,18.43,0.2175
1946-07-01,18.54,0.5969
1946-07-02,18.53,-0.0539
1946-07-03,18.49,-0.2159
1946-07-05,18.43,-0.3245
1946-07-08,18.36,-0.3798
1946-07-09,18.46,0.5447
1946-07-10,18.49,0.1625
1946-07-11,18.39,-0.5408
1946-07-12,18.27,-0.6525
1946-07-15,17.95,-1.7515
1946-07-16,17.97,0.1114
1946-07-17,18.07,0.5565
1946-07-18,18.04,-0.166
1946-07-19,17.98,-0.3326
1946-07-22,17.93,-0.2781
1946-07-23,17.39,-3.0117
1946-07-24,17.41,0.115
1946-07-25,17.5,0.5169
1946-07-26,17.6,0.5714
1946-07-29,17.66,0.3409
1946-07-30,17.76,0.5663
1946-07-31,17.96,1.1261
1946-08-01,18.01,0.2784
1946-08-02,18.02,0.0555
1946-08-05,17.91,-0.6104
1946-08-06,17.86,-0.2792
1946-08-07,18.03,0.9518
1946-08-08,18.11,0.4437
1946-08-09,18.05,-0.3313
1946-08-12,18.08,0.1662
1946-08-13,18.23,0.8296
1946-08-14,18.2,-0.1646
1946-08-15,17.99,-1.1538
1946-08-16,17.84,-0.8338
1946-08-19,17.81,-0.1682
1946-08-20,17.91,0.5615
1946-08-21,17.74,-0.9492
1946-08-22,17.56,-1.0147
1946-08-23,17.58,0.1139
1946-08-26,17.47,-0.6257
1946-08-27,16.92,-3.1483
1946-08-28,16.73,-1.1229
1946-08-29,16.76,0.1793
1946-08-30,16.65,-0.6563
1946-09-03,15.0,-9.9099
1946-09-04,15.46,3.0667
1946-09-05,15.99,3.4282
1946-09-06,15.84,-0.9381
1946-09-09,15.01,-5.2399
1946-09-10,14.59,-2.7981
1946-09-11,15.05,3.1528
1946-09-12,15.02,-0.1993
1946-09-13,15.31,1.9308
1946-09-16,15.4,0.5879
1946-09-17,15.28,-0.7792
1946-09-18,14.8,-3.1414
1946-09-19,14.33,-3.1757
1946-09-20,14.69,2.5122
1946-09-23,14.41,-1.9061
1946-09-24,14.72,2.1513
1946-09-25,15.1,2.5815
1946-09-26,15.27,1.1258
1946-09-27,15.11,-1.0478
1946-09-30,14.96,-0.9927
1946-10-01,14.92,-0.2674
1946-10-02,15.0,0.5362
1946-10-03,14.98,-0.1333
1946-10-04,14.81,-1.1348
1946-10-07,14.7,-0.7427
1946-10-08,14.53,-1.1565
1946-10-09,14.12,-2.8217
1946-10-10,14.33,1.4873
1946-10-11,14.63,2.0935
1946-10-14,14.71,0.5468
1946-10-15,15.3,4.0109
1946-10-16,15.24,-0.3922
1946-10-17,15.01,-1.5092
1946-10-18,14.97,-0.2665
1946-10-21,15.0,0.2004
1946-10-22,14.88,-0.8
1946-10-23,14.77,-0.7392
1946-10-24,14.78,0.0677
1946-10-25,14.7,-0.5413
1946-10-28,14.39,-2.1088
1946-10-29,14.26,-0.9034
1946-10-30,14.32,0.4208
1946-10-31,14.84,3.6313
1946-11-01,15.07,1.5499
1946-11-04,15.33,1.7253
1946-11-06,14.67,-4.3053
1946-11-07,14.79,0.818
1946-11-08,14.85,0.4057
1946-11-12,14.94,0.6061
1946-11-13,14.81,-0.8701
1946-11-14,14.89,0.5402
1946-11-15,14.73,-1.0745
1946-11-18,14.58,-1.0183
1946-11-19,14.57,-0.0686
1946-11-20,14.46,-0.755
1946-11-21,14.21,-1.7289
1946-11-22,14.13,-0.563
1946-11-25,14.31,1.2739
1946-11-26,14.45,0.9783
1946-11-27,14.55,0.692
1946-11-29,14.68,0.8935
1946-12-02,14.44,-1.6349
1946-12-03,14.49,0.3463
1946-12-04,14.72,1.5873
1946-12-05,14.64,-0.5435
1946-12-06,14.7,0.4098
1946-12-09,15.32,4.2177
1946-12-10,15.32,0.0
1946-12-11,15.36,0.2611
1946-12-12,15.15,-1.3672
1946-12-13,15.17,0.132
1946-12-16,15.24,0.4614
1946-12-17,15.18,-0.3937
1946-12-18,15.21,0.1976
1946-12-19,15.45,1.5779
1946-12-20,15.5,0.3236
1946-12-23,15.41,-0.5806
1946-12-24,15.37,-0.2596
1946-12-26,15.21,-1.041
1946-12-27,15.19,-0.1315
1946-12-30,15.17,-0.1317
1946-12-31,15.3,0.857
1947-01-02,15.2,-0.6536
1947-01-03,15.26,0.3947
1947-01-06,15.44,1.1796
1947-01-07,15.32,-0.7772
1947-01-08,15.41,0.5875
1947-01-09,15.44,0.1947
1947-01-10,15.24,-1.2953
1947-01-13,14.8,-2.8871
1947-01-14,14.87,0.473
1947-01-15,14.77,-0.6725
1947-01-16,14.78,0.0677
1947-01-17,15.07,1.9621
1947-01-20,15.02,-0.3318
1947-01-21,14.97,-0.3329
1947-01-22,15.04,0.4676
1947-01-23,15.19,0.9973
1947-01-24,15.21,0.1317
1947-01-27,15.34,0.8547
1947-01-28,15.47,0.8475
1947-01-29,15.65,1.1635
1947-01-30,15.6,-0.3195
1947-01-31,15.66,0.3846
1947-02-03,15.8,0.894
1947-02-04,15.83,0.1899
1947-02-05,15.92,0.5685
1947-02-06,15.86,-0.3769
1947-02-07,16.12,1.6393
1947-02-10,16.05,-0.4342
1947-02-11,16.14,0.5607
1947-02-13,15.93,-1.3011
1947-02-14,15.86,-0.4394
1947-02-17,15.88,0.1261
1947-02-18,15.88,0.0
1947-02-19,15.69,-1.1965
1947-02-20,15.72,0.1912
1947-02-21,15.8,0.5089
1947-02-24,15.67,-0.8228
1947-02-25,15.47,-1.2763
1947-02-26,15.3,-1.0989
1947-02-27,15.48,1.1765
1947-02-28,15.43,-0.323
1947-03-03,15.41,-0.1296
1947-03-04,15.41,0.0
1947-03-05,15.59,1.1681
1947-03-06,15.65,0.3849
1947-03-07,15.16,-3.131
1947-03-10,15.01,-0.9894
1947-03-11,14.88,-0.8661
1947-03-12,14.97,0.6048
1947-03-13,14.93,-0.2672
1947-03-14,14.78,-1.0047
1947-03-17,14.82,0.2706
1947-03-18,15.01,1.2821
1947-03-19,15.08,0.4664
1947-03-20,15.07,-0.0663
1947-03-21,15.25,1.1944
1947-03-24,15.11,-0.918
1947-03-25,15.02,-0.5956
1947-03-26,15.23,1.3981
1947-03-27,15.4,1.1162
1947-03-28,15.33,-0.4545
1947-03-31,15.17,-1.0437
1947-04-01,15.23,0.3955
1947-04-02,15.22,-0.0657
1947-04-03,15.18,-0.2628
1947-04-07,15.05,-0.8564
1947-04-08,14.83,-1.4618
1947-04-09,14.82,-0.0674
1947-04-10,14.83,0.0675
1947-04-11,14.72,-0.7417
1947-04-14,14.14,-3.9402
1947-04-15,14.15,0.0707
1947-04-16,14.29,0.9894
1947-04-17,14.27,-0.14
1947-04-18,14.09,-1.2614
1947-04-21,14.45,2.555
1947-04-22,14.56,0.7612
1947-04-23,14.58,0.1374
1947-04-24,14.49,-0.6173
1947-04-25,14.39,-0.6901
1947-04-28,14.37,-0.139
1947-04-29,14.4,0.2088
1947-04-30,14.58,1.25
1947-05-01,14.69,0.7545
1947-05-02,14.79,0.6807
1947-05-05,14.85,0.4057
1947-05-06,14.69,-1.0774
1947-05-07,14.68,-0.0681
1947-05-08,14.6,-0.545
1947-05-09,14.63,0.2055
1947-05-12,14.46,-1.162
1947-05-13,14.15,-2.1438
1947-05-14,14.11,-0.2827
1947-05-15,14.24,0.9213
1947-05-16,13.96,-1.9663
1947-05-19,13.77,-1.361
1947-05-20,13.83,0.4357
1947-05-21,14.09,1.88
1947-05-22,14.19,0.7097
1947-05-23,14.0,-1.339
1947-05-26,14.14,1.0
1947-05-27,14.12,-0.1414
1947-05-28,14.34,1.5581
1947-05-29,14.45,0.7671
1947-06-02,14.3,-1.0381
1947-06-03,14.5,1.3986
1947-06-04,14.4,-0.6897
1947-06-05,14.39,-0.0694
1947-06-06,14.5,0.7644
1947-06-09,14.42,-0.5517
1947-06-10,14.56,0.9709
1947-06-11,14.9,2.3352
1947-06-12,14.82,-0.5369
1947-06-13,14.98,1.0796
1947-06-16,15.02,0.267
1947-06-17,14.96,-0.3995
1947-06-18,14.96,0.0
1947-06-19,15.14,1.2032
1947-06-20,15.16,0.1321
1947-06-23,15.24,0.5277
1947-06-24,14.94,-1.9685
1947-06-25,15.06,0.8032
1947-06-26,15.12,0.3984
1947-06-27,15.12,0.0
1947-06-30,15.21,0.5952
1947-07-01,15.46,1.6437
1947-07-02,15.44,-0.1294
1947-07-03,15.6,1.0363
1947-07-07,15.61,0.0641
1947-07-08,15.67,0.3844
1947-07-09,15.52,-0.9572
1947-07-10,15.68,1.0309
1947-07-11,15.87,1.2117
1947-07-14,15.96,0.5671
1947-07-15,15.93,-0.188
1947-07-16,15.92,-0.0628
1947-07-17,15.75,-1.0678
1947-07-18,15.85,0.6349
1947-07-21,15.8,-0.3155
1947-07-22,15.87,0.443
1947-07-23,15.95,0.5041
1947-07-24,16.12,1.0658
1947-07-25,16.08,-0.2481
1947-07-28,15.94,-0.8706
1947-07-29,15.59,-2.1957
1947-07-30,15.52,-0.449
1947-07-31,15.76,1.5464
1947-08-01,15.8,0.2538
1947-08-04,15.62,-1.1392
1947-08-05,15.67,0.3201
1947-08-06,15.62,-0.3191
1947-08-07,15.64,0.128
1947-08-08,15.43,-1.3427
1947-08-11,15.33,-0.6481
1947-08-12,15.43,0.6523
1947-08-13,15.52,0.5833
1947-08-14,15.47,-0.3222
1947-08-15,15.58,0.7111
1947-08-18,15.5,-0.5135
1947-08-19,15.46,-0.2581
1947-08-20,15.39,-0.4528
1947-08-21,15.43,0.2599
1947-08-22,15.45,0.1296
1947-08-25,15.23,-1.4239
1947-08-26,15.23,0.0
1947-08-27,15.25,0.1313
1947-08-28,15.22,-0.1967
1947-08-29,15.32,0.657
1947-09-02,15.37,0.3264
1947-09-03,15.33,-0.2602
1947-09-04,15.14,-1.2394
1947-09-05,15.1,-0.2642
1947-09-08,14.86,-1.5894
1947-09-09,14.89,0.2019
1947-09-10,15.03,0.9402
1947-09-11,15.04,0.0665
1947-09-12,14.99,-0.3324
1947-09-15,14.93,-0.4003
1947-09-16,15.07,0.9377
1947-09-17,15.27,1.3271
1947-09-18,15.21,-0.3929
1947-09-19,15.2,-0.0657
1947-09-22,15.18,-0.1316
1947-09-23,14.93,-1.6469
1947-09-24,14.99,0.4019
1947-09-25,14.9,-0.6004
1947-09-26,14.85,-0.3356
1947-09-29,14.94,0.6061
1947-09-30,15.11,1.1379
1947-10-01,15.16,0.3309
1947-10-02,15.17,0.066
1947-10-03,15.24,0.4614
1947-10-06,15.28,0.2625
1947-10-07,15.28,0.0
1947-10-08,15.16,-0.7853
1947-10-09,15.26,0.6596
1947-10-10,15.29,0.1966
1947-10-14,15.55,1.7005
1947-10-15,15.59,0.2572
1947-10-16,15.57,-0.1283
1947-10-17,15.58,0.0642
1947-10-20,15.79,1.3479
1947-10-21,15.76,-0.19
1947-10-22,15.69,-0.4442
1947-10-23,15.7,0.0637
1947-10-24,15.5,-1.2739
1947-10-27,15.53,0.1935
1947-10-28,15.54,0.0644
1947-10-29,15.49,-0.3218
1947-10-30,15.33,-1.0329
1947-10-31,15.43,0.6523
1947-11-03,15.46,0.1944
1947-11-05,15.34,-0.7762
1947-11-06,15.34,0.0
1947-11-07,15.31,-0.1956
1947-11-10,15.37,0.3919
1947-11-12,15.31,-0.3904
1947-11-13,15.16,-0.9798
1947-11-14,15.19,0.1979
1947-11-17,15.19,0.0
1947-11-18,15.3,0.7242
1947-11-19,15.34,0.2614
1947-11-20,15.41,0.4563
1947-11-21,15.33,-0.5191
1947-11-24,15.24,-0.5871
1947-11-25,15.2,-0.2625
1947-11-26,15.13,-0.4605
1947-11-28,14.98,-0.9914
1947-12-01,15.07,0.6008
1947-12-02,15.09,0.1327
1947-12-03,14.95,-0.9278
1947-12-04,14.86,-0.602
1947-12-05,14.63,-1.5478
1947-12-08,14.77,0.9569
1947-12-09,14.82,0.3385
1947-12-10,14.84,0.135
1947-12-11,14.83,-0.0674
1947-12-12,14.94,0.7417
1947-12-15,15.11,1.1379
1947-12-16,15.09,-0.1324
1947-12-17,15.12,0.1988
1947-12-18,15.07,-0.3307
1947-12-19,15.12,0.3318
1947-12-22,15.2,0.5291
1947-12-23,15.26,0.3947
1947-12-24,15.25,-0.0655
1947-12-26,15.12,-0.8525
1947-12-29,15.04,-0.5291
1947-12-30,15.22,1.1968
1947-12-31,15.3,0.5256
1948-01-02,15.34,0.2614
1948-01-05,15.2,-0.9126
1948-01-06,15.15,-0.3289
1948-01-07,15.23,0.5281
1948-01-08,15.31,0.5253
1948-01-09,15.23,-0.5225
1948-01-12,15.17,-0.394
1948-01-13,14.95,-1.4502
1948-01-14,14.95,0.0
1948-01-15,14.88,-0.4682
1948-01-16,14.87,-0.0672
1948-01-19,14.7,-1.1432
1948-01-20,14.71,0.068
1948-01-21,14.54,-1.1557
1948-01-22,14.42,-0.8253
1948-01-23,14.35,-0.4854
1948-01-26,14.32,-0.2091
1948-01-27,14.34,0.1397
1948-01-28,14.49,1.046
1948-01-29,14.65,1.1042
1948-01-30,14.68,0.2048
1948-02-02,14.71,0.2044
1948-02-03,14.62,-0.6118
1948-02-04,14.0,-4.2408
1948-02-05,14.2,1.4286
1948-02-06,14.19,-0.0704
1948-02-09,14.31,0.8457
1948-02-10,13.89,-2.935
1948-02-11,13.88,-0.072
1948-02-13,13.85,-0.2161
1948-02-16,14.04,1.3718
1948-02-17,14.04,0.0
1948-02-18,14.05,0.0712
1948-02-19,14.02,-0.2135
1948-02-20,13.96,-0.428
1948-02-24,14.0,0.2865
1948-02-25,14.07,0.5
1948-02-26,13.98,-0.6397
1948-02-27,13.93,-0.3577
1948-03-01,14.07,1.005
1948-03-02,14.16,0.6397
1948-03-03,14.17,0.0706
1948-03-04,14.08,-0.6351
1948-03-05,14.11,0.2131
1948-03-08,14.04,-0.4961
1948-03-09,13.95,-0.641
1948-03-10,14.01,0.4301
1948-03-11,13.99,-0.1428
1948-03-12,13.99,0.0
1948-03-15,14.06,0.5004
1948-03-16,13.84,-1.5647
1948-03-17,13.95,0.7948
1948-03-18,14.03,0.5735
1948-03-19,14.32,2.067
1948-03-22,14.7,2.6536
1948-03-23,14.7,0.0
1948-03-24,14.69,-0.068
1948-03-25,14.75,0.4084
1948-03-29,14.7,-0.339
1948-03-30,14.87,1.1565
1948-03-31,15.08,1.4122
1948-04-01,15.12,0.2653
1948-04-02,15.15,0.1984
1948-04-05,15.18,0.198
1948-04-06,15.28,0.6588
1948-04-07,15.23,-0.3272
1948-04-08,15.27,0.2626
1948-04-09,15.29,0.131
1948-04-12,15.28,-0.0654
1948-04-13,15.3,0.1309
1948-04-14,15.28,-0.1307
1948-04-15,15.38,0.6545
1948-04-16,15.43,0.3251
1948-04-19,15.47,0.2592
1948-04-20,15.46,-0.0646
1948-04-21,15.54,0.5175
1948-04-22,15.68,0.9009
1948-04-23,15.78,0.6378
1948-04-26,15.54,-1.5209
1948-04-27,15.55,0.0644
1948-04-28,15.57,0.1286
1948-04-29,15.52,-0.3211
1948-04-30,15.48,-0.2577
1948-05-03,15.6,0.7752
1948-05-04,15.59,-0.0641
1948-05-05,15.5,-0.5773
1948-05-06,15.63,0.8387
1948-05-07,15.72,0.5758
1948-05-10,15.81,0.5725
1948-05-11,15.86,0.3163
1948-05-12,15.88,0.1261
1948-05-13,16.0,0.7557
1948-05-14,16.39,2.4375
1948-05-17,16.61,1.3423
1948-05-18,16.39,-1.3245
1948-05-19,16.37,-0.122
1948-05-20,16.46,0.5498
1948-05-21,16.5,0.243
1948-05-24,16.54,0.2424
1948-05-25,16.53,-0.0605
1948-05-26,16.68,0.9074
1948-05-27,16.68,0.0
1948-05-28,16.69,0.06
1948-06-01,16.74,0.2996
1948-06-02,16.76,0.1195
1948-06-03,16.72,-0.2387
1948-06-04,16.59,-0.7775
1948-06-07,16.54,-0.3014
1948-06-08,16.82,1.6929
1948-06-09,16.89,0.4162
1948-06-10,16.9,0.0592
1948-06-11,16.95,0.2959
1948-06-14,16.97,0.118
1948-06-15,17.06,0.5303
1948-06-16,17.01,-0.2931
1948-06-17,16.99,-0.1176
1948-06-18,16.96,-0.1766
1948-06-21,16.79,-1.0024
1948-06-22,16.76,-0.1787
1948-06-23,16.93,1.0143
1948-06-24,16.89,-0.2363
1948-06-25,16.83,-0.3552
1948-06-28,16.61,-1.3072
1948-06-29,16.69,0.4816
1948-06-30,16.74,0.2996
1948-07-01,16.7,-0.2389
1948-07-02,16.85,0.8982
1948-07-06,16.85,0.0
1948-07-07,16.79,-0.3561
1948-07-08,16.81,0.1191
1948-07-09,16.92,0.6544
1948-07-12,16.88,-0.2364
1948-07-13,16.78,-0.5924
1948-07-14,16.8,0.1192
1948-07-15,16.48,-1.9048
1948-07-16,16.25,-1.3956
1948-07-19,15.72,-3.2615
1948-07-20,15.96,1.5267
1948-07-21,16.09,0.8145
1948-07-22,16.21,0.7458
1948-07-23,16.27,0.3701
1948-07-26,16.12,-0.9219
1948-07-27,16.29,1.0546
1948-07-28,16.18,-0.6753
1948-07-29,16.05,-0.8035
1948-07-30,15.85,-1.2461
1948-08-02,15.85,0.0
1948-08-03,15.9,0.3155
1948-08-04,16.15,1.5723
1948-08-05,16.09,-0.3715
1948-08-06,16.12,0.1865
1948-08-09,15.96,-0.9926
1948-08-10,15.74,-1.3784
1948-08-11,15.67,-0.4447
1948-08-12,15.71,0.2553
1948-08-13,15.7,-0.0637
1948-08-16,15.74,0.2548
1948-08-17,15.93,1.2071
1948-08-18,15.93,0.0
1948-08-19,15.98,0.3139
1948-08-20,16.15,1.0638
1948-08-23,15.94,-1.3003
1948-08-24,16.02,0.5019
1948-08-25,15.99,-0.1873
1948-08-26,16.04,0.3127
1948-08-27,16.11,0.4364
1948-08-30,15.98,-0.807
1948-08-31,15.97,-0.0626
1948-09-01,16.16,1.1897
1948-09-02,16.24,0.495
1948-09-03,16.27,0.1847
1948-09-07,16.35,0.4917
1948-09-08,16.07,-1.7125
1948-09-09,15.81,-1.6179
1948-09-10,15.83,0.1265
1948-09-13,15.7,-0.8212
1948-09-14,15.82,0.7643
1948-09-15,15.8,-0.1264
1948-09-16,15.8,0.0
1948-09-17,15.73,-0.443
1948-09-20,15.44,-1.8436
1948-09-21,15.55,0.7124
1948-09-22,15.59,0.2572
1948-09-23,15.56,-0.1924
1948-09-24,15.6,0.2571
1948-09-27,15.19,-2.6282
1948-09-28,15.36,1.1192
1948-09-29,15.55,1.237
1948-09-30,15.49,-0.3859
1948-10-01,15.67,1.162
1948-10-04,15.85,1.1487
1948-10-05,15.82,-0.1893
1948-10-06,15.84,0.1264
1948-10-07,15.93,0.5682
1948-10-08,15.9,-0.1883
1948-10-11,15.9,0.0
1948-10-13,16.09,1.195
1948-10-14,16.14,0.3108
1948-10-15,16.12,-0.1239
1948-10-18,16.19,0.4342
1948-10-19,16.28,0.5559
1948-10-20,16.34,0.3686
1948-10-21,16.36,0.1224
1948-10-22,16.61,1.5281
1948-10-25,16.58,-0.1806
1948-10-26,16.59,0.0603
1948-10-27,16.57,-0.1206
1948-10-28,16.46,-0.6639
1948-10-29,16.5,0.243
1948-11-01,16.7,1.2121
1948-11-03,15.93,-4.6108
1948-11-04,16.14,1.3183
1948-11-05,15.43,-4.399
1948-11-08,15.5,0.4537
1948-11-09,15.01,-3.1613
1948-11-10,15.0,-0.0666
1948-11-12,15.04,0.2667
1948-11-15,15.27,1.5293
1948-11-16,15.26,-0.0655
1948-11-17,15.22,-0.2621
1948-11-18,15.26,0.2628
1948-11-19,15.31,0.3277
1948-11-22,15.21,-0.6532
1948-11-23,15.19,-0.1315
1948-11-24,14.91,-1.8433
1948-11-26,14.91,0.0
1948-11-29,14.79,-0.8048
1948-11-30,14.75,-0.2705
1948-12-01,15.01,1.7627
1948-12-02,15.0,-0.0666
1948-12-03,15.13,0.8667
1948-12-06,15.23,0.6609
1948-12-07,15.24,0.0657
1948-12-08,15.2,-0.2625
1948-12-09,15.17,-0.1974
1948-12-10,15.22,0.3296
1948-12-13,15.33,0.7227
1948-12-14,15.25,-0.5219
1948-12-15,15.17,-0.5246
1948-12-16,15.16,-0.0659
1948-12-17,15.2,0.2639
1948-12-20,15.19,-0.0658
1948-12-21,15.14,-0.3292
1948-12-22,15.15,0.0661
1948-12-23,15.15,0.0
1948-12-24,15.25,0.6601
1948-12-27,15.19,-0.3934
1948-12-28,15.08,-0.7242
1948-12-29,15.28,1.3263
1948-12-30,15.28,0.0
1948-12-31,15.2,-0.5236
1949-01-03,14.95,-1.6447
1949-01-04,15.03,0.5351
1949-01-05,15.16,0.8649
1949-01-06,15.5,2.2427
1949-01-07,15.61,0.7097
1949-01-10,15.51,-0.6406
1949-01-11,15.5,-0.0645
1949-01-12,15.47,-0.1935
1949-01-13,15.39,-0.5171
1949-01-14,15.24,-0.9747
1949-01-17,15.38,0.9186
1949-01-18,15.38,0.0
1949-01-19,15.44,0.3901
1949-01-20,15.5,0.3886
1949-01-21,15.47,-0.1935
1949-01-24,15.0,-3.0381
1949-01-25,15.33,2.2
1949-01-26,15.29,-0.2609
1949-01-27,15.25,-0.2616
1949-01-28,15.2,-0.3279
1949-01-31,15.22,0.1316
1949-02-01,15.34,0.7884
1949-02-02,15.35,0.0652
1949-02-03,15.32,-0.1954
1949-02-04,15.09,-1.5013
1949-02-07,14.76,-2.1869
1949-02-08,14.7,-0.4065
1949-02-09,14.78,0.5442
1949-02-10,14.58,-1.3532
1949-02-11,14.56,-0.1372
1949-02-14,14.61,0.3434
1949-02-15,14.65,0.2738
1949-02-16,14.73,0.5461
1949-02-17,14.83,0.6789
1949-02-18,14.79,-0.2697
1949-02-21,14.74,-0.3381
1949-02-23,14.6,-0.9498
1949-02-24,14.42,-1.2329
1949-02-25,14.38,-0.2774
1949-02-28,14.62,1.669
1949-03-01,14.71,0.6156
1949-03-02,14.67,-0.2719
1949-03-03,14.65,-0.1363
1949-03-04,14.67,0.1365
1949-03-07,14.86,1.2952
1949-03-08,14.89,0.2019
1949-03-09,14.86,-0.2015
1949-03-10,14.87,0.0673
1949-03-11,15.02,1.0087
1949-03-14,15.07,0.3329
1949-03-15,14.98,-0.5972
1949-03-16,14.92,-0.4005
1949-03-17,14.97,0.3351
1949-03-18,14.94,-0.2004
1949-03-21,14.87,-0.4685
1949-03-22,14.77,-0.6725
1949-03-23,14.95,1.2187
1949-03-24,14.97,0.1338
1949-03-25,14.89,-0.5344
1949-03-28,14.93,0.2686
1949-03-29,15.22,1.9424
1949-03-30,15.21,-0.0657
1949-03-31,15.06,-0.9862
1949-04-01,14.94,-0.7968
1949-04-04,14.98,0.2677
1949-04-05,14.96,-0.1335
1949-04-06,14.92,-0.2674
1949-04-07,14.93,0.067
1949-04-08,14.97,0.2679
1949-04-11,14.99,0.1336
1949-04-12,15.03,0.2668
1949-04-13,15.02,-0.0665
1949-04-14,14.99,-0.1997
1949-04-18,15.07,0.5337
1949-04-19,15.01,-0.3981
1949-04-20,14.97,-0.2665
1949-04-21,14.72,-1.67
1949-04-22,14.7,-0.1359
1949-04-25,14.68,-0.1361
1949-04-26,14.76,0.545
1949-04-27,14.76,0.0
1949-04-28,14.69,-0.4743
1949-04-29,14.71,0.1361
1949-05-02,14.78,0.4759
1949-05-03,14.85,0.4736
1949-05-04,15.02,1.1448
1949-05-05,15.01,-0.0666
1949-05-06,14.92,-0.5996
1949-05-09,14.88,-0.2681
1949-05-10,14.82,-0.4032
1949-05-11,14.85,0.2024
1949-05-12,14.87,0.1347
1949-05-13,14.88,0.0672
1949-05-16,14.96,0.5376
1949-05-17,14.93,-0.2005
1949-05-18,14.89,-0.2679
1949-05-19,14.8,-0.6044
1949-05-20,14.73,-0.473
1949-05-23,14.58,-1.0183
1949-05-24,14.5,-0.5487
1949-05-25,14.57,0.4828
1949-05-26,14.56,-0.0686
1949-05-27,14.51,-0.3434
1949-05-31,14.19,-2.2054
1949-06-01,14.14,-0.3524
1949-06-02,14.14,0.0
1949-06-03,14.05,-0.6365
1949-06-06,13.82,-1.637
1949-06-07,13.84,0.1447
1949-06-08,13.93,0.6503
1949-06-09,13.93,0.0
1949-06-10,13.81,-0.8615
1949-06-13,13.55,-1.8827
1949-06-14,13.64,0.6642
1949-06-15,13.9,1.9062
1949-06-16,13.85,-0.3597
1949-06-17,13.87,0.1444
1949-06-20,14.07,1.442
1949-06-21,14.08,0.0711
1949-06-22,14.04,-0.2841
1949-06-23,14.11,0.4986
1949-06-24,14.13,0.1417
1949-06-27,14.12,-0.0708
1949-06-28,14.0,-0.8499
1949-06-29,14.09,0.6429
1949-06-30,14.16,0.4968
1949-07-01,14.26,0.7062
1949-07-05,14.34,0.561
1949-07-06,14.52,1.2552
1949-07-07,14.52,0.0
1949-07-08,14.51,-0.0689
1949-07-11,14.51,0.0
1949-07-12,14.61,0.6892
1949-07-13,14.78,1.1636
1949-07-14,14.79,0.0677
1949-07-15,14.76,-0.2028
1949-07-18,14.8,0.271
1949-07-19,14.94,0.9459
1949-07-20,14.97,0.2008
1949-07-21,14.9,-0.4676
1949-07-22,14.89,-0.0671
1949-07-25,14.94,0.3358
1949-07-26,15.06,0.8032
1949-07-27,15.06,0.0
1949-07-28,15.04,-0.1328
1949-07-29,15.04,0.0
1949-08-01,15.12,0.5319
1949-08-02,15.16,0.2646
1949-08-03,15.15,-0.066
1949-08-04,15.13,-0.132
1949-08-05,15.35,1.4541
1949-08-08,15.51,1.0423
1949-08-09,15.37,-0.9026
1949-08-10,15.44,0.4554
1949-08-11,15.39,-0.3238
1949-08-12,15.32,-0.4548
1949-08-15,15.25,-0.4569
1949-08-16,15.29,0.2623
1949-08-17,15.46,1.1118
1949-08-18,15.5,0.2587
1949-08-19,15.41,-0.5806
1949-08-22,15.37,-0.2596
1949-08-23,15.17,-1.3012
1949-08-24,15.18,0.0659
1949-08-25,15.22,0.2635
1949-08-26,15.28,0.3942
1949-08-29,15.12,-1.0471
1949-08-30,15.21,0.5952
1949-08-31,15.22,0.0657
1949-09-01,15.31,0.5913
1949-09-02,15.29,-0.1306
1949-09-06,15.28,-0.0654
1949-09-07,15.38,0.6545
1949-09-08,15.41,0.1951
1949-09-09,15.4,-0.0649
1949-09-12,15.52,0.7792
1949-09-13,15.74,1.4175
1949-09-14,15.73,-0.0635
1949-09-15,15.61,-0.7629
1949-09-16,15.66,0.3203
1949-09-19,15.55,-0.7024
1949-09-20,15.19,-2.3151
1949-09-21,15.41,1.4483
1949-09-22,15.5,0.584
1949-09-23,15.57,0.4516
1949-09-26,15.53,-0.2569
1949-09-27,15.41,-0.7727
1949-09-28,15.53,0.7787
1949-09-29,15.62,0.5795
1949-09-30,15.58,-0.2561
1949-10-03,15.6,0.1284
1949-10-04,15.75,0.9615
1949-10-05,15.78,0.1905
1949-10-06,15.84,0.3802
1949-10-07,15.85,0.0631
1949-10-10,15.83,-0.1262
1949-10-11,15.97,0.8844
1949-10-13,15.97,0.0
1949-10-14,15.91,-0.3757
1949-10-17,15.73,-1.1314
1949-10-18,15.84,0.6993
1949-10-19,15.93,0.5682
1949-10-20,15.9,-0.1883
1949-10-21,15.85,-0.3145
1949-10-24,15.87,0.1262
1949-10-25,15.95,0.5041
1949-10-26,16.06,0.6897
1949-10-27,16.15,0.5604
1949-10-28,16.08,-0.4334
1949-10-31,16.04,-0.2488
1949-11-01,16.2,0.9975
1949-11-02,16.33,0.8025
1949-11-03,16.29,-0.2449
1949-11-04,16.21,-0.4911
1949-11-07,16.16,-0.3085
1949-11-09,16.18,0.1238
1949-11-10,16.14,-0.2472
1949-11-14,16.03,-0.6815
1949-11-15,15.75,-1.7467
1949-11-16,15.84,0.5714
1949-11-17,15.96,0.7576
1949-11-18,16.14,1.1278
1949-11-21,16.07,-0.4337
1949-11-22,16.15,0.4978
1949-11-23,16.19,0.2477
1949-11-25,16.1,-0.5559
1949-11-28,16.05,-0.3106
1949-11-29,16.02,-0.1869
1949-11-30,16.06,0.2497
1949-12-01,16.15,0.5604
1949-12-02,16.28,0.805
1949-12-05,16.41,0.7985
1949-12-06,16.39,-0.1219
1949-12-07,16.43,0.2441
1949-12-08,16.43,0.0
1949-12-09,16.42,-0.0609
1949-12-12,16.57,0.9135
1949-12-13,16.64,0.4225
1949-12-14,16.67,0.1803
1949-12-15,16.68,0.06
1949-12-16,16.66,-0.1199
1949-12-19,16.59,-0.4202
1949-12-20,16.53,-0.3617
1949-12-21,16.49,-0.242
1949-12-22,16.64,0.9096
1949-12-23,16.64,0.0
1949-12-27,16.58,-0.3606
1949-12-28,16.66,0.4825
1949-12-29,16.68,0.12
1949-12-30,16.79,0.6595
1950-01-03,16.66,-0.7743
1950-01-04,16.85,1.1405
1950-01-05,16.93,0.4748
1950-01-06,16.98,0.2953
1950-01-09,17.08,0.5889
1950-01-10,17.03,-0.2927
1950-01-11,17.09,0.3523
1950-01-12,16.76,-1.931
1950-01-13,16.67,-0.537
1950-01-16,16.72,0.2999
1950-01-17,16.86,0.8373
1950-01-18,16.85,-0.0593
1950-01-19,16.87,0.1187
1950-01-20,16.9,0.1778
1950-01-23,16.92,0.1183
1950-01-24,16.86,-0.3546
1950-01-25,16.74,-0.7117
1950-01-26,16.73,-0.0597
1950-01-27,16.82,0.538
1950-01-30,17.02,1.1891
1950-01-31,17.05,0.1763
1950-02-01,17.05,0.0
1950-02-02,17.23,1.0557
1950-02-03,17.29,0.3482
1950-02-06,17.32,0.1735
1950-02-07,17.23,-0.5196
1950-02-08,17.21,-0.1161
1950-02-09,17.28,0.4067
1950-02-10,17.24,-0.2315
1950-02-14,17.06,-1.0441
1950-02-15,17.06,0.0
1950-02-16,16.99,-0.4103
1950-02-17,17.15,0.9417
1950-02-20,17.2,0.2915
1950-02-21,17.17,-0.1744
1950-02-23,17.21,0.233
1950-02-24,17.28,0.4067
1950-02-27,17.28,0.0
1950-02-28,17.22,-0.3472
1950-03-01,17.24,0.1161
1950-03-02,17.23,-0.058
1950-03-03,17.29,0.3482
1950-03-06,17.32,0.1735
1950-03-07,17.2,-0.6928
1950-03-08,17.19,-0.0581
1950-03-09,17.07,-0.6981
1950-03-10,17.09,0.1172
1950-03-13,17.12,0.1755
1950-03-14,17.25,0.7593
1950-03-15,17.45,1.1594
1950-03-16,17.49,0.2292
1950-03-17,17.45,-0.2287
1950-03-20,17.44,-0.0573
1950-03-21,17.45,0.0573
1950-03-22,17.55,0.5731
1950-03-23,17.56,0.057
1950-03-24,17.56,0.0
1950-03-27,17.46,-0.5695
1950-03-28,17.53,0.4009
1950-03-29,17.44,-0.5134
1950-03-30,17.3,-0.8028
1950-03-31,17.29,-0.0578
1950-04-03,17.53,1.3881
1950-04-04,17.55,0.1141
1950-04-05,17.63,0.4558
1950-04-06,17.78,0.8508
1950-04-10,17.85,0.3937
1950-04-11,17.75,-0.5602
1950-04-12,17.94,1.0704
1950-04-13,17.98,0.223
1950-04-14,17.96,-0.1112
1950-04-17,17.88,-0.4454
1950-04-18,18.03,0.8389
1950-04-19,18.05,0.1109
1950-04-20,17.93,-0.6648
1950-04-21,17.96,0.1673
1950-04-24,17.83,-0.7238
1950-04-25,17.83,0.0
1950-04-26,17.76,-0.3926
1950-04-27,17.86,0.5631
1950-04-28,17.96,0.5599
1950-05-01,18.22,1.4477
1950-05-02,18.11,-0.6037
1950-05-03,18.27,0.8835
1950-05-04,18.12,-0.821
1950-05-05,18.22,0.5519
1950-05-08,18.27,0.2744
1950-05-09,18.27,0.0
1950-05-10,18.29,0.1095
1950-05-11,18.29,0.0
1950-05-12,18.18,-0.6014
1950-05-15,18.26,0.44
1950-05-16,18.44,0.9858
1950-05-17,18.52,0.4338
1950-05-18,18.56,0.216
1950-05-19,18.68,0.6466
1950-05-22,18.6,-0.4283
1950-05-23,18.71,0.5914
1950-05-24,18.69,-0.1069
1950-05-25,18.69,0.0
1950-05-26,18.67,-0.107
1950-05-29,18.72,0.2678
1950-05-31,18.78,0.3205
1950-06-01,18.77,-0.0532
1950-06-02,18.79,0.1066
1950-06-05,18.6,-1.0112
1950-06-06,18.88,1.5054
1950-06-07,18.93,0.2648
1950-06-08,19.14,1.1094
1950-06-09,19.26,0.627
1950-06-12,19.4,0.7269
1950-06-13,19.25,-0.7732
1950-06-14,18.98,-1.4026
1950-06-15,18.93,-0.2634
1950-06-16,18.97,0.2113
1950-06-19,18.92,-0.2636
1950-06-20,18.83,-0.4757
1950-06-21,19.0,0.9028
1950-06-22,19.16,0.8421
1950-06-23,19.14,-0.1044
1950-06-26,18.11,-5.3814
1950-06-27,17.91,-1.1044
1950-06-28,18.11,1.1167
1950-06-29,17.44,-3.6996
1950-06-30,17.69,1.4335
1950-07-03,17.64,-0.2826
1950-07-05,17.81,0.9637
1950-07-06,17.91,0.5615
1950-07-07,17.67,-1.34
1950-07-10,17.59,-0.4527
1950-07-11,17.32,-1.535
1950-07-12,16.87,-2.5982
1950-07-13,16.69,-1.067
1950-07-14,16.87,1.0785
1950-07-17,16.68,-1.1263
1950-07-18,17.06,2.2782
1950-07-19,17.36,1.7585
1950-07-20,17.61,1.4401
1950-07-21,17.59,-0.1136
1950-07-24,17.48,-0.6254
1950-07-25,17.23,-1.4302
1950-07-26,17.27,0.2322
1950-07-27,17.5,1.3318
1950-07-28,17.69,1.0857
1950-07-31,17.84,0.8479
1950-08-01,18.02,1.009
1950-08-02,17.95,-0.3885
1950-08-03,17.99,0.2228
1950-08-04,18.14,0.8338
1950-08-07,18.41,1.4884
1950-08-08,18.46,0.2716
1950-08-09,18.61,0.8126
1950-08-10,18.48,-0.6985
1950-08-11,18.28,-1.0823
1950-08-14,18.29,0.0547
1950-08-15,18.32,0.164
1950-08-16,18.34,0.1092
1950-08-17,18.54,1.0905
1950-08-18,18.68,0.7551
1950-08-21,18.7,0.1071
1950-08-22,18.68,-0.107
1950-08-23,18.82,0.7495
1950-08-24,18.79,-0.1594
1950-08-25,18.54,-1.3305
1950-08-28,18.53,-0.0539
1950-08-29,18.54,0.054
1950-08-30,18.43,-0.5933
1950-08-31,18.42,-0.0543
1950-09-01,18.55,0.7058
1950-09-05,18.68,0.7008
1950-09-06,18.54,-0.7495
1950-09-07,18.59,0.2697
1950-09-08,18.75,0.8607
1950-09-11,18.61,-0.7467
1950-09-12,18.87,1.3971
1950-09-13,19.09,1.1659
1950-09-14,19.18,0.4715
1950-09-15,19.29,0.5735
1950-09-18,19.37,0.4147
1950-09-19,19.31,-0.3098
1950-09-20,19.21,-0.5179
1950-09-21,19.37,0.8329
1950-09-22,19.44,0.3614
1950-09-25,19.42,-0.1029
1950-09-26,19.14,-1.4418
1950-09-27,19.41,1.4107
1950-09-28,19.42,0.0515
1950-09-29,19.45,0.1545
1950-10-02,19.69,1.2339
1950-10-03,19.66,-0.1524
1950-10-04,20.0,1.7294
1950-10-05,19.89,-0.55
1950-10-06,20.12,1.1564
1950-10-09,20.0,-0.5964
1950-10-10,19.78,-1.1
1950-10-11,19.86,0.4044
1950-10-13,19.85,-0.0504
1950-10-16,19.71,-0.7053
1950-10-17,19.89,0.9132
1950-10-18,20.01,0.6033
1950-10-19,20.02,0.05
1950-10-20,19.96,-0.2997
1950-10-23,19.96,0.0
1950-10-24,20.08,0.6012
1950-10-25,20.05,-0.1494
1950-10-26,19.61,-2.1945
1950-10-27,19.77,0.8159
1950-10-30,19.61,-0.8093
1950-10-31,19.53,-0.408
1950-11-01,19.56,0.1536
1950-11-02,19.73,0.8691
1950-11-03,19.85,0.6082
1950-11-06,19.36,-2.4685
1950-11-08,19.56,1.0331
1950-11-09,19.79,1.1759
1950-11-10,19.94,0.758
1950-11-13,20.01,0.3511
1950-11-14,19.86,-0.7496
1950-11-15,19.82,-0.2014
1950-11-16,19.72,-0.5045
1950-11-17,19.86,0.7099
1950-11-20,19.93,0.3525
1950-11-21,19.88,-0.2509
1950-11-22,20.16,1.4085
1950-11-24,20.32,0.7937
1950-11-27,20.18,-0.689
1950-11-28,19.56,-3.0723
1950-11-29,19.37,-0.9714
1950-11-30,19.51,0.7228
1950-12-01,19.66,0.7688
1950-12-04,19.0,-3.3571
1950-12-05,19.31,1.6316
1950-12-06,19.45,0.725
1950-12-07,19.4,-0.2571
1950-12-08,19.4,0.0
1950-12-11,19.72,1.6495
1950-12-12,19.68,-0.2028
1950-12-13,19.67,-0.0508
1950-12-14,19.43,-1.2201
1950-12-15,19.33,-0.5147
1950-12-18,19.85,2.6901
1950-12-19,19.96,0.5542
1950-12-20,19.97,0.0501
1950-12-21,19.98,0.0501
1950-12-22,20.07,0.4505
1950-12-26,19.92,-0.7474
1950-12-27,20.3,1.9076
1950-12-28,20.38,0.3941
1950-12-29,20.43,0.2453
1951-01-02,20.77,1.6642
1951-01-03,20.69,-0.3852
1951-01-04,20.87,0.87
1951-01-05,20.87,0.0
1951-01-08,21.0,0.6229
1951-01-09,21.12,0.5714
1951-01-10,20.85,-1.2784
1951-01-11,21.19,1.6307
1951-01-12,21.11,-0.3775
1951-01-15,21.3,0.9
1951-01-16,21.46,0.7512
1951-01-17,21.55,0.4194
1951-01-18,21.4,-0.6961
1951-01-19,21.36,-0.1869
1951-01-22,21.18,-0.8427
1951-01-23,21.26,0.3777
1951-01-24,21.16,-0.4704
1951-01-25,21.03,-0.6144
1951-01-26,21.26,1.0937
1951-01-29,21.67,1.9285
1951-01-30,21.74,0.323
1951-01-31,21.66,-0.368
1951-02-01,21.77,0.5078
1951-02-02,21.96,0.8728
1951-02-05,22.2,1.0929
1951-02-06,22.12,-0.3604
1951-02-07,21.99,-0.5877
1951-02-08,22.09,0.4548
1951-02-09,22.17,0.3622
1951-02-13,22.18,0.0451
1951-02-14,22.12,-0.2705
1951-02-15,22.0,-0.5425
1951-02-16,22.13,0.5909
1951-02-19,21.83,-1.3556
1951-02-20,21.79,-0.1832
1951-02-21,21.86,0.3212
1951-02-23,21.92,0.2745
1951-02-26,21.93,0.0456
1951-02-27,21.76,-0.7752
1951-02-28,21.8,0.1838
1951-03-01,21.85,0.2294
1951-03-02,21.93,0.3661
1951-03-05,21.79,-0.6384
1951-03-06,21.79,0.0
1951-03-07,21.86,0.3212
1951-03-08,21.95,0.4117
1951-03-09,21.95,0.0
1951-03-12,21.7,-1.139
1951-03-13,21.41,-1.3364
1951-03-14,21.25,-0.7473
1951-03-15,21.29,0.1882
1951-03-16,21.64,1.644
1951-03-19,21.56,-0.3697
1951-03-20,21.52,-0.1855
1951-03-21,21.64,0.5576
1951-03-22,21.73,0.4159
1951-03-26,21.53,-0.9204
1951-03-27,21.51,-0.0929
1951-03-28,21.26,-1.1623
1951-03-29,21.33,0.3293
1951-03-30,21.48,0.7032
1951-04-02,21.32,-0.7449
1951-04-03,21.26,-0.2814
1951-04-04,21.4,0.6585
1951-04-05,21.69,1.3551
1951-04-06,21.72,0.1383
1951-04-09,21.68,-0.1842
1951-04-10,21.65,-0.1384
1951-04-11,21.64,-0.0462
1951-04-12,21.83,0.878
1951-04-13,22.09,1.191
1951-04-16,22.04,-0.2263
1951-04-17,22.09,0.2269
1951-04-18,22.13,0.1811
1951-04-19,22.04,-0.4067
1951-04-20,22.04,0.0
1951-04-23,22.05,0.0454
1951-04-24,21.96,-0.4082
1951-04-25,21.97,0.0455
1951-04-26,22.16,0.8648
1951-04-27,22.39,1.0379
1951-04-30,22.43,0.1787
1951-05-01,22.53,0.4458
1951-05-02,22.62,0.3995
1951-05-03,22.81,0.84
1951-05-04,22.77,-0.1754
1951-05-07,22.63,-0.6148
1951-05-08,22.61,-0.0884
1951-05-09,22.64,0.1327
1951-05-10,22.51,-0.5742
1951-05-11,22.33,-0.7996
1951-05-14,22.18,-0.6717
1951-05-15,21.76,-1.8936
1951-05-16,21.69,-0.3217
1951-05-17,21.91,1.0143
1951-05-18,21.51,-1.8257
1951-05-21,21.46,-0.2325
1951-05-22,21.36,-0.466
1951-05-23,21.16,-0.9363
1951-05-24,21.05,-0.5198
1951-05-25,21.03,-0.095
1951-05-28,21.21,0.8559
1951-05-29,21.35,0.6601
1951-05-31,21.52,0.7963
1951-06-01,21.48,-0.1859
1951-06-04,21.24,-1.1173
1951-06-05,21.33,0.4237
1951-06-06,21.48,0.7032
1951-06-07,21.56,0.3724
1951-06-08,21.49,-0.3247
1951-06-11,21.61,0.5584
1951-06-12,21.52,-0.4165
1951-06-13,21.55,0.1394
1951-06-14,21.84,1.3457
1951-06-15,22.04,0.9158
1951-06-18,22.05,0.0454
1951-06-19,22.02,-0.1361
1951-06-20,21.91,-0.4995
1951-06-21,21.78,-0.5933
1951-06-22,21.55,-1.056
1951-06-25,21.29,-1.2065
1951-06-26,21.3,0.047
1951-06-27,21.37,0.3286
1951-06-28,21.1,-1.2635
1951-06-29,20.96,-0.6635
1951-07-02,21.1,0.6679
1951-07-03,21.23,0.6161
1951-07-05,21.64,1.9312
1951-07-06,21.64,0.0
1951-07-09,21.73,0.4159
1951-07-10,21.63,-0.4602
1951-07-11,21.68,0.2312
1951-07-12,21.8,0.5535
1951-07-13,21.98,0.8257
1951-07-16,21.73,-1.1374
1951-07-17,21.92,0.8744
1951-07-18,21.88,-0.1825
1951-07-19,21.84,-0.1828
1951-07-20,21.88,0.1832
1951-07-23,22.1,1.0055
1951-07-24,22.44,1.5385
1951-07-25,22.32,-0.5348
1951-07-26,22.47,0.672
1951-07-27,22.53,0.267
1951-07-30,22.63,0.4439
1951-07-31,22.4,-1.0163
1951-08-01,22.51,0.4911
1951-08-02,22.82,1.3772
1951-08-03,22.85,0.1315
1951-08-06,23.01,0.7002
1951-08-07,23.03,0.0869
1951-08-08,22.93,-0.4342
1951-08-09,22.84,-0.3925
1951-08-10,22.79,-0.2189
1951-08-13,22.8,0.0439
1951-08-14,22.7,-0.4386
1951-08-15,22.79,0.3965
1951-08-16,22.87,0.351
1951-08-17,22.94,0.3061
1951-08-20,22.93,-0.0436
1951-08-21,22.83,-0.4361
1951-08-22,22.75,-0.3504
1951-08-23,22.9,0.6593
1951-08-24,22.88,-0.0873
1951-08-27,22.85,-0.1311
1951-08-28,22.9,0.2188
1951-08-29,23.08,0.786
1951-08-30,23.24,0.6932
1951-08-31,23.28,0.1721
1951-09-04,23.28,0.0
1951-09-05,23.42,0.6014
1951-09-06,23.47,0.2135
1951-09-07,23.53,0.2556
1951-09-10,23.62,0.3825
1951-09-11,23.5,-0.508
1951-09-12,23.6,0.4255
1951-09-13,23.71,0.4661
1951-09-14,23.69,-0.0844
1951-09-17,23.62,-0.2955
1951-09-18,23.59,-0.127
1951-09-19,23.59,0.0
1951-09-20,23.57,-0.0848
1951-09-21,23.4,-0.7213
1951-09-24,23.3,-0.4274
1951-09-25,23.38,0.3433
1951-09-26,23.4,0.0855
1951-09-27,23.27,-0.5556
1951-09-28,23.26,-0.043
1951-10-01,23.47,0.9028
1951-10-02,23.64,0.7243
1951-10-03,23.79,0.6345
1951-10-04,23.72,-0.2942
1951-10-05,23.78,0.253
1951-10-08,23.75,-0.1262
1951-10-09,23.65,-0.4211
1951-10-10,23.61,-0.1691
1951-10-11,23.7,0.3812
1951-10-15,23.85,0.6329
1951-10-16,23.77,-0.3354
1951-10-17,23.69,-0.3366
1951-10-18,23.67,-0.0844
1951-10-19,23.32,-1.4787
1951-10-22,22.75,-2.4443
1951-10-23,22.84,0.3956
1951-10-24,23.03,0.8319
1951-10-25,22.96,-0.304
1951-10-26,22.81,-0.6533
1951-10-29,22.69,-0.5261
1951-10-30,22.66,-0.1322
1951-10-31,22.94,1.2357
1951-11-01,23.1,0.6975
1951-11-02,22.93,-0.7359
1951-11-05,22.82,-0.4797
1951-11-07,22.49,-1.4461
1951-11-08,22.47,-0.0889
1951-11-09,22.75,1.2461
1951-11-13,22.79,0.1758
1951-11-14,22.85,0.2633
1951-11-15,22.84,-0.0438
1951-11-16,22.82,-0.0876
1951-11-19,22.73,-0.3944
1951-11-20,22.68,-0.22
1951-11-21,22.64,-0.1764
1951-11-23,22.4,-1.0601
1951-11-26,22.43,0.1339
1951-11-27,22.66,1.0254
1951-11-28,22.61,-0.2207
1951-11-29,22.67,0.2654
1951-11-30,22.88,0.9263
1951-12-03,23.01,0.5682
1951-12-04,23.14,0.565
1951-12-05,23.07,-0.3025
1951-12-06,23.34,1.1704
1951-12-07,23.38,0.1714
1951-12-10,23.42,0.1711
1951-12-11,23.3,-0.5124
1951-12-12,23.37,0.3004
1951-12-13,23.39,0.0856
1951-12-14,23.37,-0.0855
1951-12-17,23.41,0.1712
1951-12-18,23.49,0.3417
1951-12-19,23.57,0.3406
1951-12-20,23.57,0.0
1951-12-21,23.51,-0.2546
1951-12-24,23.54,0.1276
1951-12-26,23.44,-0.4248
1951-12-27,23.65,0.8959
1951-12-28,23.69,0.1691
1951-12-31,23.77,0.3377
1952-01-02,23.8,0.1262
1952-01-03,23.88,0.3361
1952-01-04,23.92,0.1675
1952-01-07,23.91,-0.0418
1952-01-08,23.82,-0.3764
1952-01-09,23.74,-0.3359
1952-01-10,23.86,0.5055
1952-01-11,23.98,0.5029
1952-01-14,24.16,0.7506
1952-01-15,24.06,-0.4139
1952-01-16,24.09,0.1247
1952-01-17,24.2,0.4566
1952-01-18,24.25,0.2066
1952-01-21,24.46,0.866
1952-01-22,24.66,0.8177
1952-01-23,24.54,-0.4866
1952-01-24,24.56,0.0815
1952-01-25,24.55,-0.0407
1952-01-28,24.61,0.2444
1952-01-29,24.57,-0.1625
1952-01-30,24.23,-1.3838
1952-01-31,24.14,-0.3714
1952-02-01,24.3,0.6628
1952-02-04,24.12,-0.7407
1952-02-05,24.11,-0.0415
1952-02-06,24.18,0.2903
1952-02-07,24.11,-0.2895
1952-02-08,24.24,0.5392
1952-02-11,24.11,-0.5363
1952-02-13,23.92,-0.7881
1952-02-14,23.87,-0.209
1952-02-15,23.86,-0.0419
1952-02-18,23.74,-0.5029
1952-02-19,23.36,-1.6007
1952-02-20,23.09,-1.1558
1952-02-21,23.16,0.3032
1952-02-25,23.23,0.3022
1952-02-26,23.15,-0.3444
1952-02-27,23.18,0.1296
1952-02-28,23.29,0.4745
1952-02-29,23.26,-0.1288
1952-03-03,23.29,0.129
1952-03-04,23.68,1.6745
1952-03-05,23.71,0.1267
1952-03-06,23.69,-0.0844
1952-03-07,23.72,0.1266
1952-03-10,23.6,-0.5059
1952-03-11,23.62,0.0847
1952-03-12,23.73,0.4657
1952-03-13,23.75,0.0843
1952-03-14,23.75,0.0
1952-03-17,23.92,0.7158
1952-03-18,23.87,-0.209
1952-03-19,23.82,-0.2095
1952-03-20,23.89,0.2939
1952-03-21,23.93,0.1674
1952-03-24,23.93,0.0
1952-03-25,23.79,-0.585
1952-03-26,23.78,-0.042
1952-03-27,23.99,0.8831
1952-03-28,24.18,0.792
1952-03-31,24.37,0.7858
1952-04-01,24.18,-0.7796
1952-04-02,24.12,-0.2481
1952-04-03,24.12,0.0
1952-04-04,24.02,-0.4146
1952-04-07,23.8,-0.9159
1952-04-08,23.91,0.4622
1952-04-09,23.94,0.1255
1952-04-10,24.11,0.7101
1952-04-14,23.95,-0.6636
1952-04-15,23.65,-1.2526
1952-04-16,23.58,-0.296
1952-04-17,23.41,-0.7209
1952-04-18,23.5,0.3845
1952-04-21,23.69,0.8085
1952-04-22,23.58,-0.4643
1952-04-23,23.48,-0.4241
1952-04-24,23.43,-0.2129
1952-04-25,23.54,0.4695
1952-04-28,23.55,0.0425
1952-04-29,23.49,-0.2548
1952-04-30,23.32,-0.7237
1952-05-01,23.17,-0.6432
1952-05-02,23.56,1.6832
1952-05-05,23.66,0.4244
1952-05-06,23.67,0.0423
1952-05-07,23.81,0.5915
1952-05-08,23.86,0.21
1952-05-09,23.84,-0.0838
1952-05-12,23.75,-0.3775
1952-05-13,23.78,0.1263
1952-05-14,23.68,-0.4205
1952-05-15,23.6,-0.3378
1952-05-16,23.56,-0.1695
1952-05-19,23.61,0.2122
1952-05-20,23.74,0.5506
1952-05-21,23.78,0.1685
1952-05-22,23.91,0.5467
1952-05-23,23.89,-0.0836
1952-05-26,23.94,0.2093
1952-05-27,23.88,-0.2506
1952-05-28,23.84,-0.1675
1952-05-29,23.86,0.0839
1952-06-02,23.8,-0.2515
1952-06-03,23.78,-0.084
1952-06-04,23.95,0.7149
1952-06-05,24.1,0.6263
1952-06-06,24.26,0.6639
1952-06-09,24.37,0.4534
1952-06-10,24.23,-0.5745
1952-06-11,24.31,0.3302
1952-06-12,24.31,0.0
1952-06-13,24.37,0.2468
1952-06-16,24.3,-0.2872
1952-06-17,24.33,0.1235
1952-06-18,24.43,0.411
1952-06-19,24.51,0.3275
1952-06-20,24.59,0.3264
1952-06-23,24.56,-0.122
1952-06-24,24.6,0.1629
1952-06-25,24.66,0.2439
1952-06-26,24.75,0.365
1952-06-27,24.83,0.3232
1952-06-30,24.96,0.5236
1952-07-01,25.12,0.641
1952-07-02,25.06,-0.2389
1952-07-03,25.05,-0.0399
1952-07-07,24.97,-0.3194
1952-07-08,24.96,-0.04
1952-07-09,24.86,-0.4006
1952-07-10,24.81,-0.2011
1952-07-11,24.98,0.6852
1952-07-14,25.03,0.2002
1952-07-15,25.16,0.5194
1952-07-16,25.16,0.0
1952-07-17,25.05,-0.4372
1952-07-18,24.85,-0.7984
1952-07-21,24.95,0.4024
1952-07-22,25.0,0.2004
1952-07-23,25.11,0.44
1952-07-24,25.24,0.5177
1952-07-25,25.16,-0.317
1952-07-28,25.2,0.159
1952-07-29,25.26,0.2381
1952-07-30,25.37,0.4355
1952-07-31,25.4,0.1182
1952-08-01,25.45,0.1969
1952-08-04,25.43,-0.0786
1952-08-05,25.46,0.118
1952-08-06,25.44,-0.0786
1952-08-07,25.52,0.3145
1952-08-08,25.55,0.1176
1952-08-11,25.52,-0.1174
1952-08-12,25.31,-0.8229
1952-08-13,25.28,-0.1185
1952-08-14,25.28,0.0
1952-08-15,25.2,-0.3165
1952-08-18,24.94,-1.0317
1952-08-19,24.89,-0.2005
1952-08-20,24.95,0.2411
1952-08-21,24.98,0.1202
1952-08-22,24.99,0.04
1952-08-25,24.87,-0.4802
1952-08-26,24.83,-0.1608
1952-08-27,24.94,0.443
1952-08-28,24.97,0.1203
1952-08-29,25.03,0.2403
1952-09-02,25.15,0.4794
1952-09-03,25.25,0.3976
1952-09-04,25.24,-0.0396
1952-09-05,25.21,-0.1189
1952-09-08,25.11,-0.3967
1952-09-09,24.86,-0.9956
1952-09-10,24.69,-0.6838
1952-09-11,24.72,0.1215
1952-09-12,24.71,-0.0405
1952-09-15,24.45,-1.0522
1952-09-16,24.53,0.3272
1952-09-17,24.58,0.2038
1952-09-18,24.51,-0.2848
1952-09-19,24.57,0.2448
1952-09-22,24.59,0.0814
1952-09-23,24.7,0.4473
1952-09-24,24.79,0.3644
1952-09-25,24.81,0.0807
1952-09-26,24.73,-0.3225
1952-09-29,24.68,-0.2022
1952-09-30,24.54,-0.5673
1952-10-01,24.48,-0.2445
1952-10-02,24.52,0.1634
1952-10-03,24.5,-0.0816
1952-10-06,24.44,-0.2449
1952-10-07,24.4,-0.1637
1952-10-08,24.58,0.7377
1952-10-09,24.57,-0.0407
1952-10-10,24.55,-0.0814
1952-10-14,24.48,-0.2851
1952-10-15,24.06,-1.7157
1952-10-16,23.91,-0.6234
1952-10-17,24.2,1.2129
1952-10-20,24.13,-0.2893
1952-10-21,24.07,-0.2487
1952-10-22,23.8,-1.1217
1952-10-23,23.87,0.2941
1952-10-24,24.03,0.6703
1952-10-27,24.09,0.2497
1952-10-28,24.13,0.166
1952-10-29,24.15,0.0829
1952-10-30,24.15,0.0
1952-10-31,24.52,1.5321
1952-11-03,24.6,0.3263
1952-11-05,24.67,0.2846
1952-11-06,24.77,0.4054
1952-11-07,24.78,0.0404
1952-11-10,24.77,-0.0404
1952-11-12,24.65,-0.4845
1952-11-13,24.71,0.2434
1952-11-14,24.75,0.1619
1952-11-17,24.8,0.202
1952-11-18,25.16,1.4516
1952-11-19,25.33,0.6757
1952-11-20,25.28,-0.1974
1952-11-21,25.27,-0.0396
1952-11-24,25.42,0.5936
1952-11-25,25.36,-0.236
1952-11-26,25.52,0.6309
1952-11-28,25.66,0.5486
1952-12-01,25.68,0.0779
1952-12-02,25.74,0.2336
1952-12-03,25.71,-0.1166
1952-12-04,25.61,-0.389
1952-12-05,25.62,0.039
1952-12-08,25.76,0.5464
1952-12-09,25.93,0.6599
1952-12-10,25.98,0.1928
1952-12-11,25.96,-0.077
1952-12-12,26.04,0.3082
1952-12-15,26.04,0.0
1952-12-16,26.07,0.1152
1952-12-17,26.04,-0.1151
1952-12-18,26.03,-0.0384
1952-12-19,26.15,0.461
1952-12-22,26.3,0.5736
1952-12-23,26.19,-0.4183
1952-12-24,26.21,0.0764
1952-12-26,26.25,0.1526
1952-12-29,26.4,0.5714
1952-12-30,26.59,0.7197
1952-12-31,26.57,-0.0752
1953-01-02,26.54,-0.1129
1953-01-05,26.66,0.4521
1953-01-06,26.48,-0.6752
1953-01-07,26.37,-0.4154
1953-01-08,26.33,-0.1517
1953-01-09,26.08,-0.9495
1953-01-12,25.86,-0.8436
1953-01-13,26.02,0.6187
1953-01-14,26.08,0.2306
1953-01-15,26.13,0.1917
1953-01-16,26.02,-0.421
1953-01-19,26.01,-0.0384
1953-01-20,26.14,0.4998
1953-01-21,26.09,-0.1913
1953-01-22,26.12,0.115
1953-01-23,26.07,-0.1914
1953-01-26,26.02,-0.1918
1953-01-27,26.05,0.1153
1953-01-28,26.13,0.3071
1953-01-29,26.2,0.2679
1953-01-30,26.38,0.687
1953-02-02,26.51,0.4928
1953-02-03,26.54,0.1132
1953-02-04,26.42,-0.4521
1953-02-05,26.15,-1.022
1953-02-06,26.51,1.3767
1953-02-09,25.69,-3.0932
1953-02-10,25.62,-0.2725
1953-02-11,25.64,0.0781
1953-02-13,25.74,0.39
1953-02-16,25.65,-0.3497
1953-02-17,25.5,-0.5848
1953-02-18,25.48,-0.0784
1953-02-19,25.57,0.3532
1953-02-20,25.63,0.2346
1953-02-24,25.75,0.4682
1953-02-25,25.91,0.6214
1953-02-26,25.95,0.1544
1953-02-27,25.9,-0.1927
1953-03-02,25.93,0.1158
1953-03-03,26.0,0.27
1953-03-04,25.78,-0.8462
1953-03-05,25.79,0.0388
1953-03-06,25.84,0.1939
1953-03-09,25.83,-0.0387
1953-03-10,25.91,0.3097
1953-03-11,26.12,0.8105
1953-03-12,26.13,0.0383
1953-03-13,26.18,0.1914
1953-03-16,26.22,0.1528
1953-03-17,26.33,0.4195
1953-03-18,26.24,-0.3418
1953-03-19,26.22,-0.0762
1953-03-20,26.18,-0.1526
1953-03-23,26.02,-0.6112
1953-03-24,26.17,0.5765
1953-03-25,26.1,-0.2675
1953-03-26,25.95,-0.5747
1953-03-27,25.99,0.1541
1953-03-30,25.61,-1.4621
1953-03-31,25.29,-1.2495
1953-04-01,25.25,-0.1582
1953-04-02,25.23,-0.0792
1953-04-06,24.61,-2.4574
1953-04-07,24.71,0.4063
1953-04-08,24.93,0.8903
1953-04-09,24.88,-0.2006
1953-04-10,24.82,-0.2412
1953-04-13,24.77,-0.2015
1953-04-14,24.86,0.3633
1953-04-15,24.96,0.4023
1953-04-16,24.91,-0.2003
1953-04-17,24.62,-1.1642
1953-04-20,24.73,0.4468
1953-04-21,24.67,-0.2426
1953-04-22,24.46,-0.8512
1953-04-23,24.19,-1.1038
1953-04-24,24.2,0.0413
1953-04-27,24.34,0.5785
1953-04-28,24.52,0.7395
1953-04-29,24.68,0.6525
1953-04-30,24.62,-0.2431
1953-05-01,24.73,0.4468
1953-05-04,25.0,1.0918
1953-05-05,25.03,0.12
1953-05-06,25.0,-0.1199
1953-05-07,24.9,-0.4
1953-05-08,24.9,0.0
1953-05-11,24.91,0.0402
1953-05-12,24.74,-0.6825
1953-05-13,24.71,-0.1213
1953-05-14,24.85,0.5666
1953-05-15,24.84,-0.0402
1953-05-18,24.75,-0.3623
1953-05-19,24.7,-0.202
1953-05-20,24.93,0.9312
1953-05-21,25.06,0.5215
1953-05-22,25.03,-0.1197
1953-05-25,24.99,-0.1598
1953-05-26,24.87,-0.4802
1953-05-27,24.64,-0.9248
1953-05-28,24.46,-0.7305
1953-05-29,24.54,0.3271
1953-06-01,24.15,-1.5892
1953-06-02,24.22,0.2899
1953-06-03,24.18,-0.1652
1953-06-04,24.03,-0.6203
1953-06-05,24.09,0.2497
1953-06-08,24.01,-0.3321
1953-06-09,23.6,-1.7076
1953-06-10,23.54,-0.2542
1953-06-11,23.75,0.8921
1953-06-12,23.82,0.2947
1953-06-15,23.62,-0.8396
1953-06-16,23.55,-0.2964
1953-06-17,23.85,1.2739
1953-06-18,23.84,-0.0419
1953-06-19,23.84,0.0
1953-06-22,23.96,0.5034
1953-06-23,24.12,0.6678
1953-06-24,24.09,-0.1244
1953-06-25,24.19,0.4151
1953-06-26,24.21,0.0827
1953-06-29,24.14,-0.2891
1953-06-30,24.14,0.0
1953-07-01,24.24,0.4143
1953-07-02,24.31,0.2888
1953-07-03,24.36,0.2057
1953-07-06,24.38,0.0821
1953-07-07,24.51,0.5332
1953-07-08,24.5,-0.0408
1953-07-09,24.43,-0.2857
1953-07-10,24.41,-0.0819
1953-07-13,24.17,-0.9832
1953-07-14,24.08,-0.3724
1953-07-15,24.15,0.2907
1953-07-16,24.18,0.1242
1953-07-17,24.35,0.7031
1953-07-20,24.22,-0.5339
1953-07-21,24.16,-0.2477
1953-07-22,24.19,0.1242
1953-07-23,24.23,0.1654
1953-07-24,24.23,0.0
1953-07-27,24.07,-0.6603
1953-07-28,24.11,0.1662
1953-07-29,24.26,0.6221
1953-07-30,24.49,0.9481
1953-07-31,24.75,1.0617
1953-08-03,24.84,0.3636
1953-08-04,24.78,-0.2415
1953-08-05,24.68,-0.4036
1953-08-06,24.8,0.4862
1953-08-07,24.78,-0.0806
1953-08-10,24.75,-0.1211
1953-08-11,24.72,-0.1212
1953-08-12,24.78,0.2427
1953-08-13,24.73,-0.2018
1953-08-14,24.62,-0.4448
1953-08-17,24.56,-0.2437
1953-08-18,24.46,-0.4072
1953-08-19,24.31,-0.6132
1953-08-20,24.29,-0.0823
1953-08-21,24.35,0.247
1953-08-24,24.09,-1.0678
1953-08-25,23.93,-0.6642
1953-08-26,23.86,-0.2925
1953-08-27,23.79,-0.2934
1953-08-28,23.74,-0.2102
1953-08-31,23.32,-1.7692
1953-09-01,23.42,0.4288
1953-09-02,23.56,0.5978
1953-09-03,23.51,-0.2122
1953-09-04,23.57,0.2552
1953-09-08,23.61,0.1697
1953-09-09,23.65,0.1694
1953-09-10,23.41,-1.0148
1953-09-11,23.14,-1.1534
1953-09-14,22.71,-1.8583
1953-09-15,22.9,0.8366
1953-09-16,23.01,0.4803
1953-09-17,23.07,0.2608
1953-09-18,22.95,-0.5202
1953-09-21,22.88,-0.305
1953-09-22,23.2,1.3986
1953-09-23,23.23,0.1293
1953-09-24,23.24,0.043
1953-09-25,23.3,0.2582
1953-09-28,23.45,0.6438
1953-09-29,23.49,0.1706
1953-09-30,23.35,-0.596
1953-10-01,23.49,0.5996
1953-10-02,23.59,0.4257
1953-10-05,23.48,-0.4663
1953-10-06,23.39,-0.3833
1953-10-07,23.58,0.8123
1953-10-08,23.62,0.1696
1953-10-09,23.66,0.1693
1953-10-13,23.57,-0.3804
1953-10-14,23.68,0.4667
1953-10-15,23.95,1.1402
1953-10-16,24.14,0.7933
1953-10-19,24.16,0.0829
1953-10-20,24.17,0.0414
1953-10-21,24.19,0.0827
1953-10-22,24.3,0.4547
1953-10-23,24.35,0.2058
1953-10-26,24.31,-0.1643
1953-10-27,24.26,-0.2057
1953-10-28,24.29,0.1237
1953-10-29,24.58,1.1939
1953-10-30,24.54,-0.1627
1953-11-02,24.66,0.489
1953-11-04,24.51,-0.6083
1953-11-05,24.64,0.5304
1953-11-06,24.61,-0.1218
1953-11-09,24.66,0.2032
1953-11-10,24.37,-1.176
1953-11-12,24.46,0.3693
1953-11-13,24.54,0.3271
1953-11-16,24.38,-0.652
1953-11-17,24.25,-0.5332
1953-11-18,24.29,0.1649
1953-11-19,24.4,0.4529
1953-11-20,24.44,0.1639
1953-11-23,24.36,-0.3273
1953-11-24,24.5,0.5747
1953-11-25,24.52,0.0816
1953-11-27,24.66,0.571
1953-11-30,24.76,0.4055
1953-12-01,24.78,0.0808
1953-12-02,24.95,0.686
1953-12-03,24.97,0.0802
1953-12-04,24.98,0.04
1953-12-07,24.95,-0.1201
1953-12-08,24.87,-0.3206
1953-12-09,24.84,-0.1206
1953-12-10,24.78,-0.2415
1953-12-11,24.76,-0.0807
1953-12-14,24.69,-0.2827
1953-12-15,24.71,0.081
1953-12-16,24.96,1.0117
1953-12-17,24.94,-0.0801
1953-12-18,24.99,0.2005
1953-12-21,24.95,-0.1601
1953-12-22,24.76,-0.7615
1953-12-23,24.69,-0.2827
1953-12-24,24.8,0.4455
1953-12-28,24.71,-0.3629
1953-12-29,24.55,-0.6475
1953-12-30,24.76,0.8554
1953-12-31,24.81,0.2019
1954-01-04,24.95,0.5643
1954-01-05,25.1,0.6012
1954-01-06,25.14,0.1594
1954-01-07,25.06,-0.3182
1954-01-08,24.93,-0.5188
1954-01-11,24.8,-0.5215
1954-01-12,24.93,0.5242
1954-01-13,25.07,0.5616
1954-01-14,25.19,0.4787
1954-01-15,25.43,0.9528
1954-01-18,25.43,0.0
1954-01-19,25.68,0.9831
1954-01-20,25.75,0.2726
1954-01-21,25.79,0.1553
1954-01-22,25.85,0.2326
1954-01-25,25.93,0.3095
1954-01-26,26.09,0.617
1954-01-27,26.01,-0.3066
1954-01-28,26.02,0.0384
1954-01-29,26.08,0.2306
1954-02-01,25.99,-0.3451
1954-02-02,25.92,-0.2693
1954-02-03,26.01,0.3472
1954-02-04,26.2,0.7305
1954-02-05,26.3,0.3817
1954-02-08,26.23,-0.2662
1954-02-09,26.17,-0.2287
1954-02-10,26.14,-0.1146
1954-02-11,26.06,-0.306
1954-02-12,26.12,0.2302
1954-02-15,26.04,-0.3063
1954-02-16,25.81,-0.8833
1954-02-17,25.86,0.1937
1954-02-18,25.86,0.0
1954-02-19,25.92,0.232
1954-02-23,25.83,-0.3472
1954-02-24,25.83,0.0
1954-02-25,25.91,0.3097
1954-02-26,26.15,0.9263
1954-03-01,26.25,0.3824
1954-03-02,26.32,0.2667
1954-03-03,26.32,0.0
1954-03-04,26.41,0.3419
1954-03-05,26.52,0.4165
1954-03-08,26.45,-0.264
1954-03-09,26.51,0.2268
1954-03-10,26.57,0.2263
1954-03-11,26.69,0.4516
1954-03-12,26.69,0.0
1954-03-15,26.57,-0.4496
1954-03-16,26.56,-0.0376
1954-03-17,26.62,0.2259
1954-03-18,26.73,0.4132
1954-03-19,26.81,0.2993
1954-03-22,26.79,-0.0746
1954-03-23,26.6,-0.7092
1954-03-24,26.47,-0.4887
1954-03-25,26.42,-0.1889
1954-03-26,26.56,0.5299
1954-03-29,26.66,0.3765
1954-03-30,26.69,0.1125
1954-03-31,26.94,0.9367
1954-04-01,27.17,0.8537
1954-04-02,27.21,0.1472
1954-04-05,27.26,0.1838
1954-04-06,27.01,-0.9171
1954-04-07,27.11,0.3702
1954-04-08,27.38,0.9959
1954-04-09,27.38,0.0
1954-04-12,27.57,0.6939
1954-04-13,27.64,0.2539
1954-04-14,27.85,0.7598
1954-04-15,27.94,0.3232
1954-04-19,27.76,-0.6442
1954-04-20,27.75,-0.036
1954-04-21,27.64,-0.3964
1954-04-22,27.68,0.1447
1954-04-23,27.78,0.3613
1954-04-26,27.88,0.36
1954-04-27,27.71,-0.6098
1954-04-28,27.76,0.1804
1954-04-29,28.18,1.513
1954-04-30,28.26,0.2839
1954-05-03,28.21,-0.1769
1954-05-04,28.28,0.2481
1954-05-05,28.29,0.0354
1954-05-06,28.51,0.7777
1954-05-07,28.65,0.4911
1954-05-10,28.62,-0.1047
1954-05-11,28.49,-0.4542
1954-05-12,28.72,0.8073
1954-05-13,28.56,-0.5571
1954-05-14,28.8,0.8403
1954-05-17,28.84,0.1389
1954-05-18,28.85,0.0347
1954-05-19,28.72,-0.4506
1954-05-20,28.82,0.3482
1954-05-21,28.99,0.5899
1954-05-24,29.0,0.0345
1954-05-25,28.93,-0.2414
1954-05-26,29.17,0.8296
1954-05-27,29.05,-0.4114
1954-05-28,29.19,0.4819
1954-06-01,29.19,0.0
1954-06-02,29.16,-0.1028
1954-06-03,29.15,-0.0343
1954-06-04,29.1,-0.1715
1954-06-07,28.99,-0.378
1954-06-08,28.34,-2.2422
1954-06-09,28.15,-0.6704
1954-06-10,28.34,0.675
1954-06-11,28.58,0.8469
1954-06-14,28.62,0.14
1954-06-15,28.83,0.7338
1954-06-16,29.04,0.7284
1954-06-17,28.96,-0.2755
1954-06-18,29.04,0.2762
1954-06-21,29.06,0.0689
1954-06-22,29.08,0.0688
1954-06-23,29.13,0.1719
1954-06-24,29.26,0.4463
1954-06-25,29.2,-0.2051
1954-06-28,29.28,0.274
1954-06-29,29.43,0.5123
1954-06-30,29.21,-0.7475
1954-07-01,29.21,0.0
1954-07-02,29.59,1.3009
1954-07-06,29.92,1.1152
1954-07-07,29.94,0.0668
1954-07-08,29.94,0.0
1954-07-09,30.14,0.668
1954-07-12,30.12,-0.0664
1954-07-13,30.02,-0.332
1954-07-14,30.09,0.2332
1954-07-15,30.19,0.3323
1954-07-16,30.06,-0.4306
1954-07-19,29.98,-0.2661
1954-07-20,29.84,-0.467
1954-07-21,30.03,0.6367
1954-07-22,30.27,0.7992
1954-07-23,30.31,0.1321
1954-07-26,30.34,0.099
1954-07-27,30.52,0.5933
1954-07-28,30.58,0.1966
1954-07-29,30.69,0.3597
1954-07-30,30.88,0.6191
1954-08-02,30.99,0.3562
1954-08-03,30.93,-0.1936
1954-08-04,30.9,-0.097
1954-08-05,30.77,-0.4207
1954-08-06,30.38,-1.2675
1954-08-09,30.12,-0.8558
1954-08-10,30.37,0.83
1954-08-11,30.72,1.1525
1954-08-12,30.59,-0.4232
1954-08-13,30.72,0.425
1954-08-16,31.05,1.0742
1954-08-17,31.12,0.2254
1954-08-18,31.09,-0.0964
1954-08-19,31.16,0.2252
1954-08-20,31.21,0.1605
1954-08-23,31.0,-0.6729
1954-08-24,30.87,-0.4194
1954-08-25,30.65,-0.7127
1954-08-26,30.57,-0.261
1954-08-27,30.66,0.2944
1954-08-30,30.35,-1.0111
1954-08-31,29.83,-1.7133
1954-09-01,30.04,0.704
1954-09-02,30.27,0.7656
1954-09-03,30.5,0.7598
1954-09-07,30.66,0.5246
1954-09-08,30.68,0.0652
1954-09-09,30.73,0.163
1954-09-10,30.84,0.358
1954-09-13,31.12,0.9079
1954-09-14,31.28,0.5141
1954-09-15,31.29,0.032
1954-09-16,31.46,0.5433
1954-09-17,31.71,0.7947
1954-09-20,31.57,-0.4415
1954-09-21,31.79,0.6969
1954-09-22,32.0,0.6606
1954-09-23,32.18,0.5625
1954-09-24,32.4,0.6837
1954-09-27,32.53,0.4012
1954-09-28,32.69,0.4919
1954-09-29,32.5,-0.5812
1954-09-30,32.31,-0.5846
1954-10-01,32.29,-0.0619
1954-10-04,32.47,0.5574
1954-10-05,32.63,0.4928
1954-10-06,32.76,0.3984
1954-10-07,32.69,-0.2137
1954-10-08,32.67,-0.0612
1954-10-11,32.41,-0.7958
1954-10-12,32.28,-0.4011
1954-10-13,32.27,-0.031
1954-10-14,31.88,-1.2086
1954-10-15,31.71,-0.5332
1954-10-18,31.83,0.3784
1954-10-19,31.91,0.2513
1954-10-20,32.17,0.8148
1954-10-21,32.13,-0.1243
1954-10-22,32.13,0.0
1954-10-25,31.96,-0.5291
1954-10-26,31.94,-0.0626
1954-10-27,32.02,0.2505
1954-10-28,31.88,-0.4372
1954-10-29,31.68,-0.6274
1954-11-01,31.79,0.3472
1954-11-03,32.44,2.0447
1954-11-04,32.82,1.1714
1954-11-05,32.71,-0.3352
1954-11-08,33.02,0.9477
1954-11-09,33.15,0.3937
1954-11-10,33.18,0.0905
1954-11-11,33.47,0.874
1954-11-12,33.54,0.2091
1954-11-15,33.47,-0.2087
1954-11-16,33.57,0.2988
1954-11-17,33.63,0.1787
1954-11-18,33.44,-0.565
1954-11-19,33.45,0.0299
1954-11-22,33.58,0.3886
1954-11-23,34.03,1.3401
1954-11-24,34.22,0.5583
1954-11-26,34.55,0.9643
1954-11-29,34.54,-0.0289
1954-11-30,34.24,-0.8686
1954-12-01,33.99,-0.7301
1954-12-02,34.18,0.559
1954-12-03,34.49,0.907
1954-12-06,34.76,0.7828
1954-12-07,34.92,0.4603
1954-12-08,34.86,-0.1718
1954-12-09,34.69,-0.4877
1954-12-10,34.56,-0.3747
1954-12-13,34.59,0.0868
1954-12-14,34.35,-0.6938
1954-12-15,34.56,0.6114
1954-12-16,34.93,1.0706
1954-12-17,35.92,2.8342
1954-12-20,35.33,-1.6425
1954-12-21,35.38,0.1415
1954-12-22,35.34,-0.1131
1954-12-23,35.37,0.0849
1954-12-27,35.07,-0.8482
1954-12-28,35.43,1.0265
1954-12-29,35.74,0.875
1954-12-30,35.74,0.0
1954-12-31,35.98,0.6715
1955-01-03,36.75,2.1401
1955-01-04,36.42,-0.898
1955-01-05,35.52,-2.4712
1955-01-06,35.04,-1.3514
1955-01-07,35.33,0.8276
1955-01-10,35.79,1.302
1955-01-11,35.68,-0.3073
1955-01-12,35.58,-0.2803
1955-01-13,35.43,-0.4216
1955-01-14,35.28,-0.4234
1955-01-17,34.58,-1.9841
1955-01-18,34.8,0.6362
1955-01-19,34.96,0.4598
1955-01-20,35.13,0.4863
1955-01-21,35.44,0.8824
1955-01-24,35.52,0.2257
1955-01-25,35.51,-0.0282
1955-01-26,35.95,1.2391
1955-01-27,35.99,0.1113
1955-01-28,36.19,0.5557
1955-01-31,36.63,1.2158
1955-02-01,36.72,0.2457
1955-02-02,36.61,-0.2996
1955-02-03,36.44,-0.4644
1955-02-04,36.96,1.427
1955-02-07,36.96,0.0
1955-02-08,36.46,-1.3528
1955-02-09,36.75,0.7954
1955-02-10,37.08,0.898
1955-02-11,37.15,0.1888
1955-02-14,36.89,-0.6999
1955-02-15,36.89,0.0
1955-02-16,36.77,-0.3253
1955-02-17,36.84,0.1904
1955-02-18,36.89,0.1357
1955-02-21,36.85,-0.1084
1955-02-23,36.82,-0.0814
1955-02-24,36.62,-0.5432
1955-02-25,36.57,-0.1365
1955-02-28,36.76,0.5196
1955-03-01,36.83,0.1904
1955-03-02,37.15,0.8689
1955-03-03,37.29,0.3769
1955-03-04,37.52,0.6168
1955-03-07,37.28,-0.6397
1955-03-08,36.58,-1.8777
1955-03-09,36.22,-0.9841
1955-03-10,36.45,0.635
1955-03-11,35.82,-1.7284
1955-03-14,34.96,-2.4009
1955-03-15,35.71,2.1453
1955-03-16,35.98,0.7561
1955-03-17,36.12,0.3891
1955-03-18,36.18,0.1661
1955-03-21,35.95,-0.6357
1955-03-22,36.17,0.612
1955-03-23,36.64,1.2994
1955-03-24,36.93,0.7915
1955-03-25,36.96,0.0812
1955-03-28,36.83,-0.3517
1955-03-29,36.85,0.0543
1955-03-30,36.52,-0.8955
1955-03-31,36.58,0.1643
1955-04-01,36.95,1.0115
1955-04-04,36.83,-0.3248
1955-04-05,36.98,0.4073
1955-04-06,37.17,0.5138
1955-04-07,37.34,0.4574
1955-04-11,37.44,0.2678
1955-04-12,37.66,0.5876
1955-04-13,37.71,0.1328
1955-04-14,37.79,0.2121
1955-04-15,37.96,0.4499
1955-04-18,38.27,0.8166
1955-04-19,38.22,-0.1307
1955-04-20,38.28,0.157
1955-04-21,38.32,0.1045
1955-04-22,38.01,-0.809
1955-04-25,38.11,0.2631
1955-04-26,38.31,0.5248
1955-04-27,38.11,-0.5221
1955-04-28,37.68,-1.1283
1955-04-29,37.96,0.7431
1955-05-02,38.04,0.2107
1955-05-03,37.7,-0.8938
1955-05-04,37.64,-0.1592
1955-05-05,37.82,0.4782
1955-05-06,37.89,0.1851
1955-05-09,37.93,0.1056
1955-05-10,37.85,-0.2109
1955-05-11,37.42,-1.1361
1955-05-12,37.2,-0.5879
1955-05-13,37.44,0.6452
1955-05-16,37.02,-1.1218
1955-05-17,36.97,-0.1351
1955-05-18,37.28,0.8385
1955-05-19,37.49,0.5633
1955-05-20,37.74,0.6668
1955-05-23,37.48,-0.6889
1955-05-24,37.46,-0.0534
1955-05-25,37.6,0.3737
1955-05-26,37.85,0.6649
1955-05-27,37.93,0.2114
1955-05-31,37.91,-0.0527
1955-06-01,37.96,0.1319
1955-06-02,38.01,0.1317
1955-06-03,38.37,0.9471
1955-06-06,39.69,3.4402
1955-06-07,39.96,0.6803
1955-06-08,39.22,-1.8519
1955-06-09,39.01,-0.5354
1955-06-10,39.25,0.6152
1955-06-13,39.62,0.9427
1955-06-14,39.67,0.1262
1955-06-15,39.89,0.5546
1955-06-16,39.96,0.1755
1955-06-17,40.1,0.3504
1955-06-20,40.14,0.0998
1955-06-21,40.51,0.9218
1955-06-22,40.6,0.2222
1955-06-23,40.75,0.3695
1955-06-24,40.96,0.5153
1955-06-27,40.99,0.0732
1955-06-28,40.77,-0.5367
1955-06-29,40.79,0.0491
1955-06-30,41.03,0.5884
1955-07-01,41.19,0.39
1955-07-05,41.69,1.2139
1955-07-06,43.18,3.574
1955-07-07,42.58,-1.3895
1955-07-08,42.64,0.1409
1955-07-11,42.75,0.258
1955-07-12,42.75,0.0
1955-07-13,42.24,-1.193
1955-07-14,42.25,0.0237
1955-07-15,42.4,0.355
1955-07-18,42.36,-0.0943
1955-07-19,42.1,-0.6138
1955-07-20,42.23,0.3088
1955-07-21,42.64,0.9709
1955-07-22,43.0,0.8443
1955-07-25,43.48,1.1163
1955-07-26,43.58,0.23
1955-07-27,43.76,0.413
1955-07-28,43.5,-0.5941
1955-07-29,43.52,0.046
1955-08-01,42.93,-1.3557
1955-08-02,43.03,0.2329
1955-08-03,43.09,0.1394
1955-08-04,42.36,-1.6941
1955-08-05,42.56,0.4721
1955-08-08,42.31,-0.5874
1955-08-09,41.75,-1.3236
1955-08-10,41.74,-0.024
1955-08-11,42.13,0.9344
1955-08-12,42.21,0.1899
1955-08-15,42.17,-0.0948
1955-08-16,41.86,-0.7351
1955-08-17,41.9,0.0956
1955-08-18,41.84,-0.1432
1955-08-19,42.02,0.4302
1955-08-22,41.98,-0.0952
1955-08-23,42.55,1.3578
1955-08-24,42.61,0.141
1955-08-25,42.8,0.4459
1955-08-26,42.99,0.4439
1955-08-29,42.96,-0.0698
1955-08-30,42.92,-0.0931
1955-08-31,43.18,0.6058
1955-09-01,43.37,0.44
1955-09-02,43.6,0.5303
1955-09-06,43.86,0.5963
1955-09-07,43.85,-0.0228
1955-09-08,43.88,0.0684
1955-09-09,43.89,0.0228
1955-09-12,44.19,0.6835
1955-09-13,44.8,1.3804
1955-09-14,44.99,0.4241
1955-09-15,44.75,-0.5335
1955-09-16,45.09,0.7598
1955-09-19,45.16,0.1552
1955-09-20,45.13,-0.0664
1955-09-21,45.39,0.5761
1955-09-22,45.39,0.0
1955-09-23,45.63,0.5288
1955-09-26,42.61,-6.6185
1955-09-27,43.58,2.2765
1955-09-28,44.31,1.6751
1955-09-29,44.03,-0.6319
1955-09-30,43.67,-0.8176
1955-10-03,42.49,-2.7021
1955-10-04,42.82,0.7767
1955-10-05,42.99,0.397
1955-10-06,42.7,-0.6746
1955-10-07,42.38,-0.7494
1955-10-10,41.15,-2.9023
1955-10-11,40.8,-0.8505
1955-10-12,41.52,1.7647
1955-10-13,41.39,-0.3131
1955-10-14,41.22,-0.4107
1955-10-17,41.35,0.3154
1955-10-18,41.65,0.7255
1955-10-19,42.07,1.0084
1955-10-20,42.59,1.236
1955-10-21,42.59,0.0
1955-10-24,42.91,0.7514
1955-10-25,42.63,-0.6525
1955-10-26,42.29,-0.7976
1955-10-27,42.34,0.1182
1955-10-28,42.37,0.0709
1955-10-31,42.34,-0.0708
1955-11-01,42.28,-0.1417
1955-11-02,42.35,0.1656
1955-11-03,43.24,2.1015
1955-11-04,43.96,1.6651
1955-11-07,44.15,0.4322
1955-11-09,44.61,1.0419
1955-11-10,44.72,0.2466
1955-11-11,45.24,1.1628
1955-11-14,46.41,2.5862
1955-11-15,46.21,-0.4309
1955-11-16,45.91,-0.6492
1955-11-17,45.59,-0.697
1955-11-18,45.54,-0.1097
1955-11-21,45.22,-0.7027
1955-11-22,45.66,0.973
1955-11-23,45.72,0.1314
1955-11-25,45.68,-0.0875
1955-11-28,45.38,-0.6567
1955-11-29,45.56,0.3967
1955-11-30,45.51,-0.1097
1955-12-01,45.35,-0.3516
1955-12-02,45.44,0.1985
1955-12-05,45.7,0.5722
1955-12-06,45.7,0.0
1955-12-07,45.55,-0.3282
1955-12-08,45.82,0.5928
1955-12-09,45.89,0.1528
1955-12-12,45.42,-1.0242
1955-12-13,45.45,0.0661
1955-12-14,45.07,-0.8361
1955-12-15,45.06,-0.0222
1955-12-16,45.13,0.1553
1955-12-19,45.02,-0.2437
1955-12-20,44.95,-0.1555
1955-12-21,45.84,1.98
1955-12-22,45.41,-0.938
1955-12-23,45.5,0.1982
1955-12-27,45.22,-0.6154
1955-12-28,45.05,-0.3759
1955-12-29,45.15,0.222
1955-12-30,45.48,0.7309
1956-01-03,45.16,-0.7036
1956-01-04,45.0,-0.3543
1956-01-05,44.95,-0.1111
1956-01-06,45.14,0.4227
1956-01-09,44.51,-1.3957
1956-01-10,44.16,-0.7863
1956-01-11,44.38,0.4982
1956-01-12,44.75,0.8337
1956-01-13,44.67,-0.1788
1956-01-16,44.14,-1.1865
1956-01-17,44.47,0.7476
1956-01-18,44.17,-0.6746
1956-01-19,43.72,-1.0188
1956-01-20,43.22,-1.1436
1956-01-23,43.11,-0.2545
1956-01-24,43.65,1.2526
1956-01-25,43.72,0.1604
1956-01-26,43.46,-0.5947
1956-01-27,43.35,-0.2531
1956-01-30,43.5,0.346
1956-01-31,43.82,0.7356
1956-02-01,44.03,0.4792
1956-02-02,44.22,0.4315
1956-02-03,44.78,1.2664
1956-02-06,44.81,0.067
1956-02-07,44.6,-0.4686
1956-02-08,44.16,-0.9865
1956-02-09,43.66,-1.1322
1956-02-10,43.64,-0.0458
1956-02-13,43.58,-0.1375
1956-02-14,43.42,-0.3671
1956-02-15,44.04,1.4279
1956-02-16,43.82,-0.4995
1956-02-17,44.52,1.5974
1956-02-20,44.45,-0.1572
1956-02-21,44.56,0.2475
1956-02-23,44.95,0.8752
1956-02-24,45.32,0.8231
1956-02-27,45.27,-0.1103
1956-02-28,45.43,0.3534
1956-02-29,45.34,-0.1981
1956-03-01,45.54,0.4411
1956-03-02,45.81,0.5929
1956-03-05,46.06,0.5457
1956-03-06,46.04,-0.0434
1956-03-07,46.01,-0.0652
1956-03-08,46.12,0.2391
1956-03-09,46.7,1.2576
1956-03-12,47.13,0.9208
1956-03-13,47.06,-0.1485
1956-03-14,47.53,0.9987
1956-03-15,47.99,0.9678
1956-03-16,48.14,0.3126
1956-03-19,48.59,0.9348
1956-03-20,48.87,0.5763
1956-03-21,48.23,-1.3096
1956-03-22,48.72,1.016
1956-03-23,48.83,0.2258
1956-03-26,48.62,-0.4301
1956-03-27,48.25,-0.761
1956-03-28,48.51,0.5389
1956-03-29,48.48,-0.0618
1956-04-02,48.7,0.4538
1956-04-03,48.53,-0.3491
1956-04-04,48.8,0.5564
1956-04-05,48.57,-0.4713
1956-04-06,48.85,0.5765
1956-04-09,48.61,-0.4913
1956-04-10,47.93,-1.3989
1956-04-11,48.31,0.7928
1956-04-12,48.02,-0.6003
1956-04-13,47.95,-0.1458
1956-04-16,47.96,0.0209
1956-04-17,47.93,-0.0626
1956-04-18,47.74,-0.3964
1956-04-19,47.57,-0.3561
1956-04-20,47.76,0.3994
1956-04-23,47.65,-0.2303
1956-04-24,47.26,-0.8185
1956-04-25,47.09,-0.3597
1956-04-26,47.49,0.8494
1956-04-27,47.99,1.0529
1956-04-30,48.38,0.8127
1956-05-01,48.16,-0.4547
1956-05-02,48.17,0.0208
1956-05-03,48.34,0.3529
1956-05-04,48.51,0.3517
1956-05-07,48.22,-0.5978
1956-05-08,48.02,-0.4148
1956-05-09,47.94,-0.1666
1956-05-10,47.16,-1.627
1956-05-11,47.12,-0.0848
1956-05-14,46.86,-0.5518
1956-05-15,46.37,-1.0457
1956-05-16,46.05,-0.6901
1956-05-17,46.61,1.2161
1956-05-18,46.39,-0.472
1956-05-21,45.99,-0.8623
1956-05-22,45.26,-1.5873
1956-05-23,45.02,-0.5303
1956-05-24,44.6,-0.9329
1956-05-25,44.62,0.0448
1956-05-28,44.1,-1.1654
1956-05-29,45.11,2.2902
1956-05-31,45.2,0.1995
1956-06-01,45.58,0.8407
1956-06-04,45.85,0.5924
1956-06-05,45.86,0.0218
1956-06-06,45.63,-0.5015
1956-06-07,45.99,0.789
1956-06-08,45.14,-1.8482
1956-06-11,45.71,1.2627
1956-06-12,46.36,1.422
1956-06-13,46.42,0.1294
1956-06-14,46.31,-0.237
1956-06-15,46.37,0.1296
1956-06-18,46.17,-0.4313
1956-06-19,46.22,0.1083
1956-06-20,46.41,0.4111
1956-06-21,46.73,0.6895
1956-06-22,46.59,-0.2996
1956-06-25,46.41,-0.3863
1956-06-26,46.72,0.668
1956-06-27,47.07,0.7491
1956-06-28,47.13,0.1275
1956-06-29,46.97,-0.3395
1956-07-02,46.93,-0.0852
1956-07-03,47.32,0.831
1956-07-05,47.8,1.0144
1956-07-06,48.04,0.5021
1956-07-09,48.25,0.4371
1956-07-10,48.54,0.601
1956-07-11,48.69,0.309
1956-07-12,48.58,-0.2259
1956-07-13,48.72,0.2882
1956-07-16,49.14,0.8621
1956-07-17,49.31,0.346
1956-07-18,49.3,-0.0203
1956-07-19,49.32,0.0406
1956-07-20,49.35,0.0608
1956-07-23,49.33,-0.0405
1956-07-24,49.33,0.0
1956-07-25,49.44,0.223
1956-07-26,49.48,0.0809
1956-07-27,49.08,-0.8084
1956-07-30,49.0,-0.163
1956-07-31,49.39,0.7959
1956-08-01,49.62,0.4657
1956-08-02,49.64,0.0403
1956-08-03,49.64,0.0
1956-08-06,48.96,-1.3699
1956-08-07,49.16,0.4085
1956-08-08,49.36,0.4068
1956-08-09,49.32,-0.081
1956-08-10,49.09,-0.4663
1956-08-13,48.58,-1.0389
1956-08-14,48.0,-1.1939
1956-08-15,48.99,2.0625
1956-08-16,48.88,-0.2245
1956-08-17,48.82,-0.1227
1956-08-20,48.25,-1.1676
1956-08-21,47.89,-0.7461
1956-08-22,47.42,-0.9814
1956-08-23,48.0,1.2231
1956-08-24,47.95,-0.1042
1956-08-27,47.66,-0.6048
1956-08-28,47.57,-0.1888
1956-08-29,47.36,-0.4415
1956-08-30,46.94,-0.8868
1956-08-31,47.51,1.2143
1956-09-04,47.89,0.7998
1956-09-05,48.02,0.2715
1956-09-06,48.1,0.1666
1956-09-07,47.81,-0.6029
1956-09-10,47.56,-0.5229
1956-09-11,47.38,-0.3785
1956-09-12,47.05,-0.6965
1956-09-13,46.09,-2.0404
1956-09-14,47.21,2.43
1956-09-17,47.1,-0.233
1956-09-18,46.79,-0.6582
1956-09-19,46.24,-1.1755
1956-09-20,46.21,-0.0649
1956-09-21,46.58,0.8007
1956-09-24,46.4,-0.3864
1956-09-25,45.75,-1.4009
1956-09-26,45.82,0.153
1956-09-27,45.6,-0.4801
1956-09-28,45.35,-0.5482
1956-10-01,44.7,-1.4333
1956-10-02,45.52,1.8345
1956-10-03,46.28,1.6696
1956-10-04,46.29,0.0216
1956-10-05,46.45,0.3456
1956-10-08,46.43,-0.0431
1956-10-09,46.2,-0.4954
1956-10-10,46.84,1.3853
1956-10-11,46.81,-0.064
1956-10-12,47.0,0.4059
1956-10-15,46.86,-0.2979
1956-10-16,46.62,-0.5122
1956-10-17,46.26,-0.7722
1956-10-18,46.34,0.1729
1956-10-19,46.24,-0.2158
1956-10-22,46.23,-0.0216
1956-10-23,46.12,-0.2379
1956-10-24,45.93,-0.412
1956-10-25,45.85,-0.1742
1956-10-26,46.27,0.916
1956-10-29,46.4,0.281
1956-10-30,46.37,-0.0647
1956-10-31,45.58,-1.7037
1956-11-01,46.52,2.0623
1956-11-02,46.98,0.9888
1956-11-05,47.6,1.3197
1956-11-07,47.11,-1.0294
1956-11-08,46.73,-0.8066
1956-11-09,46.34,-0.8346
1956-11-12,46.49,0.3237
1956-11-13,46.27,-0.4732
1956-11-14,46.01,-0.5619
1956-11-15,45.72,-0.6303
1956-11-16,45.74,0.0437
1956-11-19,45.29,-0.9838
1956-11-20,44.89,-0.8832
1956-11-21,44.67,-0.4901
1956-11-23,45.14,1.0522
1956-11-26,44.87,-0.5981
1956-11-27,44.91,0.0891
1956-11-28,44.43,-1.0688
1956-11-29,44.38,-0.1125
1956-11-30,45.08,1.5773
1956-12-03,45.98,1.9965
1956-12-04,45.84,-0.3045
1956-12-05,46.39,1.1998
1956-12-06,46.81,0.9054
1956-12-07,47.04,0.4913
1956-12-10,46.8,-0.5102
1956-12-11,46.48,-0.6838
1956-12-12,46.13,-0.753
1956-12-13,46.5,0.8021
1956-12-14,46.54,0.086
1956-12-17,46.54,0.0
1956-12-18,46.54,0.0
1956-12-19,46.43,-0.2364
1956-12-20,46.07,-0.7754
1956-12-21,46.37,0.6512
1956-12-26,46.39,0.0431
1956-12-27,46.35,-0.0862
1956-12-28,46.56,0.4531
1956-12-31,46.67,0.2363
1957-01-02,46.2,-1.0071
1957-01-03,46.6,0.8658
1957-01-04,46.66,0.1288
1957-01-07,46.42,-0.5144
1957-01-08,46.25,-0.3662
1957-01-09,46.16,-0.1946
1957-01-10,46.27,0.2383
1957-01-11,46.18,-0.1945
1957-01-14,45.86,-0.6929
1957-01-15,45.18,-1.4828
1957-01-16,45.23,0.1107
1957-01-17,45.22,-0.0221
1957-01-18,44.64,-1.2826
1957-01-21,44.4,-0.5376
1957-01-22,44.53,0.2928
1957-01-23,44.87,0.7635
1957-01-24,45.03,0.3566
1957-01-25,44.82,-0.4664
1957-01-28,44.49,-0.7363
1957-01-29,44.71,0.4945
1957-01-30,44.91,0.4473
1957-01-31,44.72,-0.4231
1957-02-01,44.62,-0.2236
1957-02-04,44.53,-0.2017
1957-02-05,43.89,-1.4372
1957-02-06,43.82,-0.1595
1957-02-07,43.62,-0.4564
1957-02-08,43.32,-0.6878
1957-02-11,42.57,-1.7313
1957-02-12,42.39,-0.4228
1957-02-13,43.04,1.5334
1957-02-14,42.99,-0.1162
1957-02-15,43.51,1.2096
1957-02-18,43.46,-0.1149
1957-02-19,43.49,0.069
1957-02-20,43.63,0.3219
1957-02-21,43.48,-0.3438
1957-02-25,43.38,-0.23
1957-02-26,43.45,0.1614
1957-02-27,43.41,-0.0921
1957-02-28,43.26,-0.3455
1957-03-01,43.74,1.1096
1957-03-04,44.06,0.7316
1957-03-05,44.22,0.3631
1957-03-06,44.23,0.0226
1957-03-07,44.21,-0.0452
1957-03-08,44.07,-0.3167
1957-03-11,43.78,-0.658
1957-03-12,43.75,-0.0685
1957-03-13,44.04,0.6629
1957-03-14,44.07,0.0681
1957-03-15,44.05,-0.0454
1957-03-18,43.85,-0.454
1957-03-19,44.04,0.4333
1957-03-20,44.1,0.1362
1957-03-21,44.11,0.0227
1957-03-22,44.06,-0.1134
1957-03-25,43.88,-0.4085
1957-03-26,43.91,0.0684
1957-03-27,44.09,0.4099
1957-03-28,44.18,0.2041
1957-03-29,44.11,-0.1584
1957-04-01,44.14,0.068
1957-04-02,44.42,0.6343
1957-04-03,44.54,0.2701
1957-04-04,44.44,-0.2245
1957-04-05,44.49,0.1125
1957-04-08,44.39,-0.2248
1957-04-09,44.79,0.9011
1957-04-10,44.98,0.4242
1957-04-11,44.98,0.0
1957-04-12,44.98,0.0
1957-04-15,44.95,-0.0667
1957-04-16,45.02,0.1557
1957-04-17,45.08,0.1333
1957-04-18,45.41,0.732
1957-04-22,45.48,0.1542
1957-04-23,45.65,0.3738
1957-04-24,45.72,0.1533
1957-04-25,45.56,-0.35
1957-04-26,45.5,-0.1317
1957-04-29,45.73,0.5055
1957-04-30,45.74,0.0219
1957-05-01,46.02,0.6122
1957-05-02,46.39,0.804
1957-05-03,46.34,-0.1078
1957-05-06,46.27,-0.1511
1957-05-07,46.13,-0.3026
1957-05-08,46.31,0.3902
1957-05-09,46.36,0.108
1957-05-10,46.59,0.4961
1957-05-13,46.88,0.6225
1957-05-14,46.67,-0.448
1957-05-15,46.83,0.3428
1957-05-16,47.02,0.4057
1957-05-17,47.15,0.2765
1957-05-20,47.35,0.4242
1957-05-21,47.33,-0.0422
1957-05-22,47.14,-0.4014
1957-05-23,47.15,0.0212
1957-05-24,47.21,0.1273
1957-05-27,46.78,-0.9108
1957-05-28,46.69,-0.1924
1957-05-29,47.11,0.8996
1957-05-31,47.43,0.6793
1957-06-03,47.37,-0.1265
1957-06-04,47.28,-0.19
1957-06-05,47.27,-0.0212
1957-06-06,47.8,1.1212
1957-06-07,47.85,0.1046
1957-06-10,47.9,0.1045
1957-06-11,47.94,0.0835
1957-06-12,48.05,0.2295
1957-06-13,48.14,0.1873
1957-06-14,48.15,0.0208
1957-06-17,48.24,0.1869
1957-06-18,48.04,-0.4146
1957-06-19,47.72,-0.6661
1957-06-20,47.43,-0.6077
1957-06-21,47.15,-0.5903
1957-06-24,46.78,-0.7847
1957-06-25,47.15,0.7909
1957-06-26,47.09,-0.1273
1957-06-27,47.26,0.361
1957-06-28,47.37,0.2328
1957-07-01,47.43,0.1267
1957-07-02,47.9,0.9909
1957-07-03,48.46,1.1691
1957-07-05,48.69,0.4746
1957-07-08,48.9,0.4313
1957-07-09,48.9,0.0
1957-07-10,49.0,0.2045
1957-07-11,48.86,-0.2857
1957-07-12,49.08,0.4503
1957-07-15,49.13,0.1019
1957-07-16,48.88,-0.5089
1957-07-17,48.58,-0.6137
1957-07-18,48.53,-0.1029
1957-07-19,48.58,0.103
1957-07-22,48.47,-0.2264
1957-07-23,48.56,0.1857
1957-07-24,48.61,0.103
1957-07-25,48.61,0.0
1957-07-26,48.45,-0.3292
1957-07-29,47.92,-1.0939
1957-07-30,47.92,0.0
1957-07-31,47.91,-0.0209
1957-08-01,47.79,-0.2505
1957-08-02,47.68,-0.2302
1957-08-05,47.26,-0.8809
1957-08-06,46.67,-1.2484
1957-08-07,47.03,0.7714
1957-08-08,46.9,-0.2764
1957-08-09,46.92,0.0426
1957-08-12,46.33,-1.2575
1957-08-13,46.3,-0.0648
1957-08-14,45.73,-1.2311
1957-08-15,45.75,0.0437
1957-08-16,45.83,0.1749
1957-08-19,44.91,-2.0074
1957-08-20,45.29,0.8461
1957-08-21,45.49,0.4416
1957-08-22,45.16,-0.7254
1957-08-23,44.51,-1.4393
1957-08-26,43.89,-1.3929
1957-08-27,44.61,1.6405
1957-08-28,44.64,0.0672
1957-08-29,44.46,-0.4032
1957-08-30,45.22,1.7094
1957-09-03,45.44,0.4865
1957-09-04,45.05,-0.8583
1957-09-05,44.82,-0.5105
1957-09-06,44.68,-0.3124
1957-09-09,44.28,-0.8953
1957-09-10,43.87,-0.9259
1957-09-11,44.26,0.889
1957-09-12,44.82,1.2653
1957-09-13,44.8,-0.0446
1957-09-16,44.58,-0.4911
1957-09-17,44.64,0.1346
1957-09-18,44.69,0.112
1957-09-19,44.4,-0.6489
1957-09-20,43.69,-1.5991
1957-09-23,42.69,-2.2889
1957-09-24,42.98,0.6793
1957-09-25,42.98,0.0
1957-09-26,42.57,-0.9539
1957-09-27,42.55,-0.047
1957-09-30,42.42,-0.3055
1957-10-01,42.76,0.8015
1957-10-02,43.1,0.7951
1957-10-03,43.14,0.0928
1957-10-04,42.79,-0.8113
1957-10-07,42.22,-1.3321
1957-10-08,41.95,-0.6395
1957-10-09,41.99,0.0954
1957-10-10,40.96,-2.453
1957-10-11,40.94,-0.0488
1957-10-14,41.24,0.7328
1957-10-15,41.67,1.0427
1957-10-16,41.33,-0.8159
1957-10-17,40.65,-1.6453
1957-10-18,40.33,-0.7872
1957-10-21,39.15,-2.9259
1957-10-22,38.98,-0.4342
1957-10-23,40.73,4.4895
1957-10-24,40.71,-0.0491
1957-10-25,40.59,-0.2948
1957-10-28,40.42,-0.4188
1957-10-29,40.69,0.668
1957-10-30,41.02,0.811
1957-10-31,41.06,0.0975
1957-11-01,40.44,-1.51
1957-11-04,40.37,-0.1731
1957-11-06,40.43,0.1486
1957-11-07,40.67,0.5936
1957-11-08,40.19,-1.1802
1957-11-11,40.18,-0.0249
1957-11-12,39.6,-1.4435
1957-11-13,39.55,-0.1263
1957-11-14,39.44,-0.2781
1957-11-15,40.37,2.358
1957-11-18,40.04,-0.8174
1957-11-19,39.81,-0.5744
1957-11-20,39.92,0.2763
1957-11-21,40.48,1.4028
1957-11-22,40.87,0.9634
1957-11-25,41.18,0.7585
1957-11-26,40.09,-2.6469
1957-11-27,41.25,2.8935
1957-11-29,41.72,1.1394
1957-12-02,41.36,-0.8629
1957-12-03,41.37,0.0242
1957-12-04,41.54,0.4109
1957-12-05,41.52,-0.0481
1957-12-06,41.31,-0.5058
1957-12-09,40.92,-0.9441
1957-12-10,40.56,-0.8798
1957-12-11,40.51,-0.1233
1957-12-12,40.55,0.0987
1957-12-13,40.73,0.4439
1957-12-16,40.12,-1.4977
1957-12-17,39.42,-1.7448
1957-12-18,39.38,-0.1015
1957-12-19,39.8,1.0665
1957-12-20,39.48,-0.804
1957-12-23,39.48,0.0
1957-12-24,39.52,0.1013
1957-12-26,39.92,1.0121
1957-12-27,39.78,-0.3507
1957-12-30,39.58,-0.5028
1957-12-31,39.99,1.0359
1958-01-02,40.33,0.8502
1958-01-03,40.87,1.339
1958-01-06,40.68,-0.4649
1958-01-07,41.0,0.7866
1958-01-08,40.99,-0.0244
1958-01-09,40.75,-0.5855
1958-01-10,40.37,-0.9325
1958-01-13,40.49,0.2973
1958-01-14,40.67,0.4446
1958-01-15,40.99,0.7868
1958-01-16,41.06,0.1708
1958-01-17,41.1,0.0974
1958-01-20,41.35,0.6083
1958-01-21,41.3,-0.1209
1958-01-22,41.2,-0.2421
1958-01-23,41.36,0.3883
1958-01-24,41.71,0.8462
1958-01-27,41.59,-0.2877
1958-01-28,41.63,0.0962
1958-01-29,41.88,0.6005
1958-01-30,41.68,-0.4776
1958-01-31,41.7,0.048
1958-02-03,42.04,0.8153
1958-02-04,42.46,0.999
1958-02-05,42.19,-0.6359
1958-02-06,42.1,-0.2133
1958-02-07,41.73,-0.8789
1958-02-10,41.48,-0.5991
1958-02-11,41.11,-0.892
1958-02-12,40.93,-0.4378
1958-02-13,40.94,0.0244
1958-02-14,41.33,0.9526
1958-02-17,41.11,-0.5323
1958-02-18,41.17,0.1459
1958-02-19,41.15,-0.0486
1958-02-20,40.91,-0.5832
1958-02-21,40.88,-0.0733
1958-02-24,40.65,-0.5626
1958-02-25,40.61,-0.0984
1958-02-26,40.92,0.7634
1958-02-27,40.68,-0.5865
1958-02-28,40.84,0.3933
1958-03-03,41.13,0.7101
1958-03-04,41.35,0.5349
1958-03-05,41.47,0.2902
1958-03-06,42.0,1.278
1958-03-07,42.07,0.1667
1958-03-10,42.21,0.3328
1958-03-11,42.51,0.7107
1958-03-12,42.41,-0.2352
1958-03-13,42.46,0.1179
1958-03-14,42.33,-0.3062
1958-03-17,42.04,-0.6851
1958-03-18,41.89,-0.3568
1958-03-19,42.09,0.4774
1958-03-20,42.11,0.0475
1958-03-21,42.42,0.7362
1958-03-24,42.58,0.3772
1958-03-25,42.44,-0.3288
1958-03-26,42.3,-0.3299
1958-03-27,42.17,-0.3073
1958-03-28,42.2,0.0711
1958-03-31,42.1,-0.237
1958-04-01,41.93,-0.4038
1958-04-02,41.6,-0.787
1958-04-03,41.48,-0.2885
1958-04-07,41.33,-0.3616
1958-04-08,41.43,0.242
1958-04-09,41.65,0.531
1958-04-10,41.7,0.12
1958-04-11,41.74,0.0959
1958-04-14,42.0,0.6229
1958-04-15,42.43,1.0238
1958-04-16,42.1,-0.7778
1958-04-17,42.25,0.3563
1958-04-18,42.71,1.0888
1958-04-21,42.93,0.5151
1958-04-22,42.8,-0.3028
1958-04-23,42.8,0.0
1958-04-24,43.14,0.7944
1958-04-25,43.36,0.51
1958-04-28,43.22,-0.3229
1958-04-29,43.0,-0.509
1958-04-30,43.44,1.0233
1958-05-01,43.54,0.2302
1958-05-02,43.69,0.3445
1958-05-05,43.79,0.2289
1958-05-06,44.01,0.5024
1958-05-07,43.93,-0.1818
1958-05-08,43.99,0.1366
1958-05-09,44.09,0.2273
1958-05-12,43.75,-0.7711
1958-05-13,43.62,-0.2971
1958-05-14,43.12,-1.1463
1958-05-15,43.34,0.5102
1958-05-16,43.36,0.0461
1958-05-19,43.24,-0.2768
1958-05-20,43.61,0.8557
1958-05-21,43.55,-0.1376
1958-05-22,43.78,0.5281
1958-05-23,43.87,0.2056
1958-05-26,43.85,-0.0456
1958-05-27,43.79,-0.1368
1958-05-28,43.85,0.137
1958-05-29,44.09,0.5473
1958-06-02,44.31,0.499
1958-06-03,44.46,0.3385
1958-06-04,44.5,0.09
1958-06-05,44.55,0.1124
1958-06-06,44.64,0.202
1958-06-09,44.57,-0.1568
1958-06-10,44.48,-0.2019
1958-06-11,44.49,0.0225
1958-06-12,44.75,0.5844
1958-06-13,45.02,0.6034
1958-06-16,45.18,0.3554
1958-06-17,44.94,-0.5312
1958-06-18,45.34,0.8901
1958-06-19,44.61,-1.6101
1958-06-20,44.85,0.538
1958-06-23,44.69,-0.3567
1958-06-24,44.52,-0.3804
1958-06-25,44.63,0.2471
1958-06-26,44.84,0.4705
1958-06-27,44.9,0.1338
1958-06-30,45.24,0.7572
1958-07-01,45.28,0.0884
1958-07-02,45.32,0.0883
1958-07-03,45.47,0.331
1958-07-07,45.62,0.3299
1958-07-08,45.4,-0.4822
1958-07-09,45.25,-0.3304
1958-07-10,45.42,0.3757
1958-07-11,45.72,0.6605
1958-07-14,45.14,-1.2686
1958-07-15,45.11,-0.0665
1958-07-16,45.25,0.3104
1958-07-17,45.55,0.663
1958-07-18,45.77,0.483
1958-07-21,46.33,1.2235
1958-07-22,46.41,0.1727
1958-07-23,46.4,-0.0215
1958-07-24,46.65,0.5388
1958-07-25,46.97,0.686
1958-07-28,47.15,0.3832
1958-07-29,46.96,-0.403
1958-07-30,47.09,0.2768
1958-07-31,47.19,0.2124
1958-08-01,47.49,0.6357
1958-08-04,47.94,0.9476
1958-08-05,47.75,-0.3963
1958-08-06,47.46,-0.6073
1958-08-07,47.77,0.6532
1958-08-08,48.05,0.5861
1958-08-11,48.16,0.2289
1958-08-12,47.73,-0.8929
1958-08-13,47.81,0.1676
1958-08-14,47.91,0.2092
1958-08-15,47.5,-0.8558
1958-08-18,47.22,-0.5895
1958-08-19,47.3,0.1694
1958-08-20,47.32,0.0423
1958-08-21,47.63,0.6551
1958-08-22,47.73,0.21
1958-08-25,47.74,0.021
1958-08-26,47.9,0.3351
1958-08-27,47.91,0.0209
1958-08-28,47.66,-0.5218
1958-08-29,47.75,0.1888
1958-09-02,48.0,0.5236
1958-09-03,48.18,0.375
1958-09-04,48.1,-0.166
1958-09-05,47.97,-0.2703
1958-09-08,48.13,0.3335
1958-09-09,48.46,0.6856
1958-09-10,48.31,-0.3095
1958-09-11,48.64,0.6831
1958-09-12,48.53,-0.2262
1958-09-15,48.96,0.886
1958-09-16,49.35,0.7966
1958-09-17,49.35,0.0
1958-09-18,49.38,0.0608
1958-09-19,49.4,0.0405
1958-09-22,49.2,-0.4049
1958-09-23,49.56,0.7317
1958-09-24,49.78,0.4439
1958-09-25,49.57,-0.4219
1958-09-26,49.66,0.1816
1958-09-29,49.87,0.4229
1958-09-30,50.06,0.381
1958-10-01,49.98,-0.1598
1958-10-02,50.17,0.3802
1958-10-03,50.37,0.3986
1958-10-06,51.07,1.3897
1958-10-07,51.07,0.0
1958-10-08,51.06,-0.0196
1958-10-09,51.05,-0.0196
1958-10-10,51.39,0.666
1958-10-13,51.62,0.4476
1958-10-14,51.26,-0.6974
1958-10-15,50.58,-1.3266
1958-10-16,50.94,0.7117
1958-10-17,51.46,1.0208
1958-10-20,51.27,-0.3692
1958-10-21,51.27,0.0
1958-10-22,51.07,-0.3901
1958-10-23,50.97,-0.1958
1958-10-24,50.81,-0.3139
1958-10-27,50.42,-0.7676
1958-10-28,50.58,0.3173
1958-10-29,51.07,0.9688
1958-10-30,51.27,0.3916
1958-10-31,51.33,0.117
1958-11-03,51.56,0.4481
1958-11-05,52.03,0.9116
1958-11-06,52.45,0.8072
1958-11-07,52.26,-0.3622
1958-11-10,52.57,0.5932
1958-11-11,52.98,0.7799
1958-11-12,53.05,0.1321
1958-11-13,52.83,-0.4147
1958-11-14,53.09,0.4921
1958-11-17,53.24,0.2825
1958-11-18,53.13,-0.2066
1958-11-19,53.2,0.1318
1958-11-20,53.21,0.0188
1958-11-21,52.7,-0.9585
1958-11-24,52.03,-1.2713
1958-11-25,51.02,-1.9412
1958-11-26,51.9,1.7248
1958-11-28,52.48,1.1175
1958-12-01,52.69,0.4002
1958-12-02,52.46,-0.4365
1958-12-03,52.53,0.1334
1958-12-04,52.55,0.0381
1958-12-05,52.46,-0.1713
1958-12-08,52.46,0.0
1958-12-09,52.82,0.6862
1958-12-10,53.46,1.2117
1958-12-11,53.35,-0.2058
1958-12-12,53.22,-0.2437
1958-12-15,53.37,0.2818
1958-12-16,53.57,0.3747
1958-12-17,53.92,0.6534
1958-12-18,54.15,0.4266
1958-12-19,54.07,-0.1477
1958-12-22,53.71,-0.6658
1958-12-23,53.42,-0.5399
1958-12-24,54.11,1.2917
1958-12-29,54.74,1.1643
1958-12-30,54.93,0.3471
1958-12-31,55.21,0.5097
1959-01-02,55.44,0.4166
1959-01-05,55.66,0.3968
1959-01-06,55.59,-0.1258
1959-01-07,54.89,-1.2592
1959-01-08,55.4,0.9291
1959-01-09,55.77,0.6679
1959-01-12,55.78,0.0179
1959-01-13,55.47,-0.5558
1959-01-14,55.62,0.2704
1959-01-15,55.83,0.3776
1959-01-16,55.81,-0.0358
1959-01-19,55.68,-0.2329
1959-01-20,55.72,0.0718
1959-01-21,56.04,0.5743
1959-01-22,55.97,-0.1249
1959-01-23,56.0,0.0536
1959-01-26,55.77,-0.4107
1959-01-27,55.78,0.0179
1959-01-28,55.16,-1.1115
1959-01-29,55.2,0.0725
1959-01-30,55.45,0.4529
1959-02-02,55.21,-0.4328
1959-02-03,55.28,0.1268
1959-02-04,55.06,-0.398
1959-02-05,54.81,-0.4541
1959-02-06,54.37,-0.8028
1959-02-09,53.58,-1.453
1959-02-10,54.32,1.3811
1959-02-11,54.35,0.0552
1959-02-12,54.0,-0.644
1959-02-13,54.42,0.7778
1959-02-16,54.5,0.147
1959-02-17,54.29,-0.3853
1959-02-18,54.3,0.0184
1959-02-19,55.5,2.2099
1959-02-20,55.52,0.036
1959-02-24,55.48,-0.072
1959-02-25,55.24,-0.4326
1959-02-26,55.34,0.181
1959-02-27,55.41,0.1265
1959-03-02,55.73,0.5775
1959-03-03,56.25,0.9331
1959-03-04,56.35,0.1778
1959-03-05,56.43,0.142
1959-03-06,56.21,-0.3899
1959-03-09,56.15,-0.1067
1959-03-10,56.31,0.285
1959-03-11,56.35,0.071
1959-03-12,56.6,0.4437
1959-03-13,56.67,0.1237
1959-03-16,56.06,-1.0764
1959-03-17,56.52,0.8205
1959-03-18,56.39,-0.23
1959-03-19,56.34,-0.0887
1959-03-20,56.39,0.0887
1959-03-23,55.87,-0.9221
1959-03-24,55.96,0.1611
1959-03-25,55.88,-0.143
1959-03-26,55.76,-0.2147
1959-03-30,55.45,-0.556
1959-03-31,55.44,-0.018
1959-04-01,55.69,0.4509
1959-04-02,56.0,0.5567
1959-04-03,56.44,0.7857
1959-04-06,56.6,0.2835
1959-04-07,56.48,-0.212
1959-04-08,56.21,-0.478
1959-04-09,56.17,-0.0712
1959-04-10,56.22,0.089
1959-04-13,56.43,0.3735
1959-04-14,56.71,0.4962
1959-04-15,56.96,0.4408
1959-04-16,57.43,0.8251
1959-04-17,57.92,0.8532
1959-04-20,58.17,0.4316
1959-04-21,58.11,-0.1031
1959-04-22,57.73,-0.6539
1959-04-23,57.6,-0.2252
1959-04-24,57.96,0.625
1959-04-27,58.14,0.3106
1959-04-28,57.92,-0.3784
1959-04-29,57.69,-0.3971
1959-04-30,57.59,-0.1733
1959-05-01,57.65,0.1042
1959-05-04,57.65,0.0
1959-05-05,57.75,0.1735
1959-05-06,57.61,-0.2424
1959-05-07,56.88,-1.2671
1959-05-08,57.32,0.7736
1959-05-11,57.96,1.1165
1959-05-12,57.96,0.0
1959-05-13,57.97,0.0173
1959-05-14,58.37,0.69
1959-05-15,58.16,-0.3598
1959-05-18,58.15,-0.0172
1959-05-19,58.32,0.2923
1959-05-20,58.09,-0.3944
1959-05-21,58.14,0.0861
1959-05-22,58.33,0.3268
1959-05-25,58.18,-0.2572
1959-05-26,58.09,-0.1547
1959-05-27,58.19,0.1721
1959-05-28,58.39,0.3437
1959-05-29,58.68,0.4967
1959-06-01,58.63,-0.0852
1959-06-02,58.23,-0.6822
1959-06-03,58.25,0.0343
1959-06-04,57.63,-1.0644
1959-06-05,57.51,-0.2082
1959-06-08,56.76,-1.3041
1959-06-09,56.36,-0.7047
1959-06-10,57.19,1.4727
1959-06-11,57.25,0.1049
1959-06-12,57.29,0.0699
1959-06-15,56.99,-0.5237
1959-06-16,56.56,-0.7545
1959-06-17,57.09,0.9371
1959-06-18,57.05,-0.0701
1959-06-19,57.13,0.1402
1959-06-22,57.13,0.0
1959-06-23,57.12,-0.0175
1959-06-24,57.41,0.5077
1959-06-25,57.73,0.5574
1959-06-26,57.98,0.4331
1959-06-29,58.37,0.6726
1959-06-30,58.47,0.1713
1959-07-01,58.97,0.8551
1959-07-02,59.28,0.5257
1959-07-06,59.65,0.6242
1959-07-07,60.01,0.6035
1959-07-08,60.03,0.0333
1959-07-09,59.97,-0.1
1959-07-10,59.91,-0.1001
1959-07-13,59.41,-0.8346
1959-07-14,59.55,0.2357
1959-07-15,59.59,0.0672
1959-07-16,59.41,-0.3021
1959-07-17,59.19,-0.3703
1959-07-20,58.91,-0.4731
1959-07-21,59.41,0.8488
1959-07-22,59.61,0.3366
1959-07-23,59.67,0.1007
1959-07-24,59.65,-0.0335
1959-07-27,60.02,0.6203
1959-07-28,60.32,0.4998
1959-07-29,60.62,0.4973
1959-07-30,60.5,-0.198
1959-07-31,60.51,0.0165
1959-08-03,60.71,0.3305
1959-08-04,60.61,-0.1647
1959-08-05,60.3,-0.5115
1959-08-06,60.24,-0.0995
1959-08-07,59.87,-0.6142
1959-08-10,58.62,-2.0879
1959-08-11,59.39,1.3135
1959-08-12,59.25,-0.2357
1959-08-13,59.15,-0.1688
1959-08-14,59.29,0.2367
1959-08-17,59.17,-0.2024
1959-08-18,58.62,-0.9295
1959-08-19,58.27,-0.5971
1959-08-20,59.14,1.493
1959-08-21,59.08,-0.1015
1959-08-24,58.87,-0.3555
1959-08-25,58.99,0.2038
1959-08-26,59.07,0.1356
1959-08-27,59.58,0.8634
1959-08-28,59.6,0.0336
1959-08-31,59.6,0.0
1959-09-01,58.87,-1.2248
1959-09-02,58.92,0.0849
1959-09-03,58.26,-1.1202
1959-09-04,58.54,0.4806
1959-09-08,57.7,-1.4349
1959-09-09,57.29,-0.7106
1959-09-10,56.99,-0.5237
1959-09-11,57.41,0.737
1959-09-14,56.99,-0.7316
1959-09-15,56.68,-0.544
1959-09-16,56.72,0.0706
1959-09-17,56.41,-0.5465
1959-09-18,56.19,-0.39
1959-09-21,55.27,-1.6373
1959-09-22,55.14,-0.2352
1959-09-23,55.82,1.2332
1959-09-24,56.78,1.7198
1959-09-25,56.73,-0.0881
1959-09-28,57.15,0.7403
1959-09-29,57.51,0.6299
1959-09-30,56.88,-1.0955
1959-10-01,56.94,0.1055
1959-10-02,57.2,0.4566
1959-10-05,57.14,-0.1049
1959-10-06,57.09,-0.0875
1959-10-07,56.94,-0.2627
1959-10-08,56.81,-0.2283
1959-10-09,57.0,0.3344
1959-10-12,57.32,0.5614
1959-10-13,57.16,-0.2791
1959-10-14,56.71,-0.7873
1959-10-15,56.87,0.2821
1959-10-16,57.33,0.8089
1959-10-19,57.01,-0.5582
1959-10-20,56.66,-0.6139
1959-10-21,56.55,-0.1941
1959-10-22,56.0,-0.9726
1959-10-23,56.56,1.0
1959-10-26,56.94,0.6719
1959-10-27,57.42,0.843
1959-10-28,57.46,0.0697
1959-10-29,57.41,-0.087
1959-10-30,57.52,0.1916
1959-11-02,57.41,-0.1912
1959-11-04,57.26,-0.2613
1959-11-05,57.32,0.1048
1959-11-06,57.6,0.4885
1959-11-09,57.5,-0.1736
1959-11-10,57.48,-0.0348
1959-11-11,57.49,0.0174
1959-11-12,57.17,-0.5566
1959-11-13,56.85,-0.5597
1959-11-16,56.22,-1.1082
1959-11-17,56.38,0.2846
1959-11-18,56.99,1.0819
1959-11-19,56.94,-0.0877
1959-11-20,56.97,0.0527
1959-11-23,57.08,0.1931
1959-11-24,57.35,0.473
1959-11-25,57.44,0.1569
1959-11-27,57.7,0.4526
1959-11-30,58.28,1.0052
1959-12-01,58.7,0.7207
1959-12-02,58.6,-0.1704
1959-12-03,58.73,0.2218
1959-12-04,58.85,0.2043
1959-12-07,58.96,0.1869
1959-12-08,59.34,0.6445
1959-12-09,58.97,-0.6235
1959-12-10,59.02,0.0848
1959-12-11,58.88,-0.2372
1959-12-14,59.04,0.2717
1959-12-15,58.9,-0.2371
1959-12-16,58.97,0.1188
1959-12-17,58.86,-0.1865
1959-12-18,59.14,0.4757
1959-12-21,59.21,0.1184
1959-12-22,59.14,-0.1182
1959-12-23,58.96,-0.3044
1959-12-24,59.0,0.0678
1959-12-28,58.98,-0.0339
1959-12-29,59.3,0.5426
1959-12-30,59.77,0.7926
1959-12-31,59.89,0.2008
1960-01-04,59.91,0.0334
1960-01-05,60.39,0.8012
1960-01-06,60.13,-0.4305
1960-01-07,59.69,-0.7317
1960-01-08,59.5,-0.3183
1960-01-11,58.77,-1.2269
1960-01-12,58.41,-0.6126
1960-01-13,58.08,-0.565
1960-01-14,58.4,0.551
1960-01-15,58.38,-0.0342
1960-01-18,57.89,-0.8393
1960-01-19,57.27,-1.071
1960-01-20,57.07,-0.3492
1960-01-21,57.21,0.2453
1960-01-22,57.38,0.2972
1960-01-25,56.78,-1.0457
1960-01-26,56.86,0.1409
1960-01-27,56.72,-0.2462
1960-01-28,56.13,-1.0402
1960-01-29,55.61,-0.9264
1960-02-01,55.96,0.6294
1960-02-02,56.82,1.5368
1960-02-03,56.32,-0.88
1960-02-04,56.27,-0.0888
1960-02-05,55.98,-0.5154
1960-02-08,55.32,-1.179
1960-02-09,55.84,0.94
1960-02-10,55.49,-0.6268
1960-02-11,55.18,-0.5587
1960-02-12,55.46,0.5074
1960-02-15,55.17,-0.5229
1960-02-16,54.73,-0.7975
1960-02-17,55.03,0.5481
1960-02-18,55.8,1.3992
1960-02-19,56.24,0.7885
1960-02-23,55.94,-0.5334
1960-02-24,55.74,-0.3575
1960-02-25,55.93,0.3409
1960-02-26,56.16,0.4112
1960-02-29,56.12,-0.0712
1960-03-01,56.01,-0.196
1960-03-02,55.62,-0.6963
1960-03-03,54.78,-1.5102
1960-03-04,54.57,-0.3834
1960-03-07,54.02,-1.0079
1960-03-08,53.47,-1.0181
1960-03-09,54.04,1.066
1960-03-10,53.83,-0.3886
1960-03-11,54.24,0.7617
1960-03-14,54.32,0.1475
1960-03-15,54.74,0.7732
1960-03-16,55.04,0.548
1960-03-17,54.96,-0.1453
1960-03-18,55.01,0.091
1960-03-21,55.07,0.1091
1960-03-22,55.29,0.3995
1960-03-23,55.74,0.8139
1960-03-24,55.98,0.4306
1960-03-25,55.98,0.0
1960-03-28,55.86,-0.2144
1960-03-29,55.78,-0.1432
1960-03-30,55.66,-0.2151
1960-03-31,55.34,-0.5749
1960-04-01,55.43,0.1626
1960-04-04,55.54,0.1984
1960-04-05,55.37,-0.3061
1960-04-06,56.51,2.0589
1960-04-07,56.52,0.0177
1960-04-08,56.39,-0.23
1960-04-11,56.17,-0.3901
1960-04-12,56.3,0.2314
1960-04-13,56.3,0.0
1960-04-14,56.43,0.2309
1960-04-18,56.59,0.2835
1960-04-19,56.13,-0.8129
1960-04-20,55.44,-1.2293
1960-04-21,55.59,0.2706
1960-04-22,55.42,-0.3058
1960-04-25,54.86,-1.0105
1960-04-26,55.04,0.3281
1960-04-27,55.04,0.0
1960-04-28,54.56,-0.8721
1960-04-29,54.37,-0.3482
1960-05-02,54.13,-0.4414
1960-05-03,54.83,1.2932
1960-05-04,55.04,0.383
1960-05-05,54.86,-0.327
1960-05-06,54.75,-0.2005
1960-05-09,54.8,0.0913
1960-05-10,54.42,-0.6934
1960-05-11,54.57,0.2756
1960-05-12,54.85,0.5131
1960-05-13,55.3,0.8204
1960-05-16,55.25,-0.0904
1960-05-17,55.46,0.3801
1960-05-18,55.44,-0.0361
1960-05-19,55.68,0.4329
1960-05-20,55.73,0.0898
1960-05-23,55.76,0.0538
1960-05-24,55.7,-0.1076
1960-05-25,55.67,-0.0539
1960-05-26,55.71,0.0719
1960-05-27,55.74,0.0539
1960-05-31,55.83,0.1615
1960-06-01,55.89,0.1075
1960-06-02,56.13,0.4294
1960-06-03,56.23,0.1782
1960-06-06,56.89,1.1738
1960-06-07,57.43,0.9492
1960-06-08,57.89,0.801
1960-06-09,58.0,0.19
1960-06-10,57.97,-0.0517
1960-06-13,57.99,0.0345
1960-06-14,57.91,-0.138
1960-06-15,57.57,-0.5871
1960-06-16,57.5,-0.1216
1960-06-17,57.44,-0.1043
1960-06-20,57.16,-0.4875
1960-06-21,57.11,-0.0875
1960-06-22,57.28,0.2977
1960-06-23,57.59,0.5412
1960-06-24,57.68,0.1563
1960-06-27,57.33,-0.6068
1960-06-28,56.94,-0.6803
1960-06-29,56.94,0.0
1960-06-30,56.92,-0.0351
1960-07-01,57.06,0.246
1960-07-05,57.02,-0.0701
1960-07-06,56.94,-0.1403
1960-07-07,57.24,0.5269
1960-07-08,57.38,0.2446
1960-07-11,56.87,-0.8888
1960-07-12,56.25,-1.0902
1960-07-13,56.1,-0.2667
1960-07-14,56.12,0.0357
1960-07-15,56.05,-0.1247
1960-07-18,55.7,-0.6244
1960-07-19,55.7,0.0
1960-07-20,55.61,-0.1616
1960-07-21,55.1,-0.9171
1960-07-22,54.72,-0.6897
1960-07-25,54.18,-0.9868
1960-07-26,54.51,0.6091
1960-07-27,54.17,-0.6237
1960-07-28,54.57,0.7384
1960-07-29,55.51,1.7226
1960-08-01,55.53,0.036
1960-08-02,55.04,-0.8824
1960-08-03,54.72,-0.5814
1960-08-04,54.89,0.3107
1960-08-05,55.44,1.002
1960-08-08,55.52,0.1443
1960-08-09,55.84,0.5764
1960-08-10,56.07,0.4119
1960-08-11,56.28,0.3745
1960-08-12,56.66,0.6752
1960-08-15,56.61,-0.0882
1960-08-16,56.72,0.1943
1960-08-17,56.84,0.2116
1960-08-18,56.81,-0.0528
1960-08-19,57.01,0.3521
1960-08-22,57.19,0.3157
1960-08-23,57.75,0.9792
1960-08-24,58.07,0.5541
1960-08-25,57.79,-0.4822
1960-08-26,57.6,-0.3288
1960-08-29,57.44,-0.2778
1960-08-30,56.84,-1.0446
1960-08-31,56.96,0.2111
1960-09-01,57.09,0.2282
1960-09-02,57.0,-0.1576
1960-09-06,56.49,-0.8947
1960-09-07,55.79,-1.2392
1960-09-08,55.74,-0.0896
1960-09-09,56.11,0.6638
1960-09-12,55.72,-0.6951
1960-09-13,55.83,0.1974
1960-09-14,55.44,-0.6985
1960-09-15,55.22,-0.3968
1960-09-16,55.11,-0.1992
1960-09-19,53.86,-2.2682
1960-09-20,54.01,0.2785
1960-09-21,54.57,1.0368
1960-09-22,54.36,-0.3848
1960-09-23,53.9,-0.8462
1960-09-26,53.06,-1.5584
1960-09-27,52.94,-0.2262
1960-09-28,52.48,-0.8689
1960-09-29,52.62,0.2668
1960-09-30,53.52,1.7104
1960-10-03,53.36,-0.299
1960-10-04,52.99,-0.6934
1960-10-05,53.39,0.7549
1960-10-06,53.72,0.6181
1960-10-07,54.03,0.5771
1960-10-10,54.14,0.2036
1960-10-11,54.22,0.1478
1960-10-12,54.15,-0.1291
1960-10-13,54.57,0.7756
1960-10-14,54.86,0.5314
1960-10-17,54.63,-0.4192
1960-10-18,54.35,-0.5125
1960-10-19,54.25,-0.184
1960-10-20,53.86,-0.7189
1960-10-21,53.72,-0.2599
1960-10-24,52.7,-1.8987
1960-10-25,52.2,-0.9488
1960-10-26,53.05,1.6284
1960-10-27,53.62,1.0745
1960-10-28,53.41,-0.3916
1960-10-31,53.39,-0.0374
1960-11-01,53.94,1.0302
1960-11-02,54.22,0.5191
1960-11-03,54.43,0.3873
1960-11-04,54.9,0.8635
1960-11-07,55.11,0.3825
1960-11-09,55.35,0.4355
1960-11-10,56.43,1.9512
1960-11-11,55.87,-0.9924
1960-11-14,55.59,-0.5012
1960-11-15,55.81,0.3958
1960-11-16,55.7,-0.1971
1960-11-17,55.55,-0.2693
1960-11-18,55.82,0.486
1960-11-21,55.93,0.1971
1960-11-22,55.72,-0.3755
1960-11-23,55.8,0.1436
1960-11-25,56.13,0.5914
1960-11-28,56.03,-0.1782
1960-11-29,55.83,-0.357
1960-11-30,55.54,-0.5194
1960-12-01,55.3,-0.4321
1960-12-02,55.39,0.1627
1960-12-05,55.31,-0.1444
1960-12-06,55.47,0.2893
1960-12-07,56.02,0.9915
1960-12-08,56.15,0.2321
1960-12-09,56.65,0.8905
1960-12-12,56.85,0.353
1960-12-13,56.88,0.0528
1960-12-14,56.84,-0.0703
1960-12-15,56.68,-0.2815
1960-12-16,57.2,0.9174
1960-12-19,57.13,-0.1224
1960-12-20,57.09,-0.07
1960-12-21,57.55,0.8057
1960-12-22,57.39,-0.278
1960-12-23,57.44,0.0871
1960-12-27,57.52,0.1393
1960-12-28,57.78,0.452
1960-12-29,58.05,0.4673
1960-12-30,58.11,0.1034
1961-01-03,57.57,-0.9293
1961-01-04,58.36,1.3722
1961-01-05,58.57,0.3598
1961-01-06,58.4,-0.2903
1961-01-09,58.81,0.7021
1961-01-10,58.97,0.2721
1961-01-11,59.14,0.2883
1961-01-12,59.32,0.3044
1961-01-13,59.6,0.472
1961-01-16,59.58,-0.0336
1961-01-17,59.64,0.1007
1961-01-18,59.68,0.0671
1961-01-19,59.77,0.1508
1961-01-20,59.96,0.3179
1961-01-23,60.29,0.5504
1961-01-24,60.45,0.2654
1961-01-25,60.53,0.1323
1961-01-26,60.62,0.1487
1961-01-27,61.24,1.0228
1961-01-30,61.97,1.192
1961-01-31,61.78,-0.3066
1961-02-01,61.9,0.1942
1961-02-02,62.3,0.6462
1961-02-03,62.22,-0.1284
1961-02-06,61.76,-0.7393
1961-02-07,61.65,-0.1781
1961-02-08,62.21,0.9084
1961-02-09,62.02,-0.3054
1961-02-10,61.5,-0.8384
1961-02-13,61.14,-0.5854
1961-02-14,61.41,0.4416
1961-02-15,61.92,0.8305
1961-02-16,62.3,0.6137
1961-02-17,62.1,-0.321
1961-02-20,62.32,0.3543
1961-02-21,62.36,0.0642
1961-02-23,62.59,0.3688
1961-02-24,62.84,0.3994
1961-02-27,63.3,0.732
1961-02-28,63.44,0.2212
1961-03-01,63.43,-0.0158
1961-03-02,63.85,0.6621
1961-03-03,63.95,0.1566
1961-03-06,64.05,0.1564
1961-03-07,63.47,-0.9055
1961-03-08,63.44,-0.0473
1961-03-09,63.5,0.0946
1961-03-10,63.48,-0.0315
1961-03-13,63.66,0.2836
1961-03-14,63.38,-0.4398
1961-03-15,63.57,0.2998
1961-03-16,64.21,1.0068
1961-03-17,64.0,-0.3271
1961-03-20,64.86,1.3437
1961-03-21,64.74,-0.185
1961-03-22,64.7,-0.0618
1961-03-23,64.53,-0.2628
1961-03-24,64.42,-0.1705
1961-03-27,64.35,-0.1087
1961-03-28,64.38,0.0466
1961-03-29,64.93,0.8543
1961-03-30,65.06,0.2002
1961-04-03,65.6,0.83
1961-04-04,65.66,0.0915
1961-04-05,65.46,-0.3046
1961-04-06,65.61,0.2291
1961-04-07,65.96,0.5335
1961-04-10,66.53,0.8642
1961-04-11,66.62,0.1353
1961-04-12,66.31,-0.4653
1961-04-13,66.26,-0.0754
1961-04-14,66.37,0.166
1961-04-17,68.68,3.4805
1961-04-18,66.2,-3.6109
1961-04-19,65.81,-0.5891
1961-04-20,65.82,0.0152
1961-04-21,65.77,-0.076
1961-04-24,64.4,-2.083
1961-04-25,65.3,1.3975
1961-04-26,65.55,0.3828
1961-04-27,65.46,-0.1373
1961-04-28,65.31,-0.2291
1961-05-01,65.17,-0.2144
1961-05-02,65.64,0.7212
1961-05-03,66.18,0.8227
1961-05-04,66.44,0.3929
1961-05-05,66.52,0.1204
1961-05-08,66.41,-0.1654
1961-05-09,66.47,0.0903
1961-05-10,66.41,-0.0903
1961-05-11,66.39,-0.0301
1961-05-12,66.5,0.1657
1961-05-15,66.83,0.4962
1961-05-16,67.08,0.3741
1961-05-17,67.39,0.4621
1961-05-18,66.99,-0.5936
1961-05-19,67.27,0.418
1961-05-22,66.85,-0.6243
1961-05-23,66.68,-0.2543
1961-05-24,66.26,-0.6299
1961-05-25,66.01,-0.3773
1961-05-26,66.43,0.6363
1961-05-31,66.56,0.1957
1961-06-01,66.56,0.0
1961-06-02,66.73,0.2554
1961-06-05,67.08,0.5245
1961-06-06,66.89,-0.2832
1961-06-07,65.64,-1.8687
1961-06-08,66.67,1.5692
1961-06-09,66.66,-0.015
1961-06-12,66.15,-0.7651
1961-06-13,65.8,-0.5291
1961-06-14,65.98,0.2736
1961-06-15,65.69,-0.4395
1961-06-16,65.18,-0.7764
1961-06-19,64.58,-0.9205
1961-06-20,65.15,0.8826
1961-06-21,65.14,-0.0153
1961-06-22,64.9,-0.3684
1961-06-23,65.16,0.4006
1961-06-26,64.47,-1.0589
1961-06-27,64.47,0.0
1961-06-28,64.59,0.1861
1961-06-29,64.52,-0.1084
1961-06-30,64.64,0.186
1961-07-03,65.21,0.8818
1961-07-05,65.63,0.6441
1961-07-06,65.81,0.2743
1961-07-07,65.77,-0.0608
1961-07-10,65.71,-0.0912
1961-07-11,65.69,-0.0304
1961-07-12,65.32,-0.5633
1961-07-13,64.86,-0.7042
1961-07-14,65.28,0.6475
1961-07-17,64.79,-0.7506
1961-07-18,64.41,-0.5865
1961-07-19,64.7,0.4502
1961-07-20,64.71,0.0155
1961-07-21,64.86,0.2318
1961-07-24,64.87,0.0154
1961-07-25,65.23,0.555
1961-07-26,65.84,0.9352
1961-07-27,66.61,1.1695
1961-07-28,66.71,0.1501
1961-07-31,66.76,0.075
1961-08-01,67.37,0.9137
1961-08-02,66.94,-0.6383
1961-08-03,67.29,0.5229
1961-08-04,67.68,0.5796
1961-08-07,67.67,-0.0148
1961-08-08,67.82,0.2217
1961-08-09,67.74,-0.118
1961-08-10,67.95,0.31
1961-08-11,68.06,0.1619
1961-08-14,67.72,-0.4996
1961-08-15,67.55,-0.251
1961-08-16,67.73,0.2665
1961-08-17,68.11,0.5611
1961-08-18,68.29,0.2643
1961-08-21,68.43,0.205
1961-08-22,68.44,0.0146
1961-08-23,67.98,-0.6721
1961-08-24,67.59,-0.5737
1961-08-25,67.67,0.1184
1961-08-28,67.7,0.0443
1961-08-29,67.55,-0.2216
1961-08-30,67.81,0.3849
1961-08-31,68.07,0.3834
1961-09-01,68.19,0.1763
1961-09-05,67.96,-0.3373
1961-09-06,68.46,0.7357
1961-09-07,68.35,-0.1607
1961-09-08,67.88,-0.6876
1961-09-11,67.28,-0.8839
1961-09-12,67.96,1.0107
1961-09-13,68.01,0.0736
1961-09-14,67.53,-0.7058
1961-09-15,67.65,0.1777
1961-09-18,67.21,-0.6504
1961-09-19,66.08,-1.6813
1961-09-20,66.96,1.3317
1961-09-21,66.99,0.0448
1961-09-22,66.72,-0.403
1961-09-25,65.77,-1.4239
1961-09-26,65.78,0.0152
1961-09-27,66.47,1.049
1961-09-28,66.58,0.1655
1961-09-29,66.73,0.2253
1961-10-02,66.77,0.0599
1961-10-03,66.73,-0.0599
1961-10-04,67.18,0.6744
1961-10-05,67.77,0.8782
1961-10-06,66.97,-1.1805
1961-10-09,67.94,1.4484
1961-10-10,68.11,0.2502
1961-10-11,68.17,0.0881
1961-10-12,68.16,-0.0147
1961-10-13,68.04,-0.1761
1961-10-16,67.85,-0.2792
1961-10-17,67.87,0.0295
1961-10-18,68.21,0.501
1961-10-19,68.45,0.3519
1961-10-20,68.0,-0.6574
1961-10-23,68.06,0.0882
1961-10-24,67.98,-0.1175
1961-10-25,68.34,0.5296
1961-10-26,68.46,0.1756
1961-10-27,68.34,-0.1753
1961-10-30,68.42,0.1171
1961-10-31,68.62,0.2923
1961-11-01,68.73,0.1603
1961-11-02,69.11,0.5529
1961-11-03,69.47,0.5209
1961-11-06,70.01,0.7773
1961-11-08,70.87,1.2284
1961-11-09,70.77,-0.1411
1961-11-10,71.07,0.4239
1961-11-13,71.27,0.2814
1961-11-14,71.66,0.5472
1961-11-15,71.67,0.014
1961-11-16,71.62,-0.0698
1961-11-17,71.62,0.0
1961-11-20,71.72,0.1396
1961-11-21,71.78,0.0837
1961-11-22,71.7,-0.1115
1961-11-24,71.84,0.1953
1961-11-27,71.85,0.0139
1961-11-28,71.75,-0.1392
1961-11-29,71.7,-0.0697
1961-11-30,71.32,-0.53
1961-12-01,71.78,0.645
1961-12-04,72.01,0.3204
1961-12-05,71.93,-0.1111
1961-12-06,71.99,0.0834
1961-12-07,71.7,-0.4028
1961-12-08,72.04,0.4742
1961-12-11,72.39,0.4858
1961-12-12,72.64,0.3454
1961-12-13,72.53,-0.1514
1961-12-14,71.98,-0.7583
1961-12-15,72.01,0.0417
1961-12-18,71.76,-0.3472
1961-12-19,71.26,-0.6968
1961-12-20,71.12,-0.1965
1961-12-21,70.86,-0.3656
1961-12-22,70.91,0.0706
1961-12-26,71.02,0.1551
1961-12-27,71.65,0.8871
1961-12-28,71.69,0.0558
1961-12-29,71.55,-0.1953
1962-01-02,70.96,-0.8246
1962-01-03,71.13,0.2396
1962-01-04,70.64,-0.6889
1962-01-05,69.66,-1.3873
1962-01-08,69.12,-0.7752
1962-01-09,69.15,0.0434
1962-01-10,68.96,-0.2748
1962-01-11,69.37,0.5945
1962-01-12,69.61,0.346
1962-01-15,69.47,-0.2011
1962-01-16,69.07,-0.5758
1962-01-17,68.32,-1.0859
1962-01-18,68.39,0.1025
1962-01-19,68.75,0.5264
1962-01-22,68.81,0.0873
1962-01-23,68.29,-0.7557
1962-01-24,68.4,0.1611
1962-01-25,68.35,-0.0731
1962-01-26,68.13,-0.3219
1962-01-29,67.9,-0.3376
1962-01-30,68.17,0.3976
1962-01-31,68.84,0.9828
1962-02-01,69.26,0.6101
1962-02-02,69.81,0.7941
1962-02-05,69.88,0.1003
1962-02-06,69.96,0.1145
1962-02-07,70.42,0.6575
1962-02-08,70.58,0.2272
1962-02-09,70.48,-0.1417
1962-02-12,70.46,-0.0284
1962-02-13,70.45,-0.0142
1962-02-14,70.42,-0.0426
1962-02-15,70.74,0.4544
1962-02-16,70.59,-0.212
1962-02-19,70.41,-0.255
1962-02-20,70.66,0.3551
1962-02-21,70.32,-0.4812
1962-02-23,70.16,-0.2275
1962-02-26,69.76,-0.5701
1962-02-27,69.89,0.1864
1962-02-28,69.96,0.1002
1962-03-01,70.2,0.3431
1962-03-02,70.16,-0.057
1962-03-05,70.01,-0.2138
1962-03-06,69.78,-0.3285
1962-03-07,69.69,-0.129
1962-03-08,70.19,0.7175
1962-03-09,70.42,0.3277
1962-03-12,70.4,-0.0284
1962-03-13,70.6,0.2841
1962-03-14,70.91,0.4391
1962-03-15,71.06,0.2115
1962-03-16,70.94,-0.1689
1962-03-19,70.85,-0.1269
1962-03-20,70.66,-0.2682
1962-03-21,70.51,-0.2123
1962-03-22,70.4,-0.156
1962-03-23,70.45,0.071
1962-03-26,69.89,-0.7949
1962-03-27,69.7,-0.2719
1962-03-28,70.04,0.4878
1962-03-29,70.01,-0.0428
1962-03-30,69.55,-0.657
1962-04-02,69.37,-0.2588
1962-04-03,68.81,-0.8073
1962-04-04,68.49,-0.465
1962-04-05,68.91,0.6132
1962-04-06,68.84,-0.1016
1962-04-09,68.31,-0.7699
1962-04-10,68.56,0.366
1962-04-11,68.41,-0.2188
1962-04-12,67.9,-0.7455
1962-04-13,67.9,0.0
1962-04-16,67.6,-0.4418
1962-04-17,67.9,0.4438
1962-04-18,68.27,0.5449
1962-04-19,68.59,0.4687
1962-04-23,68.53,-0.0875
1962-04-24,68.46,-0.1021
1962-04-25,67.71,-1.0955
1962-04-26,67.05,-0.9747
1962-04-27,66.3,-1.1186
1962-04-30,65.24,-1.5988
1962-05-01,65.7,0.7051
1962-05-02,65.99,0.4414
1962-05-03,66.53,0.8183
1962-05-04,66.24,-0.4359
1962-05-07,66.02,-0.3321
1962-05-08,65.17,-1.2875
1962-05-09,64.26,-1.3963
1962-05-10,63.57,-1.0738
1962-05-11,62.65,-1.4472
1962-05-14,63.1,0.7183
1962-05-15,64.29,1.8859
1962-05-16,64.27,-0.0311
1962-05-17,63.93,-0.529
1962-05-18,63.82,-0.1721
1962-05-21,63.59,-0.3604
1962-05-22,62.34,-1.9657
1962-05-23,61.11,-1.9731
1962-05-24,60.62,-0.8018
1962-05-25,59.47,-1.8971
1962-05-28,55.5,-6.6756
1962-05-29,58.08,4.6486
1962-05-31,59.63,2.6687
1962-06-01,59.38,-0.4193
1962-06-04,57.27,-3.5534
1962-06-05,57.57,0.5238
1962-06-06,58.39,1.4244
1962-06-07,58.4,0.0171
1962-06-08,58.45,0.0856
1962-06-11,57.82,-1.0778
1962-06-12,56.34,-2.5597
1962-06-13,55.5,-1.4909
1962-06-14,54.33,-2.1081
1962-06-15,55.89,2.8713
1962-06-18,55.74,-0.2684
1962-06-19,55.54,-0.3588
1962-06-20,54.78,-1.3684
1962-06-21,53.59,-2.1723
1962-06-22,52.68,-1.6981
1962-06-25,52.45,-0.4366
1962-06-26,52.32,-0.2479
1962-06-27,52.6,0.5352
1962-06-28,54.41,3.4411
1962-06-29,54.75,0.6249
1962-07-02,55.86,2.0274
1962-07-03,56.49,1.1278
1962-07-05,56.81,0.5665
1962-07-06,56.17,-1.1266
1962-07-09,56.55,0.6765
1962-07-10,57.2,1.1494
1962-07-11,57.73,0.9266
1962-07-12,58.03,0.5197
1962-07-13,57.83,-0.3446
1962-07-16,57.83,0.0
1962-07-17,56.78,-1.8157
1962-07-18,56.2,-1.0215
1962-07-19,56.42,0.3915
1962-07-20,56.81,0.6912
1962-07-23,56.8,-0.0176
1962-07-24,56.36,-0.7746
1962-07-25,56.46,0.1774
1962-07-26,56.77,0.5491
1962-07-27,57.2,0.7574
1962-07-30,57.83,1.1014
1962-07-31,58.23,0.6917
1962-08-01,57.75,-0.8243
1962-08-02,57.98,0.3983
1962-08-03,58.12,0.2415
1962-08-06,57.75,-0.6366
1962-08-07,57.36,-0.6753
1962-08-08,57.51,0.2615
1962-08-09,57.57,0.1043
1962-08-10,57.55,-0.0347
1962-08-13,57.63,0.139
1962-08-14,58.25,1.0758
1962-08-15,58.66,0.7039
1962-08-16,58.64,-0.0341
1962-08-17,59.01,0.631
1962-08-20,59.37,0.6101
1962-08-21,59.12,-0.4211
1962-08-22,59.78,1.1164
1962-08-23,59.7,-0.1338
1962-08-24,59.58,-0.201
1962-08-27,59.55,-0.0504
1962-08-28,58.79,-1.2762
1962-08-29,58.66,-0.2211
1962-08-30,58.68,0.0341
1962-08-31,59.12,0.7498
1962-09-04,58.56,-0.9472
1962-09-05,58.12,-0.7514
1962-09-06,58.36,0.4129
1962-09-07,58.38,0.0343
1962-09-10,58.45,0.1199
1962-09-11,58.59,0.2395
1962-09-12,58.84,0.4267
1962-09-13,58.7,-0.2379
1962-09-14,58.89,0.3237
1962-09-17,59.08,0.3226
1962-09-18,59.03,-0.0846
1962-09-19,58.95,-0.1355
1962-09-20,58.54,-0.6955
1962-09-21,57.69,-1.452
1962-09-24,56.63,-1.8374
1962-09-25,56.96,0.5827
1962-09-26,56.15,-1.4221
1962-09-27,55.77,-0.6768
1962-09-28,56.27,0.8965
1962-10-01,55.49,-1.3862
1962-10-02,56.1,1.0993
1962-10-03,56.16,0.107
1962-10-04,56.7,0.9615
1962-10-05,57.07,0.6526
1962-10-08,57.07,0.0
1962-10-09,57.2,0.2278
1962-10-10,57.24,0.0699
1962-10-11,57.05,-0.3319
1962-10-12,56.95,-0.1753
1962-10-15,57.27,0.5619
1962-10-16,57.08,-0.3318
1962-10-17,56.89,-0.3329
1962-10-18,56.34,-0.9668
1962-10-19,55.59,-1.3312
1962-10-22,54.96,-1.1333
1962-10-23,53.49,-2.6747
1962-10-24,55.21,3.2156
1962-10-25,54.69,-0.9419
1962-10-26,54.54,-0.2743
1962-10-29,55.72,2.1635
1962-10-30,56.54,1.4716
1962-10-31,56.52,-0.0354
1962-11-01,57.12,1.0616
1962-11-02,57.75,1.1029
1962-11-05,58.35,1.039
1962-11-07,58.71,0.617
1962-11-08,58.32,-0.6643
1962-11-09,58.78,0.7888
1962-11-12,59.59,1.378
1962-11-13,59.46,-0.2182
1962-11-14,60.16,1.1773
1962-11-15,59.97,-0.3158
1962-11-16,60.16,0.3168
1962-11-19,59.82,-0.5652
1962-11-20,60.45,1.0532
1962-11-21,60.81,0.5955
1962-11-23,61.54,1.2005
1962-11-26,61.36,-0.2925
1962-11-27,61.73,0.603
1962-11-28,62.12,0.6318
1962-11-29,62.41,0.4668
1962-11-30,62.26,-0.2403
1962-12-03,61.94,-0.514
1962-12-04,62.64,1.1301
1962-12-05,62.39,-0.3991
1962-12-06,62.93,0.8655
1962-12-07,63.06,0.2066
1962-12-10,62.27,-1.2528
1962-12-11,62.32,0.0803
1962-12-12,62.63,0.4974
1962-12-13,62.42,-0.3353
1962-12-14,62.57,0.2403
1962-12-17,62.37,-0.3196
1962-12-18,62.07,-0.481
1962-12-19,62.58,0.8217
1962-12-20,62.82,0.3835
1962-12-21,62.64,-0.2865
1962-12-24,62.63,-0.016
1962-12-26,63.02,0.6227
1962-12-27,62.93,-0.1428
1962-12-28,62.96,0.0477
1962-12-31,63.1,0.2224
1963-01-02,62.69,-0.6498
1963-01-03,63.72,1.643
1963-01-04,64.13,0.6434
1963-01-07,64.12,-0.0156
1963-01-08,64.74,0.9669
1963-01-09,64.59,-0.2317
1963-01-10,64.71,0.1858
1963-01-11,64.85,0.2163
1963-01-14,65.2,0.5397
1963-01-15,65.11,-0.138
1963-01-16,64.67,-0.6758
1963-01-17,65.13,0.7113
1963-01-18,65.18,0.0768
1963-01-21,65.28,0.1534
1963-01-22,65.44,0.2451
1963-01-23,65.62,0.2751
1963-01-24,65.75,0.1981
1963-01-25,65.92,0.2586
1963-01-28,66.24,0.4854
1963-01-29,66.23,-0.0151
1963-01-30,65.85,-0.5738
1963-01-31,66.2,0.5315
1963-02-01,66.31,0.1662
1963-02-04,66.17,-0.2111
1963-02-05,66.11,-0.0907
1963-02-06,66.4,0.4387
1963-02-07,66.17,-0.3464
1963-02-08,66.17,0.0
1963-02-11,65.76,-0.6196
1963-02-12,65.83,0.1064
1963-02-13,66.15,0.4861
1963-02-14,66.35,0.3023
1963-02-15,66.41,0.0904
1963-02-18,66.52,0.1656
1963-02-19,66.2,-0.4811
1963-02-20,65.83,-0.5589
1963-02-21,65.92,0.1367
1963-02-25,65.46,-0.6978
1963-02-26,65.47,0.0153
1963-02-27,65.01,-0.7026
1963-02-28,64.29,-1.1075
1963-03-01,64.1,-0.2955
1963-03-04,64.72,0.9672
1963-03-05,64.74,0.0309
1963-03-06,64.85,0.1699
1963-03-07,65.26,0.6322
1963-03-08,65.33,0.1073
1963-03-11,65.51,0.2755
1963-03-12,65.67,0.2442
1963-03-13,65.91,0.3655
1963-03-14,65.6,-0.4703
1963-03-15,65.93,0.503
1963-03-18,65.61,-0.4854
1963-03-19,65.47,-0.2134
1963-03-20,65.95,0.7332
1963-03-21,65.85,-0.1516
1963-03-22,66.19,0.5163
1963-03-25,66.21,0.0302
1963-03-26,66.4,0.287
1963-03-27,66.68,0.4217
1963-03-28,66.58,-0.15
1963-03-29,66.57,-0.015
1963-04-01,66.85,0.4206
1963-04-02,66.84,-0.015
1963-04-03,67.36,0.778
1963-04-04,67.85,0.7274
1963-04-05,68.28,0.6338
1963-04-08,68.52,0.3515
1963-04-09,68.45,-0.1022
1963-04-10,68.29,-0.2337
1963-04-11,68.77,0.7029
1963-04-15,69.09,0.4653
1963-04-16,69.14,0.0724
1963-04-17,68.92,-0.3182
1963-04-18,68.89,-0.0435
1963-04-19,69.23,0.4935
1963-04-22,69.3,0.1011
1963-04-23,69.53,0.3319
1963-04-24,69.72,0.2733
1963-04-25,69.76,0.0574
1963-04-26,69.7,-0.086
1963-04-29,69.65,-0.0717
1963-04-30,69.8,0.2154
1963-05-01,69.97,0.2436
1963-05-02,70.17,0.2858
1963-05-03,70.03,-0.1995
1963-05-06,69.53,-0.714
1963-05-07,69.44,-0.1294
1963-05-08,70.01,0.8209
1963-05-09,70.35,0.4856
1963-05-10,70.52,0.2416
1963-05-13,70.48,-0.0567
1963-05-14,70.21,-0.3831
1963-05-15,70.43,0.3133
1963-05-16,70.25,-0.2556
1963-05-17,70.29,0.0569
1963-05-20,69.96,-0.4695
1963-05-21,70.14,0.2573
1963-05-22,70.14,0.0
1963-05-23,70.1,-0.057
1963-05-24,70.02,-0.1141
1963-05-27,69.87,-0.2142
1963-05-28,70.01,0.2004
1963-05-29,70.33,0.4571
1963-05-31,70.8,0.6683
1963-06-03,70.69,-0.1554
1963-06-04,70.7,0.0141
1963-06-05,70.53,-0.2405
1963-06-06,70.58,0.0709
1963-06-07,70.41,-0.2409
1963-06-10,69.94,-0.6675
1963-06-11,70.03,0.1287
1963-06-12,70.41,0.5426
1963-06-13,70.23,-0.2556
1963-06-14,70.25,0.0285
1963-06-17,69.95,-0.427
1963-06-18,70.02,0.1001
1963-06-19,70.09,0.1
1963-06-20,70.01,-0.1141
1963-06-21,70.25,0.3428
1963-06-24,70.2,-0.0712
1963-06-25,70.04,-0.2279
1963-06-26,69.41,-0.8995
1963-06-27,69.07,-0.4898
1963-06-28,69.37,0.4343
1963-07-01,68.86,-0.7352
1963-07-02,69.46,0.8713
1963-07-03,69.94,0.691
1963-07-05,70.22,0.4003
1963-07-08,69.74,-0.6836
1963-07-09,70.04,0.4302
1963-07-10,69.89,-0.2142
1963-07-11,69.76,-0.186
1963-07-12,69.64,-0.172
1963-07-15,69.2,-0.6318
1963-07-16,69.14,-0.0867
1963-07-17,68.93,-0.3037
1963-07-18,68.49,-0.6383
1963-07-19,68.35,-0.2044
1963-07-22,67.9,-0.6584
1963-07-23,67.91,0.0147
1963-07-24,68.28,0.5448
1963-07-25,68.26,-0.0293
1963-07-26,68.54,0.4102
1963-07-29,68.67,0.1897
1963-07-30,69.24,0.8301
1963-07-31,69.13,-0.1589
1963-08-01,69.07,-0.0868
1963-08-02,69.3,0.333
1963-08-05,69.71,0.5916
1963-08-06,70.17,0.6599
1963-08-07,69.96,-0.2993
1963-08-08,70.02,0.0858
1963-08-09,70.48,0.657
1963-08-12,70.59,0.1561
1963-08-13,70.79,0.2833
1963-08-14,71.07,0.3955
1963-08-15,71.38,0.4362
1963-08-16,71.49,0.1541
1963-08-19,71.44,-0.0699
1963-08-20,71.38,-0.084
1963-08-21,71.29,-0.1261
1963-08-22,71.54,0.3507
1963-08-23,71.76,0.3075
1963-08-26,71.91,0.209
1963-08-27,71.52,-0.5423
1963-08-28,72.04,0.7271
1963-08-29,72.16,0.1666
1963-08-30,72.5,0.4712
1963-09-03,72.66,0.2207
1963-09-04,72.64,-0.0275
1963-09-05,73.0,0.4956
1963-09-06,72.84,-0.2192
1963-09-09,72.58,-0.3569
1963-09-10,72.99,0.5649
1963-09-11,73.2,0.2877
1963-09-12,73.15,-0.0683
1963-09-13,73.17,0.0273
1963-09-16,73.07,-0.1367
1963-09-17,73.12,0.0684
1963-09-18,72.8,-0.4376
1963-09-19,73.22,0.5769
1963-09-20,73.3,0.1093
1963-09-23,72.96,-0.4638
1963-09-24,73.3,0.466
1963-09-25,72.89,-0.5593
1963-09-26,72.27,-0.8506
1963-09-27,72.13,-0.1937
1963-09-30,71.7,-0.5961
1963-10-01,72.22,0.7252
1963-10-02,72.3,0.1108
1963-10-03,72.83,0.7331
1963-10-04,72.85,0.0275
1963-10-07,72.7,-0.2059
1963-10-08,72.6,-0.1376
1963-10-09,71.87,-1.0055
1963-10-10,72.2,0.4592
1963-10-11,72.27,0.097
1963-10-14,72.3,0.0415
1963-10-15,72.4,0.1383
1963-10-16,72.97,0.7873
1963-10-17,73.26,0.3974
1963-10-18,73.32,0.0819
1963-10-21,73.38,0.0818
1963-10-22,72.96,-0.5724
1963-10-23,73.0,0.0548
1963-10-24,73.28,0.3836
1963-10-25,74.01,0.9962
1963-10-28,74.48,0.635
1963-10-29,74.46,-0.0269
1963-10-30,73.8,-0.8864
1963-10-31,74.01,0.2846
1963-11-01,73.83,-0.2432
1963-11-04,73.45,-0.5147
1963-11-06,72.81,-0.8713
1963-11-07,73.06,0.3434
1963-11-08,73.36,0.4106
1963-11-11,73.52,0.2181
1963-11-12,73.23,-0.3945
1963-11-13,73.29,0.0819
1963-11-14,72.95,-0.4639
1963-11-15,72.35,-0.8225
1963-11-18,71.83,-0.7187
1963-11-19,71.9,0.0975
1963-11-20,72.56,0.9179
1963-11-21,71.62,-1.2955
1963-11-22,69.61,-2.8065
1963-11-26,72.38,3.9793
1963-11-27,72.25,-0.1796
1963-11-29,73.23,1.3564
1963-12-02,73.66,0.5872
1963-12-03,73.62,-0.0543
1963-12-04,73.8,0.2445
1963-12-05,74.28,0.6504
1963-12-06,74.0,-0.377
1963-12-09,73.96,-0.0541
1963-12-10,73.99,0.0406
1963-12-11,73.9,-0.1216
1963-12-12,73.91,0.0135
1963-12-13,74.06,0.2029
1963-12-16,74.3,0.3241
1963-12-17,74.74,0.5922
1963-12-18,74.63,-0.1472
1963-12-19,74.4,-0.3082
1963-12-20,74.28,-0.1613
1963-12-23,73.81,-0.6327
1963-12-24,73.97,0.2168
1963-12-26,74.32,0.4732
1963-12-27,74.44,0.1615
1963-12-30,74.56,0.1612
1963-12-31,75.02,0.617
1964-01-02,75.43,0.5465
1964-01-03,75.5,0.0928
1964-01-06,75.67,0.2252
1964-01-07,75.69,0.0264
1964-01-08,76.0,0.4096
1964-01-09,76.28,0.3684
1964-01-10,76.24,-0.0524
1964-01-13,76.22,-0.0262
1964-01-14,76.36,0.1837
1964-01-15,76.64,0.3667
1964-01-16,76.55,-0.1174
1964-01-17,76.56,0.0131
1964-01-20,76.41,-0.1959
1964-01-21,76.62,0.2748
1964-01-22,77.03,0.5351
1964-01-23,77.09,0.0779
1964-01-24,77.11,0.0259
1964-01-27,77.08,-0.0389
1964-01-28,77.1,0.0259
1964-01-29,76.63,-0.6096
1964-01-30,76.7,0.0913
1964-01-31,77.04,0.4433
1964-02-03,76.97,-0.0909
1964-02-04,76.88,-0.1169
1964-02-05,76.75,-0.1691
1964-02-06,76.93,0.2345
1964-02-07,77.18,0.325
1964-02-10,77.05,-0.1684
1964-02-11,77.33,0.3634
1964-02-12,77.57,0.3104
1964-02-13,77.52,-0.0645
1964-02-14,77.48,-0.0516
1964-02-17,77.46,-0.0258
1964-02-18,77.47,0.0129
1964-02-19,77.55,0.1033
1964-02-20,77.62,0.0903
1964-02-24,77.68,0.0773
1964-02-25,77.68,0.0
1964-02-26,77.87,0.2446
1964-02-27,77.62,-0.321
1964-02-28,77.8,0.2319
1964-03-02,77.97,0.2185
1964-03-03,78.22,0.3206
1964-03-04,78.07,-0.1918
1964-03-05,78.06,-0.0128
1964-03-06,78.31,0.3203
1964-03-09,78.33,0.0255
1964-03-10,78.59,0.3319
1964-03-11,78.95,0.4581
1964-03-12,79.08,0.1647
1964-03-13,79.14,0.0759
1964-03-16,79.14,0.0
1964-03-17,79.32,0.2274
1964-03-18,79.38,0.0756
1964-03-19,79.3,-0.1008
1964-03-20,78.92,-0.4792
1964-03-23,78.93,0.0127
1964-03-24,78.79,-0.1774
1964-03-25,78.98,0.2411
1964-03-26,79.19,0.2659
1964-03-30,79.14,-0.0631
1964-03-31,78.98,-0.2022
1964-04-01,79.24,0.3292
1964-04-02,79.7,0.5805
1964-04-03,79.94,0.3011
1964-04-06,80.02,0.1001
1964-04-07,79.74,-0.3499
1964-04-08,79.75,0.0125
1964-04-09,79.7,-0.0627
1964-04-10,79.85,0.1882
1964-04-13,79.77,-0.1002
1964-04-14,79.99,0.2758
1964-04-15,80.09,0.125
1964-04-16,80.2,0.1373
1964-04-17,80.55,0.4364
1964-04-20,80.5,-0.0621
1964-04-21,80.54,0.0497
1964-04-22,80.49,-0.0621
1964-04-23,80.38,-0.1367
1964-04-24,79.75,-0.7838
1964-04-27,79.35,-0.5016
1964-04-28,79.9,0.6931
1964-04-29,79.7,-0.2503
1964-04-30,79.46,-0.3011
1964-05-01,80.17,0.8935
1964-05-04,80.47,0.3742
1964-05-05,80.88,0.5095
1964-05-06,81.06,0.2226
1964-05-07,81.15,0.111
1964-05-08,81.0,-0.1848
1964-05-11,80.9,-0.1235
1964-05-12,81.16,0.3214
1964-05-13,80.97,-0.2341
1964-05-14,80.86,-0.1359
1964-05-15,81.1,0.2968
1964-05-18,80.72,-0.4686
1964-05-19,80.3,-0.5203
1964-05-20,80.66,0.4483
1964-05-21,80.94,0.3471
1964-05-22,80.73,-0.2595
1964-05-25,80.56,-0.2106
1964-05-26,80.39,-0.211
1964-05-27,80.26,-0.1617
1964-05-28,80.37,0.1371
1964-06-01,80.11,-0.3235
1964-06-02,79.7,-0.5118
1964-06-03,79.49,-0.2635
1964-06-04,78.67,-1.0316
1964-06-05,79.02,0.4449
1964-06-08,78.64,-0.4809
1964-06-09,79.14,0.6358
1964-06-10,79.44,0.3791
1964-06-11,79.73,0.3651
1964-06-12,79.6,-0.1631
1964-06-15,79.97,0.4648
1964-06-16,80.4,0.5377
1964-06-17,80.81,0.51
1964-06-18,80.79,-0.0247
1964-06-19,80.89,0.1238
1964-06-22,81.11,0.272
1964-06-23,80.77,-0.4192
1964-06-24,81.06,0.359
1964-06-25,81.21,0.185
1964-06-26,81.46,0.3078
1964-06-29,81.64,0.221
1964-06-30,81.69,0.0612
1964-07-01,82.27,0.71
1964-07-02,82.6,0.4011
1964-07-06,82.98,0.46
1964-07-07,83.12,0.1687
1964-07-08,83.12,0.0
1964-07-09,83.22,0.1203
1964-07-10,83.36,0.1682
1964-07-13,83.31,-0.06
1964-07-14,83.06,-0.3001
1964-07-15,83.34,0.3371
1964-07-16,83.64,0.36
1964-07-17,84.01,0.4424
1964-07-20,83.74,-0.3214
1964-07-21,83.54,-0.2388
1964-07-22,83.52,-0.0239
1964-07-23,83.48,-0.0479
1964-07-24,83.46,-0.024
1964-07-27,83.08,-0.4553
1964-07-28,82.85,-0.2768
1964-07-29,82.92,0.0845
1964-07-30,83.09,0.205
1964-07-31,83.18,0.1083
1964-08-03,83.0,-0.2164
1964-08-04,81.96,-1.253
1964-08-05,82.09,0.1586
1964-08-06,81.34,-0.9136
1964-08-07,81.86,0.6393
1964-08-10,81.78,-0.0977
1964-08-11,81.76,-0.0245
1964-08-12,82.17,0.5015
1964-08-13,82.41,0.2921
1964-08-14,82.35,-0.0728
1964-08-17,82.36,0.0121
1964-08-18,82.4,0.0486
1964-08-19,82.32,-0.0971
1964-08-20,81.94,-0.4616
1964-08-21,82.07,0.1587
1964-08-24,81.91,-0.195
1964-08-25,81.44,-0.5738
1964-08-26,81.32,-0.1473
1964-08-27,81.7,0.4673
1964-08-28,81.99,0.355
1964-08-31,81.83,-0.1951
1964-09-01,82.18,0.4277
1964-09-02,82.31,0.1582
1964-09-03,82.56,0.3037
1964-09-04,82.76,0.2422
1964-09-08,82.87,0.1329
1964-09-09,83.05,0.2172
1964-09-10,83.1,0.0602
1964-09-11,83.45,0.4212
1964-09-14,83.22,-0.2756
1964-09-15,83.0,-0.2644
1964-09-16,83.24,0.2892
1964-09-17,83.79,0.6607
1964-09-18,83.48,-0.37
1964-09-21,83.86,0.4552
1964-09-22,83.89,0.0358
1964-09-23,83.91,0.0238
1964-09-24,84.0,0.1073
1964-09-25,84.21,0.25
1964-09-28,84.28,0.0831
1964-09-29,84.24,-0.0475
1964-09-30,84.18,-0.0712
1964-10-01,84.08,-0.1188
1964-10-02,84.36,0.333
1964-10-05,84.74,0.4505
1964-10-06,84.79,0.059
1964-10-07,84.8,0.0118
1964-10-08,85.04,0.283
1964-10-09,85.22,0.2117
1964-10-12,85.24,0.0235
1964-10-13,84.96,-0.3285
1964-10-14,84.79,-0.2001
1964-10-15,84.25,-0.6369
1964-10-16,84.83,0.6884
1964-10-19,84.93,0.1179
1964-10-20,85.18,0.2944
1964-10-21,85.1,-0.0939
1964-10-22,84.94,-0.188
1964-10-23,85.14,0.2355
1964-10-26,85.0,-0.1644
1964-10-27,85.0,0.0
1964-10-28,84.69,-0.3647
1964-10-29,84.73,0.0472
1964-10-30,84.86,0.1534
1964-11-02,85.18,0.3771
1964-11-04,85.14,-0.047
1964-11-05,85.16,0.0235
1964-11-06,85.23,0.0822
1964-11-09,85.19,-0.0469
1964-11-10,84.84,-0.4108
1964-11-11,85.08,0.2829
1964-11-12,85.19,0.1293
1964-11-13,85.21,0.0235
1964-11-16,85.65,0.5164
1964-11-17,86.03,0.4437
1964-11-18,86.22,0.2209
1964-11-19,86.18,-0.0464
1964-11-20,86.28,0.116
1964-11-23,86.0,-0.3245
1964-11-24,85.73,-0.314
1964-11-25,85.44,-0.3383
1964-11-27,85.16,-0.3277
1964-11-30,84.42,-0.869
1964-12-01,83.55,-1.0306
1964-12-02,83.79,0.2873
1964-12-03,84.18,0.4654
1964-12-04,84.35,0.2019
1964-12-07,84.33,-0.0237
1964-12-08,84.0,-0.3913
1964-12-09,83.46,-0.6429
1964-12-10,83.45,-0.012
1964-12-11,83.66,0.2516
1964-12-14,83.45,-0.251
1964-12-15,83.22,-0.2756
1964-12-16,83.55,0.3965
1964-12-17,83.9,0.4189
1964-12-18,84.29,0.4648
1964-12-21,84.38,0.1068
1964-12-22,84.33,-0.0593
1964-12-23,84.15,-0.2134
1964-12-24,84.15,0.0
1964-12-28,84.07,-0.0951
1964-12-29,83.81,-0.3093
1964-12-30,84.3,0.5847
1964-12-31,84.75,0.5338
1965-01-04,84.23,-0.6136
1965-01-05,84.63,0.4749
1965-01-06,84.89,0.3072
1965-01-07,85.26,0.4359
1965-01-08,85.37,0.129
1965-01-11,85.4,0.0351
1965-01-12,85.61,0.2459
1965-01-13,85.84,0.2687
1965-01-14,85.84,0.0
1965-01-15,86.21,0.431
1965-01-18,86.49,0.3248
1965-01-19,86.63,0.1619
1965-01-20,86.6,-0.0346
1965-01-21,86.52,-0.0924
1965-01-22,86.74,0.2543
1965-01-25,86.86,0.1383
1965-01-26,86.94,0.0921
1965-01-27,87.23,0.3336
1965-01-28,87.48,0.2866
1965-01-29,87.56,0.0914
1965-02-01,87.58,0.0228
1965-02-02,87.55,-0.0343
1965-02-03,87.63,0.0914
1965-02-04,87.57,-0.0685
1965-02-05,87.29,-0.3197
1965-02-08,86.95,-0.3895
1965-02-09,87.24,0.3335
1965-02-10,86.46,-0.8941
1965-02-11,85.54,-1.0641
1965-02-12,86.17,0.7365
1965-02-15,86.07,-0.116
1965-02-16,85.67,-0.4647
1965-02-17,85.77,0.1167
1965-02-18,86.05,0.3265
1965-02-19,86.21,0.1859
1965-02-23,86.64,0.4988
1965-02-24,87.17,0.6117
1965-02-25,87.2,0.0344
1965-02-26,87.43,0.2638
1965-03-01,87.25,-0.2059
1965-03-02,87.4,0.1719
1965-03-03,87.26,-0.1602
1965-03-04,86.98,-0.3209
1965-03-05,86.8,-0.2069
1965-03-08,86.83,0.0346
1965-03-09,86.69,-0.1612
1965-03-10,86.54,-0.173
1965-03-11,86.9,0.416
1965-03-12,87.21,0.3567
1965-03-15,87.24,0.0344
1965-03-16,87.13,-0.1261
1965-03-17,87.02,-0.1262
1965-03-18,86.81,-0.2413
1965-03-19,86.84,0.0346
1965-03-22,86.83,-0.0115
1965-03-23,86.93,0.1152
1965-03-24,87.09,0.1841
1965-03-25,86.84,-0.2871
1965-03-26,86.2,-0.737
1965-03-29,86.03,-0.1972
1965-03-30,86.2,0.1976
1965-03-31,86.16,-0.0464
1965-04-01,86.32,0.1857
1965-04-02,86.53,0.2433
1965-04-05,86.53,0.0
1965-04-06,86.5,-0.0347
1965-04-07,86.55,0.0578
1965-04-08,87.04,0.5661
1965-04-09,87.56,0.5974
1965-04-12,87.94,0.434
1965-04-13,88.04,0.1137
1965-04-14,88.24,0.2272
1965-04-15,88.15,-0.102
1965-04-19,88.51,0.4084
1965-04-20,88.46,-0.0565
1965-04-21,88.3,-0.1809
1965-04-22,88.78,0.5436
1965-04-23,88.88,0.1126
1965-04-26,88.89,0.0113
1965-04-27,89.04,0.1687
1965-04-28,89.0,-0.0449
1965-04-29,88.93,-0.0787
1965-04-30,89.11,0.2024
1965-05-03,89.23,0.1347
1965-05-04,89.51,0.3138
1965-05-05,89.71,0.2234
1965-05-06,89.92,0.2341
1965-05-07,89.85,-0.0778
1965-05-10,89.66,-0.2115
1965-05-11,89.55,-0.1227
1965-05-12,89.94,0.4355
1965-05-13,90.27,0.3669
1965-05-14,90.1,-0.1883
1965-05-17,89.54,-0.6215
1965-05-18,89.46,-0.0893
1965-05-19,89.67,0.2347
1965-05-20,89.18,-0.5464
1965-05-21,88.75,-0.4822
1965-05-24,88.09,-0.7437
1965-05-25,88.6,0.579
1965-05-26,88.3,-0.3386
1965-05-27,87.84,-0.521
1965-05-28,88.42,0.6603
1965-06-01,88.72,0.3393
1965-06-02,87.09,-1.8372
1965-06-03,86.9,-0.2182
1965-06-04,87.11,0.2417
1965-06-07,86.88,-0.264
1965-06-08,85.93,-1.0935
1965-06-09,85.04,-1.0357
1965-06-10,84.73,-0.3645
1965-06-11,85.12,0.4603
1965-06-14,84.01,-1.304
1965-06-15,84.49,0.5714
1965-06-16,85.2,0.8403
1965-06-17,85.74,0.6338
1965-06-18,85.34,-0.4665
1965-06-21,85.05,-0.3398
1965-06-22,85.21,0.1881
1965-06-23,84.67,-0.6337
1965-06-24,83.56,-1.311
1965-06-25,83.06,-0.5984
1965-06-28,81.6,-1.7578
1965-06-29,82.41,0.9926
1965-06-30,84.12,2.075
1965-07-01,84.48,0.428
1965-07-02,85.16,0.8049
1965-07-06,84.99,-0.1996
1965-07-07,84.67,-0.3765
1965-07-08,85.39,0.8504
1965-07-09,85.71,0.3748
1965-07-12,85.69,-0.0233
1965-07-13,85.59,-0.1167
1965-07-14,85.87,0.3271
1965-07-15,85.72,-0.1747
1965-07-16,85.69,-0.035
1965-07-19,85.63,-0.07
1965-07-20,84.55,-1.2612
1965-07-21,84.07,-0.5677
1965-07-22,83.85,-0.2617
1965-07-23,84.07,0.2624
1965-07-26,84.05,-0.0238
1965-07-27,83.87,-0.2142
1965-07-28,84.03,0.1908
1965-07-29,84.68,0.7735
1965-07-30,85.25,0.6731
1965-08-02,85.42,0.1994
1965-08-03,85.46,0.0468
1965-08-04,85.79,0.3861
1965-08-05,85.79,0.0
1965-08-06,86.07,0.3264
1965-08-09,85.86,-0.244
1965-08-10,85.87,0.0116
1965-08-11,86.13,0.3028
1965-08-12,86.38,0.2903
1965-08-13,86.77,0.4515
1965-08-16,86.87,0.1152
1965-08-17,87.04,0.1957
1965-08-18,86.99,-0.0574
1965-08-19,86.79,-0.2299
1965-08-20,86.69,-0.1152
1965-08-23,86.56,-0.15
1965-08-24,86.71,0.1733
1965-08-25,86.81,0.1153
1965-08-26,87.14,0.3801
1965-08-27,87.2,0.0689
1965-08-30,87.21,0.0115
1965-08-31,87.17,-0.0459
1965-09-01,87.17,0.0
1965-09-02,87.65,0.5506
1965-09-03,88.06,0.4678
1965-09-07,88.36,0.3407
1965-09-08,88.66,0.3395
1965-09-09,88.89,0.2594
1965-09-10,89.12,0.2587
1965-09-13,89.38,0.2917
1965-09-14,89.03,-0.3916
1965-09-15,89.52,0.5504
1965-09-16,90.02,0.5585
1965-09-17,90.05,0.0333
1965-09-20,90.08,0.0333
1965-09-21,89.81,-0.2997
1965-09-22,90.22,0.4565
1965-09-23,89.86,-0.399
1965-09-24,90.02,0.1781
1965-09-27,90.65,0.6998
1965-09-28,90.43,-0.2427
1965-09-29,90.02,-0.4534
1965-09-30,89.96,-0.0667
1965-10-01,89.9,-0.0667
1965-10-04,90.08,0.2002
1965-10-05,90.63,0.6106
1965-10-06,90.54,-0.0993
1965-10-07,90.47,-0.0773
1965-10-08,90.85,0.42
1965-10-11,91.37,0.5724
1965-10-12,91.35,-0.0219
1965-10-13,91.34,-0.0109
1965-10-14,91.19,-0.1642
1965-10-15,91.38,0.2084
1965-10-18,91.68,0.3283
1965-10-19,91.8,0.1309
1965-10-20,91.78,-0.0218
1965-10-21,91.94,0.1743
1965-10-22,91.98,0.0435
1965-10-25,91.67,-0.337
1965-10-26,92.2,0.5782
1965-10-27,92.51,0.3362
1965-10-28,92.21,-0.3243
1965-10-29,92.42,0.2277
1965-11-01,92.23,-0.2056
1965-11-03,92.31,0.0867
1965-11-04,92.46,0.1625
1965-11-05,92.37,-0.0973
1965-11-08,92.23,-0.1516
1965-11-09,91.93,-0.3253
1965-11-10,91.83,-0.1088
1965-11-11,92.11,0.3049
1965-11-12,92.55,0.4777
1965-11-15,92.63,0.0864
1965-11-16,92.41,-0.2375
1965-11-17,92.6,0.2056
1965-11-18,92.22,-0.4104
1965-11-19,92.24,0.0217
1965-11-22,91.64,-0.6505
1965-11-23,91.78,0.1528
1965-11-24,91.94,0.1743
1965-11-26,92.03,0.0979
1965-11-29,91.8,-0.2499
1965-11-30,91.61,-0.207
1965-12-01,91.5,-0.1201
1965-12-02,91.21,-0.3169
1965-12-03,91.27,0.0658
1965-12-06,90.59,-0.745
1965-12-07,91.39,0.8831
1965-12-08,91.28,-0.1204
1965-12-09,91.56,0.3067
1965-12-10,91.8,0.2621
1965-12-13,91.83,0.0327
1965-12-14,91.88,0.0544
1965-12-15,92.02,0.1524
1965-12-16,92.12,0.1087
1965-12-17,92.08,-0.0434
1965-12-20,91.65,-0.467
1965-12-21,92.01,0.3928
1965-12-22,92.29,0.3043
1965-12-23,92.19,-0.1084
1965-12-27,91.52,-0.7268
1965-12-28,91.53,0.0109
1965-12-29,91.81,0.3059
1965-12-30,92.2,0.4248
1965-12-31,92.43,0.2495
1966-01-03,92.18,-0.2705
1966-01-04,92.26,0.0868
1966-01-05,92.85,0.6395
1966-01-06,93.06,0.2262
1966-01-07,93.14,0.086
1966-01-10,93.33,0.204
1966-01-11,93.41,0.0857
1966-01-12,93.19,-0.2355
1966-01-13,93.36,0.1824
1966-01-14,93.5,0.15
1966-01-17,93.77,0.2888
1966-01-18,93.95,0.192
1966-01-19,93.69,-0.2767
1966-01-20,93.36,-0.3522
1966-01-21,93.47,0.1178
1966-01-24,93.71,0.2568
1966-01-25,93.85,0.1494
1966-01-26,93.7,-0.1598
1966-01-27,93.67,-0.032
1966-01-28,93.31,-0.3843
1966-01-31,92.88,-0.4608
1966-02-01,92.16,-0.7752
1966-02-02,92.53,0.4015
1966-02-03,92.65,0.1297
1966-02-04,93.26,0.6584
1966-02-07,93.59,0.3538
1966-02-08,93.55,-0.0427
1966-02-09,94.06,0.5452
1966-02-10,93.83,-0.2445
1966-02-11,93.81,-0.0213
1966-02-14,93.53,-0.2985
1966-02-15,93.17,-0.3849
1966-02-16,93.16,-0.0107
1966-02-17,92.66,-0.5367
1966-02-18,92.41,-0.2698
1966-02-21,91.87,-0.5844
1966-02-23,91.48,-0.4245
1966-02-24,90.89,-0.6449
1966-02-25,91.14,0.2751
1966-02-28,91.22,0.0878
1966-03-01,90.06,-1.2717
1966-03-02,89.15,-1.0104
1966-03-03,89.47,0.3589
1966-03-04,89.24,-0.2571
1966-03-07,88.04,-1.3447
1966-03-08,88.18,0.159
1966-03-09,88.96,0.8846
1966-03-10,88.96,0.0
1966-03-11,88.85,-0.1237
1966-03-14,87.85,-1.1255
1966-03-15,87.35,-0.5692
1966-03-16,87.86,0.5839
1966-03-17,88.17,0.3528
1966-03-18,88.53,0.4083
1966-03-21,89.2,0.7568
1966-03-22,89.46,0.2915
1966-03-23,89.13,-0.3689
1966-03-24,89.29,0.1795
1966-03-25,89.54,0.28
1966-03-28,89.62,0.0893
1966-03-29,89.27,-0.3905
1966-03-30,88.78,-0.5489
1966-03-31,89.23,0.5069
1966-04-01,89.94,0.7957
1966-04-04,90.76,0.9117
1966-04-05,91.31,0.606
1966-04-06,91.56,0.2738
1966-04-07,91.76,0.2184
1966-04-11,91.79,0.0327
1966-04-12,91.45,-0.3704
1966-04-13,91.54,0.0984
1966-04-14,91.87,0.3605
1966-04-15,91.99,0.1306
1966-04-18,91.58,-0.4457
1966-04-19,91.57,-0.0109
1966-04-20,92.08,0.557
1966-04-21,92.42,0.3692
1966-04-22,92.27,-0.1623
1966-04-25,92.08,-0.2059
1966-04-26,91.99,-0.0977
1966-04-27,91.76,-0.25
1966-04-28,91.13,-0.6866
1966-04-29,91.06,-0.0768
1966-05-02,90.9,-0.1757
1966-05-03,89.85,-1.1551
1966-05-04,89.39,-0.512
1966-05-05,87.93,-1.6333
1966-05-06,87.84,-0.1024
1966-05-09,86.32,-1.7304
1966-05-10,87.08,0.8804
1966-05-11,87.23,0.1723
1966-05-12,86.23,-1.1464
1966-05-13,85.47,-0.8814
1966-05-16,84.41,-1.2402
1966-05-17,83.63,-0.9241
1966-05-18,85.12,1.7817
1966-05-19,85.02,-0.1175
1966-05-20,85.43,0.4822
1966-05-23,86.2,0.9013
1966-05-24,86.77,0.6613
1966-05-25,87.07,0.3457
1966-05-26,87.07,0.0
1966-05-27,87.33,0.2986
1966-05-31,86.13,-1.3741
1966-06-01,86.1,-0.0348
1966-06-02,85.96,-0.1626
1966-06-03,86.06,0.1163
1966-06-06,85.42,-0.7437
1966-06-07,84.83,-0.6907
1966-06-08,84.93,0.1179
1966-06-09,85.5,0.6711
1966-06-10,86.44,1.0994
1966-06-13,86.83,0.4512
1966-06-14,87.07,0.2764
1966-06-15,86.73,-0.3905
1966-06-16,86.47,-0.2998
1966-06-17,86.51,0.0463
1966-06-20,86.48,-0.0347
1966-06-21,86.71,0.266
1966-06-22,86.85,0.1615
1966-06-23,86.5,-0.403
1966-06-24,86.58,0.0925
1966-06-27,86.08,-0.5775
1966-06-28,85.67,-0.4763
1966-06-29,84.86,-0.9455
1966-06-30,84.74,-0.1414
1966-07-01,85.61,1.0267
1966-07-05,85.82,0.2453
1966-07-06,87.06,1.4449
1966-07-07,87.38,0.3676
1966-07-08,87.61,0.2632
1966-07-11,87.45,-0.1826
1966-07-12,86.88,-0.6518
1966-07-13,86.3,-0.6676
1966-07-14,86.82,0.6025
1966-07-15,87.08,0.2995
1966-07-18,86.99,-0.1034
1966-07-19,86.33,-0.7587
1966-07-20,85.51,-0.9498
1966-07-21,85.52,0.0117
1966-07-22,85.41,-0.1286
1966-07-25,83.83,-1.8499
1966-07-26,83.7,-0.1551
1966-07-27,84.1,0.4779
1966-07-28,83.77,-0.3924
1966-07-29,83.6,-0.2029
1966-08-01,82.31,-1.5431
1966-08-02,82.33,0.0243
1966-08-03,83.15,0.996
1966-08-04,83.93,0.9381
1966-08-05,84.0,0.0834
1966-08-08,83.75,-0.2976
1966-08-09,83.49,-0.3104
1966-08-10,83.11,-0.4551
1966-08-11,83.02,-0.1083
1966-08-12,83.17,0.1807
1966-08-15,82.74,-0.517
1966-08-16,81.63,-1.3416
1966-08-17,81.18,-0.5513
1966-08-18,80.16,-1.2565
1966-08-19,79.62,-0.6737
1966-08-22,78.24,-1.7332
1966-08-23,78.11,-0.1662
1966-08-24,79.07,1.229
1966-08-25,78.06,-1.2773
1966-08-26,76.41,-2.1138
1966-08-29,74.53,-2.4604
1966-08-30,75.86,1.7845
1966-08-31,77.1,1.6346
1966-09-01,77.7,0.7782
1966-09-02,77.42,-0.3604
1966-09-06,76.96,-0.5942
1966-09-07,76.37,-0.7666
1966-09-08,76.05,-0.419
1966-09-09,76.29,0.3156
1966-09-12,77.91,2.1235
1966-09-13,78.32,0.5262
1966-09-14,79.13,1.0342
1966-09-15,80.08,1.2006
1966-09-16,79.99,-0.1124
1966-09-19,79.59,-0.5001
1966-09-20,79.04,-0.691
1966-09-21,77.71,-1.6827
1966-09-22,77.94,0.296
1966-09-23,77.67,-0.3464
1966-09-26,77.86,0.2446
1966-09-27,78.1,0.3082
1966-09-28,77.11,-1.2676
1966-09-29,76.31,-1.0375
1966-09-30,76.56,0.3276
1966-10-03,74.9,-2.1682
1966-10-04,75.1,0.267
1966-10-05,74.69,-0.5459
1966-10-06,74.05,-0.8569
1966-10-07,73.2,-1.1479
1966-10-10,74.53,1.8169
1966-10-11,74.91,0.5099
1966-10-12,77.04,2.8434
1966-10-13,76.89,-0.1947
1966-10-14,76.6,-0.3772
1966-10-17,77.47,1.1358
1966-10-18,78.68,1.5619
1966-10-19,78.05,-0.8007
1966-10-20,77.84,-0.2691
1966-10-21,78.19,0.4496
1966-10-24,78.42,0.2942
1966-10-25,78.9,0.6121
1966-10-26,79.58,0.8619
1966-10-27,80.23,0.8168
1966-10-28,80.24,0.0125
1966-10-31,80.2,-0.0499
1966-11-01,80.81,0.7606
1966-11-02,80.88,0.0866
1966-11-03,80.56,-0.3956
1966-11-04,80.81,0.3103
1966-11-07,80.73,-0.099
1966-11-09,81.38,0.8052
1966-11-10,81.89,0.6267
1966-11-11,81.94,0.0611
1966-11-14,81.37,-0.6956
1966-11-15,81.69,0.3933
1966-11-16,82.37,0.8324
1966-11-17,81.8,-0.692
1966-11-18,81.26,-0.6601
1966-11-21,80.09,-1.4398
1966-11-22,79.67,-0.5244
1966-11-23,80.21,0.6778
1966-11-25,80.85,0.7979
1966-11-28,80.71,-0.1732
1966-11-29,80.42,-0.3593
1966-11-30,80.45,0.0373
1966-12-01,80.08,-0.4599
1966-12-02,80.13,0.0624
1966-12-05,80.24,0.1373
1966-12-06,80.84,0.7478
1966-12-07,81.72,1.0886
1966-12-08,82.05,0.4038
1966-12-09,82.14,0.1097
1966-12-12,83.0,1.047
1966-12-13,82.73,-0.3253
1966-12-14,82.64,-0.1088
1966-12-15,81.64,-1.2101
1966-12-16,81.58,-0.0735
1966-12-19,81.27,-0.38
1966-12-20,80.96,-0.3814
1966-12-21,81.38,0.5188
1966-12-22,81.69,0.3809
1966-12-23,81.47,-0.2693
1966-12-27,81.0,-0.5769
1966-12-28,80.61,-0.4815
1966-12-29,80.37,-0.2977
1966-12-30,80.33,-0.0498
1967-01-03,80.38,0.0622
1967-01-04,80.55,0.2115
1967-01-05,81.6,1.3035
1967-01-06,82.18,0.7108
1967-01-09,82.81,0.7666
1967-01-10,82.81,0.0
1967-01-11,83.47,0.797
1967-01-12,83.91,0.5271
1967-01-13,84.53,0.7389
1967-01-16,84.31,-0.2603
1967-01-17,85.24,1.1031
1967-01-18,85.79,0.6452
1967-01-19,85.82,0.035
1967-01-20,86.07,0.2913
1967-01-23,86.39,0.3718
1967-01-24,86.51,0.1389
1967-01-25,85.85,-0.7629
1967-01-26,85.81,-0.0466
1967-01-27,86.16,0.4079
1967-01-30,86.66,0.5803
1967-01-31,86.61,-0.0577
1967-02-01,86.43,-0.2078
1967-02-02,86.73,0.3471
1967-02-03,87.36,0.7264
1967-02-06,87.18,-0.206
1967-02-07,86.95,-0.2638
1967-02-08,87.72,0.8856
1967-02-09,87.36,-0.4104
1967-02-10,87.63,0.3091
1967-02-13,87.58,-0.0571
1967-02-14,88.17,0.6737
1967-02-15,88.27,0.1134
1967-02-16,87.86,-0.4645
1967-02-17,87.89,0.0341
1967-02-20,87.4,-0.5575
1967-02-21,87.34,-0.0686
1967-02-23,87.45,0.1259
1967-02-24,87.41,-0.0457
1967-02-27,86.46,-1.0868
1967-02-28,86.78,0.3701
1967-03-01,87.68,1.0371
1967-03-02,88.16,0.5474
1967-03-03,88.29,0.1475
1967-03-06,88.1,-0.2152
1967-03-07,88.16,0.0681
1967-03-08,88.27,0.1248
1967-03-09,88.53,0.2946
1967-03-10,88.89,0.4066
1967-03-13,88.43,-0.5175
1967-03-14,88.35,-0.0905
1967-03-15,89.19,0.9508
1967-03-16,90.09,1.0091
1967-03-17,90.25,0.1776
1967-03-20,90.2,-0.0554
1967-03-21,90.0,-0.2217
1967-03-22,90.25,0.2778
1967-03-23,90.94,0.7645
1967-03-27,90.87,-0.077
1967-03-28,90.91,0.044
1967-03-29,90.73,-0.198
1967-03-30,90.7,-0.0331
1967-03-31,90.2,-0.5513
1967-04-03,89.24,-1.0643
1967-04-04,89.22,-0.0224
1967-04-05,89.79,0.6389
1967-04-06,89.94,0.1671
1967-04-07,89.36,-0.6449
1967-04-10,88.24,-1.2534
1967-04-11,88.88,0.7253
1967-04-12,88.78,-0.1125
1967-04-13,89.46,0.7659
1967-04-14,90.43,1.0843
1967-04-17,91.07,0.7077
1967-04-18,91.86,0.8675
1967-04-19,91.94,0.0871
1967-04-20,92.11,0.1849
1967-04-21,92.3,0.2063
1967-04-24,92.62,0.3467
1967-04-25,93.11,0.529
1967-04-26,93.02,-0.0967
1967-04-27,93.81,0.8493
1967-04-28,94.01,0.2132
1967-05-01,93.84,-0.1808
1967-05-02,93.67,-0.1812
1967-05-03,93.91,0.2562
1967-05-04,94.32,0.4366
1967-05-05,94.44,0.1272
1967-05-08,94.58,0.1482
1967-05-09,93.6,-1.0362
1967-05-10,93.35,-0.2671
1967-05-11,93.75,0.4285
1967-05-12,93.48,-0.288
1967-05-15,92.71,-0.8237
1967-05-16,93.14,0.4638
1967-05-17,92.78,-0.3865
1967-05-18,92.53,-0.2695
1967-05-19,92.07,-0.4971
1967-05-22,91.67,-0.4345
1967-05-23,91.23,-0.48
1967-05-24,90.18,-1.1509
1967-05-25,91.19,1.12
1967-05-26,90.98,-0.2303
1967-05-29,90.49,-0.5386
1967-05-31,89.08,-1.5582
1967-06-01,90.23,1.291
1967-06-02,89.79,-0.4876
1967-06-05,88.43,-1.5146
1967-06-06,90.23,2.0355
1967-06-07,90.91,0.7536
1967-06-08,91.4,0.539
1967-06-09,91.56,0.1751
1967-06-12,92.04,0.5242
1967-06-13,92.62,0.6302
1967-06-14,92.4,-0.2375
1967-06-15,92.49,0.0974
1967-06-16,92.54,0.0541
1967-06-19,92.51,-0.0324
1967-06-20,92.48,-0.0324
1967-06-21,92.2,-0.3028
1967-06-22,91.97,-0.2495
1967-06-23,92.0,0.0326
1967-06-26,91.64,-0.3913
1967-06-27,91.3,-0.371
1967-06-28,91.31,0.011
1967-06-29,90.85,-0.5038
1967-06-30,90.64,-0.2312
1967-07-03,90.91,0.2979
1967-07-05,91.36,0.495
1967-07-06,91.32,-0.0438
1967-07-07,91.69,0.4052
1967-07-10,92.05,0.3926
1967-07-11,92.48,0.4671
1967-07-12,92.4,-0.0865
1967-07-13,92.42,0.0216
1967-07-14,92.74,0.3462
1967-07-17,92.75,0.0108
1967-07-18,93.5,0.8086
1967-07-19,93.65,0.1604
1967-07-20,93.85,0.2136
1967-07-21,94.04,0.2025
1967-07-24,93.73,-0.3296
1967-07-25,93.24,-0.5228
1967-07-26,94.06,0.8795
1967-07-27,94.35,0.3083
1967-07-28,94.49,0.1484
1967-07-31,94.75,0.2752
1967-08-01,95.37,0.6544
1967-08-02,95.78,0.4299
1967-08-03,95.66,-0.1253
1967-08-04,95.83,0.1777
1967-08-07,95.58,-0.2609
1967-08-08,95.69,0.1151
1967-08-09,95.78,0.0941
1967-08-10,95.53,-0.261
1967-08-11,95.15,-0.3978
1967-08-14,94.64,-0.536
1967-08-15,94.77,0.1374
1967-08-16,94.55,-0.2321
1967-08-17,94.63,0.0846
1967-08-18,94.78,0.1585
1967-08-21,94.25,-0.5592
1967-08-22,93.74,-0.5411
1967-08-23,93.61,-0.1387
1967-08-24,93.09,-0.5555
1967-08-25,92.7,-0.4189
1967-08-28,92.64,-0.0647
1967-08-29,92.88,0.2591
1967-08-30,93.07,0.2046
1967-08-31,93.64,0.6124
1967-09-01,93.68,0.0427
1967-09-05,94.21,0.5658
1967-09-06,94.39,0.1911
1967-09-07,94.33,-0.0636
1967-09-08,94.36,0.0318
1967-09-11,94.54,0.1908
1967-09-12,94.99,0.476
1967-09-13,95.99,1.0527
1967-09-14,96.2,0.2188
1967-09-15,96.27,0.0728
1967-09-18,96.53,0.2701
1967-09-19,96.17,-0.3729
1967-09-20,96.13,-0.0416
1967-09-21,96.75,0.645
1967-09-22,97.0,0.2584
1967-09-25,97.59,0.6082
1967-09-26,96.76,-0.8505
1967-09-27,96.79,0.031
1967-09-28,96.79,0.0
1967-09-29,96.71,-0.0827
1967-10-02,96.32,-0.4033
1967-10-03,96.65,0.3426
1967-10-04,96.43,-0.2276
1967-10-05,96.67,0.2489
1967-10-06,97.26,0.6103
1967-10-09,97.51,0.257
1967-10-10,96.84,-0.6871
1967-10-11,96.37,-0.4853
1967-10-12,95.75,-0.6434
1967-10-13,96.0,0.2611
1967-10-16,95.25,-0.7812
1967-10-17,95.0,-0.2625
1967-10-18,95.25,0.2632
1967-10-19,95.43,0.189
1967-10-20,95.38,-0.0524
1967-10-23,94.96,-0.4403
1967-10-24,94.42,-0.5687
1967-10-25,94.52,0.1059
1967-10-26,94.94,0.4444
1967-10-27,94.96,0.0211
1967-10-30,94.79,-0.179
1967-10-31,93.3,-1.5719
1967-11-01,92.71,-0.6324
1967-11-02,92.34,-0.3991
1967-11-03,91.78,-0.6065
1967-11-06,91.48,-0.3269
1967-11-08,91.14,-0.3717
1967-11-09,91.59,0.4937
1967-11-10,92.21,0.6769
1967-11-13,91.97,-0.2603
1967-11-14,91.39,-0.6306
1967-11-15,91.76,0.4049
1967-11-16,92.6,0.9154
1967-11-17,92.82,0.2376
1967-11-20,91.65,-1.2605
1967-11-21,93.1,1.5821
1967-11-22,93.65,0.5908
1967-11-24,93.9,0.267
1967-11-27,94.17,0.2875
1967-11-28,94.49,0.3398
1967-11-29,94.47,-0.0212
1967-11-30,94.0,-0.4975
1967-12-01,94.5,0.5319
1967-12-04,95.1,0.6349
1967-12-05,95.23,0.1367
1967-12-06,95.64,0.4305
1967-12-07,95.53,-0.115
1967-12-08,95.42,-0.1151
1967-12-11,95.12,-0.3144
1967-12-12,95.01,-0.1156
1967-12-13,95.34,0.3473
1967-12-14,95.47,0.1364
1967-12-15,95.03,-0.4609
1967-12-18,94.77,-0.2736
1967-12-19,94.63,-0.1477
1967-12-20,95.15,0.5495
1967-12-21,95.38,0.2417
1967-12-22,95.2,-0.1887
1967-12-26,95.26,0.063
1967-12-27,95.91,0.6823
1967-12-28,95.89,-0.0209
1967-12-29,96.47,0.6049
1968-01-02,96.11,-0.3732
1968-01-03,95.67,-0.4578
1968-01-04,95.36,-0.324
1968-01-05,95.94,0.6082
1968-01-08,96.62,0.7088
1968-01-09,96.5,-0.1242
1968-01-10,96.52,0.0207
1968-01-11,96.62,0.1036
1968-01-12,96.72,0.1035
1968-01-15,96.42,-0.3102
1968-01-16,95.82,-0.6223
1968-01-17,95.64,-0.1879
1968-01-18,95.56,-0.0836
1968-01-19,95.24,-0.3349
1968-01-22,94.03,-1.2705
1968-01-23,93.66,-0.3935
1968-01-24,93.17,-0.5232
1968-01-25,93.3,0.1395
1968-01-26,93.45,0.1608
1968-01-29,93.35,-0.107
1968-01-30,92.89,-0.4928
1968-01-31,92.24,-0.6998
1968-02-01,92.56,0.3469
1968-02-02,92.27,-0.3133
1968-02-05,91.87,-0.4335
1968-02-06,91.9,0.0327
1968-02-07,92.06,0.1741
1968-02-08,90.9,-1.26
1968-02-09,89.86,-1.1441
1968-02-13,89.07,-0.8791
1968-02-14,90.14,1.2013
1968-02-15,90.3,0.1775
1968-02-16,89.96,-0.3765
1968-02-19,90.31,0.3891
1968-02-20,91.24,1.0298
1968-02-21,91.24,0.0
1968-02-23,90.89,-0.3836
1968-02-26,90.18,-0.7812
1968-02-27,90.53,0.3881
1968-02-28,90.08,-0.4971
1968-02-29,89.36,-0.7993
1968-03-01,89.11,-0.2798
1968-03-04,87.92,-1.3354
1968-03-05,87.72,-0.2275
1968-03-06,89.26,1.7556
1968-03-07,89.1,-0.1793
1968-03-08,89.03,-0.0786
1968-03-11,90.13,1.2355
1968-03-12,90.23,0.111
1968-03-13,90.03,-0.2217
1968-03-14,88.32,-1.8994
1968-03-15,89.1,0.8832
1968-03-18,89.59,0.5499
1968-03-19,88.99,-0.6697
1968-03-20,88.98,-0.0112
1968-03-21,88.33,-0.7305
1968-03-22,88.42,0.1019
1968-03-25,88.33,-0.1018
1968-03-26,88.93,0.6793
1968-03-27,89.66,0.8209
1968-03-28,89.57,-0.1004
1968-03-29,90.2,0.7034
1968-04-01,92.48,2.5277
1968-04-02,92.64,0.173
1968-04-03,93.47,0.8959
1968-04-04,93.84,0.3958
1968-04-05,93.29,-0.5861
1968-04-08,94.95,1.7794
1968-04-10,95.67,0.7583
1968-04-11,96.53,0.8989
1968-04-15,96.59,0.0622
1968-04-16,96.62,0.0311
1968-04-17,96.81,0.1966
1968-04-18,97.08,0.2789
1968-04-19,95.85,-1.267
1968-04-22,95.32,-0.5529
1968-04-23,96.62,1.3638
1968-04-24,96.92,0.3105
1968-04-25,96.62,-0.3095
1968-04-26,97.21,0.6106
1968-04-29,97.97,0.7818
1968-04-30,97.46,-0.5206
1968-05-01,97.97,0.5233
1968-05-02,98.59,0.6328
1968-05-03,98.66,0.071
1968-05-06,98.35,-0.3142
1968-05-07,98.9,0.5592
1968-05-08,98.91,0.0101
1968-05-09,98.39,-0.5257
1968-05-10,98.5,0.1118
1968-05-13,98.19,-0.3147
1968-05-14,98.12,-0.0713
1968-05-15,98.07,-0.051
1968-05-16,97.6,-0.4792
1968-05-17,96.9,-0.7172
1968-05-20,96.45,-0.4644
1968-05-21,96.93,0.4977
1968-05-22,97.18,0.2579
1968-05-23,96.97,-0.2161
1968-05-24,97.15,0.1856
1968-05-27,96.99,-0.1647
1968-05-28,97.62,0.6496
1968-05-29,97.92,0.3073
1968-05-31,98.68,0.7761
1968-06-03,99.99,1.3275
1968-06-04,100.38,0.39
1968-06-05,99.89,-0.4881
1968-06-06,100.65,0.7608
1968-06-07,101.27,0.616
1968-06-10,101.41,0.1382
1968-06-11,101.66,0.2465
1968-06-13,101.25,-0.4033
1968-06-14,101.13,-0.1185
1968-06-17,100.13,-0.9888
1968-06-18,99.99,-0.1398
1968-06-20,101.51,1.5202
1968-06-21,100.66,-0.8374
1968-06-24,100.39,-0.2682
1968-06-25,100.08,-0.3088
1968-06-27,99.98,-0.0999
1968-06-28,99.58,-0.4001
1968-07-01,99.4,-0.1808
1968-07-02,99.74,0.3421
1968-07-03,100.91,1.173
1968-07-08,101.94,1.0207
1968-07-09,102.23,0.2845
1968-07-11,102.39,0.1565
1968-07-12,102.34,-0.0488
1968-07-15,102.26,-0.0782
1968-07-16,101.7,-0.5476
1968-07-18,101.44,-0.2557
1968-07-19,100.46,-0.9661
1968-07-22,99.33,-1.1248
1968-07-23,99.21,-0.1208
1968-07-25,97.94,-1.2801
1968-07-26,98.34,0.4084
1968-07-29,97.65,-0.7016
1968-07-30,97.74,0.0922
1968-08-01,97.28,-0.4706
1968-08-02,96.63,-0.6682
1968-08-05,96.85,0.2277
1968-08-06,97.25,0.413
1968-08-08,97.04,-0.2159
1968-08-09,97.01,-0.0309
1968-08-12,98.01,1.0308
1968-08-13,98.53,0.5306
1968-08-15,98.07,-0.4669
1968-08-16,98.68,0.622
1968-08-19,99.0,0.3243
1968-08-20,98.96,-0.0404
1968-08-22,98.7,-0.2627
1968-08-23,98.69,-0.0101
1968-08-26,98.94,0.2533
1968-08-27,98.81,-0.1314
1968-08-29,98.74,-0.0708
1968-08-30,98.86,0.1215
1968-09-03,99.32,0.4653
1968-09-04,100.02,0.7048
1968-09-05,100.74,0.7199
1968-09-06,101.2,0.4566
1968-09-09,101.23,0.0296
1968-09-10,100.73,-0.4939
1968-09-12,100.52,-0.2085
1968-09-13,100.86,0.3382
1968-09-16,101.24,0.3768
1968-09-17,101.5,0.2568
1968-09-19,101.59,0.0887
1968-09-20,101.66,0.0689
1968-09-23,102.24,0.5705
1968-09-24,102.59,0.3423
1968-09-26,102.36,-0.2242
1968-09-27,102.31,-0.0488
1968-09-30,102.67,0.3519
1968-10-01,102.86,0.1851
1968-10-03,103.22,0.35
1968-10-04,103.71,0.4747
1968-10-07,103.7,-0.0096
1968-10-08,103.74,0.0386
1968-10-10,103.29,-0.4338
1968-10-11,103.18,-0.1065
1968-10-14,103.32,0.1357
1968-10-15,103.53,0.2033
1968-10-17,104.01,0.4636
1968-10-18,104.82,0.7788
1968-10-21,104.99,0.1622
1968-10-22,104.57,-0.4
1968-10-24,103.84,-0.6981
1968-10-25,104.2,0.3467
1968-10-28,103.9,-0.2879
1968-10-29,103.3,-0.5775
1968-10-31,103.41,0.1065
1968-11-01,103.06,-0.3385
1968-11-04,103.1,0.0388
1968-11-06,103.27,0.1649
1968-11-07,103.5,0.2227
1968-11-08,103.95,0.4348
1968-11-12,104.62,0.6445
1968-11-13,105.13,0.4875
1968-11-14,105.2,0.0666
1968-11-15,105.78,0.5513
1968-11-18,105.92,0.1324
1968-11-19,106.14,0.2077
1968-11-21,105.97,-0.1602
1968-11-22,106.3,0.3114
1968-11-25,106.48,0.1693
1968-11-26,107.26,0.7325
1968-11-27,107.76,0.4662
1968-11-29,108.37,0.5661
1968-12-02,108.12,-0.2307
1968-12-03,108.02,-0.0925
1968-12-05,107.67,-0.324
1968-12-06,107.93,0.2415
1968-12-09,107.66,-0.2502
1968-12-10,107.39,-0.2508
1968-12-12,107.32,-0.0652
1968-12-13,107.58,0.2423
1968-12-16,107.1,-0.4462
1968-12-17,106.66,-0.4108
1968-12-19,106.97,0.2906
1968-12-20,106.34,-0.589
1968-12-23,105.21,-1.0626
1968-12-24,105.04,-0.1616
1968-12-26,105.15,0.1047
1968-12-27,104.74,-0.3899
1968-12-30,103.8,-0.8975
1968-12-31,103.86,0.0578
1969-01-02,103.93,0.0674
1969-01-03,103.99,0.0577
1969-01-06,102.47,-1.4617
1969-01-07,101.22,-1.2199
1969-01-08,100.8,-0.4149
1969-01-09,101.22,0.4167
1969-01-10,100.93,-0.2865
1969-01-13,100.44,-0.4855
1969-01-14,101.13,0.687
1969-01-15,101.62,0.4845
1969-01-16,102.18,0.5511
1969-01-17,102.03,-0.1468
1969-01-20,101.69,-0.3332
1969-01-21,101.63,-0.059
1969-01-22,101.98,0.3444
1969-01-23,102.43,0.4413
1969-01-24,102.38,-0.0488
1969-01-27,102.4,0.0195
1969-01-28,102.41,0.0098
1969-01-29,102.51,0.0976
1969-01-30,102.55,0.039
1969-01-31,103.01,0.4486
1969-02-03,102.89,-0.1165
1969-02-04,102.92,0.0292
1969-02-05,103.2,0.2721
1969-02-06,103.54,0.3295
1969-02-07,103.53,-0.0097
1969-02-11,103.65,0.1159
1969-02-12,103.63,-0.0193
1969-02-13,103.71,0.0772
1969-02-14,103.61,-0.0964
1969-02-17,102.44,-1.1292
1969-02-18,101.4,-1.0152
1969-02-19,100.65,-0.7396
1969-02-20,99.79,-0.8544
1969-02-24,98.6,-1.1925
1969-02-25,97.98,-0.6288
1969-02-26,98.45,0.4797
1969-02-27,98.14,-0.3149
1969-02-28,98.13,-0.0102
1969-03-03,98.38,0.2548
1969-03-04,99.32,0.9555
1969-03-05,99.71,0.3927
1969-03-06,98.7,-1.0129
1969-03-07,98.65,-0.0507
1969-03-10,98.99,0.3447
1969-03-11,99.32,0.3334
1969-03-12,99.05,-0.2718
1969-03-13,98.39,-0.6663
1969-03-14,98.0,-0.3964
1969-03-17,98.25,0.2551
1969-03-18,98.49,0.2443
1969-03-19,99.21,0.731
1969-03-20,99.84,0.635
1969-03-21,99.63,-0.2103
1969-03-24,99.5,-0.1305
1969-03-25,99.66,0.1608
1969-03-26,100.39,0.7325
1969-03-27,101.1,0.7072
1969-03-28,101.51,0.4055
1969-04-01,101.42,-0.0887
1969-04-02,100.78,-0.631
1969-04-03,100.68,-0.0992
1969-04-07,99.89,-0.7847
1969-04-08,100.14,0.2503
1969-04-09,101.02,0.8788
1969-04-10,101.55,0.5246
1969-04-11,101.65,0.0985
1969-04-14,101.57,-0.0787
1969-04-15,101.53,-0.0394
1969-04-16,100.63,-0.8864
1969-04-17,100.78,0.1491
1969-04-18,101.24,0.4564
1969-04-21,100.56,-0.6717
1969-04-22,100.78,0.2188
1969-04-23,100.8,0.0198
1969-04-24,101.27,0.4663
1969-04-25,101.72,0.4444
1969-04-28,102.03,0.3048
1969-04-29,102.79,0.7449
1969-04-30,103.69,0.8756
1969-05-01,103.51,-0.1736
1969-05-02,104.0,0.4734
1969-05-05,104.37,0.3558
1969-05-06,104.86,0.4695
1969-05-07,104.67,-0.1812
1969-05-08,105.1,0.4108
1969-05-09,105.05,-0.0476
1969-05-12,104.89,-0.1523
1969-05-13,105.34,0.429
1969-05-14,106.16,0.7784
1969-05-15,105.85,-0.292
1969-05-16,105.94,0.085
1969-05-19,104.97,-0.9156
1969-05-20,104.04,-0.886
1969-05-21,104.47,0.4133
1969-05-22,104.6,0.1244
1969-05-23,104.59,-0.0096
1969-05-26,104.36,-0.2199
1969-05-27,103.57,-0.757
1969-05-28,103.26,-0.2993
1969-05-29,103.46,0.1937
1969-06-02,102.94,-0.5026
1969-06-03,102.63,-0.3011
1969-06-04,102.59,-0.039
1969-06-05,102.76,0.1657
1969-06-06,102.12,-0.6228
1969-06-09,101.2,-0.9009
1969-06-10,100.42,-0.7708
1969-06-11,99.05,-1.3643
1969-06-12,98.26,-0.7976
1969-06-13,98.65,0.3969
1969-06-16,98.32,-0.3345
1969-06-17,97.95,-0.3763
1969-06-18,97.81,-0.1429
1969-06-19,97.24,-0.5828
1969-06-20,96.67,-0.5862
1969-06-23,96.23,-0.4552
1969-06-24,97.32,1.1327
1969-06-25,97.01,-0.3185
1969-06-26,97.25,0.2474
1969-06-27,97.33,0.0823
1969-06-30,97.71,0.3904
1969-07-01,98.08,0.3787
1969-07-02,98.94,0.8768
1969-07-03,99.61,0.6772
1969-07-07,99.03,-0.5823
1969-07-08,97.63,-1.4137
1969-07-09,96.88,-0.7682
1969-07-10,95.38,-1.5483
1969-07-11,95.77,0.4089
1969-07-14,94.55,-1.2739
1969-07-15,94.24,-0.3279
1969-07-16,95.18,0.9975
1969-07-17,95.76,0.6094
1969-07-18,94.95,-0.8459
1969-07-22,93.52,-1.5061
1969-07-23,93.12,-0.4277
1969-07-24,92.8,-0.3436
1969-07-25,92.06,-0.7974
1969-07-28,90.21,-2.0096
1969-07-29,89.48,-0.8092
1969-07-30,89.93,0.5029
1969-07-31,91.83,2.1128
1969-08-01,93.47,1.7859
1969-08-04,92.99,-0.5135
1969-08-05,93.41,0.4517
1969-08-06,93.92,0.546
1969-08-07,93.99,0.0745
1969-08-08,93.94,-0.0532
1969-08-11,93.36,-0.6174
1969-08-12,92.63,-0.7819
1969-08-13,92.7,0.0756
1969-08-14,93.34,0.6904
1969-08-15,94.0,0.7071
1969-08-18,94.57,0.6064
1969-08-19,95.07,0.5287
1969-08-20,95.07,0.0
1969-08-21,95.35,0.2945
1969-08-22,95.92,0.5978
1969-08-25,94.93,-1.0321
1969-08-26,94.3,-0.6636
1969-08-27,94.49,0.2015
1969-08-28,94.89,0.4233
1969-08-29,95.51,0.6534
1969-09-02,95.54,0.0314
1969-09-03,94.98,-0.5861
1969-09-04,94.2,-0.8212
1969-09-05,93.64,-0.5945
1969-09-08,92.7,-1.0038
1969-09-09,93.38,0.7335
1969-09-10,94.95,1.6813
1969-09-11,94.22,-0.7688
1969-09-12,94.13,-0.0955
1969-09-15,94.87,0.7861
1969-09-16,94.95,0.0843
1969-09-17,94.76,-0.2001
1969-09-18,94.9,0.1477
1969-09-19,95.19,0.3056
1969-09-22,95.63,0.4622
1969-09-23,95.63,0.0
1969-09-24,95.5,-0.1359
1969-09-25,94.77,-0.7644
1969-09-26,94.16,-0.6437
1969-09-29,93.41,-0.7965
1969-09-30,93.12,-0.3105
1969-10-01,92.52,-0.6443
1969-10-02,93.24,0.7782
1969-10-03,93.19,-0.0536
1969-10-06,93.38,0.2039
1969-10-07,93.09,-0.3106
1969-10-08,92.67,-0.4512
1969-10-09,93.03,0.3885
1969-10-10,93.56,0.5697
1969-10-13,94.55,1.0581
1969-10-14,95.7,1.2163
1969-10-15,95.72,0.0209
1969-10-16,96.37,0.6791
1969-10-17,96.26,-0.1141
1969-10-20,96.46,0.2078
1969-10-21,97.2,0.7672
1969-10-22,97.83,0.6481
1969-10-23,97.46,-0.3782
1969-10-24,98.12,0.6772
1969-10-27,97.97,-0.1529
1969-10-28,97.66,-0.3164
1969-10-29,96.81,-0.8704
1969-10-30,96.93,0.124
1969-10-31,97.12,0.196
1969-11-03,97.15,0.0309
1969-11-04,97.21,0.0618
1969-11-05,97.64,0.4423
1969-11-06,97.67,0.0307
1969-11-07,98.26,0.6041
1969-11-10,98.33,0.0712
1969-11-11,98.07,-0.2644
1969-11-12,97.89,-0.1835
1969-11-13,97.42,-0.4801
1969-11-14,97.07,-0.3593
1969-11-17,96.41,-0.6799
1969-11-18,96.39,-0.0207
1969-11-19,95.9,-0.5084
1969-11-20,94.91,-1.0323
1969-11-21,94.32,-0.6216
1969-11-24,93.24,-1.145
1969-11-25,92.94,-0.3218
1969-11-26,93.27,0.3551
1969-11-28,93.81,0.579
1969-12-01,93.22,-0.6289
1969-12-02,92.65,-0.6115
1969-12-03,91.65,-1.0793
1969-12-04,91.95,0.3273
1969-12-05,91.73,-0.2393
1969-12-08,90.84,-0.9702
1969-12-09,90.55,-0.3192
1969-12-10,90.48,-0.0773
1969-12-11,90.52,0.0442
1969-12-12,90.81,0.3204
1969-12-15,90.54,-0.2973
1969-12-16,89.72,-0.9057
1969-12-17,89.2,-0.5796
1969-12-18,90.61,1.5807
1969-12-19,91.38,0.8498
1969-12-22,90.58,-0.8755
1969-12-23,90.23,-0.3864
1969-12-24,91.18,1.0529
1969-12-26,91.89,0.7787
1969-12-29,91.25,-0.6965
1969-12-30,91.6,0.3836
1969-12-31,92.06,0.5022
1970-01-02,93.0,1.0211
1970-01-05,93.46,0.4946
1970-01-06,92.82,-0.6848
1970-01-07,92.63,-0.2047
1970-01-08,92.68,0.054
1970-01-09,92.4,-0.3021
1970-01-12,91.7,-0.7576
1970-01-13,91.92,0.2399
1970-01-14,91.65,-0.2937
1970-01-15,91.68,0.0327
1970-01-16,90.92,-0.829
1970-01-19,89.65,-1.3968
1970-01-20,89.83,0.2008
1970-01-21,89.95,0.1336
1970-01-22,90.04,0.1001
1970-01-23,89.37,-0.7441
1970-01-26,88.17,-1.3427
1970-01-27,87.62,-0.6238
1970-01-28,86.79,-0.9473
1970-01-29,85.69,-1.2674
1970-01-30,85.02,-0.7819
1970-02-02,85.75,0.8586
1970-02-03,86.77,1.1895
1970-02-04,86.24,-0.6108
1970-02-05,85.9,-0.3942
1970-02-06,86.33,0.5006
1970-02-09,87.01,0.7877
1970-02-10,86.1,-1.0459
1970-02-11,86.94,0.9756
1970-02-12,86.73,-0.2415
1970-02-13,86.54,-0.2191
1970-02-16,86.47,-0.0809
1970-02-17,86.37,-0.1156
1970-02-18,87.44,1.2389
1970-02-19,87.76,0.366
1970-02-20,88.03,0.3077
1970-02-24,87.99,-0.0454
1970-02-25,89.35,1.5456
1970-02-26,88.9,-0.5036
1970-02-27,89.5,0.6749
1970-03-02,89.71,0.2346
1970-03-03,90.23,0.5796
1970-03-04,90.04,-0.2106
1970-03-05,90.0,-0.0444
1970-03-06,89.44,-0.6222
1970-03-09,88.51,-1.0398
1970-03-10,88.75,0.2712
1970-03-11,88.69,-0.0676
1970-03-12,88.33,-0.4059
1970-03-13,87.86,-0.5321
1970-03-16,86.91,-1.0813
1970-03-17,87.29,0.4372
1970-03-18,87.54,0.2864
1970-03-19,87.42,-0.1371
1970-03-20,87.06,-0.4118
1970-03-23,86.99,-0.0804
1970-03-24,87.98,1.1381
1970-03-25,89.77,2.0346
1970-03-26,89.92,0.1671
1970-03-30,89.63,-0.3225
1970-03-31,89.63,0.0
1970-04-01,90.07,0.4909
1970-04-02,89.79,-0.3109
1970-04-03,89.39,-0.4455
1970-04-06,88.76,-0.7048
1970-04-07,88.52,-0.2704
1970-04-08,88.49,-0.0339
1970-04-09,88.53,0.0452
1970-04-10,88.24,-0.3276
1970-04-13,87.64,-0.68
1970-04-14,86.89,-0.8558
1970-04-15,86.73,-0.1841
1970-04-16,85.88,-0.9801
1970-04-17,85.67,-0.2445
1970-04-20,85.83,0.1868
1970-04-21,85.38,-0.5243
1970-04-22,84.27,-1.3001
1970-04-23,83.04,-1.4596
1970-04-24,82.77,-0.3251
1970-04-27,81.46,-1.5827
1970-04-28,80.27,-1.4608
1970-04-29,81.81,1.9185
1970-04-30,81.52,-0.3545
1970-05-01,81.44,-0.0981
1970-05-04,79.37,-2.5417
1970-05-05,78.6,-0.9701
1970-05-06,79.47,1.1069
1970-05-07,79.83,0.453
1970-05-08,79.44,-0.4885
1970-05-11,78.6,-1.0574
1970-05-12,77.85,-0.9542
1970-05-13,76.53,-1.6956
1970-05-14,75.44,-1.4243
1970-05-15,76.9,1.9353
1970-05-18,76.96,0.078
1970-05-19,75.46,-1.9491
1970-05-20,73.52,-2.5709
1970-05-21,72.16,-1.8498
1970-05-22,72.25,0.1247
1970-05-25,70.25,-2.7682
1970-05-26,69.29,-1.3665
1970-05-27,72.77,5.0224
1970-05-28,74.61,2.5285
1970-05-29,76.55,2.6002
1970-06-01,77.84,1.6852
1970-06-02,77.84,0.0
1970-06-03,78.52,0.8736
1970-06-04,77.36,-1.4773
1970-06-05,76.17,-1.5383
1970-06-08,76.29,0.1575
1970-06-09,76.25,-0.0524
1970-06-10,75.48,-1.0098
1970-06-11,74.45,-1.3646
1970-06-12,73.88,-0.7656
1970-06-15,74.58,0.9475
1970-06-16,76.15,2.1051
1970-06-17,76.0,-0.197
1970-06-18,76.51,0.6711
1970-06-19,77.05,0.7058
1970-06-22,76.64,-0.5321
1970-06-23,74.76,-2.453
1970-06-24,73.97,-1.0567
1970-06-25,74.02,0.0676
1970-06-26,73.47,-0.743
1970-06-29,72.89,-0.7894
1970-06-30,72.72,-0.2332
1970-07-01,72.94,0.3025
1970-07-02,72.92,-0.0274
1970-07-06,71.78,-1.5634
1970-07-07,71.23,-0.7662
1970-07-08,73.0,2.4849
1970-07-09,74.06,1.4521
1970-07-10,74.45,0.5266
1970-07-13,74.55,0.1343
1970-07-14,74.42,-0.1744
1970-07-15,75.23,1.0884
1970-07-16,76.34,1.4755
1970-07-17,77.69,1.7684
1970-07-20,77.79,0.1287
1970-07-21,76.98,-1.0413
1970-07-22,77.03,0.065
1970-07-23,78.0,1.2592
1970-07-24,77.82,-0.2308
1970-07-27,77.65,-0.2185
1970-07-28,77.77,0.1545
1970-07-29,78.04,0.3472
1970-07-30,78.07,0.0384
1970-07-31,78.05,-0.0256
1970-08-03,77.02,-1.3197
1970-08-04,77.19,0.2207
1970-08-05,77.18,-0.013
1970-08-06,77.08,-0.1296
1970-08-07,77.28,0.2595
1970-08-10,76.2,-1.3975
1970-08-11,75.82,-0.4987
1970-08-12,75.42,-0.5276
1970-08-13,74.76,-0.8751
1970-08-14,75.18,0.5618
1970-08-17,75.33,0.1995
1970-08-18,76.2,1.1549
1970-08-19,76.96,0.9974
1970-08-20,77.84,1.1435
1970-08-21,79.24,1.7986
1970-08-24,80.99,2.2085
1970-08-25,81.12,0.1605
1970-08-26,81.21,0.1109
1970-08-27,81.08,-0.1601
1970-08-28,81.86,0.962
1970-08-31,81.52,-0.4153
1970-09-01,80.95,-0.6992
1970-09-02,80.96,0.0124
1970-09-03,82.09,1.3958
1970-09-04,82.83,0.9014
1970-09-08,83.04,0.2535
1970-09-09,82.79,-0.3011
1970-09-10,82.3,-0.5919
1970-09-11,82.52,0.2673
1970-09-14,82.07,-0.5453
1970-09-15,81.36,-0.8651
1970-09-16,81.79,0.5285
1970-09-17,82.29,0.6113
1970-09-18,82.62,0.401
1970-09-21,81.91,-0.8594
1970-09-22,81.86,-0.061
1970-09-23,81.91,0.0611
1970-09-24,81.66,-0.3052
1970-09-25,82.83,1.4328
1970-09-28,83.91,1.3039
1970-09-29,83.86,-0.0596
1970-09-30,84.3,0.5247
1970-10-01,84.32,0.0237
1970-10-02,85.16,0.9962
1970-10-05,86.47,1.5383
1970-10-06,86.85,0.4395
1970-10-07,86.89,0.0461
1970-10-08,85.95,-1.0818
1970-10-09,85.08,-1.0122
1970-10-12,84.17,-1.0696
1970-10-13,84.06,-0.1307
1970-10-14,84.19,0.1547
1970-10-15,84.65,0.5464
1970-10-16,84.28,-0.4371
1970-10-19,83.15,-1.3408
1970-10-20,83.64,0.5893
1970-10-21,83.66,0.0239
1970-10-22,83.38,-0.3347
1970-10-23,83.77,0.4677
1970-10-26,83.31,-0.5491
1970-10-27,83.12,-0.2281
1970-10-28,83.43,0.373
1970-10-29,83.36,-0.0839
1970-10-30,83.25,-0.132
1970-11-02,83.51,0.3123
1970-11-03,84.22,0.8502
1970-11-04,84.39,0.2019
1970-11-05,84.1,-0.3436
1970-11-06,84.22,0.1427
1970-11-09,84.67,0.5343
1970-11-10,84.79,0.1417
1970-11-11,85.03,0.2831
1970-11-12,84.15,-1.0349
1970-11-13,83.37,-0.9269
1970-11-16,83.24,-0.1559
1970-11-17,83.47,0.2763
1970-11-18,82.79,-0.8147
1970-11-19,82.91,0.1449
1970-11-20,83.72,0.977
1970-11-23,84.24,0.6211
1970-11-24,84.78,0.641
1970-11-25,85.09,0.3657
1970-11-27,85.93,0.9872
1970-11-30,87.2,1.4779
1970-12-01,87.47,0.3096
1970-12-02,88.48,1.1547
1970-12-03,88.9,0.4747
1970-12-04,89.46,0.6299
1970-12-07,89.94,0.5366
1970-12-08,89.47,-0.5226
1970-12-09,89.54,0.0782
1970-12-10,89.92,0.4244
1970-12-11,90.26,0.3781
1970-12-14,89.8,-0.5096
1970-12-15,89.66,-0.1559
1970-12-16,89.72,0.0669
1970-12-17,90.04,0.3567
1970-12-18,90.22,0.1999
1970-12-21,89.94,-0.3104
1970-12-22,90.04,0.1112
1970-12-23,90.1,0.0666
1970-12-24,90.61,0.566
1970-12-28,91.09,0.5297
1970-12-29,92.08,1.0868
1970-12-30,92.27,0.2063
1970-12-31,92.15,-0.1301
1971-01-04,91.15,-1.0852
1971-01-05,91.8,0.7131
1971-01-06,92.35,0.5991
1971-01-07,92.38,0.0325
1971-01-08,92.19,-0.2057
1971-01-11,91.98,-0.2278
1971-01-12,92.72,0.8045
1971-01-13,92.56,-0.1726
1971-01-14,92.8,0.2593
1971-01-15,93.03,0.2478
1971-01-18,93.41,0.4085
1971-01-19,93.76,0.3747
1971-01-20,93.78,0.0213
1971-01-21,94.19,0.4372
1971-01-22,94.88,0.7326
1971-01-25,95.28,0.4216
1971-01-26,95.59,0.3254
1971-01-27,94.89,-0.7323
1971-01-28,95.21,0.3372
1971-01-29,95.88,0.7037
1971-02-01,96.42,0.5632
1971-02-02,96.43,0.0104
1971-02-03,96.63,0.2074
1971-02-04,96.62,-0.0103
1971-02-05,96.93,0.3208
1971-02-08,97.45,0.5365
1971-02-09,97.51,0.0616
1971-02-10,97.39,-0.1231
1971-02-11,97.91,0.5339
1971-02-12,98.43,0.5311
1971-02-16,98.66,0.2337
1971-02-17,98.2,-0.4662
1971-02-18,97.56,-0.6517
1971-02-19,96.74,-0.8405
1971-02-22,95.72,-1.0544
1971-02-23,96.09,0.3865
1971-02-24,96.73,0.666
1971-02-25,96.96,0.2378
1971-02-26,96.75,-0.2166
1971-03-01,97.0,0.2584
1971-03-02,96.98,-0.0206
1971-03-03,96.95,-0.0309
1971-03-04,97.92,1.0005
1971-03-05,98.96,1.0621
1971-03-08,99.38,0.4244
1971-03-09,99.46,0.0805
1971-03-10,99.3,-0.1609
1971-03-11,99.39,0.0906
1971-03-12,99.57,0.1811
1971-03-15,100.71,1.1449
1971-03-16,101.21,0.4965
1971-03-17,101.12,-0.0889
1971-03-18,101.19,0.0692
1971-03-19,101.01,-0.1779
1971-03-22,100.62,-0.3861
1971-03-23,100.28,-0.3379
1971-03-24,99.62,-0.6582
1971-03-25,99.61,-0.01
1971-03-26,99.95,0.3413
1971-03-29,100.03,0.08
1971-03-30,100.26,0.2299
1971-03-31,100.31,0.0499
1971-04-01,100.39,0.0798
1971-04-02,100.56,0.1693
1971-04-05,100.79,0.2287
1971-04-06,101.51,0.7144
1971-04-07,101.98,0.463
1971-04-08,102.1,0.1177
1971-04-12,102.88,0.764
1971-04-13,102.98,0.0972
1971-04-14,103.37,0.3787
1971-04-15,103.52,0.1451
1971-04-16,103.49,-0.029
1971-04-19,104.01,0.5025
1971-04-20,103.61,-0.3846
1971-04-21,103.36,-0.2413
1971-04-22,103.56,0.1935
1971-04-23,104.05,0.4732
1971-04-26,103.94,-0.1057
1971-04-27,104.59,0.6254
1971-04-28,104.77,0.1721
1971-04-29,104.63,-0.1336
1971-04-30,103.95,-0.6499
1971-05-03,103.29,-0.6349
1971-05-04,103.79,0.4841
1971-05-05,103.78,-0.0096
1971-05-06,103.23,-0.53
1971-05-07,102.87,-0.3487
1971-05-10,102.36,-0.4958
1971-05-11,102.62,0.254
1971-05-12,102.9,0.2729
1971-05-13,102.69,-0.2041
1971-05-14,102.21,-0.4674
1971-05-17,100.69,-1.4871
1971-05-18,100.83,0.139
1971-05-19,101.07,0.238
1971-05-20,101.31,0.2375
1971-05-21,100.99,-0.3159
1971-05-24,100.13,-0.8516
1971-05-25,99.47,-0.6591
1971-05-26,99.59,0.1206
1971-05-27,99.4,-0.1908
1971-05-28,99.63,0.2314
1971-06-01,100.2,0.5721
1971-06-02,100.96,0.7585
1971-06-03,101.01,0.0495
1971-06-04,101.3,0.2871
1971-06-07,101.09,-0.2073
1971-06-08,100.32,-0.7617
1971-06-09,100.29,-0.0299
1971-06-10,100.64,0.349
1971-06-11,101.07,0.4273
1971-06-14,100.22,-0.841
1971-06-15,100.32,0.0998
1971-06-16,100.52,0.1994
1971-06-17,100.5,-0.0199
1971-06-18,98.97,-1.5224
1971-06-21,97.87,-1.1114
1971-06-22,97.59,-0.2861
1971-06-23,98.41,0.8403
1971-06-24,98.13,-0.2845
1971-06-25,97.99,-0.1427
1971-06-28,97.74,-0.2551
1971-06-29,98.82,1.105
1971-06-30,98.7,-0.1214
1971-07-01,99.78,1.0942
1971-07-02,99.78,0.0
1971-07-06,99.76,-0.02
1971-07-07,100.04,0.2807
1971-07-08,100.34,0.2999
1971-07-09,100.69,0.3488
1971-07-12,100.82,0.1291
1971-07-13,99.5,-1.3093
1971-07-14,99.22,-0.2814
1971-07-15,99.28,0.0605
1971-07-16,99.11,-0.1712
1971-07-19,98.93,-0.1816
1971-07-20,99.32,0.3942
1971-07-21,99.28,-0.0403
1971-07-22,99.11,-0.1712
1971-07-23,98.94,-0.1715
1971-07-26,98.14,-0.8086
1971-07-27,97.78,-0.3668
1971-07-28,97.07,-0.7261
1971-07-29,96.02,-1.0817
1971-07-30,95.58,-0.4582
1971-08-02,95.96,0.3976
1971-08-03,94.51,-1.511
1971-08-04,93.89,-0.656
1971-08-05,94.09,0.213
1971-08-06,94.25,0.17
1971-08-09,93.53,-0.7639
1971-08-10,93.54,0.0107
1971-08-11,94.66,1.1973
1971-08-12,96.0,1.4156
1971-08-13,95.69,-0.3229
1971-08-16,98.76,3.2083
1971-08-17,99.99,1.2454
1971-08-18,98.6,-1.3901
1971-08-19,98.16,-0.4462
1971-08-20,98.33,0.1732
1971-08-23,99.25,0.9356
1971-08-24,100.4,1.1587
1971-08-25,100.41,0.01
1971-08-26,100.24,-0.1693
1971-08-27,100.48,0.2394
1971-08-30,99.52,-0.9554
1971-08-31,99.03,-0.4924
1971-09-01,99.07,0.0404
1971-09-02,99.29,0.2221
1971-09-03,100.69,1.41
1971-09-07,101.15,0.4568
1971-09-08,101.34,0.1878
1971-09-09,100.8,-0.5329
1971-09-10,100.42,-0.377
1971-09-13,100.07,-0.3485
1971-09-14,99.34,-0.7295
1971-09-15,99.77,0.4329
1971-09-16,99.66,-0.1103
1971-09-17,99.96,0.301
1971-09-20,99.68,-0.2801
1971-09-21,99.34,-0.3411
1971-09-22,98.47,-0.8758
1971-09-23,98.38,-0.0914
1971-09-24,98.15,-0.2338
1971-09-27,97.62,-0.54
1971-09-28,97.88,0.2663
1971-09-29,97.9,0.0204
1971-09-30,98.34,0.4494
1971-10-01,98.93,0.6
1971-10-04,99.21,0.283
1971-10-05,99.11,-0.1008
1971-10-06,99.82,0.7164
1971-10-07,100.02,0.2004
1971-10-08,99.36,-0.6599
1971-10-11,99.21,-0.151
1971-10-12,99.57,0.3629
1971-10-13,99.03,-0.5423
1971-10-14,98.13,-0.9088
1971-10-15,97.79,-0.3465
1971-10-18,97.35,-0.4499
1971-10-19,97.0,-0.3595
1971-10-20,95.65,-1.3918
1971-10-21,95.6,-0.0523
1971-10-22,95.57,-0.0314
1971-10-25,95.1,-0.4918
1971-10-26,94.74,-0.3785
1971-10-27,93.79,-1.0027
1971-10-28,93.96,0.1813
1971-10-29,94.23,0.2874
1971-11-01,92.8,-1.5176
1971-11-02,93.18,0.4095
1971-11-03,94.91,1.8566
1971-11-04,94.79,-0.1264
1971-11-05,94.46,-0.3481
1971-11-08,94.39,-0.0741
1971-11-09,94.46,0.0742
1971-11-10,93.41,-1.1116
1971-11-11,92.12,-1.381
1971-11-12,92.12,0.0
1971-11-15,91.81,-0.3365
1971-11-16,92.71,0.9803
1971-11-17,92.85,0.151
1971-11-18,92.13,-0.7754
1971-11-19,91.61,-0.5644
1971-11-22,90.79,-0.8951
1971-11-23,90.16,-0.6939
1971-11-24,90.33,0.1886
1971-11-26,91.94,1.7824
1971-11-29,93.41,1.5989
1971-11-30,93.99,0.6209
1971-12-01,95.44,1.5427
1971-12-02,95.84,0.4191
1971-12-03,97.06,1.273
1971-12-06,96.51,-0.5667
1971-12-07,96.87,0.373
1971-12-08,96.92,0.0516
1971-12-09,96.96,0.0413
1971-12-10,97.69,0.7529
1971-12-13,97.97,0.2866
1971-12-14,97.67,-0.3062
1971-12-15,98.54,0.8908
1971-12-16,99.74,1.2178
1971-12-17,100.26,0.5214
1971-12-20,101.55,1.2867
1971-12-21,101.8,0.2462
1971-12-22,101.18,-0.609
1971-12-23,100.74,-0.4349
1971-12-27,100.95,0.2085
1971-12-28,101.95,0.9906
1971-12-29,102.21,0.255
1971-12-30,101.78,-0.4207
1971-12-31,102.09,0.3046
1972-01-03,101.67,-0.4114
1972-01-04,102.09,0.4131
1972-01-05,103.06,0.9501
1972-01-06,103.51,0.4366
1972-01-07,103.47,-0.0386
1972-01-10,103.32,-0.145
1972-01-11,103.65,0.3194
1972-01-12,103.59,-0.0579
1972-01-13,102.99,-0.5792
1972-01-14,103.39,0.3884
1972-01-17,103.7,0.2998
1972-01-18,104.05,0.3375
1972-01-19,103.88,-0.1634
1972-01-20,103.88,0.0
1972-01-21,103.65,-0.2214
1972-01-24,102.57,-1.042
1972-01-25,102.7,0.1267
1972-01-26,102.5,-0.1947
1972-01-27,103.5,0.9756
1972-01-28,104.16,0.6377
1972-01-31,103.94,-0.2112
1972-02-01,104.01,0.0673
1972-02-02,104.68,0.6442
1972-02-03,104.64,-0.0382
1972-02-04,104.86,0.2102
1972-02-07,104.54,-0.3052
1972-02-08,104.74,0.1913
1972-02-09,105.55,0.7733
1972-02-10,105.59,0.0379
1972-02-11,105.08,-0.483
1972-02-14,104.59,-0.4663
1972-02-15,105.03,0.4207
1972-02-16,105.62,0.5617
1972-02-17,105.59,-0.0284
1972-02-18,105.28,-0.2936
1972-02-22,105.29,0.0095
1972-02-23,105.38,0.0855
1972-02-24,105.45,0.0664
1972-02-25,106.18,0.6923
1972-02-28,106.19,0.0094
1972-02-29,106.57,0.3578
1972-03-01,107.35,0.7319
1972-03-02,107.32,-0.0279
1972-03-03,107.94,0.5777
1972-03-06,108.77,0.7689
1972-03-07,108.87,0.0919
1972-03-08,108.96,0.0827
1972-03-09,108.94,-0.0184
1972-03-10,108.38,-0.514
1972-03-13,107.33,-0.9688
1972-03-14,107.61,0.2609
1972-03-15,107.75,0.1301
1972-03-16,107.5,-0.232
1972-03-17,107.92,0.3907
1972-03-20,107.59,-0.3058
1972-03-21,106.69,-0.8365
1972-03-22,106.84,0.1406
1972-03-23,107.75,0.8517
1972-03-24,107.52,-0.2135
1972-03-27,107.3,-0.2046
1972-03-28,107.17,-0.1212
1972-03-29,106.49,-0.6345
1972-03-30,107.2,0.6667
1972-04-03,107.48,0.2612
1972-04-04,108.12,0.5955
1972-04-05,109.0,0.8139
1972-04-06,109.53,0.4862
1972-04-07,109.62,0.0822
1972-04-10,109.45,-0.1551
1972-04-11,109.76,0.2832
1972-04-12,110.18,0.3827
1972-04-13,109.91,-0.2451
1972-04-14,109.84,-0.0637
1972-04-17,109.51,-0.3004
1972-04-18,109.77,0.2374
1972-04-19,109.2,-0.5193
1972-04-20,109.04,-0.1465
1972-04-21,108.89,-0.1376
1972-04-24,108.19,-0.6429
1972-04-25,107.12,-0.989
1972-04-26,106.89,-0.2147
1972-04-27,107.05,0.1497
1972-04-28,107.67,0.5792
1972-05-01,106.69,-0.9102
1972-05-02,106.08,-0.5717
1972-05-03,105.99,-0.0848
1972-05-04,106.25,0.2453
1972-05-05,106.63,0.3576
1972-05-08,106.14,-0.4595
1972-05-09,104.74,-1.319
1972-05-10,105.42,0.6492
1972-05-11,105.77,0.332
1972-05-12,106.38,0.5767
1972-05-15,106.86,0.4512
1972-05-16,106.66,-0.1872
1972-05-17,106.89,0.2156
1972-05-18,107.94,0.9823
1972-05-19,108.98,0.9635
1972-05-22,109.69,0.6515
1972-05-23,109.78,0.082
1972-05-24,110.31,0.4828
1972-05-25,110.46,0.136
1972-05-26,110.66,0.1811
1972-05-30,110.35,-0.2801
1972-05-31,109.53,-0.7431
1972-06-01,109.69,0.1461
1972-06-02,109.73,0.0365
1972-06-05,108.82,-0.8293
1972-06-06,108.21,-0.5606
1972-06-07,107.65,-0.5175
1972-06-08,107.28,-0.3437
1972-06-09,106.86,-0.3915
1972-06-12,107.01,0.1404
1972-06-13,107.55,0.5046
1972-06-14,108.39,0.781
1972-06-15,108.44,0.0461
1972-06-16,108.36,-0.0738
1972-06-19,108.11,-0.2307
1972-06-20,108.56,0.4162
1972-06-21,108.79,0.2119
1972-06-22,108.68,-0.1011
1972-06-23,108.27,-0.3773
1972-06-26,107.48,-0.7297
1972-06-27,107.37,-0.1023
1972-06-28,107.02,-0.326
1972-06-29,106.82,-0.1869
1972-06-30,107.14,0.2996
1972-07-03,107.49,0.3267
1972-07-05,108.1,0.5675
1972-07-06,109.04,0.8696
1972-07-07,108.69,-0.321
1972-07-10,108.11,-0.5336
1972-07-11,107.32,-0.7307
1972-07-12,106.89,-0.4007
1972-07-13,106.28,-0.5707
1972-07-14,106.8,0.4893
1972-07-17,105.88,-0.8614
1972-07-18,105.83,-0.0472
1972-07-19,106.14,0.2929
1972-07-20,105.81,-0.3109
1972-07-21,106.66,0.8033
1972-07-24,107.92,1.1813
1972-07-25,107.6,-0.2965
1972-07-26,107.53,-0.0651
1972-07-27,107.28,-0.2325
1972-07-28,107.38,0.0932
1972-07-31,107.39,0.0093
1972-08-01,108.4,0.9405
1972-08-02,109.29,0.821
1972-08-03,110.14,0.7777
1972-08-04,110.43,0.2633
1972-08-07,110.61,0.163
1972-08-08,110.69,0.0723
1972-08-09,110.86,0.1536
1972-08-10,111.05,0.1714
1972-08-11,111.95,0.8104
1972-08-14,112.55,0.536
1972-08-15,112.06,-0.4354
1972-08-16,111.66,-0.357
1972-08-17,111.34,-0.2866
1972-08-18,111.76,0.3772
1972-08-21,111.72,-0.0358
1972-08-22,112.41,0.6176
1972-08-23,112.26,-0.1334
1972-08-24,111.02,-1.1046
1972-08-25,110.67,-0.3153
1972-08-28,110.23,-0.3976
1972-08-29,110.41,0.1633
1972-08-30,110.57,0.1449
1972-08-31,111.09,0.4703
1972-09-01,111.51,0.3781
1972-09-05,111.23,-0.2511
1972-09-06,110.55,-0.6113
1972-09-07,110.29,-0.2352
1972-09-08,110.15,-0.1269
1972-09-11,109.51,-0.581
1972-09-12,108.47,-0.9497
1972-09-13,108.9,0.3964
1972-09-14,108.93,0.0275
1972-09-15,108.81,-0.1102
1972-09-18,108.61,-0.1838
1972-09-19,108.55,-0.0552
1972-09-20,108.6,0.0461
1972-09-21,108.43,-0.1565
1972-09-22,108.52,0.083
1972-09-25,108.05,-0.4331
1972-09-26,108.12,0.0648
1972-09-27,109.66,1.4243
1972-09-28,110.35,0.6292
1972-09-29,110.55,0.1812
1972-10-02,110.16,-0.3528
1972-10-03,110.3,0.1271
1972-10-04,110.09,-0.1904
1972-10-05,108.89,-1.09
1972-10-06,109.62,0.6704
1972-10-09,109.9,0.2554
1972-10-10,109.99,0.0819
1972-10-11,109.5,-0.4455
1972-10-12,108.6,-0.8219
1972-10-13,107.92,-0.6262
1972-10-16,106.77,-1.0656
1972-10-17,107.5,0.6837
1972-10-18,108.19,0.6419
1972-10-19,108.05,-0.1294
1972-10-20,109.24,1.1013
1972-10-23,110.35,1.0161
1972-10-24,110.81,0.4169
1972-10-25,110.72,-0.0812
1972-10-26,110.99,0.2439
1972-10-27,110.62,-0.3334
1972-10-30,110.59,-0.0271
1972-10-31,111.58,0.8952
1972-11-01,112.67,0.9769
1972-11-02,113.23,0.497
1972-11-03,114.22,0.8743
1972-11-06,113.98,-0.2101
1972-11-08,113.35,-0.5527
1972-11-09,113.5,0.1323
1972-11-10,113.73,0.2026
1972-11-13,113.9,0.1495
1972-11-14,114.95,0.9219
1972-11-15,114.5,-0.3915
1972-11-16,115.13,0.5502
1972-11-17,115.49,0.3127
1972-11-20,115.53,0.0346
1972-11-21,116.21,0.5886
1972-11-22,116.9,0.5938
1972-11-24,117.27,0.3165
1972-11-27,116.72,-0.469
1972-11-28,116.47,-0.2142
1972-11-29,116.52,0.0429
1972-11-30,116.67,0.1287
1972-12-01,117.38,0.6086
1972-12-04,117.77,0.3323
1972-12-05,117.58,-0.1613
1972-12-06,118.01,0.3657
1972-12-07,118.6,0.5
1972-12-08,118.86,0.2192
1972-12-11,119.12,0.2187
1972-12-12,118.66,-0.3862
1972-12-13,118.56,-0.0843
1972-12-14,118.24,-0.2699
1972-12-15,118.26,0.0169
1972-12-18,116.9,-1.15
1972-12-19,116.34,-0.479
1972-12-20,115.95,-0.3352
1972-12-21,115.11,-0.7245
1972-12-22,115.83,0.6255
1972-12-26,116.3,0.4058
1972-12-27,116.93,0.5417
1972-12-29,118.05,0.9578
1973-01-02,119.1,0.8895
1973-01-03,119.57,0.3946
1973-01-04,119.4,-0.1422
1973-01-05,119.87,0.3936
1973-01-08,119.85,-0.0167
1973-01-09,119.73,-0.1001
1973-01-10,119.43,-0.2506
1973-01-11,120.24,0.6782
1973-01-12,119.3,-0.7818
1973-01-15,118.44,-0.7209
1973-01-16,118.14,-0.2533
1973-01-17,118.68,0.4571
1973-01-18,118.85,0.1432
1973-01-19,118.78,-0.0589
1973-01-22,118.21,-0.4799
1973-01-23,118.22,0.0085
1973-01-24,116.73,-1.2604
1973-01-26,116.45,-0.2399
1973-01-29,116.01,-0.3778
1973-01-30,115.83,-0.1552
1973-01-31,116.03,0.1727
1973-02-01,114.76,-1.0945
1973-02-02,114.35,-0.3573
1973-02-05,114.23,-0.1049
1973-02-06,114.45,0.1926
1973-02-07,113.66,-0.6903
1973-02-08,113.16,-0.4399
1973-02-09,114.68,1.3432
1973-02-12,116.06,1.2033
1973-02-13,116.78,0.6204
1973-02-14,115.1,-1.4386
1973-02-15,114.45,-0.5647
1973-02-16,114.98,0.4631
1973-02-20,115.4,0.3653
1973-02-21,114.69,-0.6153
1973-02-22,114.44,-0.218
1973-02-23,113.16,-1.1185
1973-02-26,112.19,-0.8572
1973-02-27,110.9,-1.1498
1973-02-28,111.68,0.7033
1973-03-01,111.05,-0.5641
1973-03-02,112.28,1.1076
1973-03-05,112.68,0.3563
1973-03-06,114.1,1.2602
1973-03-07,114.45,0.3067
1973-03-08,114.23,-0.1922
1973-03-09,113.79,-0.3852
1973-03-12,113.86,0.0615
1973-03-13,114.48,0.5445
1973-03-14,114.98,0.4368
1973-03-15,114.12,-0.748
1973-03-16,113.54,-0.5082
1973-03-19,112.17,-1.2066
1973-03-20,111.95,-0.1961
1973-03-21,110.49,-1.3042
1973-03-22,108.84,-1.4933
1973-03-23,108.88,0.0368
1973-03-26,109.84,0.8817
1973-03-27,111.56,1.5659
1973-03-28,111.62,0.0538
1973-03-29,112.71,0.9765
1973-03-30,111.52,-1.0558
1973-04-02,110.18,-1.2016
1973-04-03,109.24,-0.8531
1973-04-04,108.77,-0.4302
1973-04-05,108.52,-0.2298
1973-04-06,109.28,0.7003
1973-04-09,110.86,1.4458
1973-04-10,112.21,1.2178
1973-04-11,112.68,0.4189
1973-04-12,112.58,-0.0887
1973-04-13,112.08,-0.4441
1973-04-16,111.44,-0.571
1973-04-17,110.94,-0.4487
1973-04-18,111.54,0.5408
1973-04-19,112.17,0.5648
1973-04-23,111.57,-0.5349
1973-04-24,109.99,-1.4162
1973-04-25,108.34,-1.5001
1973-04-26,108.89,0.5077
1973-04-27,107.23,-1.5245
1973-04-30,106.97,-0.2425
1973-05-01,107.1,0.1215
1973-05-02,108.43,1.2418
1973-05-03,110.22,1.6508
1973-05-04,111.0,0.7077
1973-05-07,110.53,-0.4234
1973-05-08,111.25,0.6514
1973-05-09,110.44,-0.7281
1973-05-10,109.54,-0.8149
1973-05-11,108.17,-1.2507
1973-05-14,105.9,-2.0985
1973-05-15,106.57,0.6327
1973-05-16,106.43,-0.1314
1973-05-17,105.56,-0.8174
1973-05-18,103.86,-1.6105
1973-05-21,102.73,-1.088
1973-05-22,103.58,0.8274
1973-05-23,104.07,0.4731
1973-05-24,107.14,2.9499
1973-05-25,107.94,0.7467
1973-05-29,107.51,-0.3984
1973-05-30,105.91,-1.4882
1973-05-31,104.95,-0.9064
1973-06-01,103.93,-0.9719
1973-06-04,102.97,-0.9237
1973-06-05,104.62,1.6024
1973-06-06,104.31,-0.2963
1973-06-07,105.84,1.4668
1973-06-08,107.03,1.1243
1973-06-11,106.7,-0.3083
1973-06-12,108.29,1.4902
1973-06-13,107.6,-0.6372
1973-06-14,106.4,-1.1152
1973-06-15,105.1,-1.2218
1973-06-18,103.6,-1.4272
1973-06-19,103.99,0.3764
1973-06-20,104.44,0.4327
1973-06-21,103.21,-1.1777
1973-06-22,103.7,0.4748
1973-06-25,102.25,-1.3983
1973-06-26,103.3,1.0269
1973-06-27,103.62,0.3098
1973-06-28,104.69,1.0326
1973-06-29,104.26,-0.4107
1973-07-02,102.9,-1.3044
1973-07-03,101.87,-1.001
1973-07-05,101.78,-0.0883
1973-07-06,101.28,-0.4913
1973-07-09,102.14,0.8491
1973-07-10,103.52,1.3511
1973-07-11,105.8,2.2025
1973-07-12,105.5,-0.2836
1973-07-13,104.09,-1.3365
1973-07-16,105.67,1.5179
1973-07-17,105.72,0.0473
1973-07-18,106.35,0.5959
1973-07-19,106.55,0.1881
1973-07-20,107.14,0.5537
1973-07-23,107.52,0.3547
1973-07-24,108.14,0.5766
1973-07-25,109.64,1.3871
1973-07-26,109.85,0.1915
1973-07-27,109.59,-0.2367
1973-07-30,109.25,-0.3102
1973-07-31,108.22,-0.9428
1973-08-01,106.83,-1.2844
1973-08-02,106.67,-0.1498
1973-08-03,106.49,-0.1687
1973-08-06,106.73,0.2254
1973-08-07,106.55,-0.1686
1973-08-08,105.55,-0.9385
1973-08-09,105.61,0.0568
1973-08-10,104.77,-0.7954
1973-08-13,103.71,-1.0117
1973-08-14,102.71,-0.9642
1973-08-15,103.01,0.2921
1973-08-16,102.29,-0.699
1973-08-17,102.31,0.0196
1973-08-20,101.61,-0.6842
1973-08-21,100.89,-0.7086
1973-08-22,100.53,-0.3568
1973-08-23,101.91,1.3727
1973-08-24,101.62,-0.2846
1973-08-27,102.42,0.7872
1973-08-28,103.02,0.5858
1973-08-29,104.03,0.9804
1973-08-30,103.88,-0.1442
1973-08-31,104.25,0.3562
1973-09-04,104.51,0.2494
1973-09-05,104.64,0.1244
1973-09-06,105.15,0.4874
1973-09-07,104.76,-0.3709
1973-09-10,103.85,-0.8687
1973-09-11,103.22,-0.6066
1973-09-12,103.06,-0.155
1973-09-13,103.36,0.2911
1973-09-14,104.44,1.0449
1973-09-17,104.15,-0.2777
1973-09-18,103.77,-0.3649
1973-09-19,105.88,2.0333
1973-09-20,106.76,0.8311
1973-09-21,107.2,0.4121
1973-09-24,107.36,0.1493
1973-09-25,108.05,0.6427
1973-09-26,108.83,0.7219
1973-09-27,109.08,0.2297
1973-09-28,108.43,-0.5959
1973-10-01,108.21,-0.2029
1973-10-02,108.79,0.536
1973-10-03,108.78,-0.0092
1973-10-04,108.41,-0.3401
1973-10-05,109.85,1.3283
1973-10-08,110.23,0.3459
1973-10-09,110.13,-0.0907
1973-10-10,109.22,-0.8263
1973-10-11,111.09,1.7121
1973-10-12,111.44,0.3151
1973-10-15,110.05,-1.2473
1973-10-16,110.19,0.1272
1973-10-17,109.97,-0.1997
1973-10-18,110.01,0.0364
1973-10-19,110.22,0.1909
1973-10-22,109.16,-0.9617
1973-10-23,109.75,0.5405
1973-10-24,110.27,0.4738
1973-10-25,110.5,0.2086
1973-10-26,111.38,0.7964
1973-10-29,111.15,-0.2065
1973-10-30,109.33,-1.6374
1973-10-31,108.29,-0.9512
1973-11-01,107.69,-0.5541
1973-11-02,107.07,-0.5757
1973-11-05,105.52,-1.4477
1973-11-06,104.96,-0.5307
1973-11-07,105.8,0.8003
1973-11-08,107.02,1.1531
1973-11-09,105.3,-1.6072
1973-11-12,104.44,-0.8167
1973-11-13,104.36,-0.0766
1973-11-14,102.45,-1.8302
1973-11-15,102.43,-0.0195
1973-11-16,103.88,1.4156
1973-11-19,100.71,-3.0516
1973-11-20,98.66,-2.0355
1973-11-21,99.76,1.1149
1973-11-23,99.44,-0.3208
1973-11-26,96.58,-2.8761
1973-11-27,95.7,-0.9112
1973-11-28,97.65,2.0376
1973-11-29,97.31,-0.3482
1973-11-30,95.96,-1.3873
1973-12-03,93.9,-2.1467
1973-12-04,93.59,-0.3301
1973-12-05,92.16,-1.5279
1973-12-06,94.42,2.4523
1973-12-07,96.51,2.2135
1973-12-10,97.95,1.4921
1973-12-11,96.04,-1.95
1973-12-12,93.57,-2.5718
1973-12-13,92.38,-1.2718
1973-12-14,93.29,0.9851
1973-12-17,92.75,-0.5788
1973-12-18,94.74,2.1456
1973-12-19,94.82,0.0844
1973-12-20,94.55,-0.2848
1973-12-21,93.54,-1.0682
1973-12-24,92.9,-0.6842
1973-12-26,95.74,3.0571
1973-12-27,97.74,2.089
1973-12-28,97.54,-0.2046
1973-12-31,97.55,0.0103
1974-01-02,97.68,0.1333
1974-01-03,99.8,2.1704
1974-01-04,98.9,-0.9018
1974-01-07,98.07,-0.8392
1974-01-08,96.12,-1.9884
1974-01-09,93.42,-2.809
1974-01-10,92.39,-1.1025
1974-01-11,93.66,1.3746
1974-01-14,93.42,-0.2562
1974-01-15,94.23,0.8671
1974-01-16,95.67,1.5282
1974-01-17,97.3,1.7038
1974-01-18,95.56,-1.7883
1974-01-21,95.4,-0.1674
1974-01-22,96.55,1.2055
1974-01-23,97.07,0.5386
1974-01-24,96.82,-0.2575
1974-01-25,96.63,-0.1962
1974-01-28,96.09,-0.5588
1974-01-29,96.01,-0.0833
1974-01-30,97.06,1.0936
1974-01-31,96.57,-0.5048
1974-02-01,95.32,-1.2944
1974-02-04,93.29,-2.1297
1974-02-05,93.0,-0.3109
1974-02-06,93.26,0.2796
1974-02-07,93.3,0.0429
1974-02-08,92.33,-1.0397
1974-02-11,90.66,-1.8087
1974-02-12,90.94,0.3088
1974-02-13,90.98,0.044
1974-02-14,90.95,-0.033
1974-02-15,92.27,1.4513
1974-02-19,92.12,-0.1626
1974-02-20,93.44,1.4329
1974-02-21,94.71,1.3592
1974-02-22,95.39,0.718
1974-02-25,95.03,-0.3774
1974-02-26,96.0,1.0207
1974-02-27,96.4,0.4167
1974-02-28,96.22,-0.1867
1974-03-01,95.53,-0.7171
1974-03-04,95.53,0.0
1974-03-05,97.32,1.8738
1974-03-06,97.98,0.6782
1974-03-07,96.94,-1.0614
1974-03-08,97.78,0.8665
1974-03-11,98.88,1.125
1974-03-12,99.15,0.2731
1974-03-13,99.74,0.5951
1974-03-14,99.65,-0.0902
1974-03-15,99.28,-0.3713
1974-03-18,98.05,-1.2389
1974-03-19,97.23,-0.8363
1974-03-20,97.57,0.3497
1974-03-21,97.34,-0.2357
1974-03-22,97.27,-0.0719
1974-03-25,97.64,0.3804
1974-03-26,97.95,0.3175
1974-03-27,96.59,-1.3885
1974-03-28,94.82,-1.8325
1974-03-29,93.98,-0.8859
1974-04-01,93.25,-0.7768
1974-04-02,93.35,0.1072
1974-04-03,94.33,1.0498
1974-04-04,94.33,0.0
1974-04-05,93.01,-1.3993
1974-04-08,92.03,-1.0537
1974-04-09,92.61,0.6302
1974-04-10,92.4,-0.2268
1974-04-11,92.12,-0.303
1974-04-15,92.05,-0.076
1974-04-16,93.66,1.749
1974-04-17,94.36,0.7474
1974-04-18,94.78,0.4451
1974-04-19,93.75,-1.0867
1974-04-22,93.38,-0.3947
1974-04-23,91.81,-1.6813
1974-04-24,90.3,-1.6447
1974-04-25,89.57,-0.8084
1974-04-26,90.18,0.681
1974-04-29,90.0,-0.1996
1974-04-30,90.31,0.3444
1974-05-01,92.22,2.1149
1974-05-02,92.09,-0.141
1974-05-03,91.29,-0.8687
1974-05-06,91.12,-0.1862
1974-05-07,91.46,0.3731
1974-05-08,91.64,0.1968
1974-05-09,92.96,1.4404
1974-05-10,91.47,-1.6028
1974-05-13,90.66,-0.8855
1974-05-14,90.69,0.0331
1974-05-15,90.45,-0.2646
1974-05-16,89.72,-0.8071
1974-05-17,88.21,-1.683
1974-05-20,87.86,-0.3968
1974-05-21,87.91,0.0569
1974-05-22,87.09,-0.9328
1974-05-23,87.29,0.2296
1974-05-24,88.58,1.4778
1974-05-28,88.37,-0.2371
1974-05-29,86.89,-1.6748
1974-05-30,87.43,0.6215
1974-05-31,87.28,-0.1716
1974-06-03,89.1,2.0852
1974-06-04,90.14,1.1672
1974-06-05,90.31,0.1886
1974-06-06,91.96,1.827
1974-06-07,92.55,0.6416
1974-06-10,93.1,0.5943
1974-06-11,92.28,-0.8808
1974-06-12,92.06,-0.2384
1974-06-13,92.34,0.3041
1974-06-14,91.3,-1.1263
1974-06-17,90.04,-1.3801
1974-06-18,89.45,-0.6553
1974-06-19,88.84,-0.6819
1974-06-20,88.21,-0.7091
1974-06-21,87.46,-0.8502
1974-06-24,87.69,0.263
1974-06-25,88.98,1.4711
1974-06-26,87.61,-1.5397
1974-06-27,86.31,-1.4838
1974-06-28,86.0,-0.3592
1974-07-01,86.02,0.0233
1974-07-02,84.3,-1.9995
1974-07-03,84.25,-0.0593
1974-07-05,83.66,-0.7003
1974-07-08,81.09,-3.072
1974-07-09,81.48,0.4809
1974-07-10,79.99,-1.8287
1974-07-11,79.89,-0.125
1974-07-12,83.15,4.0806
1974-07-15,83.78,0.7577
1974-07-16,82.81,-1.1578
1974-07-17,83.7,1.0747
1974-07-18,83.78,0.0956
1974-07-19,83.54,-0.2865
1974-07-22,83.81,0.3232
1974-07-23,84.65,1.0023
1974-07-24,84.99,0.4017
1974-07-25,83.98,-1.1884
1974-07-26,82.4,-1.8814
1974-07-29,80.94,-1.7718
1974-07-30,80.5,-0.5436
1974-07-31,79.31,-1.4783
1974-08-01,78.75,-0.7061
1974-08-02,78.59,-0.2032
1974-08-05,79.29,0.8907
1974-08-06,80.52,1.5513
1974-08-07,82.65,2.6453
1974-08-08,81.57,-1.3067
1974-08-09,80.86,-0.8704
1974-08-12,79.75,-1.3727
1974-08-13,78.49,-1.5799
1974-08-14,76.73,-2.2423
1974-08-15,76.3,-0.5604
1974-08-16,75.67,-0.8257
1974-08-19,74.57,-1.4537
1974-08-20,74.95,0.5096
1974-08-21,73.51,-1.9213
1974-08-22,72.8,-0.9659
1974-08-23,71.55,-1.717
1974-08-26,72.16,0.8526
1974-08-27,70.94,-1.6907
1974-08-28,70.76,-0.2537
1974-08-29,69.99,-1.0882
1974-08-30,72.15,3.0862
1974-09-03,70.52,-2.2592
1974-09-04,68.69,-2.595
1974-09-05,70.87,3.1737
1974-09-06,71.42,0.7761
1974-09-09,69.72,-2.3803
1974-09-10,69.24,-0.6885
1974-09-11,68.55,-0.9965
1974-09-12,66.71,-2.6842
1974-09-13,65.2,-2.2635
1974-09-16,66.26,1.6258
1974-09-17,67.38,1.6903
1974-09-18,67.72,0.5046
1974-09-19,70.09,3.4997
1974-09-20,70.14,0.0713
1974-09-23,69.42,-1.0265
1974-09-24,68.02,-2.0167
1974-09-25,67.57,-0.6616
1974-09-26,66.46,-1.6427
1974-09-27,64.94,-2.2871
1974-09-30,63.54,-2.1558
1974-10-01,63.39,-0.2361
1974-10-02,63.38,-0.0158
1974-10-03,62.28,-1.7356
1974-10-04,62.34,0.0963
1974-10-07,64.95,4.1867
1974-10-08,64.84,-0.1694
1974-10-09,67.82,4.5959
1974-10-10,69.79,2.9047
1974-10-11,71.14,1.9344
1974-10-14,72.74,2.2491
1974-10-15,71.44,-1.7872
1974-10-16,70.33,-1.5538
1974-10-17,71.17,1.1944
1974-10-18,72.28,1.5596
1974-10-21,73.5,1.6879
1974-10-22,73.13,-0.5034
1974-10-23,71.03,-2.8716
1974-10-24,70.22,-1.1404
1974-10-25,70.12,-0.1424
1974-10-28,70.09,-0.0428
1974-10-29,72.83,3.9093
1974-10-30,74.31,2.0321
1974-10-31,73.9,-0.5517
1974-11-01,73.88,-0.0271
1974-11-04,73.08,-1.0828
1974-11-05,75.11,2.7778
1974-11-06,74.75,-0.4793
1974-11-07,75.21,0.6154
1974-11-08,74.91,-0.3989
1974-11-11,75.15,0.3204
1974-11-12,73.67,-1.9694
1974-11-13,73.35,-0.4344
1974-11-14,73.06,-0.3954
1974-11-15,71.91,-1.574
1974-11-18,69.27,-3.6713
1974-11-19,68.2,-1.5447
1974-11-20,67.9,-0.4399
1974-11-21,68.18,0.4124
1974-11-22,68.9,1.056
1974-11-25,68.83,-0.1016
1974-11-26,69.47,0.9298
1974-11-27,69.94,0.6766
1974-11-29,69.97,0.0429
1974-12-02,68.11,-2.6583
1974-12-03,67.17,-1.3801
1974-12-04,67.41,0.3573
1974-12-05,66.13,-1.8988
1974-12-06,65.01,-1.6936
1974-12-09,65.6,0.9076
1974-12-10,67.28,2.561
1974-12-11,67.67,0.5797
1974-12-12,67.45,-0.3251
1974-12-13,67.07,-0.5634
1974-12-16,66.46,-0.9095
1974-12-17,67.58,1.6852
1974-12-18,67.9,0.4735
1974-12-19,67.65,-0.3682
1974-12-20,66.91,-1.0939
1974-12-23,65.96,-1.4198
1974-12-24,66.88,1.3948
1974-12-26,67.44,0.8373
1974-12-27,67.14,-0.4448
1974-12-30,67.16,0.0298
1974-12-31,68.56,2.0846
1975-01-02,70.23,2.4358
1975-01-03,70.71,0.6835
1975-01-06,71.07,0.5091
1975-01-07,71.02,-0.0704
1975-01-08,70.04,-1.3799
1975-01-09,71.17,1.6134
1975-01-10,72.61,2.0233
1975-01-13,72.31,-0.4132
1975-01-14,71.68,-0.8712
1975-01-15,72.14,0.6417
1975-01-16,72.05,-0.1248
1975-01-17,70.96,-1.5128
1975-01-20,71.08,0.1691
1975-01-21,70.7,-0.5346
1975-01-22,71.74,1.471
1975-01-23,72.07,0.46
1975-01-24,72.98,1.2627
1975-01-27,75.37,3.2749
1975-01-28,76.03,0.8757
1975-01-29,77.26,1.6178
1975-01-30,76.21,-1.359
1975-01-31,76.98,1.0104
1975-02-03,77.82,1.0912
1975-02-04,77.61,-0.2699
1975-02-05,78.95,1.7266
1975-02-06,78.56,-0.494
1975-02-07,78.63,0.0891
1975-02-10,78.36,-0.3434
1975-02-11,78.58,0.2808
1975-02-12,79.92,1.7053
1975-02-13,81.01,1.3639
1975-02-14,81.5,0.6049
1975-02-18,80.93,-0.6994
1975-02-19,81.44,0.6302
1975-02-20,82.21,0.9455
1975-02-21,82.62,0.4987
1975-02-24,81.44,-1.4282
1975-02-25,79.53,-2.3453
1975-02-26,80.37,1.0562
1975-02-27,80.77,0.4977
1975-02-28,81.59,1.0152
1975-03-03,83.03,1.7649
1975-03-04,83.56,0.6383
1975-03-05,83.9,0.4069
1975-03-06,83.69,-0.2503
1975-03-07,84.3,0.7289
1975-03-10,84.95,0.7711
1975-03-11,84.36,-0.6945
1975-03-12,83.59,-0.9128
1975-03-13,83.74,0.1794
1975-03-14,84.76,1.2181
1975-03-17,86.01,1.4748
1975-03-18,85.13,-1.0231
1975-03-19,84.34,-0.928
1975-03-20,83.61,-0.8655
1975-03-21,83.39,-0.2631
1975-03-24,81.42,-2.3624
1975-03-25,82.06,0.786
1975-03-26,83.59,1.8645
1975-03-27,83.85,0.311
1975-03-31,83.36,-0.5844
1975-04-01,82.64,-0.8637
1975-04-02,82.43,-0.2541
1975-04-03,81.51,-1.1161
1975-04-04,80.88,-0.7729
1975-04-07,80.35,-0.6553
1975-04-08,80.99,0.7965
1975-04-09,82.84,2.2842
1975-04-10,83.77,1.1226
1975-04-11,84.18,0.4894
1975-04-14,85.6,1.6869
1975-04-15,86.3,0.8178
1975-04-16,86.6,0.3476
1975-04-17,87.25,0.7506
1975-04-18,86.3,-1.0888
1975-04-21,87.23,1.0776
1975-04-22,87.09,-0.1605
1975-04-23,86.12,-1.1138
1975-04-24,86.04,-0.0929
1975-04-25,86.62,0.6741
1975-04-28,86.23,-0.4502
1975-04-29,85.64,-0.6842
1975-04-30,87.3,1.9383
1975-05-01,88.1,0.9164
1975-05-02,89.22,1.2713
1975-05-05,90.08,0.9639
1975-05-06,88.64,-1.5986
1975-05-07,89.08,0.4964
1975-05-08,89.56,0.5388
1975-05-09,90.53,1.0831
1975-05-12,90.61,0.0884
1975-05-13,91.58,1.0705
1975-05-14,92.27,0.7534
1975-05-15,91.41,-0.932
1975-05-16,90.43,-1.0721
1975-05-19,90.53,0.1106
1975-05-20,90.07,-0.5081
1975-05-21,89.06,-1.1214
1975-05-22,89.39,0.3705
1975-05-23,90.58,1.3312
1975-05-27,90.34,-0.265
1975-05-28,89.71,-0.6974
1975-05-29,89.68,-0.0334
1975-05-30,91.15,1.6392
1975-06-02,92.58,1.5688
1975-06-03,92.89,0.3348
1975-06-04,92.6,-0.3122
1975-06-05,92.69,0.0972
1975-06-06,92.48,-0.2266
1975-06-09,91.21,-1.3733
1975-06-10,90.44,-0.8442
1975-06-11,90.55,0.1216
1975-06-12,90.08,-0.5191
1975-06-13,90.52,0.4885
1975-06-16,91.46,1.0384
1975-06-17,90.58,-0.9622
1975-06-18,90.39,-0.2098
1975-06-19,92.02,1.8033
1975-06-20,92.61,0.6412
1975-06-23,93.62,1.0906
1975-06-24,94.19,0.6088
1975-06-25,94.62,0.4565
1975-06-26,94.81,0.2008
1975-06-27,94.81,0.0
1975-06-30,95.19,0.4008
1975-07-01,94.85,-0.3572
1975-07-02,94.18,-0.7064
1975-07-03,94.36,0.1911
1975-07-07,93.54,-0.869
1975-07-08,93.39,-0.1604
1975-07-09,94.8,1.5098
1975-07-10,94.81,0.0105
1975-07-11,94.66,-0.1582
1975-07-14,95.19,0.5599
1975-07-15,95.61,0.4412
1975-07-16,94.61,-1.0459
1975-07-17,93.63,-1.0358
1975-07-18,93.2,-0.4593
1975-07-21,92.44,-0.8155
1975-07-22,91.45,-1.071
1975-07-23,90.18,-1.3887
1975-07-24,90.07,-0.122
1975-07-25,89.29,-0.866
1975-07-28,88.69,-0.672
1975-07-29,88.19,-0.5638
1975-07-30,88.83,0.7257
1975-07-31,88.75,-0.0901
1975-08-01,87.99,-0.8563
1975-08-04,87.15,-0.9547
1975-08-05,86.23,-1.0557
1975-08-06,86.25,0.0232
1975-08-07,86.3,0.058
1975-08-08,86.02,-0.3244
1975-08-11,86.55,0.6161
1975-08-12,87.12,0.6586
1975-08-13,85.97,-1.32
1975-08-14,85.6,-0.4304
1975-08-15,86.36,0.8879
1975-08-18,86.2,-0.1853
1975-08-19,84.95,-1.4501
1975-08-20,83.22,-2.0365
1975-08-21,83.07,-0.1802
1975-08-22,84.28,1.4566
1975-08-25,85.06,0.9255
1975-08-26,83.96,-1.2932
1975-08-27,84.43,0.5598
1975-08-28,86.4,2.3333
1975-08-29,86.88,0.5556
1975-09-02,85.48,-1.6114
1975-09-03,86.03,0.6434
1975-09-04,86.2,0.1976
1975-09-05,85.62,-0.6729
1975-09-08,85.89,0.3153
1975-09-09,84.6,-1.5019
1975-09-10,83.79,-0.9574
1975-09-11,83.45,-0.4058
1975-09-12,83.3,-0.1797
1975-09-15,82.88,-0.5042
1975-09-16,82.09,-0.9532
1975-09-17,82.37,0.3411
1975-09-18,84.06,2.0517
1975-09-19,85.88,2.1651
1975-09-22,85.07,-0.9432
1975-09-23,84.94,-0.1528
1975-09-24,85.74,0.9418
1975-09-25,85.64,-0.1166
1975-09-26,86.19,0.6422
1975-09-29,85.03,-1.3459
1975-09-30,83.87,-1.3642
1975-10-01,82.93,-1.1208
1975-10-02,83.82,1.0732
1975-10-03,85.95,2.5412
1975-10-06,86.88,1.082
1975-10-07,86.77,-0.1266
1975-10-08,87.94,1.3484
1975-10-09,88.37,0.489
1975-10-10,88.21,-0.1811
1975-10-13,89.46,1.4171
1975-10-14,89.28,-0.2012
1975-10-15,89.23,-0.056
1975-10-16,89.37,0.1569
1975-10-17,88.86,-0.5707
1975-10-20,89.82,1.0804
1975-10-21,90.56,0.8239
1975-10-22,90.71,0.1656
1975-10-23,91.24,0.5843
1975-10-24,89.83,-1.5454
1975-10-27,89.73,-0.1113
1975-10-28,90.51,0.8693
1975-10-29,89.39,-1.2374
1975-10-30,89.31,-0.0895
1975-10-31,89.04,-0.3023
1975-11-03,88.09,-1.0669
1975-11-04,88.51,0.4768
1975-11-05,89.15,0.7231
1975-11-06,89.55,0.4487
1975-11-07,89.33,-0.2457
1975-11-10,89.34,0.0112
1975-11-11,89.87,0.5932
1975-11-12,91.19,1.4688
1975-11-13,91.04,-0.1645
1975-11-14,90.97,-0.0769
1975-11-17,91.46,0.5386
1975-11-18,91.0,-0.503
1975-11-19,89.98,-1.1209
1975-11-20,89.64,-0.3779
1975-11-21,89.53,-0.1227
1975-11-24,89.7,0.1899
1975-11-25,90.71,1.126
1975-11-26,90.94,0.2536
1975-11-28,91.24,0.3299
1975-12-01,90.67,-0.6247
1975-12-02,89.33,-1.4779
1975-12-03,87.6,-1.9366
1975-12-04,87.84,0.274
1975-12-05,86.82,-1.1612
1975-12-08,87.07,0.288
1975-12-09,87.3,0.2642
1975-12-10,88.08,0.8935
1975-12-11,87.8,-0.3179
1975-12-12,87.83,0.0342
1975-12-15,88.09,0.296
1975-12-16,88.93,0.9536
1975-12-17,89.15,0.2474
1975-12-18,89.43,0.3141
1975-12-19,88.8,-0.7045
1975-12-22,88.14,-0.7432
1975-12-23,88.73,0.6694
1975-12-24,89.46,0.8227
1975-12-26,90.25,0.8831
1975-12-29,90.13,-0.133
1975-12-30,89.77,-0.3994
1975-12-31,90.19,0.4679
1976-01-02,90.9,0.7872
1976-01-05,92.58,1.8482
1976-01-06,93.53,1.0261
1976-01-07,93.95,0.4491
1976-01-08,94.58,0.6706
1976-01-09,94.95,0.3912
1976-01-12,96.33,1.4534
1976-01-13,95.57,-0.789
1976-01-14,97.13,1.6323
1976-01-15,96.61,-0.5354
1976-01-16,97.0,0.4037
1976-01-19,98.32,1.3608
1976-01-20,98.86,0.5492
1976-01-21,98.24,-0.6271
1976-01-22,98.04,-0.2036
1976-01-23,99.21,1.1934
1976-01-26,99.68,0.4737
1976-01-27,99.07,-0.612
1976-01-28,98.53,-0.5451
1976-01-29,100.11,1.6036
1976-01-30,100.86,0.7492
1976-02-02,100.87,0.0099
1976-02-03,101.18,0.3073
1976-02-04,101.91,0.7215
1976-02-05,100.39,-1.4915
1976-02-06,99.46,-0.9264
1976-02-09,99.62,0.1609
1976-02-10,100.47,0.8532
1976-02-11,100.77,0.2986
1976-02-12,100.25,-0.516
1976-02-13,99.67,-0.5786
1976-02-17,99.05,-0.6221
1976-02-18,99.85,0.8077
1976-02-19,101.41,1.5623
1976-02-20,102.1,0.6804
1976-02-23,101.61,-0.4799
1976-02-24,102.03,0.4133
1976-02-25,101.69,-0.3332
1976-02-26,100.11,-1.5537
1976-02-27,99.71,-0.3996
1976-03-01,100.02,0.3109
1976-03-02,100.58,0.5599
1976-03-03,99.98,-0.5965
1976-03-04,98.92,-1.0602
1976-03-05,99.11,0.1921
1976-03-08,100.19,1.0897
1976-03-09,100.58,0.3893
1976-03-10,100.94,0.3579
1976-03-11,101.89,0.9412
1976-03-12,100.86,-1.0109
1976-03-15,99.8,-1.051
1976-03-16,100.92,1.1222
1976-03-17,100.86,-0.0595
1976-03-18,100.45,-0.4065
1976-03-19,100.58,0.1294
1976-03-22,100.71,0.1293
1976-03-23,102.24,1.5192
1976-03-24,103.42,1.1541
1976-03-25,102.85,-0.5512
1976-03-26,102.85,0.0
1976-03-29,102.41,-0.4278
1976-03-30,102.01,-0.3906
1976-03-31,102.77,0.745
1976-04-01,102.24,-0.5157
1976-04-02,102.25,0.0098
1976-04-05,103.51,1.2323
1976-04-06,103.36,-0.1449
1976-04-07,102.21,-1.1126
1976-04-08,101.28,-0.9099
1976-04-09,100.35,-0.9182
1976-04-12,100.2,-0.1495
1976-04-13,101.05,0.8483
1976-04-14,100.31,-0.7323
1976-04-15,100.67,0.3589
1976-04-19,101.44,0.7649
1976-04-20,102.87,1.4097
1976-04-21,103.32,0.4374
1976-04-22,102.98,-0.3291
1976-04-23,102.29,-0.67
1976-04-26,102.43,0.1369
1976-04-27,101.86,-0.5565
1976-04-28,102.13,0.2651
1976-04-29,102.13,0.0
1976-04-30,101.64,-0.4798
1976-05-03,100.92,-0.7084
1976-05-04,101.46,0.5351
1976-05-05,100.88,-0.5717
1976-05-06,101.16,0.2776
1976-05-07,101.88,0.7117
1976-05-10,103.1,1.1975
1976-05-11,102.95,-0.1455
1976-05-12,102.77,-0.1748
1976-05-13,102.16,-0.5936
1976-05-14,101.34,-0.8027
1976-05-17,101.09,-0.2467
1976-05-18,101.26,0.1682
1976-05-19,101.18,-0.079
1976-05-20,102.0,0.8104
1976-05-21,101.26,-0.7255
1976-05-24,99.44,-1.7974
1976-05-25,99.49,0.0503
1976-05-26,99.34,-0.1508
1976-05-27,99.38,0.0403
1976-05-28,100.18,0.805
1976-06-01,99.85,-0.3294
1976-06-02,100.22,0.3706
1976-06-03,100.13,-0.0898
1976-06-04,99.15,-0.9787
1976-06-07,98.63,-0.5245
1976-06-08,98.8,0.1724
1976-06-09,98.74,-0.0607
1976-06-10,99.56,0.8305
1976-06-11,100.92,1.366
1976-06-14,101.95,1.0206
1976-06-15,101.46,-0.4806
1976-06-16,102.01,0.5421
1976-06-17,103.61,1.5685
1976-06-18,103.76,0.1448
1976-06-21,104.28,0.5012
1976-06-22,103.47,-0.7768
1976-06-23,103.25,-0.2126
1976-06-24,103.79,0.523
1976-06-25,103.72,-0.0674
1976-06-28,103.43,-0.2796
1976-06-29,103.86,0.4157
1976-06-30,104.28,0.4044
1976-07-01,103.59,-0.6617
1976-07-02,104.11,0.502
1976-07-06,103.54,-0.5475
1976-07-07,103.83,0.2801
1976-07-08,103.98,0.1445
1976-07-09,104.98,0.9617
1976-07-12,105.9,0.8764
1976-07-13,105.67,-0.2172
1976-07-14,105.95,0.265
1976-07-15,105.2,-0.7079
1976-07-16,104.68,-0.4943
1976-07-19,104.29,-0.3726
1976-07-20,103.72,-0.5466
1976-07-21,103.82,0.0964
1976-07-22,103.93,0.106
1976-07-23,104.06,0.1251
1976-07-26,104.07,0.0096
1976-07-27,103.48,-0.5669
1976-07-28,103.05,-0.4155
1976-07-29,102.93,-0.1164
1976-07-30,103.44,0.4955
1976-08-02,103.19,-0.2417
1976-08-03,104.14,0.9206
1976-08-04,104.43,0.2785
1976-08-05,103.85,-0.5554
1976-08-06,103.79,-0.0578
1976-08-09,103.49,-0.289
1976-08-10,104.41,0.889
1976-08-11,104.06,-0.3352
1976-08-12,104.22,0.1538
1976-08-13,104.25,0.0288
1976-08-16,104.43,0.1727
1976-08-17,104.8,0.3543
1976-08-18,104.56,-0.229
1976-08-19,103.39,-1.119
1976-08-20,102.37,-0.9866
1976-08-23,101.96,-0.4005
1976-08-24,101.27,-0.6767
1976-08-25,102.03,0.7505
1976-08-26,101.32,-0.6959
1976-08-27,101.48,0.1579
1976-08-30,102.07,0.5814
1976-08-31,102.91,0.823
1976-09-01,104.06,1.1175
1976-09-02,103.92,-0.1345
1976-09-03,104.3,0.3657
1976-09-07,105.03,0.6999
1976-09-08,104.94,-0.0857
1976-09-09,104.4,-0.5146
1976-09-10,104.65,0.2395
1976-09-13,104.29,-0.344
1976-09-14,103.94,-0.3356
1976-09-15,104.25,0.2982
1976-09-16,105.34,1.0456
1976-09-17,106.27,0.8829
1976-09-20,106.32,0.047
1976-09-21,107.83,1.4202
1976-09-22,107.46,-0.3431
1976-09-23,106.92,-0.5025
1976-09-24,106.8,-0.1122
1976-09-27,107.27,0.4401
1976-09-28,105.92,-1.2585
1976-09-29,105.37,-0.5193
1976-09-30,105.24,-0.1234
1976-10-01,104.17,-1.0167
1976-10-04,104.03,-0.1344
1976-10-05,103.23,-0.769
1976-10-06,102.97,-0.2519
1976-10-07,103.54,0.5536
1976-10-08,102.56,-0.9465
1976-10-11,101.64,-0.897
1976-10-12,100.81,-0.8166
1976-10-13,102.12,1.2995
1976-10-14,100.85,-1.2436
1976-10-15,100.88,0.0297
1976-10-18,101.47,0.5849
1976-10-19,101.45,-0.0197
1976-10-20,101.74,0.2859
1976-10-21,100.77,-0.9534
1976-10-22,99.96,-0.8038
1976-10-25,100.07,0.11
1976-10-26,101.06,0.9893
1976-10-27,101.76,0.6927
1976-10-28,101.61,-0.1474
1976-10-29,102.9,1.2696
1976-11-01,103.1,0.1944
1976-11-03,101.92,-1.1445
1976-11-04,102.41,0.4808
1976-11-05,100.82,-1.5526
1976-11-08,99.6,-1.2101
1976-11-09,99.32,-0.2811
1976-11-10,98.81,-0.5135
1976-11-11,99.64,0.84
1976-11-12,99.24,-0.4014
1976-11-15,99.9,0.6651
1976-11-16,100.04,0.1401
1976-11-17,100.61,0.5698
1976-11-18,101.89,1.2722
1976-11-19,101.92,0.0294
1976-11-22,102.59,0.6574
1976-11-23,101.96,-0.6141
1976-11-24,102.41,0.4413
1976-11-26,103.15,0.7226
1976-11-29,102.44,-0.6883
1976-11-30,102.1,-0.3319
1976-12-01,102.49,0.382
1976-12-02,102.12,-0.361
1976-12-03,102.76,0.6267
1976-12-06,103.56,0.7785
1976-12-07,103.49,-0.0676
1976-12-08,104.08,0.5701
1976-12-09,104.51,0.4131
1976-12-10,104.7,0.1818
1976-12-13,104.63,-0.0669
1976-12-14,105.07,0.4205
1976-12-15,105.14,0.0666
1976-12-16,104.8,-0.3234
1976-12-17,104.26,-0.5153
1976-12-20,103.65,-0.5851
1976-12-21,104.22,0.5499
1976-12-22,104.71,0.4702
1976-12-23,104.84,0.1242
1976-12-27,106.06,1.1637
1976-12-28,106.77,0.6694
1976-12-29,106.34,-0.4027
1976-12-30,106.88,0.5078
1976-12-31,107.46,0.5427
1977-01-03,107.0,-0.4281
1977-01-04,105.7,-1.215
1977-01-05,104.76,-0.8893
1977-01-06,105.02,0.2482
1977-01-07,105.01,-0.0095
1977-01-10,105.2,0.1809
1977-01-11,104.12,-1.0266
1977-01-12,103.4,-0.6915
1977-01-13,104.2,0.7737
1977-01-14,104.01,-0.1823
1977-01-17,103.73,-0.2692
1977-01-18,103.32,-0.3953
1977-01-19,103.85,0.513
1977-01-20,102.97,-0.8474
1977-01-21,103.32,0.3399
1977-01-24,103.25,-0.0678
1977-01-25,103.13,-0.1162
1977-01-26,102.34,-0.766
1977-01-27,101.79,-0.5374
1977-01-28,101.93,0.1375
1977-01-31,102.03,0.0981
1977-02-01,102.54,0.4999
1977-02-02,102.36,-0.1755
1977-02-03,101.85,-0.4982
1977-02-04,101.88,0.0295
1977-02-07,101.89,0.0098
1977-02-08,101.6,-0.2846
1977-02-09,100.73,-0.8563
1977-02-10,100.82,0.0893
1977-02-11,100.22,-0.5951
1977-02-14,100.74,0.5189
1977-02-15,101.04,0.2978
1977-02-16,101.5,0.4553
1977-02-17,100.92,-0.5714
1977-02-18,100.49,-0.4261
1977-02-22,100.49,0.0
1977-02-23,100.19,-0.2985
1977-02-24,99.6,-0.5889
1977-02-25,99.48,-0.1205
1977-02-28,99.82,0.3418
1977-03-01,100.66,0.8415
1977-03-02,100.39,-0.2682
1977-03-03,100.88,0.4881
1977-03-04,101.2,0.3172
1977-03-07,101.25,0.0494
1977-03-08,100.87,-0.3753
1977-03-09,100.1,-0.7634
1977-03-10,100.67,0.5694
1977-03-11,100.65,-0.0199
1977-03-14,101.42,0.765
1977-03-15,101.98,0.5522
1977-03-16,102.17,0.1863
1977-03-17,102.08,-0.0881
1977-03-18,101.86,-0.2155
1977-03-21,101.31,-0.54
1977-03-22,101.0,-0.306
1977-03-23,100.2,-0.7921
1977-03-24,99.7,-0.499
1977-03-25,99.06,-0.6419
1977-03-28,99.0,-0.0606
1977-03-29,99.69,0.697
1977-03-30,98.54,-1.1536
1977-03-31,98.42,-0.1218
1977-04-01,99.21,0.8027
1977-04-04,98.23,-0.9878
1977-04-05,98.01,-0.224
1977-04-06,97.91,-0.102
1977-04-07,98.35,0.4494
1977-04-11,98.88,0.5389
1977-04-12,100.15,1.2844
1977-04-13,100.16,0.01
1977-04-14,101.0,0.8387
1977-04-15,101.04,0.0396
1977-04-18,100.54,-0.4949
1977-04-19,100.07,-0.4675
1977-04-20,100.4,0.3298
1977-04-21,99.75,-0.6474
1977-04-22,98.44,-1.3133
1977-04-25,97.15,-1.3104
1977-04-26,97.11,-0.0412
1977-04-27,97.96,0.8753
1977-04-28,98.2,0.245
1977-04-29,98.44,0.2444
1977-05-02,98.93,0.4978
1977-05-03,99.43,0.5054
1977-05-04,99.96,0.533
1977-05-05,100.11,0.1501
1977-05-06,99.49,-0.6193
1977-05-09,99.18,-0.3116
1977-05-10,99.47,0.2924
1977-05-11,98.78,-0.6937
1977-05-12,98.73,-0.0506
1977-05-13,99.03,0.3039
1977-05-16,99.47,0.4443
1977-05-17,99.77,0.3016
1977-05-18,100.3,0.5312
1977-05-19,99.88,-0.4187
1977-05-20,99.45,-0.4305
1977-05-23,98.15,-1.3072
1977-05-24,97.67,-0.489
1977-05-25,96.77,-0.9215
1977-05-26,97.01,0.248
1977-05-27,96.27,-0.7628
1977-05-31,96.12,-0.1558
1977-06-01,96.93,0.8427
1977-06-02,96.74,-0.196
1977-06-03,97.69,0.982
1977-06-06,97.23,-0.4709
1977-06-07,97.73,0.5142
1977-06-08,98.2,0.4809
1977-06-09,98.14,-0.0611
1977-06-10,98.46,0.3261
1977-06-13,98.74,0.2844
1977-06-14,99.86,1.1343
1977-06-15,99.61,-0.2504
1977-06-16,99.85,0.2409
1977-06-17,99.97,0.1202
1977-06-20,100.42,0.4501
1977-06-21,100.74,0.3187
1977-06-22,100.46,-0.2779
1977-06-23,100.62,0.1593
1977-06-24,101.19,0.5665
1977-06-27,100.98,-0.2075
1977-06-28,100.14,-0.8318
1977-06-29,100.11,-0.03
1977-06-30,100.48,0.3696
1977-07-01,100.1,-0.3782
1977-07-05,100.09,-0.01
1977-07-06,99.58,-0.5095
1977-07-07,99.93,0.3515
1977-07-08,99.79,-0.1401
1977-07-11,99.55,-0.2405
1977-07-12,99.45,-0.1005
1977-07-13,99.59,0.1408
1977-07-15,100.18,0.5924
1977-07-18,100.95,0.7686
1977-07-19,101.79,0.8321
1977-07-20,101.73,-0.0589
1977-07-21,101.59,-0.1376
1977-07-22,101.67,0.0787
1977-07-25,100.85,-0.8065
1977-07-26,100.27,-0.5751
1977-07-27,98.64,-1.6256
1977-07-28,98.79,0.1521
1977-07-29,98.85,0.0607
1977-08-01,99.12,0.2731
1977-08-02,98.5,-0.6255
1977-08-03,98.37,-0.132
1977-08-04,98.74,0.3761
1977-08-05,98.76,0.0203
1977-08-08,97.99,-0.7797
1977-08-09,98.05,0.0612
1977-08-10,98.92,0.8873
1977-08-11,98.16,-0.7683
1977-08-12,97.88,-0.2852
1977-08-15,98.18,0.3065
1977-08-16,97.73,-0.4583
1977-08-17,97.74,0.0102
1977-08-18,97.68,-0.0614
1977-08-19,97.51,-0.174
1977-08-22,97.79,0.2872
1977-08-23,97.62,-0.1738
1977-08-24,97.23,-0.3995
1977-08-25,96.15,-1.1108
1977-08-26,96.06,-0.0936
1977-08-29,96.92,0.8953
1977-08-30,96.38,-0.5572
1977-08-31,96.77,0.4046
1977-09-01,96.83,0.062
1977-09-02,97.45,0.6403
1977-09-06,97.71,0.2668
1977-09-07,98.01,0.307
1977-09-08,97.28,-0.7448
1977-09-09,96.37,-0.9354
1977-09-12,96.03,-0.3528
1977-09-13,96.09,0.0625
1977-09-14,96.55,0.4787
1977-09-15,96.8,0.2589
1977-09-16,96.48,-0.3306
1977-09-19,95.85,-0.653
1977-09-20,95.89,0.0417
1977-09-21,95.1,-0.8239
1977-09-22,95.09,-0.0105
1977-09-23,95.04,-0.0526
1977-09-26,95.38,0.3577
1977-09-27,95.24,-0.1468
1977-09-28,95.31,0.0735
1977-09-29,95.85,0.5666
1977-09-30,96.53,0.7094
1977-10-03,96.74,0.2175
1977-10-04,96.03,-0.7339
1977-10-05,95.68,-0.3645
1977-10-06,96.05,0.3867
1977-10-07,95.97,-0.0833
1977-10-10,95.75,-0.2292
1977-10-11,94.93,-0.8564
1977-10-12,94.04,-0.9375
1977-10-13,93.46,-0.6168
1977-10-14,93.56,0.107
1977-10-17,93.47,-0.0962
1977-10-18,93.46,-0.0107
1977-10-19,92.38,-1.1556
1977-10-20,92.67,0.3139
1977-10-21,92.32,-0.3777
1977-10-24,91.63,-0.7474
1977-10-25,91.0,-0.6875
1977-10-26,92.1,1.2088
1977-10-27,92.34,0.2606
1977-10-28,92.61,0.2924
1977-10-31,92.34,-0.2915
1977-11-01,91.35,-1.0721
1977-11-02,90.71,-0.7006
1977-11-03,90.76,0.0551
1977-11-04,91.58,0.9035
1977-11-07,92.29,0.7753
1977-11-08,92.46,0.1842
1977-11-09,92.98,0.5624
1977-11-10,94.71,1.8606
1977-11-11,95.98,1.3409
1977-11-14,95.32,-0.6876
1977-11-15,95.93,0.6399
1977-11-16,95.45,-0.5004
1977-11-17,95.16,-0.3038
1977-11-18,95.33,0.1786
1977-11-21,95.25,-0.0839
1977-11-22,96.09,0.8819
1977-11-23,96.49,0.4163
1977-11-25,96.69,0.2073
1977-11-28,96.04,-0.6723
1977-11-29,94.55,-1.5514
1977-11-30,94.83,0.2961
1977-12-01,94.69,-0.1476
1977-12-02,94.67,-0.0211
1977-12-05,94.27,-0.4225
1977-12-06,92.83,-1.5275
1977-12-07,92.78,-0.0539
1977-12-08,92.96,0.194
1977-12-09,93.65,0.7423
1977-12-12,93.63,-0.0214
1977-12-13,93.56,-0.0748
1977-12-14,94.03,0.5024
1977-12-15,93.55,-0.5105
1977-12-16,93.4,-0.1603
1977-12-19,92.69,-0.7602
1977-12-20,92.5,-0.205
1977-12-21,93.05,0.5946
1977-12-22,93.8,0.806
1977-12-23,94.69,0.9488
1977-12-27,94.69,0.0
1977-12-28,94.75,0.0634
1977-12-29,94.94,0.2005
1977-12-30,95.1,0.1685
1978-01-03,93.82,-1.346
1978-01-04,93.52,-0.3198
1978-01-05,92.74,-0.834
1978-01-06,91.62,-1.2077
1978-01-09,90.64,-1.0696
1978-01-10,90.17,-0.5185
1978-01-11,89.74,-0.4769
1978-01-12,89.82,0.0891
1978-01-13,89.69,-0.1447
1978-01-16,89.43,-0.2899
1978-01-17,89.88,0.5032
1978-01-18,90.56,0.7566
1978-01-19,90.09,-0.519
1978-01-20,89.89,-0.222
1978-01-23,89.24,-0.7231
1978-01-24,89.25,0.0112
1978-01-25,89.39,0.1569
1978-01-26,88.58,-0.9061
1978-01-27,88.58,0.0
1978-01-30,89.34,0.858
1978-01-31,89.25,-0.1007
1978-02-01,89.93,0.7619
1978-02-02,90.13,0.2224
1978-02-03,89.62,-0.5658
1978-02-06,89.5,-0.1339
1978-02-07,90.33,0.9274
1978-02-08,90.83,0.5535
1978-02-09,90.3,-0.5835
1978-02-10,90.08,-0.2436
1978-02-13,89.86,-0.2442
1978-02-14,89.04,-0.9125
1978-02-15,88.83,-0.2358
1978-02-16,88.08,-0.8443
1978-02-17,87.96,-0.1362
1978-02-21,87.59,-0.4206
1978-02-22,87.56,-0.0343
1978-02-23,87.64,0.0914
1978-02-24,88.49,0.9699
1978-02-27,87.72,-0.8702
1978-02-28,87.04,-0.7752
1978-03-01,87.19,0.1723
1978-03-02,87.32,0.1491
1978-03-03,87.45,0.1489
1978-03-06,86.9,-0.6289
1978-03-07,87.36,0.5293
1978-03-08,87.84,0.5495
1978-03-09,87.89,0.0569
1978-03-10,88.88,1.1264
1978-03-13,88.95,0.0788
1978-03-14,89.35,0.4497
1978-03-15,89.12,-0.2574
1978-03-16,89.51,0.4376
1978-03-17,90.2,0.7709
1978-03-20,90.82,0.6874
1978-03-21,89.79,-1.1341
1978-03-22,89.47,-0.3564
1978-03-23,89.36,-0.1229
1978-03-27,88.87,-0.5483
1978-03-28,89.5,0.7089
1978-03-29,89.64,0.1564
1978-03-30,89.41,-0.2566
1978-03-31,89.21,-0.2237
1978-04-03,88.46,-0.8407
1978-04-04,88.86,0.4522
1978-04-05,89.64,0.8778
1978-04-06,89.79,0.1673
1978-04-07,90.17,0.4232
1978-04-10,90.49,0.3549
1978-04-11,90.25,-0.2652
1978-04-12,90.11,-0.1551
1978-04-13,90.98,0.9655
1978-04-14,92.92,2.1323
1978-04-17,94.45,1.6466
1978-04-18,93.43,-1.0799
1978-04-19,93.86,0.4602
1978-04-20,94.54,0.7245
1978-04-21,94.34,-0.2116
1978-04-24,95.77,1.5158
1978-04-25,96.64,0.9084
1978-04-26,96.82,0.1863
1978-04-27,95.86,-0.9915
1978-04-28,96.83,1.0119
1978-05-01,97.67,0.8675
1978-05-02,97.25,-0.43
1978-05-03,96.26,-1.018
1978-05-04,95.93,-0.3428
1978-05-05,96.53,0.6255
1978-05-08,96.19,-0.3522
1978-05-09,95.9,-0.3015
1978-05-10,95.92,0.0209
1978-05-11,97.2,1.3344
1978-05-12,98.07,0.8951
1978-05-15,98.76,0.7036
1978-05-16,99.35,0.5974
1978-05-17,99.6,0.2516
1978-05-18,98.62,-0.9839
1978-05-19,98.12,-0.507
1978-05-22,99.09,0.9886
1978-05-23,98.05,-1.0496
1978-05-24,97.08,-0.9893
1978-05-25,96.8,-0.2884
1978-05-26,96.58,-0.2273
1978-05-30,96.86,0.2899
1978-05-31,97.24,0.3923
1978-06-01,97.35,0.1131
1978-06-02,98.14,0.8115
1978-06-05,99.95,1.8443
1978-06-06,100.32,0.3702
1978-06-07,100.12,-0.1994
1978-06-08,100.21,0.0899
1978-06-09,99.93,-0.2794
1978-06-12,99.55,-0.3803
1978-06-13,99.57,0.0201
1978-06-14,99.48,-0.0904
1978-06-15,98.34,-1.146
1978-06-16,97.42,-0.9355
1978-06-19,97.49,0.0719
1978-06-20,96.51,-1.0052
1978-06-21,96.01,-0.5181
1978-06-22,96.24,0.2396
1978-06-23,95.85,-0.4052
1978-06-26,94.6,-1.3041
1978-06-27,94.98,0.4017
1978-06-28,95.4,0.4422
1978-06-29,95.57,0.1782
1978-06-30,95.53,-0.0419
1978-07-03,95.09,-0.4606
1978-07-05,94.27,-0.8623
1978-07-06,94.32,0.053
1978-07-07,94.89,0.6043
1978-07-10,95.27,0.4005
1978-07-11,95.93,0.6928
1978-07-12,96.24,0.3232
1978-07-13,96.25,0.0104
1978-07-14,97.58,1.3818
1978-07-17,97.78,0.205
1978-07-18,96.87,-0.9307
1978-07-19,98.12,1.2904
1978-07-20,98.03,-0.0917
1978-07-21,97.75,-0.2856
1978-07-24,97.72,-0.0307
1978-07-25,98.44,0.7368
1978-07-26,99.08,0.6501
1978-07-27,99.54,0.4643
1978-07-28,100.0,0.4621
1978-07-31,100.68,0.68
1978-08-01,100.66,-0.0199
1978-08-02,102.92,2.2452
1978-08-03,103.51,0.5733
1978-08-04,103.92,0.3961
1978-08-07,103.55,-0.356
1978-08-08,104.01,0.4442
1978-08-09,104.5,0.4711
1978-08-10,103.66,-0.8038
1978-08-11,103.96,0.2894
1978-08-14,103.97,0.0096
1978-08-15,103.85,-0.1154
1978-08-16,104.65,0.7703
1978-08-17,105.08,0.4109
1978-08-18,104.73,-0.3331
1978-08-21,103.89,-0.8021
1978-08-22,104.31,0.4043
1978-08-23,104.91,0.5752
1978-08-24,105.08,0.162
1978-08-25,104.9,-0.1713
1978-08-28,103.96,-0.8961
1978-08-29,103.39,-0.5483
1978-08-30,103.5,0.1064
1978-08-31,103.29,-0.2029
1978-09-01,103.68,0.3776
1978-09-05,104.49,0.7812
1978-09-06,105.38,0.8518
1978-09-07,105.42,0.038
1978-09-08,106.79,1.2996
1978-09-11,106.98,0.1779
1978-09-12,106.99,0.0093
1978-09-13,106.34,-0.6075
1978-09-14,105.1,-1.1661
1978-09-15,104.12,-0.9324
1978-09-18,103.21,-0.874
1978-09-19,102.53,-0.6589
1978-09-20,101.73,-0.7803
1978-09-21,101.9,0.1671
1978-09-22,101.84,-0.0589
1978-09-25,101.86,0.0196
1978-09-26,102.62,0.7461
1978-09-27,101.66,-0.9355
1978-09-28,101.96,0.2951
1978-09-29,102.54,0.5689
1978-10-02,102.96,0.4096
1978-10-03,102.6,-0.3497
1978-10-04,103.06,0.4483
1978-10-05,103.27,0.2038
1978-10-06,103.52,0.2421
1978-10-09,104.59,1.0336
1978-10-10,104.46,-0.1243
1978-10-11,105.39,0.8903
1978-10-12,104.88,-0.4839
1978-10-13,104.66,-0.2098
1978-10-16,102.61,-1.9587
1978-10-17,101.26,-1.3157
1978-10-18,100.49,-0.7604
1978-10-19,99.33,-1.1543
1978-10-20,97.95,-1.3893
1978-10-23,98.18,0.2348
1978-10-24,97.49,-0.7028
1978-10-25,97.31,-0.1846
1978-10-26,96.03,-1.3154
1978-10-27,94.59,-1.4995
1978-10-30,95.06,0.4969
1978-10-31,93.15,-2.0093
1978-11-01,96.85,3.9721
1978-11-02,95.61,-1.2803
1978-11-03,96.18,0.5962
1978-11-06,95.19,-1.0293
1978-11-07,93.85,-1.4077
1978-11-08,94.45,0.6393
1978-11-09,94.42,-0.0318
1978-11-10,94.77,0.3707
1978-11-13,93.13,-1.7305
1978-11-14,92.49,-0.6872
1978-11-15,92.71,0.2379
1978-11-16,93.71,1.0786
1978-11-17,94.42,0.7577
1978-11-20,95.25,0.8791
1978-11-21,95.01,-0.252
1978-11-22,95.48,0.4947
1978-11-24,95.79,0.3247
1978-11-27,95.99,0.2088
1978-11-28,95.15,-0.8751
1978-11-29,93.75,-1.4714
1978-11-30,94.7,1.0133
1978-12-01,96.28,1.6684
1978-12-04,96.15,-0.135
1978-12-05,97.44,1.3417
1978-12-06,97.49,0.0513
1978-12-07,97.08,-0.4206
1978-12-08,96.63,-0.4635
1978-12-11,97.11,0.4967
1978-12-12,96.59,-0.5355
1978-12-13,96.06,-0.5487
1978-12-14,96.04,-0.0208
1978-12-15,95.33,-0.7393
1978-12-18,93.44,-1.9826
1978-12-19,94.24,0.8562
1978-12-20,94.68,0.4669
1978-12-21,94.71,0.0317
1978-12-22,96.31,1.6894
1978-12-26,97.52,1.2564
1978-12-27,96.66,-0.8819
1978-12-28,96.28,-0.3931
1978-12-29,96.11,-0.1766
1979-01-02,96.73,0.6451
1979-01-03,97.8,1.1062
1979-01-04,98.58,0.7975
1979-01-05,99.13,0.5579
1979-01-08,98.8,-0.3329
1979-01-09,99.33,0.5364
1979-01-10,98.77,-0.5638
1979-01-11,99.1,0.3341
1979-01-12,99.93,0.8375
1979-01-15,100.69,0.7605
1979-01-16,99.46,-1.2216
1979-01-17,99.48,0.0201
1979-01-18,99.72,0.2413
1979-01-19,99.75,0.0301
1979-01-22,99.9,0.1504
1979-01-23,100.6,0.7007
1979-01-24,100.16,-0.4374
1979-01-25,101.19,1.0284
1979-01-26,101.86,0.6621
1979-01-29,101.55,-0.3043
1979-01-30,101.05,-0.4924
1979-01-31,99.93,-1.1084
1979-02-01,99.96,0.03
1979-02-02,99.5,-0.4602
1979-02-05,98.09,-1.4171
1979-02-06,98.05,-0.0408
1979-02-07,97.16,-0.9077
1979-02-08,97.65,0.5043
1979-02-09,97.87,0.2253
1979-02-12,98.2,0.3372
1979-02-13,98.93,0.7434
1979-02-14,98.87,-0.0606
1979-02-15,98.73,-0.1416
1979-02-16,98.67,-0.0608
1979-02-20,99.42,0.7601
1979-02-21,99.07,-0.352
1979-02-22,98.33,-0.7469
1979-02-23,97.78,-0.5593
1979-02-26,97.67,-0.1125
1979-02-27,96.13,-1.5767
1979-02-28,96.28,0.156
1979-03-01,96.9,0.644
1979-03-02,96.97,0.0722
1979-03-05,98.06,1.1241
1979-03-06,97.87,-0.1938
1979-03-07,98.44,0.5824
1979-03-08,99.58,1.1581
1979-03-09,99.54,-0.0402
1979-03-12,99.67,0.1306
1979-03-13,99.84,0.1706
1979-03-14,99.71,-0.1302
1979-03-15,99.86,0.1504
1979-03-16,100.69,0.8312
1979-03-19,101.06,0.3675
1979-03-20,100.5,-0.5541
1979-03-21,101.25,0.7463
1979-03-22,101.67,0.4148
1979-03-23,101.6,-0.0689
1979-03-26,101.04,-0.5512
1979-03-27,102.48,1.4252
1979-03-28,102.12,-0.3513
1979-03-29,102.03,-0.0881
1979-03-30,101.59,-0.4312
1979-04-02,100.9,-0.6792
1979-04-03,102.4,1.4866
1979-04-04,102.65,0.2441
1979-04-05,103.26,0.5943
1979-04-06,103.18,-0.0775
1979-04-09,102.87,-0.3004
1979-04-10,103.34,0.4569
1979-04-11,102.31,-0.9967
1979-04-12,102.0,-0.303
1979-04-16,101.12,-0.8627
1979-04-17,101.24,0.1187
1979-04-18,101.7,0.4544
1979-04-19,101.28,-0.413
1979-04-20,101.23,-0.0494
1979-04-23,101.57,0.3359
1979-04-24,102.2,0.6203
1979-04-25,102.5,0.2935
1979-04-26,102.01,-0.478
1979-04-27,101.8,-0.2059
1979-04-30,101.76,-0.0393
1979-05-01,101.68,-0.0786
1979-05-02,101.72,0.0393
1979-05-03,101.81,0.0885
1979-05-04,100.69,-1.1001
1979-05-07,99.02,-1.6586
1979-05-08,99.17,0.1515
1979-05-09,99.46,0.2924
1979-05-10,98.52,-0.9451
1979-05-11,98.52,0.0
1979-05-14,98.06,-0.4669
1979-05-15,98.14,0.0816
1979-05-16,98.42,0.2853
1979-05-17,99.94,1.5444
1979-05-18,99.93,-0.01
1979-05-21,100.14,0.2101
1979-05-22,100.51,0.3695
1979-05-23,99.89,-0.6169
1979-05-24,99.93,0.04
1979-05-25,100.22,0.2902
1979-05-29,100.05,-0.1696
1979-05-30,99.11,-0.9395
1979-05-31,99.08,-0.0303
1979-06-01,99.17,0.0908
1979-06-04,99.32,0.1513
1979-06-05,100.62,1.3089
1979-06-06,101.3,0.6758
1979-06-07,101.79,0.4837
1979-06-08,101.49,-0.2947
1979-06-11,101.91,0.4138
1979-06-12,102.85,0.9224
1979-06-13,102.31,-0.525
1979-06-14,102.2,-0.1075
1979-06-15,102.09,-0.1076
1979-06-18,101.56,-0.5191
1979-06-19,101.58,0.0197
1979-06-20,101.63,0.0492
1979-06-21,102.09,0.4526
1979-06-22,102.64,0.5387
1979-06-25,102.09,-0.5359
1979-06-26,101.66,-0.4212
1979-06-27,102.27,0.6
1979-06-28,102.8,0.5182
1979-06-29,102.91,0.107
1979-07-02,101.99,-0.894
1979-07-03,102.09,0.098
1979-07-05,102.43,0.333
1979-07-06,103.62,1.1618
1979-07-09,104.47,0.8203
1979-07-10,104.2,-0.2584
1979-07-11,103.64,-0.5374
1979-07-12,102.69,-0.9166
1979-07-13,102.32,-0.3603
1979-07-16,102.74,0.4105
1979-07-17,101.83,-0.8857
1979-07-18,101.69,-0.1375
1979-07-19,101.61,-0.0787
1979-07-20,101.82,0.2067
1979-07-23,101.59,-0.2259
1979-07-24,101.97,0.3741
1979-07-25,103.08,1.0886
1979-07-26,103.1,0.0194
1979-07-27,103.1,0.0
1979-07-30,103.15,0.0485
1979-07-31,103.81,0.6398
1979-08-01,104.17,0.3468
1979-08-02,104.1,-0.0672
1979-08-03,104.04,-0.0576
1979-08-06,104.3,0.2499
1979-08-07,105.65,1.2943
1979-08-08,105.98,0.3124
1979-08-09,105.49,-0.4624
1979-08-10,106.4,0.8626
1979-08-13,107.42,0.9586
1979-08-14,107.52,0.0931
1979-08-15,108.25,0.6789
1979-08-16,108.09,-0.1478
1979-08-17,108.3,0.1943
1979-08-20,108.83,0.4894
1979-08-21,108.91,0.0735
1979-08-22,108.99,0.0735
1979-08-23,108.63,-0.3303
1979-08-24,108.6,-0.0276
1979-08-27,109.14,0.4972
1979-08-28,109.02,-0.11
1979-08-29,109.02,0.0
1979-08-30,109.02,0.0
1979-08-31,109.32,0.2752
1979-09-04,107.44,-1.7197
1979-09-05,106.4,-0.968
1979-09-06,106.85,0.4229
1979-09-07,107.66,0.7581
1979-09-10,108.17,0.4737
1979-09-11,107.51,-0.6102
1979-09-12,107.82,0.2883
1979-09-13,107.85,0.0278
1979-09-14,108.76,0.8438
1979-09-17,108.84,0.0736
1979-09-18,108.0,-0.7718
1979-09-19,108.28,0.2593
1979-09-20,110.51,2.0595
1979-09-21,110.47,-0.0362
1979-09-24,109.61,-0.7785
1979-09-25,109.68,0.0639
1979-09-26,109.96,0.2553
1979-09-27,110.21,0.2274
1979-09-28,109.32,-0.8075
1979-10-01,108.56,-0.6952
1979-10-02,109.59,0.9488
1979-10-03,109.59,0.0
1979-10-04,110.17,0.5292
1979-10-05,111.27,0.9985
1979-10-08,109.88,-1.2492
1979-10-09,106.63,-2.9578
1979-10-10,105.3,-1.2473
1979-10-11,105.05,-0.2374
1979-10-12,104.49,-0.5331
1979-10-15,103.36,-1.0814
1979-10-16,103.19,-0.1645
1979-10-17,103.39,0.1938
1979-10-18,103.61,0.2128
1979-10-19,101.6,-1.94
1979-10-22,100.71,-0.876
1979-10-23,100.28,-0.427
1979-10-24,100.44,0.1596
1979-10-25,100.0,-0.4381
1979-10-26,100.57,0.57
1979-10-29,100.71,0.1392
1979-10-30,102.67,1.9462
1979-10-31,101.82,-0.8279
1979-11-01,102.57,0.7366
1979-11-02,102.51,-0.0585
1979-11-05,101.82,-0.6731
1979-11-06,101.2,-0.6089
1979-11-07,99.87,-1.3142
1979-11-08,100.3,0.4306
1979-11-09,101.51,1.2064
1979-11-12,103.51,1.9702
1979-11-13,102.94,-0.5507
1979-11-14,103.39,0.4371
1979-11-15,104.13,0.7157
1979-11-16,103.79,-0.3265
1979-11-19,104.23,0.4239
1979-11-20,103.69,-0.5181
1979-11-21,103.89,0.1929
1979-11-23,104.67,0.7508
1979-11-26,106.8,2.035
1979-11-27,106.38,-0.3933
1979-11-28,106.77,0.3666
1979-11-29,106.81,0.0375
1979-11-30,106.16,-0.6086
1979-12-03,105.83,-0.3109
1979-12-04,106.79,0.9071
1979-12-05,107.25,0.4308
1979-12-06,108.0,0.6993
1979-12-07,107.52,-0.4444
1979-12-10,107.67,0.1395
1979-12-11,107.49,-0.1672
1979-12-12,107.52,0.0279
1979-12-13,107.67,0.1395
1979-12-14,108.92,1.161
1979-12-17,109.33,0.3764
1979-12-18,108.3,-0.9421
1979-12-19,108.2,-0.0923
1979-12-20,108.26,0.0555
1979-12-21,107.59,-0.6189
1979-12-24,107.66,0.0651
1979-12-26,107.78,0.1115
1979-12-27,107.96,0.167
1979-12-28,107.84,-0.1112
1979-12-31,107.94,0.0927
1980-01-02,105.76,-2.0196
1980-01-03,105.22,-0.5106
1980-01-04,106.52,1.2355
1980-01-07,106.81,0.2722
1980-01-08,108.95,2.0036
1980-01-09,109.05,0.0918
1980-01-10,109.89,0.7703
1980-01-11,109.92,0.0273
1980-01-14,110.38,0.4185
1980-01-15,111.14,0.6885
1980-01-16,111.05,-0.081
1980-01-17,110.7,-0.3152
1980-01-18,111.07,0.3342
1980-01-21,112.1,0.9273
1980-01-22,111.51,-0.5263
1980-01-23,113.44,1.7308
1980-01-24,113.7,0.2292
1980-01-25,113.61,-0.0792
1980-01-28,114.85,1.0915
1980-01-29,114.07,-0.6791
1980-01-30,115.2,0.9906
1980-01-31,114.16,-0.9028
1980-02-01,115.12,0.8409
1980-02-04,114.37,-0.6515
1980-02-05,114.66,0.2536
1980-02-06,115.72,0.9245
1980-02-07,116.28,0.4839
1980-02-08,117.95,1.4362
1980-02-11,117.12,-0.7037
1980-02-12,117.9,0.666
1980-02-13,118.44,0.458
1980-02-14,116.72,-1.4522
1980-02-15,115.41,-1.1223
1980-02-19,114.6,-0.7018
1980-02-20,116.47,1.6318
1980-02-21,115.28,-1.0217
1980-02-22,115.04,-0.2082
1980-02-25,113.33,-1.4864
1980-02-26,113.98,0.5735
1980-02-27,112.38,-1.4038
1980-02-28,112.35,-0.0267
1980-02-29,113.66,1.166
1980-03-03,112.5,-1.0206
1980-03-04,112.78,0.2489
1980-03-05,111.13,-1.463
1980-03-06,108.65,-2.2316
1980-03-07,106.9,-1.6107
1980-03-10,106.51,-0.3648
1980-03-11,107.78,1.1924
1980-03-12,106.87,-0.8443
1980-03-13,105.62,-1.1696
1980-03-14,105.43,-0.1799
1980-03-17,102.26,-3.0067
1980-03-18,104.1,1.7993
1980-03-19,104.31,0.2017
1980-03-20,103.12,-1.1408
1980-03-21,102.31,-0.7855
1980-03-24,99.28,-2.9616
1980-03-25,99.19,-0.0907
1980-03-26,98.68,-0.5142
1980-03-27,98.22,-0.4662
1980-03-28,100.68,2.5046
1980-03-31,102.09,1.4005
1980-04-01,102.18,0.0882
1980-04-02,102.68,0.4893
1980-04-03,102.15,-0.5162
1980-04-07,100.19,-1.9187
1980-04-08,101.2,1.0081
1980-04-09,103.11,1.8874
1980-04-10,104.08,0.9407
1980-04-11,103.79,-0.2786
1980-04-14,102.84,-0.9153
1980-04-15,102.63,-0.2042
1980-04-16,101.54,-1.0621
1980-04-17,101.05,-0.4826
1980-04-18,100.55,-0.4948
1980-04-21,99.8,-0.7459
1980-04-22,103.43,3.6373
1980-04-23,103.73,0.2901
1980-04-24,104.4,0.6459
1980-04-25,105.16,0.728
1980-04-28,105.64,0.4564
1980-04-29,105.86,0.2083
1980-04-30,106.29,0.4062
1980-05-01,105.46,-0.7809
1980-05-02,105.58,0.1138
1980-05-05,106.38,0.7577
1980-05-06,106.25,-0.1222
1980-05-07,107.18,0.8753
1980-05-08,106.13,-0.9797
1980-05-09,104.72,-1.3286
1980-05-12,104.78,0.0573
1980-05-13,106.3,1.4507
1980-05-14,106.85,0.5174
1980-05-15,106.99,0.131
1980-05-16,107.35,0.3365
1980-05-19,107.67,0.2981
1980-05-20,107.62,-0.0464
1980-05-21,107.72,0.0929
1980-05-22,109.01,1.1975
1980-05-23,110.62,1.4769
1980-05-27,111.4,0.7051
1980-05-28,112.06,0.5925
1980-05-29,110.27,-1.5974
1980-05-30,111.24,0.8797
1980-06-02,110.76,-0.4315
1980-06-03,110.51,-0.2257
1980-06-04,112.61,1.9003
1980-06-05,112.78,0.151
1980-06-06,113.2,0.3724
1980-06-09,113.71,0.4505
1980-06-10,114.66,0.8355
1980-06-11,116.02,1.1861
1980-06-12,115.52,-0.431
1980-06-13,115.81,0.251
1980-06-16,116.09,0.2418
1980-06-17,116.03,-0.0517
1980-06-18,116.26,0.1982
1980-06-19,114.66,-1.3762
1980-06-20,114.06,-0.5233
1980-06-23,114.51,0.3945
1980-06-24,115.14,0.5502
1980-06-25,116.72,1.3722
1980-06-26,116.19,-0.4541
1980-06-27,116.0,-0.1635
1980-06-30,114.24,-1.5172
1980-07-01,114.93,0.604
1980-07-02,115.68,0.6526
1980-07-03,117.46,1.5387
1980-07-07,118.29,0.7066
1980-07-08,117.84,-0.3804
1980-07-09,117.98,0.1188
1980-07-10,116.95,-0.873
1980-07-11,117.84,0.761
1980-07-14,120.01,1.8415
1980-07-15,119.3,-0.5916
1980-07-16,119.63,0.2766
1980-07-17,121.44,1.513
1980-07-18,122.04,0.4941
1980-07-21,122.51,0.3851
1980-07-22,122.19,-0.2612
1980-07-23,121.93,-0.2128
1980-07-24,121.79,-0.1148
1980-07-25,120.78,-0.8293
1980-07-28,121.43,0.5382
1980-07-29,122.4,0.7988
1980-07-30,122.23,-0.1389
1980-07-31,121.67,-0.4582
1980-08-01,121.21,-0.3781
1980-08-04,120.98,-0.1898
1980-08-05,120.74,-0.1984
1980-08-06,121.55,0.6709
1980-08-07,123.3,1.4397
1980-08-08,123.61,0.2514
1980-08-11,124.78,0.9465
1980-08-12,123.79,-0.7934
1980-08-13,123.28,-0.412
1980-08-14,125.25,1.598
1980-08-15,125.72,0.3752
1980-08-18,123.39,-1.8533
1980-08-19,122.6,-0.6402
1980-08-20,123.77,0.9543
1980-08-21,125.46,1.3654
1980-08-22,126.02,0.4464
1980-08-25,125.16,-0.6824
1980-08-26,124.84,-0.2557
1980-08-27,123.52,-1.0574
1980-08-28,122.08,-1.1658
1980-08-29,122.38,0.2457
1980-09-02,123.74,1.1113
1980-09-03,126.12,1.9234
1980-09-04,125.42,-0.555
1980-09-05,124.88,-0.4306
1980-09-08,123.31,-1.2572
1980-09-09,124.07,0.6163
1980-09-10,124.81,0.5964
1980-09-11,125.66,0.681
1980-09-12,125.54,-0.0955
1980-09-15,125.67,0.1036
1980-09-16,126.74,0.8514
1980-09-17,128.87,1.6806
1980-09-18,128.4,-0.3647
1980-09-19,129.25,0.662
1980-09-22,130.4,0.8897
1980-09-23,129.43,-0.7439
1980-09-24,130.37,0.7263
1980-09-25,128.72,-1.2656
1980-09-26,126.35,-1.8412
1980-09-29,123.54,-2.224
1980-09-30,125.46,1.5542
1980-10-01,127.13,1.3311
1980-10-02,128.09,0.7551
1980-10-03,129.33,0.9681
1980-10-06,131.73,1.8557
1980-10-07,131.0,-0.5542
1980-10-08,131.65,0.4962
1980-10-09,131.04,-0.4633
1980-10-10,130.29,-0.5723
1980-10-13,132.03,1.3355
1980-10-14,132.02,-0.0076
1980-10-15,133.7,1.2725
1980-10-16,132.22,-1.107
1980-10-17,131.52,-0.5294
1980-10-20,132.61,0.8288
1980-10-21,131.84,-0.5807
1980-10-22,131.92,0.0607
1980-10-23,129.53,-1.8117
1980-10-24,129.85,0.247
1980-10-27,127.88,-1.5171
1980-10-28,128.05,0.1329
1980-10-29,127.91,-0.1093
1980-10-30,126.29,-1.2665
1980-10-31,127.47,0.9344
1980-11-03,129.04,1.2317
1980-11-05,131.33,1.7746
1980-11-06,128.91,-1.8427
1980-11-07,129.18,0.2094
1980-11-10,129.48,0.2322
1980-11-11,131.26,1.3747
1980-11-12,134.59,2.5369
1980-11-13,136.49,1.4117
1980-11-14,137.15,0.4836
1980-11-17,137.75,0.4375
1980-11-18,139.7,1.4156
1980-11-19,139.06,-0.4581
1980-11-20,140.4,0.9636
1980-11-21,139.11,-0.9188
1980-11-24,138.31,-0.5751
1980-11-25,139.33,0.7375
1980-11-26,140.17,0.6029
1980-11-28,140.52,0.2497
1980-12-01,137.21,-2.3555
1980-12-02,136.97,-0.1749
1980-12-03,136.71,-0.1898
1980-12-04,136.48,-0.1682
1980-12-05,134.03,-1.7951
1980-12-08,130.61,-2.5517
1980-12-09,130.48,-0.0995
1980-12-10,128.26,-1.7014
1980-12-11,127.36,-0.7017
1980-12-12,129.23,1.4683
1980-12-15,129.45,0.1702
1980-12-16,130.6,0.8884
1980-12-17,132.89,1.7534
1980-12-18,133.0,0.0828
1980-12-19,133.7,0.5263
1980-12-22,135.78,1.5557
1980-12-23,135.3,-0.3535
1980-12-24,135.88,0.4287
1980-12-26,136.57,0.5078
1980-12-29,135.03,-1.1276
1980-12-30,135.33,0.2222
1980-12-31,135.76,0.3177
1981-01-02,136.34,0.4272
1981-01-05,137.97,1.1955
1981-01-06,138.12,0.1087
1981-01-07,135.08,-2.201
1981-01-08,133.06,-1.4954
1981-01-09,133.48,0.3156
1981-01-12,133.52,0.03
1981-01-13,133.29,-0.1723
1981-01-14,133.47,0.135
1981-01-15,134.22,0.5619
1981-01-16,134.77,0.4098
1981-01-19,134.37,-0.2968
1981-01-20,131.65,-2.0243
1981-01-21,131.36,-0.2203
1981-01-22,130.26,-0.8374
1981-01-23,130.23,-0.023
1981-01-26,129.84,-0.2995
1981-01-27,131.12,0.9858
1981-01-28,130.34,-0.5949
1981-01-29,130.24,-0.0767
1981-01-30,129.55,-0.5298
1981-02-02,126.91,-2.0378
1981-02-03,128.46,1.2213
1981-02-04,128.59,0.1012
1981-02-05,129.63,0.8088
1981-02-06,130.6,0.7483
1981-02-09,129.27,-1.0184
1981-02-10,129.24,-0.0232
1981-02-11,128.24,-0.7738
1981-02-12,127.48,-0.5926
1981-02-13,126.98,-0.3922
1981-02-17,127.81,0.6536
1981-02-18,128.48,0.5242
1981-02-19,126.61,-1.4555
1981-02-20,126.58,-0.0237
1981-02-23,127.35,0.6083
1981-02-24,127.39,0.0314
1981-02-25,128.52,0.887
1981-02-26,130.1,1.2294
1981-02-27,131.27,0.8993
1981-03-02,132.01,0.5637
1981-03-03,130.56,-1.0984
1981-03-04,130.86,0.2298
1981-03-05,129.93,-0.7107
1981-03-06,129.85,-0.0616
1981-03-09,131.12,0.9781
1981-03-10,130.46,-0.5034
1981-03-11,129.95,-0.3909
1981-03-12,133.19,2.4933
1981-03-13,133.11,-0.0601
1981-03-16,134.68,1.1795
1981-03-17,133.92,-0.5643
1981-03-18,134.22,0.224
1981-03-19,133.46,-0.5662
1981-03-20,134.08,0.4646
1981-03-23,135.69,1.2008
1981-03-24,134.67,-0.7517
1981-03-25,137.11,1.8118
1981-03-26,136.27,-0.6126
1981-03-27,134.65,-1.1888
1981-03-30,134.28,-0.2748
1981-03-31,136.0,1.2809
1981-04-01,136.57,0.4191
1981-04-02,136.32,-0.1831
1981-04-03,135.49,-0.6089
1981-04-06,133.93,-1.1514
1981-04-07,133.91,-0.0149
1981-04-08,134.31,0.2987
1981-04-09,134.67,0.268
1981-04-10,134.51,-0.1188
1981-04-13,133.15,-1.0111
1981-04-14,132.68,-0.353
1981-04-15,134.17,1.123
1981-04-16,134.7,0.395
1981-04-20,135.45,0.5568
1981-04-21,134.23,-0.9007
1981-04-22,134.14,-0.067
1981-04-23,133.94,-0.1491
1981-04-24,135.14,0.8959
1981-04-27,135.48,0.2516
1981-04-28,134.33,-0.8488
1981-04-29,133.05,-0.9529
1981-04-30,132.81,-0.1804
1981-05-01,132.72,-0.0678
1981-05-04,130.67,-1.5446
1981-05-05,130.32,-0.2679
1981-05-06,130.78,0.353
1981-05-07,131.67,0.6805
1981-05-08,131.66,-0.0076
1981-05-11,129.71,-1.4811
1981-05-12,130.72,0.7787
1981-05-13,130.55,-0.13
1981-05-14,131.28,0.5592
1981-05-15,132.17,0.6779
1981-05-18,132.54,0.2799
1981-05-19,132.09,-0.3395
1981-05-20,132.0,-0.0681
1981-05-21,131.75,-0.1894
1981-05-22,131.33,-0.3188
1981-05-26,132.77,1.0965
1981-05-27,133.77,0.7532
1981-05-28,133.45,-0.2392
1981-05-29,132.59,-0.6444
1981-06-01,132.41,-0.1358
1981-06-02,130.62,-1.3519
1981-06-03,130.71,0.0689
1981-06-04,130.96,0.1913
1981-06-05,132.22,0.9621
1981-06-08,132.24,0.0151
1981-06-09,131.97,-0.2042
1981-06-10,132.32,0.2652
1981-06-11,133.75,1.0807
1981-06-12,133.49,-0.1944
1981-06-15,133.61,0.0899
1981-06-16,132.15,-1.0927
1981-06-17,133.32,0.8854
1981-06-18,131.64,-1.2601
1981-06-19,132.27,0.4786
1981-06-22,131.95,-0.2419
1981-06-23,133.35,1.061
1981-06-24,132.66,-0.5174
1981-06-25,132.81,0.1131
1981-06-26,132.56,-0.1882
1981-06-29,131.89,-0.5054
1981-06-30,131.21,-0.5156
1981-07-01,129.77,-1.0975
1981-07-02,128.64,-0.8708
1981-07-06,127.37,-0.9873
1981-07-07,128.24,0.683
1981-07-08,128.32,0.0624
1981-07-09,129.3,0.7637
1981-07-10,129.37,0.0541
1981-07-13,129.64,0.2087
1981-07-14,129.65,0.0077
1981-07-15,130.23,0.4474
1981-07-16,130.34,0.0845
1981-07-17,130.76,0.3222
1981-07-20,128.72,-1.5601
1981-07-21,128.34,-0.2952
1981-07-22,127.13,-0.9428
1981-07-23,127.4,0.2124
1981-07-24,128.46,0.832
1981-07-27,129.9,1.121
1981-07-28,129.14,-0.5851
1981-07-29,129.16,0.0155
1981-07-30,130.01,0.6581
1981-07-31,130.92,0.6999
1981-08-03,130.48,-0.3361
1981-08-04,131.18,0.5365
1981-08-05,132.67,1.1358
1981-08-06,132.64,-0.0226
1981-08-07,131.75,-0.671
1981-08-10,132.54,0.5996
1981-08-11,133.85,0.9884
1981-08-12,133.4,-0.3362
1981-08-13,133.51,0.0825
1981-08-14,132.49,-0.764
1981-08-17,131.22,-0.9586
1981-08-18,130.11,-0.8459
1981-08-19,130.49,0.2921
1981-08-20,130.69,0.1533
1981-08-21,129.23,-1.1171
1981-08-24,125.5,-2.8863
1981-08-25,125.13,-0.2948
1981-08-26,124.96,-0.1359
1981-08-27,123.51,-1.1604
1981-08-28,124.08,0.4615
1981-08-31,122.79,-1.0397
1981-09-01,123.02,0.1873
1981-09-02,123.49,0.3821
1981-09-03,121.24,-1.822
1981-09-04,120.07,-0.965
1981-09-08,117.98,-1.7407
1981-09-09,118.4,0.356
1981-09-10,120.14,1.4696
1981-09-11,121.61,1.2236
1981-09-14,120.66,-0.7812
1981-09-15,119.77,-0.7376
1981-09-16,118.87,-0.7514
1981-09-17,117.15,-1.447
1981-09-18,116.26,-0.7597
1981-09-21,117.24,0.8429
1981-09-22,116.68,-0.4777
1981-09-23,115.65,-0.8828
1981-09-24,115.01,-0.5534
1981-09-25,112.77,-1.9477
1981-09-28,115.53,2.4475
1981-09-29,115.94,0.3549
1981-09-30,116.18,0.207
1981-10-01,117.08,0.7747
1981-10-02,119.36,1.9474
1981-10-05,119.51,0.1257
1981-10-06,119.39,-0.1004
1981-10-07,121.31,1.6082
1981-10-08,122.31,0.8243
1981-10-09,121.45,-0.7031
1981-10-12,121.21,-0.1976
1981-10-13,120.78,-0.3548
1981-10-14,118.8,-1.6393
1981-10-15,119.71,0.766
1981-10-16,119.19,-0.4344
1981-10-19,118.98,-0.1762
1981-10-20,120.28,1.0926
1981-10-21,120.1,-0.1497
1981-10-22,119.64,-0.383
1981-10-23,118.6,-0.8693
1981-10-26,118.16,-0.371
1981-10-27,119.29,0.9563
1981-10-28,119.45,0.1341
1981-10-29,119.06,-0.3265
1981-10-30,121.89,2.377
1981-11-02,124.2,1.8952
1981-11-03,124.8,0.4831
1981-11-04,124.74,-0.0481
1981-11-05,123.54,-0.962
1981-11-06,122.67,-0.7042
1981-11-09,123.29,0.5054
1981-11-10,122.7,-0.4785
1981-11-11,122.92,0.1793
1981-11-12,123.19,0.2197
1981-11-13,121.67,-1.2339
1981-11-16,120.24,-1.1753
1981-11-17,121.15,0.7568
1981-11-18,120.26,-0.7346
1981-11-19,120.71,0.3742
1981-11-20,121.71,0.8284
1981-11-23,121.6,-0.0904
1981-11-24,123.51,1.5707
1981-11-25,124.05,0.4372
1981-11-27,125.09,0.8384
1981-11-30,126.35,1.0073
1981-12-01,126.1,-0.1979
1981-12-02,124.69,-1.1182
1981-12-03,125.12,0.3449
1981-12-04,126.26,0.9111
1981-12-07,125.19,-0.8475
1981-12-08,124.82,-0.2956
1981-12-09,125.48,0.5288
1981-12-10,125.71,0.1833
1981-12-11,124.93,-0.6205
1981-12-14,122.78,-1.721
1981-12-15,122.99,0.171
1981-12-16,122.42,-0.4635
1981-12-17,123.12,0.5718
1981-12-18,124.0,0.7147
1981-12-21,123.34,-0.5323
1981-12-22,122.88,-0.373
1981-12-23,122.31,-0.4639
1981-12-24,122.54,0.188
1981-12-28,122.27,-0.2203
1981-12-29,121.67,-0.4907
1981-12-30,122.3,0.5178
1981-12-31,122.55,0.2044
1982-01-04,122.74,0.155
1982-01-05,120.05,-2.1916
1982-01-06,119.18,-0.7247
1982-01-07,118.93,-0.2098
1982-01-08,119.55,0.5213
1982-01-11,116.78,-2.317
1982-01-12,116.3,-0.411
1982-01-13,114.88,-1.221
1982-01-14,115.54,0.5745
1982-01-15,116.33,0.6837
1982-01-18,117.22,0.7651
1982-01-19,115.97,-1.0664
1982-01-20,115.27,-0.6036
1982-01-21,115.75,0.4164
1982-01-22,115.38,-0.3197
1982-01-25,115.41,0.026
1982-01-26,115.19,-0.1906
1982-01-27,115.74,0.4775
1982-01-28,118.92,2.7475
1982-01-29,120.4,1.2445
1982-02-01,117.78,-2.1761
1982-02-02,118.01,0.1953
1982-02-03,116.48,-1.2965
1982-02-04,116.42,-0.0515
1982-02-05,117.26,0.7215
1982-02-08,114.63,-2.2429
1982-02-09,113.68,-0.8288
1982-02-10,114.66,0.8621
1982-02-11,114.43,-0.2006
1982-02-12,114.38,-0.0437
1982-02-16,114.06,-0.2798
1982-02-17,113.69,-0.3244
1982-02-18,113.82,0.1143
1982-02-19,113.22,-0.5271
1982-02-22,111.59,-1.4397
1982-02-23,111.51,-0.0717
1982-02-24,113.47,1.7577
1982-02-25,113.21,-0.2291
1982-02-26,113.11,-0.0883
1982-03-01,113.31,0.1768
1982-03-02,112.68,-0.556
1982-03-03,110.92,-1.5619
1982-03-04,109.88,-0.9376
1982-03-05,109.34,-0.4914
1982-03-08,107.34,-1.8292
1982-03-09,108.83,1.3881
1982-03-10,109.41,0.5329
1982-03-11,109.36,-0.0457
1982-03-12,108.61,-0.6858
1982-03-15,109.45,0.7734
1982-03-16,109.28,-0.1553
1982-03-17,109.08,-0.183
1982-03-18,110.3,1.1184
1982-03-19,110.61,0.2811
1982-03-22,112.77,1.9528
1982-03-23,113.55,0.6917
1982-03-24,112.97,-0.5108
1982-03-25,113.21,0.2124
1982-03-26,111.94,-1.1218
1982-03-29,112.3,0.3216
1982-03-30,112.27,-0.0267
1982-03-31,111.96,-0.2761
1982-04-01,113.79,1.6345
1982-04-02,115.12,1.1688
1982-04-05,114.73,-0.3388
1982-04-06,115.36,0.5491
1982-04-07,115.46,0.0867
1982-04-08,116.22,0.6582
1982-04-12,116.0,-0.1893
1982-04-13,115.99,-0.0086
1982-04-14,115.83,-0.1379
1982-04-15,116.35,0.4489
1982-04-16,116.81,0.3954
1982-04-19,116.7,-0.0942
1982-04-20,115.44,-1.0797
1982-04-21,115.72,0.2426
1982-04-22,117.19,1.2703
1982-04-23,118.64,1.2373
1982-04-26,119.26,0.5226
1982-04-27,118.0,-1.0565
1982-04-28,117.26,-0.6271
1982-04-29,116.14,-0.9551
1982-04-30,116.44,0.2583
1982-05-03,116.82,0.3263
1982-05-04,117.46,0.5479
1982-05-05,117.67,0.1788
1982-05-06,118.68,0.8583
1982-05-07,119.47,0.6657
1982-05-10,118.38,-0.9124
1982-05-11,119.42,0.8785
1982-05-12,119.17,-0.2093
1982-05-13,118.22,-0.7972
1982-05-14,118.01,-0.1776
1982-05-17,116.71,-1.1016
1982-05-18,115.84,-0.7454
1982-05-19,114.89,-0.8201
1982-05-20,114.59,-0.2611
1982-05-21,114.89,0.2618
1982-05-24,114.79,-0.087
1982-05-25,114.4,-0.3398
1982-05-26,113.11,-1.1276
1982-05-27,112.66,-0.3978
1982-05-28,111.88,-0.6923
1982-06-01,111.68,-0.1788
1982-06-02,112.04,0.3223
1982-06-03,111.86,-0.1607
1982-06-04,110.09,-1.5823
1982-06-07,110.12,0.0273
1982-06-08,109.63,-0.445
1982-06-09,108.99,-0.5838
1982-06-10,109.61,0.5689
1982-06-11,111.24,1.4871
1982-06-14,109.96,-1.1507
1982-06-15,109.69,-0.2455
1982-06-16,108.87,-0.7476
1982-06-17,107.6,-1.1665
1982-06-18,107.28,-0.2974
1982-06-21,107.2,-0.0746
1982-06-22,108.3,1.0261
1982-06-23,110.14,1.699
1982-06-24,109.83,-0.2815
1982-06-25,109.14,-0.6282
1982-06-28,110.26,1.0262
1982-06-29,110.21,-0.0453
1982-06-30,109.61,-0.5444
1982-07-01,108.71,-0.8211
1982-07-02,107.65,-0.9751
1982-07-06,107.29,-0.3344
1982-07-07,107.22,-0.0652
1982-07-08,107.53,0.2891
1982-07-09,108.83,1.209
1982-07-12,109.57,0.68
1982-07-13,109.45,-0.1095
1982-07-14,110.44,0.9045
1982-07-15,110.47,0.0272
1982-07-16,111.07,0.5431
1982-07-19,110.73,-0.3061
1982-07-20,111.54,0.7315
1982-07-21,111.42,-0.1076
1982-07-22,111.48,0.0539
1982-07-23,111.17,-0.2781
1982-07-26,110.36,-0.7286
1982-07-27,109.43,-0.8427
1982-07-28,107.74,-1.5444
1982-07-29,107.72,-0.0186
1982-07-30,107.09,-0.5848
1982-08-02,108.98,1.7649
1982-08-03,107.83,-1.0552
1982-08-04,106.14,-1.5673
1982-08-05,105.16,-0.9233
1982-08-06,103.71,-1.3789
1982-08-09,103.08,-0.6075
1982-08-10,102.84,-0.2328
1982-08-11,102.6,-0.2334
1982-08-12,102.42,-0.1754
1982-08-13,103.85,1.3962
1982-08-16,104.09,0.2311
1982-08-17,109.04,4.7555
1982-08-18,108.54,-0.4585
1982-08-19,109.16,0.5712
1982-08-20,113.02,3.5361
1982-08-23,116.11,2.734
1982-08-24,115.35,-0.6546
1982-08-25,117.58,1.9332
1982-08-26,118.55,0.825
1982-08-27,117.11,-1.2147
1982-08-30,117.66,0.4696
1982-08-31,119.51,1.5723
1982-09-01,118.25,-1.0543
1982-09-02,120.29,1.7252
1982-09-03,122.68,1.9869
1982-09-07,121.37,-1.0678
1982-09-08,122.2,0.6839
1982-09-09,121.97,-0.1882
1982-09-10,120.97,-0.8199
1982-09-13,122.24,1.0498
1982-09-14,123.1,0.7035
1982-09-15,124.29,0.9667
1982-09-16,123.77,-0.4184
1982-09-17,122.55,-0.9857
1982-09-20,122.51,-0.0326
1982-09-21,124.88,1.9345
1982-09-22,123.99,-0.7127
1982-09-23,123.81,-0.1452
1982-09-24,123.32,-0.3958
1982-09-27,123.62,0.2433
1982-09-28,123.24,-0.3074
1982-09-29,121.63,-1.3064
1982-09-30,120.42,-0.9948
1982-10-01,121.97,1.2872
1982-10-04,121.51,-0.3771
1982-10-05,121.98,0.3868
1982-10-06,125.97,3.271
1982-10-07,128.8,2.2466
1982-10-08,131.05,1.7469
1982-10-11,134.47,2.6097
1982-10-12,134.44,-0.0223
1982-10-13,136.71,1.6885
1982-10-14,134.57,-1.5654
1982-10-15,133.57,-0.7431
1982-10-18,136.73,2.3658
1982-10-19,136.58,-0.1097
1982-10-20,139.23,1.9403
1982-10-21,139.06,-0.1221
1982-10-22,138.83,-0.1654
1982-10-25,133.32,-3.9689
1982-10-26,134.48,0.8701
1982-10-27,135.29,0.6023
1982-10-28,133.59,-1.2566
1982-10-29,133.72,0.0973
1982-11-01,135.47,1.3087
1982-11-02,137.49,1.4911
1982-11-03,142.87,3.913
1982-11-04,141.85,-0.7139
1982-11-05,142.16,0.2185
1982-11-08,140.44,-1.2099
1982-11-09,143.02,1.8371
1982-11-10,141.16,-1.3005
1982-11-11,141.75,0.418
1982-11-12,139.53,-1.5661
1982-11-15,137.03,-1.7917
1982-11-16,135.42,-1.1749
1982-11-17,137.93,1.8535
1982-11-18,138.34,0.2973
1982-11-19,137.02,-0.9542
1982-11-22,134.22,-2.0435
1982-11-23,132.93,-0.9611
1982-11-24,133.88,0.7147
1982-11-26,134.88,0.7469
1982-11-29,134.2,-0.5042
1982-11-30,138.53,3.2265
1982-12-01,138.72,0.1372
1982-12-02,138.82,0.0721
1982-12-03,138.69,-0.0936
1982-12-06,141.77,2.2208
1982-12-07,142.72,0.6701
1982-12-08,141.82,-0.6306
1982-12-09,140.0,-1.2833
1982-12-10,139.57,-0.3071
1982-12-13,139.95,0.2723
1982-12-14,137.4,-1.8221
1982-12-15,135.24,-1.5721
1982-12-16,135.3,0.0444
1982-12-17,137.49,1.6186
1982-12-20,136.25,-0.9019
1982-12-21,138.61,1.7321
1982-12-22,138.83,0.1587
1982-12-23,139.72,0.6411
1982-12-27,142.17,1.7535
1982-12-28,140.77,-0.9847
1982-12-29,141.24,0.3339
1982-12-30,140.33,-0.6443
1982-12-31,140.64,0.2209
1983-01-03,138.34,-1.6354
1983-01-04,141.36,2.183
1983-01-05,141.96,0.4244
1983-01-06,145.27,2.3316
1983-01-07,145.18,-0.062
1983-01-10,146.78,1.1021
1983-01-11,145.78,-0.6813
1983-01-12,146.69,0.6242
1983-01-13,145.73,-0.6544
1983-01-14,146.65,0.6313
1983-01-17,146.72,0.0477
1983-01-18,146.4,-0.2181
1983-01-19,145.27,-0.7719
1983-01-20,146.29,0.7021
1983-01-21,143.85,-1.6679
1983-01-24,139.97,-2.6973
1983-01-25,141.75,1.2717
1983-01-26,141.54,-0.1481
1983-01-27,144.27,1.9288
1983-01-28,144.51,0.1664
1983-01-31,145.3,0.5467
1983-02-01,142.96,-1.6105
1983-02-02,143.23,0.1889
1983-02-03,144.26,0.7191
1983-02-04,146.14,1.3032
1983-02-07,146.93,0.5406
1983-02-08,145.7,-0.8371
1983-02-09,145.0,-0.4804
1983-02-10,147.5,1.7241
1983-02-11,147.65,0.1017
1983-02-14,148.93,0.8669
1983-02-15,148.3,-0.423
1983-02-16,147.43,-0.5866
1983-02-17,147.44,0.0068
1983-02-18,148.0,0.3798
1983-02-22,145.48,-1.7027
1983-02-23,146.79,0.9005
1983-02-24,149.6,1.9143
1983-02-25,149.74,0.0936
1983-02-28,148.06,-1.1219
1983-03-01,150.88,1.9046
1983-03-02,152.3,0.9411
1983-03-03,153.48,0.7748
1983-03-04,153.67,0.1238
1983-03-07,153.67,0.0
1983-03-08,151.26,-1.5683
1983-03-09,152.87,1.0644
1983-03-10,151.8,-0.6999
1983-03-11,151.24,-0.3689
1983-03-14,150.83,-0.2711
1983-03-15,151.37,0.358
1983-03-16,149.81,-1.0306
1983-03-17,149.59,-0.1469
1983-03-18,149.9,0.2072
1983-03-21,151.19,0.8606
1983-03-22,150.66,-0.3506
1983-03-23,152.81,1.4271
1983-03-24,153.37,0.3665
1983-03-25,152.67,-0.4564
1983-03-28,151.85,-0.5371
1983-03-29,151.59,-0.1712
1983-03-30,153.39,1.1874
1983-03-31,152.96,-0.2803
1983-04-04,153.02,0.0392
1983-04-05,151.9,-0.7319
1983-04-06,151.04,-0.5662
1983-04-07,151.76,0.4767
1983-04-08,152.85,0.7182
1983-04-11,155.14,1.4982
1983-04-12,155.82,0.4383
1983-04-13,156.77,0.6097
1983-04-14,158.12,0.8611
1983-04-15,158.75,0.3984
1983-04-18,159.74,0.6236
1983-04-19,158.71,-0.6448
1983-04-20,160.71,1.2602
1983-04-21,160.05,-0.4107
1983-04-22,160.42,0.2312
1983-04-25,158.81,-1.0036
1983-04-26,161.81,1.889
1983-04-27,161.44,-0.2287
1983-04-28,162.95,0.9353
1983-04-29,164.43,0.9083
1983-05-02,162.11,-1.4109
1983-05-03,162.34,0.1419
1983-05-04,163.31,0.5975
1983-05-05,164.28,0.594
1983-05-06,166.1,1.1079
1983-05-09,165.81,-0.1746
1983-05-10,165.95,0.0844
1983-05-11,164.96,-0.5966
1983-05-12,164.25,-0.4304
1983-05-13,164.91,0.4018
1983-05-16,163.4,-0.9157
1983-05-17,163.71,0.1897
1983-05-18,163.27,-0.2688
1983-05-19,161.99,-0.784
1983-05-20,162.14,0.0926
1983-05-23,163.43,0.7956
1983-05-24,165.54,1.2911
1983-05-25,166.21,0.4047
1983-05-26,165.48,-0.4392
1983-05-27,164.46,-0.6164
1983-05-31,162.39,-1.2587
1983-06-01,162.55,0.0985
1983-06-02,163.98,0.8797
1983-06-03,164.42,0.2683
1983-06-06,164.83,0.2494
1983-06-07,162.77,-1.2498
1983-06-08,161.36,-0.8663
1983-06-09,161.83,0.2913
1983-06-10,162.68,0.5252
1983-06-13,164.84,1.3278
1983-06-14,165.53,0.4186
1983-06-15,167.12,0.9606
1983-06-16,169.14,1.2087
1983-06-17,169.13,-0.0059
1983-06-20,169.02,-0.065
1983-06-21,170.53,0.8934
1983-06-22,170.99,0.2697
1983-06-23,170.57,-0.2456
1983-06-24,170.41,-0.0938
1983-06-27,168.46,-1.1443
1983-06-28,165.68,-1.6502
1983-06-29,166.64,0.5794
1983-06-30,167.64,0.6001
1983-07-01,168.64,0.5965
1983-07-05,166.6,-1.2097
1983-07-06,168.48,1.1285
1983-07-07,167.56,-0.5461
1983-07-08,167.08,-0.2865
1983-07-11,168.11,0.6165
1983-07-12,165.53,-1.5347
1983-07-13,165.46,-0.0423
1983-07-14,166.01,0.3324
1983-07-15,164.29,-1.0361
1983-07-18,163.95,-0.207
1983-07-19,164.82,0.5306
1983-07-20,169.29,2.712
1983-07-21,169.06,-0.1359
1983-07-22,168.89,-0.1006
1983-07-25,169.53,0.3789
1983-07-26,170.53,0.5899
1983-07-27,167.59,-1.724
1983-07-28,165.04,-1.5216
1983-07-29,162.56,-1.5027
1983-08-01,162.04,-0.3199
1983-08-02,162.01,-0.0185
1983-08-03,163.44,0.8827
1983-08-04,161.33,-1.291
1983-08-05,161.74,0.2541
1983-08-08,159.18,-1.5828
1983-08-09,160.13,0.5968
1983-08-10,161.54,0.8805
1983-08-11,161.54,0.0
1983-08-12,162.16,0.3838
1983-08-15,163.7,0.9497
1983-08-16,163.41,-0.1772
1983-08-17,165.29,1.1505
1983-08-18,163.55,-1.0527
1983-08-19,163.98,0.2629
1983-08-22,164.34,0.2195
1983-08-23,162.77,-0.9553
1983-08-24,161.25,-0.9338
1983-08-25,160.84,-0.2543
1983-08-26,162.14,0.8083
1983-08-29,162.25,0.0678
1983-08-30,162.58,0.2034
1983-08-31,164.4,1.1194
1983-09-01,164.23,-0.1034
1983-09-02,165.0,0.4689
1983-09-06,167.89,1.7515
1983-09-07,167.96,0.0417
1983-09-08,167.77,-0.1131
1983-09-09,166.92,-0.5066
1983-09-12,165.48,-0.8627
1983-09-13,164.8,-0.4109
1983-09-14,165.35,0.3337
1983-09-15,164.38,-0.5866
1983-09-16,166.25,1.1376
1983-09-19,167.62,0.8241
1983-09-20,169.24,0.9665
1983-09-21,168.41,-0.4904
1983-09-22,169.76,0.8016
1983-09-23,169.51,-0.1473
1983-09-26,170.07,0.3304
1983-09-27,168.43,-0.9643
1983-09-28,168.0,-0.2553
1983-09-29,167.23,-0.4583
1983-09-30,166.07,-0.6937
1983-10-03,165.81,-0.1566
1983-10-04,166.27,0.2774
1983-10-05,167.74,0.8841
1983-10-06,170.28,1.5142
1983-10-07,170.8,0.3054
1983-10-10,172.65,1.0831
1983-10-11,170.34,-1.338
1983-10-12,169.62,-0.4227
1983-10-13,169.87,0.1474
1983-10-14,169.86,-0.0059
1983-10-17,170.43,0.3356
1983-10-18,167.81,-1.5373
1983-10-19,166.73,-0.6436
1983-10-20,166.98,0.1499
1983-10-21,165.95,-0.6168
1983-10-24,165.99,0.0241
1983-10-25,166.47,0.2892
1983-10-26,165.38,-0.6548
1983-10-27,164.84,-0.3265
1983-10-28,163.37,-0.8918
1983-10-31,163.55,0.1102
1983-11-01,163.66,0.0673
1983-11-02,164.84,0.721
1983-11-03,163.45,-0.8432
1983-11-04,162.44,-0.6179
1983-11-07,161.91,-0.3263
1983-11-08,161.76,-0.0926
1983-11-09,163.97,1.3662
1983-11-10,164.41,0.2683
1983-11-11,166.29,1.1435
1983-11-14,166.58,0.1744
1983-11-15,165.36,-0.7324
1983-11-16,166.08,0.4354
1983-11-17,166.13,0.0301
1983-11-18,165.09,-0.626
1983-11-21,166.05,0.5815
1983-11-22,166.84,0.4758
1983-11-23,166.96,0.0719
1983-11-25,167.18,0.1318
1983-11-28,166.54,-0.3828
1983-11-29,167.91,0.8226
1983-11-30,166.4,-0.8993
1983-12-01,166.49,0.0541
1983-12-02,165.44,-0.6307
1983-12-05,165.76,0.1934
1983-12-06,165.47,-0.175
1983-12-07,165.91,0.2659
1983-12-08,165.2,-0.4279
1983-12-09,165.08,-0.0726
1983-12-12,165.62,0.3271
1983-12-13,164.93,-0.4166
1983-12-14,163.33,-0.9701
1983-12-15,161.66,-1.0225
1983-12-16,162.39,0.4516
1983-12-19,162.32,-0.0431
1983-12-20,162.0,-0.1971
1983-12-21,163.56,0.963
1983-12-22,163.53,-0.0183
1983-12-23,163.22,-0.1896
1983-12-27,164.76,0.9435
1983-12-28,165.34,0.352
1983-12-29,164.86,-0.2903
1983-12-30,164.93,0.0425
1984-01-03,164.04,-0.5396
1984-01-04,166.78,1.6703
1984-01-05,168.81,1.2172
1984-01-06,169.28,0.2784
1984-01-09,168.9,-0.2245
1984-01-10,167.95,-0.5625
1984-01-11,167.8,-0.0893
1984-01-12,167.75,-0.0298
1984-01-13,167.02,-0.4352
1984-01-16,167.18,0.0958
1984-01-17,167.83,0.3888
1984-01-18,167.55,-0.1668
1984-01-19,167.04,-0.3044
1984-01-20,166.21,-0.4969
1984-01-23,164.87,-0.8062
1984-01-24,165.94,0.649
1984-01-25,164.84,-0.6629
1984-01-26,164.24,-0.364
1984-01-27,163.94,-0.1827
1984-01-30,162.87,-0.6527
1984-01-31,163.41,0.3316
1984-02-01,162.74,-0.41
1984-02-02,163.36,0.381
1984-02-03,160.91,-1.4998
1984-02-06,158.08,-1.7587
1984-02-07,158.74,0.4175
1984-02-08,155.85,-1.8206
1984-02-09,155.42,-0.2759
1984-02-10,156.3,0.5662
1984-02-13,154.95,-0.8637
1984-02-14,156.61,1.0713
1984-02-15,156.25,-0.2299
1984-02-16,156.13,-0.0768
1984-02-17,155.74,-0.2498
1984-02-21,154.64,-0.7063
1984-02-22,154.31,-0.2134
1984-02-23,154.29,-0.013
1984-02-24,157.51,2.087
1984-02-27,159.3,1.1364
1984-02-28,156.82,-1.5568
1984-02-29,157.06,0.153
1984-03-01,158.19,0.7195
1984-03-02,159.24,0.6638
1984-03-05,157.89,-0.8478
1984-03-06,156.25,-1.0387
1984-03-07,154.57,-1.0752
1984-03-08,155.19,0.4011
1984-03-09,154.35,-0.5413
1984-03-12,156.34,1.2893
1984-03-13,156.78,0.2814
1984-03-14,156.77,-0.0064
1984-03-15,157.41,0.4082
1984-03-16,159.27,1.1816
1984-03-19,157.78,-0.9355
1984-03-20,158.86,0.6845
1984-03-21,158.66,-0.1259
1984-03-22,156.69,-1.2416
1984-03-23,156.86,0.1085
1984-03-26,156.67,-0.1211
1984-03-27,157.3,0.4021
1984-03-28,159.88,1.6402
1984-03-29,159.52,-0.2252
1984-03-30,159.18,-0.2131
1984-04-02,157.98,-0.7539
1984-04-03,157.66,-0.2026
1984-04-04,157.54,-0.0761
1984-04-05,155.04,-1.5869
1984-04-06,155.48,0.2838
1984-04-09,155.45,-0.0193
1984-04-10,155.87,0.2702
1984-04-11,155.0,-0.5582
1984-04-12,157.73,1.7613
1984-04-13,157.31,-0.2663
1984-04-16,158.32,0.642
1984-04-17,158.97,0.4106
1984-04-18,157.9,-0.6731
1984-04-19,158.02,0.076
1984-04-23,156.8,-0.7721
1984-04-24,158.07,0.8099
1984-04-25,158.65,0.3669
1984-04-26,160.3,1.04
1984-04-27,159.89,-0.2558
1984-04-30,160.05,0.1001
1984-05-01,161.68,1.0184
1984-05-02,161.9,0.1361
1984-05-03,161.2,-0.4324
1984-05-04,159.11,-1.2965
1984-05-07,159.47,0.2263
1984-05-08,160.52,0.6584
1984-05-09,160.11,-0.2554
1984-05-10,160.0,-0.0687
1984-05-11,158.49,-0.9437
1984-05-14,157.5,-0.6246
1984-05-15,158.0,0.3175
1984-05-16,157.99,-0.0063
1984-05-17,156.57,-0.8988
1984-05-18,155.78,-0.5046
1984-05-21,154.73,-0.674
1984-05-22,153.88,-0.5493
1984-05-23,153.15,-0.4744
1984-05-24,151.23,-1.2537
1984-05-25,151.62,0.2579
1984-05-29,150.29,-0.8772
1984-05-30,150.35,0.0399
1984-05-31,150.55,0.133
1984-06-01,153.24,1.7868
1984-06-04,154.34,0.7178
1984-06-05,153.65,-0.4471
1984-06-06,155.01,0.8851
1984-06-07,154.92,-0.0581
1984-06-08,155.17,0.1614
1984-06-11,153.06,-1.3598
1984-06-12,152.19,-0.5684
1984-06-13,152.13,-0.0394
1984-06-14,150.39,-1.1438
1984-06-15,149.03,-0.9043
1984-06-18,151.73,1.8117
1984-06-19,152.61,0.58
1984-06-20,154.84,1.4612
1984-06-21,154.51,-0.2131
1984-06-22,154.46,-0.0324
1984-06-25,153.97,-0.3172
1984-06-26,152.71,-0.8183
1984-06-27,151.64,-0.7007
1984-06-28,152.84,0.7913
1984-06-29,153.18,0.2225
1984-07-02,153.2,0.0131
1984-07-03,153.7,0.3264
1984-07-05,152.76,-0.6116
1984-07-06,152.24,-0.3404
1984-07-09,153.36,0.7357
1984-07-10,152.89,-0.3065
1984-07-11,150.56,-1.524
1984-07-12,150.03,-0.352
1984-07-13,150.88,0.5666
1984-07-16,151.6,0.4772
1984-07-17,152.38,0.5145
1984-07-18,151.4,-0.6431
1984-07-19,150.37,-0.6803
1984-07-20,149.55,-0.5453
1984-07-23,148.95,-0.4012
1984-07-24,147.82,-0.7586
1984-07-25,148.83,0.6833
1984-07-26,150.08,0.8399
1984-07-27,151.19,0.7396
1984-07-30,150.19,-0.6614
1984-07-31,150.66,0.3129
1984-08-01,154.08,2.27
1984-08-02,157.99,2.5376
1984-08-03,162.35,2.7597
1984-08-06,162.6,0.154
1984-08-07,162.72,0.0738
1984-08-08,161.75,-0.5961
1984-08-09,165.54,2.3431
1984-08-10,165.42,-0.0725
1984-08-13,165.43,0.006
1984-08-14,164.42,-0.6105
1984-08-15,162.8,-0.9853
1984-08-16,163.77,0.5958
1984-08-17,164.14,0.2259
1984-08-20,164.94,0.4874
1984-08-21,167.83,1.7522
1984-08-22,167.06,-0.4588
1984-08-23,167.12,0.0359
1984-08-24,167.51,0.2334
1984-08-27,166.44,-0.6388
1984-08-28,167.4,0.5768
1984-08-29,167.09,-0.1852
1984-08-30,166.6,-0.2933
1984-08-31,166.68,0.048
1984-09-04,164.88,-1.0799
1984-09-05,164.29,-0.3578
1984-09-06,165.65,0.8278
1984-09-07,164.37,-0.7727
1984-09-10,164.26,-0.0669
1984-09-11,164.45,0.1157
1984-09-12,164.68,0.1399
1984-09-13,167.94,1.9796
1984-09-14,168.78,0.5002
1984-09-17,168.87,0.0533
1984-09-18,167.65,-0.7224
1984-09-19,166.94,-0.4235
1984-09-20,167.47,0.3175
1984-09-21,165.67,-1.0748
1984-09-24,165.28,-0.2354
1984-09-25,165.62,0.2057
1984-09-26,166.28,0.3985
1984-09-27,166.96,0.4089
1984-09-28,166.1,-0.5151
1984-10-01,164.62,-0.891
1984-10-02,163.59,-0.6257
1984-10-03,162.44,-0.703
1984-10-04,162.92,0.2955
1984-10-05,162.68,-0.1473
1984-10-08,162.13,-0.3381
1984-10-09,161.67,-0.2837
1984-10-10,162.11,0.2722
1984-10-11,162.78,0.4133
1984-10-12,164.18,0.8601
1984-10-15,165.77,0.9684
1984-10-16,164.78,-0.5972
1984-10-17,164.14,-0.3884
1984-10-18,168.1,2.4126
1984-10-19,167.96,-0.0833
1984-10-22,167.36,-0.3572
1984-10-23,167.09,-0.1613
1984-10-24,167.2,0.0658
1984-10-25,166.31,-0.5323
1984-10-26,165.29,-0.6133
1984-10-29,164.78,-0.3085
1984-10-30,166.84,1.2502
1984-10-31,166.09,-0.4495
1984-11-01,167.49,0.8429
1984-11-02,167.42,-0.0418
1984-11-05,168.58,0.6929
1984-11-06,170.41,1.0855
1984-11-07,169.17,-0.7277
1984-11-08,168.68,-0.2896
1984-11-09,167.6,-0.6403
1984-11-12,167.36,-0.1432
1984-11-13,165.97,-0.8305
1984-11-14,165.99,0.0121
1984-11-15,165.89,-0.0602
1984-11-16,164.1,-1.079
1984-11-19,163.09,-0.6155
1984-11-20,164.18,0.6683
1984-11-21,164.51,0.201
1984-11-23,166.92,1.465
1984-11-26,165.55,-0.8208
1984-11-27,166.29,0.447
1984-11-28,165.02,-0.7637
1984-11-29,163.91,-0.6726
1984-11-30,163.58,-0.2013
1984-12-03,162.82,-0.4646
1984-12-04,163.38,0.3439
1984-12-05,162.1,-0.7834
1984-12-06,162.76,0.4072
1984-12-07,162.26,-0.3072
1984-12-10,162.83,0.3513
1984-12-11,163.07,0.1474
1984-12-12,162.63,-0.2698
1984-12-13,161.81,-0.5042
1984-12-14,162.69,0.5438
1984-12-17,163.61,0.5655
1984-12-18,168.11,2.7504
1984-12-19,167.16,-0.5651
1984-12-20,166.38,-0.4666
1984-12-21,165.51,-0.5229
1984-12-24,166.76,0.7552
1984-12-26,166.47,-0.1739
1984-12-27,165.75,-0.4325
1984-12-28,166.26,0.3077
1984-12-31,167.24,0.5894
1985-01-02,165.37,-1.1182
1985-01-03,164.57,-0.4838
1985-01-04,163.68,-0.5408
1985-01-07,164.24,0.3421
1985-01-08,163.99,-0.1522
1985-01-09,165.18,0.7257
1985-01-10,168.31,1.8949
1985-01-11,167.91,-0.2377
1985-01-14,170.51,1.5484
1985-01-15,170.81,0.1759
1985-01-16,171.19,0.2225
1985-01-17,170.73,-0.2687
1985-01-18,171.32,0.3456
1985-01-21,175.23,2.2823
1985-01-22,175.48,0.1427
1985-01-23,177.3,1.0372
1985-01-24,176.71,-0.3328
1985-01-25,177.35,0.3622
1985-01-28,177.4,0.0282
1985-01-29,179.18,1.0034
1985-01-30,179.39,0.1172
1985-01-31,179.63,0.1338
1985-02-01,178.63,-0.5567
1985-02-04,180.35,0.9629
1985-02-05,180.61,0.1442
1985-02-06,180.43,-0.0997
1985-02-07,181.82,0.7704
1985-02-08,182.19,0.2035
1985-02-11,180.51,-0.9221
1985-02-12,180.56,0.0277
1985-02-13,183.35,1.5452
1985-02-14,182.41,-0.5127
1985-02-15,181.6,-0.4441
1985-02-19,181.33,-0.1487
1985-02-20,181.18,-0.0827
1985-02-21,180.19,-0.5464
1985-02-22,179.36,-0.4606
1985-02-25,179.23,-0.0725
1985-02-26,181.17,1.0824
1985-02-27,180.71,-0.2539
1985-02-28,181.18,0.2601
1985-03-01,183.23,1.1315
1985-03-04,182.06,-0.6385
1985-03-05,182.23,0.0934
1985-03-06,180.65,-0.867
1985-03-07,179.51,-0.6311
1985-03-08,179.1,-0.2284
1985-03-11,178.79,-0.1731
1985-03-12,179.66,0.4866
1985-03-13,178.19,-0.8182
1985-03-14,177.84,-0.1964
1985-03-15,176.53,-0.7366
1985-03-18,176.88,0.1983
1985-03-19,179.54,1.5038
1985-03-20,179.08,-0.2562
1985-03-21,179.35,0.1508
1985-03-22,179.04,-0.1728
1985-03-25,177.97,-0.5976
1985-03-26,178.43,0.2585
1985-03-27,179.54,0.6221
1985-03-28,179.54,0.0
1985-03-29,180.66,0.6238
1985-04-01,181.27,0.3377
1985-04-02,180.53,-0.4082
1985-04-03,179.11,-0.7866
1985-04-04,179.03,-0.0447
1985-04-08,178.03,-0.5586
1985-04-09,178.21,0.1011
1985-04-10,179.42,0.679
1985-04-11,180.19,0.4292
1985-04-12,180.54,0.1942
1985-04-15,180.92,0.2105
1985-04-16,181.2,0.1548
1985-04-17,181.68,0.2649
1985-04-18,180.84,-0.4624
1985-04-19,181.11,0.1493
1985-04-22,180.7,-0.2264
1985-04-23,181.88,0.653
1985-04-24,182.26,0.2089
1985-04-25,183.43,0.6419
1985-04-26,182.18,-0.6815
1985-04-29,180.63,-0.8508
1985-04-30,179.83,-0.4429
1985-05-01,178.37,-0.8119
1985-05-02,179.01,0.3588
1985-05-03,180.08,0.5977
1985-05-06,179.99,-0.05
1985-05-07,180.76,0.4278
1985-05-08,180.62,-0.0775
1985-05-09,181.92,0.7197
1985-05-10,184.28,1.2973
1985-05-13,184.61,0.1791
1985-05-14,183.87,-0.4008
1985-05-15,184.54,0.3644
1985-05-16,185.66,0.6069
1985-05-17,187.42,0.948
1985-05-20,189.72,1.2272
1985-05-21,189.64,-0.0422
1985-05-22,188.56,-0.5695
1985-05-23,187.6,-0.5091
1985-05-24,188.29,0.3678
1985-05-28,187.86,-0.2284
1985-05-29,187.68,-0.0958
1985-05-30,187.75,0.0373
1985-05-31,189.55,0.9587
1985-06-03,189.32,-0.1213
1985-06-04,190.04,0.3803
1985-06-05,190.16,0.0631
1985-06-06,191.06,0.4733
1985-06-07,189.68,-0.7223
1985-06-10,189.51,-0.0896
1985-06-11,189.04,-0.248
1985-06-12,187.61,-0.7565
1985-06-13,185.33,-1.2153
1985-06-14,187.1,0.9551
1985-06-17,186.53,-0.3046
1985-06-18,187.34,0.4342
1985-06-19,186.63,-0.379
1985-06-20,186.73,0.0536
1985-06-21,189.61,1.5423
1985-06-24,189.15,-0.2426
1985-06-25,189.74,0.3119
1985-06-26,190.06,0.1687
1985-06-27,191.23,0.6156
1985-06-28,191.85,0.3242
1985-07-01,192.43,0.3023
1985-07-02,192.01,-0.2183
1985-07-03,191.45,-0.2917
1985-07-05,192.52,0.5589
1985-07-08,191.93,-0.3065
1985-07-09,191.05,-0.4585
1985-07-10,192.37,0.6909
1985-07-11,192.94,0.2963
1985-07-12,193.29,0.1814
1985-07-15,192.72,-0.2949
1985-07-16,194.72,1.0378
1985-07-17,195.65,0.4776
1985-07-18,194.38,-0.6491
1985-07-19,195.13,0.3858
1985-07-22,194.35,-0.3997
1985-07-23,192.55,-0.9262
1985-07-24,191.58,-0.5038
1985-07-25,192.06,0.2505
1985-07-26,192.4,0.177
1985-07-29,189.6,-1.4553
1985-07-30,189.93,0.1741
1985-07-31,190.92,0.5212
1985-08-01,192.11,0.6233
1985-08-02,191.48,-0.3279
1985-08-05,190.62,-0.4491
1985-08-06,187.93,-1.4112
1985-08-07,187.68,-0.133
1985-08-08,188.95,0.6767
1985-08-09,188.32,-0.3334
1985-08-12,187.63,-0.3664
1985-08-13,187.3,-0.1759
1985-08-14,187.41,0.0587
1985-08-15,187.26,-0.08
1985-08-16,186.1,-0.6195
1985-08-19,186.38,0.1505
1985-08-20,188.08,0.9121
1985-08-21,189.16,0.5742
1985-08-22,187.36,-0.9516
1985-08-23,187.17,-0.1014
1985-08-26,187.31,0.0748
1985-08-27,188.1,0.4218
1985-08-28,188.83,0.3881
1985-08-29,188.93,0.053
1985-08-30,188.63,-0.1588
1985-09-03,187.91,-0.3817
1985-09-04,187.37,-0.2874
1985-09-05,187.27,-0.0534
1985-09-06,188.24,0.518
1985-09-09,188.25,0.0053
1985-09-10,186.9,-0.7171
1985-09-11,185.03,-1.0005
1985-09-12,183.69,-0.7242
1985-09-13,182.91,-0.4246
1985-09-16,182.88,-0.0164
1985-09-17,181.36,-0.8311
1985-09-18,181.71,0.193
1985-09-19,183.39,0.9246
1985-09-20,182.05,-0.7307
1985-09-23,184.3,1.2359
1985-09-24,182.62,-0.9116
1985-09-25,180.66,-1.0733
1985-09-26,181.29,0.3487
1985-09-30,182.08,0.4358
1985-10-01,185.07,1.6421
1985-10-02,184.06,-0.5457
1985-10-03,184.36,0.163
1985-10-04,183.22,-0.6184
1985-10-07,181.87,-0.7368
1985-10-08,181.87,0.0
1985-10-09,182.52,0.3574
1985-10-10,182.78,0.1425
1985-10-11,184.28,0.8207
1985-10-14,186.37,1.1341
1985-10-15,186.08,-0.1556
1985-10-16,187.98,1.0211
1985-10-17,187.66,-0.1702
1985-10-18,187.04,-0.3304
1985-10-21,186.96,-0.0428
1985-10-22,188.04,0.5777
1985-10-23,189.09,0.5584
1985-10-24,188.5,-0.312
1985-10-25,187.52,-0.5199
1985-10-28,187.76,0.128
1985-10-29,189.23,0.7829
1985-10-30,190.07,0.4439
1985-10-31,189.82,-0.1315
1985-11-01,191.53,0.9009
1985-11-04,191.25,-0.1462
1985-11-05,192.37,0.5856
1985-11-06,192.76,0.2027
1985-11-07,192.62,-0.0726
1985-11-08,193.72,0.5711
1985-11-11,197.28,1.8377
1985-11-12,198.08,0.4055
1985-11-13,197.1,-0.4947
1985-11-14,199.06,0.9944
1985-11-15,198.11,-0.4772
1985-11-18,198.71,0.3029
1985-11-19,198.67,-0.0201
1985-11-20,198.99,0.1611
1985-11-21,201.41,1.2161
1985-11-22,201.52,0.0546
1985-11-25,200.35,-0.5806
1985-11-26,200.67,0.1597
1985-11-27,202.54,0.9319
1985-11-29,202.17,-0.1827
1985-12-02,200.46,-0.8458
1985-12-03,200.86,0.1995
1985-12-04,204.23,1.6778
1985-12-05,203.88,-0.1714
1985-12-06,202.99,-0.4365
1985-12-09,204.25,0.6207
1985-12-10,204.39,0.0685
1985-12-11,206.31,0.9394
1985-12-12,206.73,0.2036
1985-12-13,209.94,1.5527
1985-12-16,212.02,0.9908
1985-12-17,210.65,-0.6462
1985-12-18,209.81,-0.3988
1985-12-19,210.02,0.1001
1985-12-20,210.94,0.4381
1985-12-23,208.57,-1.1235
1985-12-24,207.14,-0.6856
1985-12-26,207.65,0.2462
1985-12-27,209.61,0.9439
1985-12-30,210.68,0.5105
1985-12-31,211.28,0.2848
1986-01-02,209.59,-0.7999
1986-01-03,210.88,0.6155
1986-01-06,210.65,-0.1091
1986-01-07,213.8,1.4954
1986-01-08,207.97,-2.7268
1986-01-09,206.11,-0.8944
1986-01-10,205.96,-0.0728
1986-01-13,206.72,0.369
1986-01-14,206.64,-0.0387
1986-01-15,208.26,0.784
1986-01-16,209.17,0.437
1986-01-17,208.43,-0.3538
1986-01-20,207.53,-0.4318
1986-01-21,205.79,-0.8384
1986-01-22,203.49,-1.1176
1986-01-23,204.25,0.3735
1986-01-24,206.43,1.0673
1986-01-27,207.39,0.465
1986-01-28,209.81,1.1669
1986-01-29,210.29,0.2288
1986-01-30,209.33,-0.4565
1986-01-31,211.78,1.1704
1986-02-03,213.96,1.0294
1986-02-04,212.79,-0.5468
1986-02-05,212.96,0.0799
1986-02-06,213.47,0.2395
1986-02-07,214.56,0.5106
1986-02-10,216.24,0.783
1986-02-11,215.92,-0.148
1986-02-12,215.97,0.0232
1986-02-13,217.4,0.6621
1986-02-14,219.76,1.0856
1986-02-18,222.45,1.2241
1986-02-19,219.76,-1.2093
1986-02-20,222.22,1.1194
1986-02-21,224.62,1.08
1986-02-24,224.34,-0.1247
1986-02-25,223.79,-0.2452
1986-02-26,224.04,0.1117
1986-02-27,226.77,1.2185
1986-02-28,226.92,0.0661
1986-03-03,225.42,-0.661
1986-03-04,224.38,-0.4614
1986-03-05,224.34,-0.0178
1986-03-06,225.13,0.3521
1986-03-07,225.57,0.1954
1986-03-10,226.58,0.4478
1986-03-11,231.69,2.2553
1986-03-12,232.54,0.3669
1986-03-13,233.19,0.2795
1986-03-14,236.55,1.4409
1986-03-17,234.67,-0.7948
1986-03-18,235.78,0.473
1986-03-19,235.6,-0.0763
1986-03-20,236.54,0.399
1986-03-21,233.34,-1.3528
1986-03-24,235.33,0.8528
1986-03-25,234.72,-0.2592
1986-03-26,237.3,1.0992
1986-03-27,238.97,0.7038
1986-03-31,238.9,-0.0293
1986-04-01,235.14,-1.5739
1986-04-02,235.71,0.2424
1986-04-03,232.47,-1.3746
1986-04-04,228.69,-1.626
1986-04-07,228.63,-0.0262
1986-04-08,233.52,2.1388
1986-04-09,233.75,0.0985
1986-04-10,236.44,1.1508
1986-04-11,235.97,-0.1988
1986-04-14,237.28,0.5552
1986-04-15,237.73,0.1896
1986-04-16,242.22,1.8887
1986-04-17,243.03,0.3344
1986-04-18,242.38,-0.2675
1986-04-21,244.74,0.9737
1986-04-22,242.42,-0.9479
1986-04-23,241.75,-0.2764
1986-04-24,242.02,0.1117
1986-04-25,242.29,0.1116
1986-04-28,243.08,0.3261
1986-04-29,240.51,-1.0573
1986-04-30,235.52,-2.0748
1986-05-01,235.16,-0.1529
1986-05-02,234.79,-0.1573
1986-05-05,237.73,1.2522
1986-05-06,237.24,-0.2061
1986-05-07,236.08,-0.489
1986-05-08,237.13,0.4448
1986-05-09,237.85,0.3036
1986-05-12,237.58,-0.1135
1986-05-13,236.41,-0.4925
1986-05-14,237.54,0.478
1986-05-15,234.43,-1.3093
1986-05-16,232.76,-0.7124
1986-05-19,233.2,0.189
1986-05-20,236.11,1.2479
1986-05-21,235.45,-0.2795
1986-05-22,240.12,1.9834
1986-05-23,241.35,0.5122
1986-05-27,244.75,1.4087
1986-05-28,246.63,0.7681
1986-05-29,247.98,0.5474
1986-05-30,247.35,-0.2541
1986-06-02,245.04,-0.9339
1986-06-03,245.51,0.1918
1986-06-04,243.94,-0.6395
1986-06-05,245.65,0.701
1986-06-06,245.67,0.0081
1986-06-09,239.96,-2.3243
1986-06-10,239.58,-0.1584
1986-06-11,241.13,0.647
1986-06-12,241.49,0.1493
1986-06-13,245.73,1.7558
1986-06-16,246.13,0.1628
1986-06-17,244.35,-0.7232
1986-06-18,244.99,0.2619
1986-06-19,244.06,-0.3796
1986-06-20,247.58,1.4423
1986-06-23,245.26,-0.9371
1986-06-24,247.03,0.7217
1986-06-25,248.93,0.7691
1986-06-26,248.74,-0.0763
1986-06-27,249.6,0.3457
1986-06-30,250.84,0.4968
1986-07-01,252.04,0.4784
1986-07-02,252.7,0.2619
1986-07-03,251.79,-0.3601
1986-07-07,244.05,-3.074
1986-07-08,241.59,-1.008
1986-07-09,242.82,0.5091
1986-07-10,243.01,0.0782
1986-07-11,242.22,-0.3251
1986-07-14,238.11,-1.6968
1986-07-15,233.66,-1.8689
1986-07-16,235.01,0.5778
1986-07-17,236.07,0.451
1986-07-18,236.36,0.1228
1986-07-21,236.24,-0.0508
1986-07-22,238.18,0.8212
1986-07-23,238.67,0.2057
1986-07-24,237.95,-0.3017
1986-07-25,240.22,0.954
1986-07-28,236.01,-1.7526
1986-07-29,234.55,-0.6186
1986-07-30,236.59,0.8698
1986-07-31,236.12,-0.1987
1986-08-01,234.91,-0.5125
1986-08-04,235.99,0.4598
1986-08-05,237.03,0.4407
1986-08-06,236.84,-0.0802
1986-08-07,237.04,0.0844
1986-08-08,236.88,-0.0675
1986-08-11,240.68,1.6042
1986-08-12,243.34,1.1052
1986-08-13,245.67,0.9575
1986-08-14,246.25,0.2361
1986-08-15,247.15,0.3655
1986-08-18,247.38,0.0931
1986-08-19,246.51,-0.3517
1986-08-20,249.77,1.3225
1986-08-21,249.67,-0.04
1986-08-22,250.19,0.2083
1986-08-25,247.81,-0.9513
1986-08-26,252.84,2.0298
1986-08-27,253.3,0.1819
1986-08-28,252.84,-0.1816
1986-08-29,252.93,0.0356
1986-09-02,248.52,-1.7436
1986-09-03,250.08,0.6277
1986-09-04,253.83,1.4995
1986-09-05,250.47,-1.3237
1986-09-08,248.14,-0.9303
1986-09-09,247.67,-0.1894
1986-09-10,247.06,-0.2463
1986-09-11,235.18,-4.8085
1986-09-12,230.67,-1.9177
1986-09-15,231.94,0.5506
1986-09-16,231.72,-0.0949
1986-09-17,231.68,-0.0173
1986-09-18,232.31,0.2719
1986-09-19,232.21,-0.043
1986-09-22,234.93,1.1714
1986-09-23,235.67,0.315
1986-09-24,236.28,0.2588
1986-09-25,231.83,-1.8834
1986-09-26,232.23,0.1725
1986-09-29,229.91,-0.999
1986-09-30,231.32,0.6133
1986-10-01,233.6,0.9856
1986-10-02,233.92,0.137
1986-10-03,233.71,-0.0898
1986-10-06,234.78,0.4578
1986-10-07,234.41,-0.1576
1986-10-08,236.68,0.9684
1986-10-09,235.85,-0.3507
1986-10-10,235.48,-0.1569
1986-10-13,235.91,0.1826
1986-10-14,235.37,-0.2289
1986-10-15,238.8,1.4573
1986-10-16,239.53,0.3057
1986-10-17,238.84,-0.2881
1986-10-20,235.97,-1.2016
1986-10-21,235.88,-0.0381
1986-10-22,236.26,0.1611
1986-10-23,239.28,1.2783
1986-10-24,238.26,-0.4263
1986-10-27,238.77,0.2141
1986-10-28,239.26,0.2052
1986-10-29,240.94,0.7022
1986-10-30,243.71,1.1497
1986-10-31,243.98,0.1108
1986-11-03,245.8,0.746
1986-11-04,246.2,0.1627
1986-11-05,246.58,0.1543
1986-11-06,245.87,-0.2879
1986-11-07,245.77,-0.0407
1986-11-10,246.13,0.1465
1986-11-11,247.08,0.386
1986-11-12,246.64,-0.1781
1986-11-13,243.02,-1.4677
1986-11-14,244.5,0.609
1986-11-17,243.21,-0.5276
1986-11-18,236.78,-2.6438
1986-11-19,237.66,0.3717
1986-11-20,242.05,1.8472
1986-11-21,245.86,1.5741
1986-11-24,247.45,0.6467
1986-11-25,248.17,0.291
1986-11-26,248.77,0.2418
1986-11-28,249.22,0.1809
1986-12-01,249.05,-0.0682
1986-12-02,254.0,1.9876
1986-12-03,253.85,-0.0591
1986-12-04,253.04,-0.3191
1986-12-05,251.17,-0.739
1986-12-08,251.16,-0.004
1986-12-09,249.28,-0.7485
1986-12-10,250.96,0.6739
1986-12-11,248.17,-1.1117
1986-12-12,247.35,-0.3304
1986-12-15,248.21,0.3477
1986-12-16,250.04,0.7373
1986-12-17,247.56,-0.9918
1986-12-18,246.78,-0.3151
1986-12-19,249.73,1.1954
1986-12-22,248.75,-0.3924
1986-12-23,246.34,-0.9688
1986-12-24,246.75,0.1664
1986-12-26,246.92,0.0689
1986-12-29,244.67,-0.9112
1986-12-30,243.37,-0.5313
1986-12-31,242.17,-0.4931
1987-01-02,246.45,1.7674
1987-01-05,252.19,2.3291
1987-01-06,252.78,0.234
1987-01-07,255.33,1.0088
1987-01-08,257.28,0.7637
1987-01-09,258.73,0.5636
1987-01-12,260.3,0.6068
1987-01-13,259.95,-0.1345
1987-01-14,262.64,1.0348
1987-01-15,265.49,1.0851
1987-01-16,266.28,0.2976
1987-01-19,269.34,1.1492
1987-01-20,269.04,-0.1114
1987-01-21,267.84,-0.446
1987-01-22,273.91,2.2663
1987-01-23,270.1,-1.391
1987-01-26,269.61,-0.1814
1987-01-27,273.75,1.5356
1987-01-28,275.4,0.6027
1987-01-29,274.24,-0.4212
1987-01-30,274.08,-0.0583
1987-02-02,276.45,0.8647
1987-02-03,275.99,-0.1664
1987-02-04,279.64,1.3225
1987-02-05,281.16,0.5436
1987-02-06,280.04,-0.3983
1987-02-09,278.16,-0.6713
1987-02-10,275.07,-1.1109
1987-02-11,277.54,0.898
1987-02-12,275.62,-0.6918
1987-02-13,279.7,1.4803
1987-02-17,285.49,2.0701
1987-02-18,285.42,-0.0245
1987-02-19,285.57,0.0526
1987-02-20,285.48,-0.0315
1987-02-23,282.38,-1.0859
1987-02-24,282.88,0.1771
1987-02-25,284.0,0.3959
1987-02-26,282.96,-0.3662
1987-02-27,284.2,0.4382
1987-03-02,283.0,-0.4222
1987-03-03,284.12,0.3958
1987-03-04,288.62,1.5838
1987-03-05,290.52,0.6583
1987-03-06,290.66,0.0482
1987-03-09,288.3,-0.8119
1987-03-10,290.86,0.888
1987-03-11,290.31,-0.1891
1987-03-12,291.22,0.3135
1987-03-13,289.89,-0.4567
1987-03-16,288.23,-0.5726
1987-03-17,292.47,1.471
1987-03-18,292.78,0.106
1987-03-19,294.08,0.444
1987-03-20,298.17,1.3908
1987-03-23,301.16,1.0028
1987-03-24,301.64,0.1594
1987-03-25,300.38,-0.4177
1987-03-26,300.93,0.1831
1987-03-27,296.13,-1.5951
1987-03-30,289.2,-2.3402
1987-03-31,291.7,0.8645
1987-04-01,292.38,0.2331
1987-04-02,293.63,0.4275
1987-04-03,300.41,2.309
1987-04-06,301.95,0.5126
1987-04-07,296.69,-1.742
1987-04-08,297.26,0.1921
1987-04-09,292.86,-1.4802
1987-04-10,292.49,-0.1263
1987-04-13,285.62,-2.3488
1987-04-14,279.16,-2.2617
1987-04-15,284.44,1.8914
1987-04-16,286.91,0.8684
1987-04-20,286.09,-0.2858
1987-04-21,293.07,2.4398
1987-04-22,287.19,-2.0063
1987-04-23,286.82,-0.1288
1987-04-24,281.52,-1.8478
1987-04-27,281.83,0.1101
1987-04-28,282.51,0.2413
1987-04-29,284.57,0.7292
1987-04-30,288.36,1.3318
1987-05-01,288.03,-0.1144
1987-05-04,289.36,0.4618
1987-05-05,295.34,2.0666
1987-05-06,295.47,0.044
1987-05-07,294.71,-0.2572
1987-05-08,293.37,-0.4547
1987-05-11,291.57,-0.6136
1987-05-12,293.3,0.5933
1987-05-13,293.98,0.2318
1987-05-14,294.24,0.0884
1987-05-15,287.43,-2.3144
1987-05-18,286.65,-0.2714
1987-05-19,279.62,-2.4525
1987-05-20,278.21,-0.5043
1987-05-21,280.17,0.7045
1987-05-22,282.16,0.7103
1987-05-26,289.11,2.4631
1987-05-27,288.73,-0.1314
1987-05-28,290.76,0.7031
1987-05-29,290.1,-0.227
1987-06-01,289.83,-0.0931
1987-06-02,288.46,-0.4727
1987-06-03,293.47,1.7368
1987-06-04,295.09,0.552
1987-06-05,293.45,-0.5558
1987-06-08,296.72,1.1143
1987-06-09,297.28,0.1887
1987-06-10,297.47,0.0639
1987-06-11,298.73,0.4236
1987-06-12,301.62,0.9674
1987-06-15,303.14,0.5039
1987-06-16,304.76,0.5344
1987-06-17,304.81,0.0164
1987-06-18,305.69,0.2887
1987-06-19,306.97,0.4187
1987-06-22,309.65,0.873
1987-06-23,308.43,-0.394
1987-06-24,306.86,-0.509
1987-06-25,308.96,0.6844
1987-06-26,307.16,-0.5826
1987-06-29,307.9,0.2409
1987-06-30,304.0,-1.2666
1987-07-01,302.94,-0.3487
1987-07-02,305.63,0.888
1987-07-06,304.92,-0.2323
1987-07-07,307.4,0.8133
1987-07-08,308.29,0.2895
1987-07-09,307.52,-0.2498
1987-07-10,308.37,0.2764
1987-07-13,307.63,-0.24
1987-07-14,310.68,0.9915
1987-07-15,310.42,-0.0837
1987-07-16,312.7,0.7345
1987-07-17,314.59,0.6044
1987-07-20,311.39,-1.0172
1987-07-21,308.55,-0.912
1987-07-22,308.47,-0.0259
1987-07-23,307.81,-0.214
1987-07-24,309.27,0.4743
1987-07-27,310.65,0.4462
1987-07-28,312.33,0.5408
1987-07-29,315.65,1.063
1987-07-30,318.05,0.7603
1987-07-31,318.66,0.1918
1987-08-03,317.57,-0.3421
1987-08-04,316.23,-0.422
1987-08-05,318.45,0.702
1987-08-06,322.09,1.143
1987-08-07,323.0,0.2825
1987-08-10,328.0,1.548
1987-08-11,333.33,1.625
1987-08-12,332.39,-0.282
1987-08-13,334.65,0.6799
1987-08-14,333.99,-0.1972
1987-08-17,334.11,0.0359
1987-08-18,329.25,-1.4546
1987-08-19,329.83,0.1762
1987-08-20,334.84,1.519
1987-08-21,335.9,0.3166
1987-08-24,333.33,-0.7651
1987-08-25,336.77,1.032
1987-08-26,334.57,-0.6533
1987-08-27,331.38,-0.9535
1987-08-28,327.04,-1.3097
1987-08-31,329.8,0.8439
1987-09-01,323.4,-1.9406
1987-09-02,321.68,-0.5318
1987-09-03,320.21,-0.457
1987-09-04,316.7,-1.0962
1987-09-08,313.56,-0.9915
1987-09-09,313.92,0.1148
1987-09-10,317.13,1.0226
1987-09-11,321.98,1.5293
1987-09-14,323.08,0.3416
1987-09-15,317.74,-1.6528
1987-09-16,314.86,-0.9064
1987-09-17,314.93,0.0222
1987-09-18,314.86,-0.0222
1987-09-21,310.54,-1.372
1987-09-22,319.5,2.8853
1987-09-23,321.19,0.529
1987-09-24,319.72,-0.4577
1987-09-25,320.16,0.1376
1987-09-28,323.2,0.9495
1987-09-29,321.69,-0.4672
1987-09-30,321.83,0.0435
1987-10-01,327.33,1.709
1987-10-02,328.07,0.2261
1987-10-05,328.08,0.003
1987-10-06,319.22,-2.7006
1987-10-07,318.54,-0.213
1987-10-08,314.16,-1.375
1987-10-09,311.07,-0.9836
1987-10-12,309.39,-0.5401
1987-10-13,314.52,1.6581
1987-10-14,305.23,-2.9537
1987-10-15,298.08,-2.3425
1987-10-16,282.7,-5.1597
1987-10-19,224.84,-20.4669
1987-10-20,236.83,5.3327
1987-10-21,258.38,9.0994
1987-10-22,248.25,-3.9206
1987-10-23,248.22,-0.0121
1987-10-26,227.67,-8.2789
1987-10-27,233.19,2.4246
1987-10-28,233.28,0.0386
1987-10-29,244.77,4.9254
1987-10-30,251.79,2.868
1987-11-02,255.75,1.5727
1987-11-03,250.82,-1.9277
1987-11-04,248.96,-0.7416
1987-11-05,254.48,2.2172
1987-11-06,250.41,-1.5993
1987-11-09,243.17,-2.8913
1987-11-10,239.0,-1.7148
1987-11-11,241.9,1.2134
1987-11-12,248.52,2.7367
1987-11-13,245.64,-1.1589
1987-11-16,246.76,0.456
1987-11-17,243.04,-1.5075
1987-11-18,245.55,1.0328
1987-11-19,240.05,-2.2399
1987-11-20,242.0,0.8123
1987-11-23,242.99,0.4091
1987-11-24,246.39,1.3992
1987-11-25,244.1,-0.9294
1987-11-27,240.34,-1.5404
1987-11-30,230.3,-4.1774
1987-12-01,232.0,0.7382
1987-12-02,233.45,0.625
1987-12-03,225.21,-3.5297
1987-12-04,223.92,-0.5728
1987-12-07,228.76,2.1615
1987-12-08,234.91,2.6884
1987-12-09,238.89,1.6943
1987-12-10,233.57,-2.227
1987-12-11,235.32,0.7492
1987-12-14,242.19,2.9194
1987-12-15,242.81,0.256
1987-12-16,248.08,2.1704
1987-12-17,242.98,-2.0558
1987-12-18,249.16,2.5434
1987-12-21,249.54,0.1525
1987-12-22,249.95,0.1643
1987-12-23,253.16,1.2843
1987-12-24,252.03,-0.4464
1987-12-28,245.57,-2.5632
1987-12-29,244.59,-0.3991
1987-12-30,247.86,1.3369
1987-12-31,247.08,-0.3147
1988-01-04,255.94,3.5859
1988-01-05,258.63,1.051
1988-01-06,258.89,0.1005
1988-01-07,261.07,0.8421
1988-01-08,243.4,-6.7683
1988-01-11,247.49,1.6804
1988-01-12,245.42,-0.8364
1988-01-13,245.81,0.1589
1988-01-14,245.88,0.0285
1988-01-15,252.05,2.5094
1988-01-18,251.88,-0.0674
1988-01-19,249.32,-1.0164
1988-01-20,242.63,-2.6833
1988-01-21,243.14,0.2102
1988-01-22,246.5,1.3819
1988-01-25,252.17,2.3002
1988-01-26,249.57,-1.0311
1988-01-27,249.38,-0.0761
1988-01-28,253.29,1.5679
1988-01-29,257.07,1.4924
1988-02-01,255.04,-0.7897
1988-02-02,255.57,0.2078
1988-02-03,252.21,-1.3147
1988-02-04,252.21,0.0
1988-02-05,250.96,-0.4956
1988-02-08,249.1,-0.7412
1988-02-09,251.72,1.0518
1988-02-10,256.66,1.9625
1988-02-11,255.95,-0.2766
1988-02-12,257.63,0.6564
1988-02-16,259.83,0.8539
1988-02-17,259.21,-0.2386
1988-02-18,257.91,-0.5015
1988-02-19,261.61,1.4346
1988-02-22,265.64,1.5405
1988-02-23,265.02,-0.2334
1988-02-24,264.43,-0.2226
1988-02-25,261.58,-1.0778
1988-02-26,262.46,0.3364
1988-02-29,267.82,2.0422
1988-03-01,267.22,-0.224
1988-03-02,267.98,0.2844
1988-03-03,267.88,-0.0373
1988-03-04,267.3,-0.2165
1988-03-07,267.38,0.0299
1988-03-08,269.43,0.7667
1988-03-09,269.06,-0.1373
1988-03-10,263.84,-1.9401
1988-03-11,264.94,0.4169
1988-03-14,266.37,0.5397
1988-03-15,266.13,-0.0901
1988-03-16,268.65,0.9469
1988-03-17,271.22,0.9566
1988-03-18,271.12,-0.0369
1988-03-21,268.74,-0.8778
1988-03-22,268.84,0.0372
1988-03-23,268.91,0.026
1988-03-24,263.35,-2.0676
1988-03-25,258.51,-1.8379
1988-03-28,258.06,-0.1741
1988-03-29,260.07,0.7789
1988-03-30,258.07,-0.769
1988-03-31,258.89,0.3177
1988-04-04,256.09,-1.0815
1988-04-05,258.51,0.945
1988-04-06,265.49,2.7001
1988-04-07,266.16,0.2524
1988-04-08,269.43,1.2286
1988-04-11,270.16,0.2709
1988-04-12,271.37,0.4479
1988-04-13,271.58,0.0774
1988-04-14,259.75,-4.356
1988-04-15,259.77,0.0077
1988-04-18,259.21,-0.2156
1988-04-19,257.92,-0.4977
1988-04-20,256.13,-0.694
1988-04-21,256.42,0.1132
1988-04-22,260.14,1.4507
1988-04-25,262.51,0.911
1988-04-26,263.93,0.5409
1988-04-27,263.8,-0.0493
1988-04-28,262.61,-0.4511
1988-04-29,261.33,-0.4874
1988-05-02,261.56,0.088
1988-05-03,263.0,0.5505
1988-05-04,260.32,-1.019
1988-05-05,258.79,-0.5877
1988-05-06,257.48,-0.5062
1988-05-09,256.54,-0.3651
1988-05-10,257.62,0.421
1988-05-11,253.31,-1.673
1988-05-12,253.85,0.2132
1988-05-13,256.78,1.1542
1988-05-16,258.71,0.7516
1988-05-17,255.39,-1.2833
1988-05-18,251.35,-1.5819
1988-05-19,252.57,0.4854
1988-05-20,253.02,0.1782
1988-05-23,250.83,-0.8655
1988-05-24,253.51,1.0685
1988-05-25,253.76,0.0986
1988-05-26,254.63,0.3428
1988-05-27,253.42,-0.4752
1988-05-31,262.16,3.4488
1988-06-01,266.69,1.728
1988-06-02,265.33,-0.51
1988-06-03,266.45,0.4221
1988-06-06,267.05,0.2252
1988-06-07,265.17,-0.704
1988-06-08,271.52,2.3947
1988-06-09,270.2,-0.4862
1988-06-10,271.26,0.3923
1988-06-13,271.43,0.0627
1988-06-14,274.3,1.0574
1988-06-15,274.45,0.0547
1988-06-16,269.77,-1.7052
1988-06-17,270.68,0.3373
1988-06-20,268.94,-0.6428
1988-06-21,271.67,1.0151
1988-06-22,275.66,1.4687
1988-06-23,274.82,-0.3047
1988-06-24,273.78,-0.3784
1988-06-27,269.06,-1.724
1988-06-28,272.31,1.2079
1988-06-29,270.98,-0.4884
1988-06-30,273.5,0.93
1988-07-01,271.78,-0.6289
1988-07-05,275.81,1.4828
1988-07-06,272.02,-1.3741
1988-07-07,271.78,-0.0882
1988-07-08,270.02,-0.6476
1988-07-11,270.55,0.1963
1988-07-12,267.85,-0.998
1988-07-13,269.32,0.5488
1988-07-14,270.26,0.349
1988-07-15,272.05,0.6623
1988-07-18,270.51,-0.5661
1988-07-19,268.47,-0.7541
1988-07-20,270.0,0.5699
1988-07-21,266.66,-1.237
1988-07-22,263.5,-1.185
1988-07-25,264.68,0.4478
1988-07-26,265.19,0.1927
1988-07-27,262.5,-1.0144
1988-07-28,266.02,1.341
1988-07-29,272.02,2.2555
1988-08-01,272.21,0.0698
1988-08-02,272.06,-0.0551
1988-08-03,272.98,0.3382
1988-08-04,271.93,-0.3846
1988-08-05,271.15,-0.2868
1988-08-08,269.98,-0.4315
1988-08-09,266.49,-1.2927
1988-08-10,261.9,-1.7224
1988-08-11,262.75,0.3246
1988-08-12,262.55,-0.0761
1988-08-15,258.69,-1.4702
1988-08-16,260.56,0.7229
1988-08-17,260.77,0.0806
1988-08-18,261.03,0.0997
1988-08-19,260.24,-0.3026
1988-08-22,256.98,-1.2527
1988-08-23,257.09,0.0428
1988-08-24,261.13,1.5714
1988-08-25,259.18,-0.7468
1988-08-26,259.68,0.1929
1988-08-29,262.33,1.0205
1988-08-30,262.51,0.0686
1988-08-31,261.52,-0.3771
1988-09-01,258.35,-1.2121
1988-09-02,264.48,2.3728
1988-09-06,265.59,0.4197
1988-09-07,265.87,0.1054
1988-09-08,265.88,0.0038
1988-09-09,266.84,0.3611
1988-09-12,266.47,-0.1387
1988-09-13,267.43,0.3603
1988-09-14,269.31,0.703
1988-09-15,268.13,-0.4382
1988-09-16,270.65,0.9398
1988-09-19,268.82,-0.6762
1988-09-20,269.73,0.3385
1988-09-21,270.16,0.1594
1988-09-22,269.18,-0.3627
1988-09-23,269.76,0.2155
1988-09-26,268.88,-0.3262
1988-09-27,268.26,-0.2306
1988-09-28,269.08,0.3057
1988-09-29,272.59,1.3044
1988-09-30,271.91,-0.2495
1988-10-03,271.38,-0.1949
1988-10-04,270.62,-0.2801
1988-10-05,271.86,0.4582
1988-10-06,272.39,0.195
1988-10-07,278.07,2.0852
1988-10-10,278.24,0.0611
1988-10-11,277.93,-0.1114
1988-10-12,273.98,-1.4212
1988-10-13,275.22,0.4526
1988-10-14,275.5,0.1017
1988-10-17,276.41,0.3303
1988-10-18,279.38,1.0745
1988-10-19,276.97,-0.8626
1988-10-20,282.88,2.1338
1988-10-21,283.66,0.2757
1988-10-24,282.28,-0.4865
1988-10-25,282.38,0.0354
1988-10-26,281.38,-0.3541
1988-10-27,277.28,-1.4571
1988-10-28,278.53,0.4508
1988-10-31,278.97,0.158
1988-11-01,279.06,0.0323
1988-11-02,279.06,0.0
1988-11-03,279.2,0.0502
1988-11-04,276.31,-1.0351
1988-11-07,273.93,-0.8614
1988-11-08,275.15,0.4454
1988-11-09,273.33,-0.6615
1988-11-10,273.69,0.1317
1988-11-11,267.92,-2.1082
1988-11-14,267.72,-0.0746
1988-11-15,268.34,0.2316
1988-11-16,263.82,-1.6844
1988-11-17,264.6,0.2957
1988-11-18,266.47,0.7067
1988-11-21,266.22,-0.0938
1988-11-22,267.21,0.3719
1988-11-23,269.0,0.6699
1988-11-25,267.23,-0.658
1988-11-28,268.64,0.5276
1988-11-29,270.91,0.845
1988-11-30,273.7,1.0299
1988-12-01,272.49,-0.4421
1988-12-02,271.81,-0.2496
1988-12-05,274.93,1.1479
1988-12-06,277.59,0.9675
1988-12-07,278.13,0.1945
1988-12-08,276.59,-0.5537
1988-12-09,277.03,0.1591
1988-12-12,276.52,-0.1841
1988-12-13,276.31,-0.0759
1988-12-14,275.31,-0.3619
1988-12-15,274.28,-0.3741
1988-12-16,276.29,0.7328
1988-12-19,278.91,0.9483
1988-12-20,277.47,-0.5163
1988-12-21,277.38,-0.0324
1988-12-22,276.87,-0.1839
1988-12-23,277.87,0.3612
1988-12-27,276.83,-0.3743
1988-12-28,277.08,0.0903
1988-12-29,279.4,0.8373
1988-12-30,277.72,-0.6013
1989-01-03,275.31,-0.8678
1989-01-04,279.43,1.4965
1989-01-05,280.01,0.2076
1989-01-06,280.67,0.2357
1989-01-09,280.98,0.1104
1989-01-10,280.38,-0.2135
1989-01-11,282.01,0.5814
1989-01-12,283.17,0.4113
1989-01-13,283.87,0.2472
1989-01-16,284.14,0.0951
1989-01-17,283.55,-0.2076
1989-01-18,286.53,1.051
1989-01-19,286.91,0.1326
1989-01-20,286.63,-0.0976
1989-01-23,284.5,-0.7431
1989-01-24,288.49,1.4025
1989-01-25,289.14,0.2253
1989-01-26,291.69,0.8819
1989-01-27,293.82,0.7302
1989-01-30,294.99,0.3982
1989-01-31,297.47,0.8407
1989-02-01,297.09,-0.1277
1989-02-02,296.84,-0.0841
1989-02-03,296.97,0.0438
1989-02-06,296.04,-0.3132
1989-02-07,299.63,1.2127
1989-02-08,298.65,-0.3271
1989-02-09,296.06,-0.8672
1989-02-10,292.02,-1.3646
1989-02-13,292.54,0.1781
1989-02-14,291.81,-0.2495
1989-02-15,294.24,0.8327
1989-02-16,294.81,0.1937
1989-02-17,296.76,0.6614
1989-02-21,295.98,-0.2628
1989-02-22,290.91,-1.713
1989-02-23,292.05,0.3919
1989-02-24,287.13,-1.6846
1989-02-27,287.82,0.2403
1989-02-28,288.86,0.3613
1989-03-01,287.11,-0.6058
1989-03-02,289.95,0.9892
1989-03-03,291.18,0.4242
1989-03-06,294.81,1.2467
1989-03-07,293.87,-0.3188
1989-03-08,294.08,0.0715
1989-03-09,293.93,-0.051
1989-03-10,292.88,-0.3572
1989-03-13,295.32,0.8331
1989-03-14,295.14,-0.061
1989-03-15,296.67,0.5184
1989-03-16,299.44,0.9337
1989-03-17,292.69,-2.2542
1989-03-20,289.92,-0.9464
1989-03-21,291.33,0.4863
1989-03-22,290.49,-0.2883
1989-03-23,288.98,-0.5198
1989-03-27,290.57,0.5502
1989-03-28,291.59,0.351
1989-03-29,292.35,0.2606
1989-03-30,292.52,0.0581
1989-03-31,294.87,0.8034
1989-04-03,296.39,0.5155
1989-04-04,295.31,-0.3644
1989-04-05,296.24,0.3149
1989-04-06,295.29,-0.3207
1989-04-07,297.16,0.6333
1989-04-10,297.11,-0.0168
1989-04-11,298.49,0.4645
1989-04-12,298.99,0.1675
1989-04-13,296.4,-0.8662
1989-04-14,301.36,1.6734
1989-04-17,301.72,0.1195
1989-04-18,306.02,1.4252
1989-04-19,307.15,0.3693
1989-04-20,306.19,-0.3126
1989-04-21,309.61,1.117
1989-04-24,308.69,-0.2971
1989-04-25,306.75,-0.6285
1989-04-26,306.93,0.0587
1989-04-27,309.58,0.8634
1989-04-28,309.64,0.0194
1989-05-01,309.12,-0.1679
1989-05-02,308.12,-0.3235
1989-05-03,308.16,0.013
1989-05-04,307.77,-0.1266
1989-05-05,307.61,-0.052
1989-05-08,306.0,-0.5234
1989-05-09,305.19,-0.2647
1989-05-10,305.8,0.1999
1989-05-11,306.95,0.3761
1989-05-12,313.84,2.2447
1989-05-15,316.16,0.7392
1989-05-16,315.28,-0.2783
1989-05-17,317.48,0.6978
1989-05-18,317.97,0.1543
1989-05-19,321.24,1.0284
1989-05-22,321.98,0.2304
1989-05-23,318.32,-1.1367
1989-05-24,319.14,0.2576
1989-05-25,319.17,0.0094
1989-05-26,321.59,0.7582
1989-05-30,319.05,-0.7898
1989-05-31,320.52,0.4607
1989-06-01,321.97,0.4524
1989-06-02,325.52,1.1026
1989-06-05,322.03,-1.0721
1989-06-06,324.24,0.6863
1989-06-07,326.95,0.8358
1989-06-08,326.75,-0.0612
1989-06-09,326.69,-0.0184
1989-06-12,326.24,-0.1377
1989-06-13,323.91,-0.7142
1989-06-14,323.83,-0.0247
1989-06-15,320.08,-1.158
1989-06-16,321.35,0.3968
1989-06-19,321.89,0.168
1989-06-20,321.25,-0.1988
1989-06-21,320.48,-0.2397
1989-06-22,322.32,0.5741
1989-06-23,328.0,1.7622
1989-06-26,326.6,-0.4268
1989-06-27,328.44,0.5634
1989-06-28,325.81,-0.8008
1989-06-29,319.68,-1.8815
1989-06-30,317.98,-0.5318
1989-07-03,319.23,0.3931
1989-07-05,320.64,0.4417
1989-07-06,321.55,0.2838
1989-07-07,324.91,1.0449
1989-07-10,327.07,0.6648
1989-07-11,328.78,0.5228
1989-07-12,329.81,0.3133
1989-07-13,329.95,0.0424
1989-07-14,331.84,0.5728
1989-07-17,332.44,0.1808
1989-07-18,331.35,-0.3279
1989-07-19,335.73,1.3219
1989-07-20,333.51,-0.6612
1989-07-21,335.9,0.7166
1989-07-24,333.67,-0.6639
1989-07-25,333.88,0.0629
1989-07-26,338.05,1.249
1989-07-27,341.99,1.1655
1989-07-28,342.15,0.0468
1989-07-31,346.08,1.1486
1989-08-01,343.75,-0.6733
1989-08-02,344.34,0.1716
1989-08-03,344.74,0.1162
1989-08-04,343.92,-0.2379
1989-08-07,349.41,1.5963
1989-08-08,349.35,-0.0172
1989-08-09,346.94,-0.6899
1989-08-10,348.25,0.3776
1989-08-11,344.74,-1.0079
1989-08-14,343.06,-0.4873
1989-08-15,344.71,0.481
1989-08-16,345.66,0.2756
1989-08-17,344.45,-0.3501
1989-08-18,346.03,0.4587
1989-08-21,340.67,-1.549
1989-08-22,341.19,0.1526
1989-08-23,344.7,1.0288
1989-08-24,351.52,1.9785
1989-08-25,350.52,-0.2845
1989-08-28,352.09,0.4479
1989-08-29,349.84,-0.639
1989-08-30,350.65,0.2315
1989-08-31,351.45,0.2281
1989-09-01,353.73,0.6487
1989-09-05,352.56,-0.3308
1989-09-06,349.24,-0.9417
1989-09-07,348.35,-0.2548
1989-09-08,348.76,0.1177
1989-09-11,347.66,-0.3154
1989-09-12,348.7,0.2991
1989-09-13,345.46,-0.9292
1989-09-14,343.16,-0.6658
1989-09-15,345.06,0.5537
1989-09-18,346.73,0.484
1989-09-19,346.55,-0.0519
1989-09-20,346.47,-0.0231
1989-09-21,345.7,-0.2222
1989-09-22,347.05,0.3905
1989-09-25,344.23,-0.8126
1989-09-26,344.33,0.0291
1989-09-27,345.1,0.2236
1989-09-28,348.6,1.0142
1989-09-29,349.15,0.1578
1989-10-02,350.87,0.4926
1989-10-03,354.71,1.0944
1989-10-04,356.94,0.6287
1989-10-05,356.97,0.0084
1989-10-06,358.78,0.507
1989-10-09,359.8,0.2843
1989-10-10,359.13,-0.1862
1989-10-11,356.99,-0.5959
1989-10-12,355.39,-0.4482
1989-10-13,333.65,-6.1172
1989-10-16,342.85,2.7574
1989-10-17,341.16,-0.4929
1989-10-18,341.76,0.1759
1989-10-19,347.13,1.5713
1989-10-20,347.16,0.0086
1989-10-23,344.83,-0.6712
1989-10-24,343.7,-0.3277
1989-10-25,342.5,-0.3491
1989-10-26,337.93,-1.3343
1989-10-27,335.06,-0.8493
1989-10-30,335.07,0.003
1989-10-31,340.36,1.5788
1989-11-01,341.2,0.2468
1989-11-02,338.48,-0.7972
1989-11-03,337.62,-0.2541
1989-11-06,332.61,-1.4839
1989-11-07,334.81,0.6614
1989-11-08,338.15,0.9976
1989-11-09,336.57,-0.4672
1989-11-10,339.1,0.7517
1989-11-13,339.55,0.1327
1989-11-14,337.99,-0.4594
1989-11-15,340.54,0.7545
1989-11-16,340.58,0.0117
1989-11-17,341.61,0.3024
1989-11-20,339.35,-0.6616
1989-11-21,339.59,0.0707
1989-11-22,341.91,0.6832
1989-11-24,343.97,0.6025
1989-11-27,345.61,0.4768
1989-11-28,345.77,0.0463
1989-11-29,343.6,-0.6276
1989-11-30,345.99,0.6956
1989-12-01,350.63,1.3411
1989-12-04,351.41,0.2225
1989-12-05,349.58,-0.5208
1989-12-06,348.55,-0.2946
1989-12-07,347.59,-0.2754
1989-12-08,348.69,0.3165
1989-12-11,348.56,-0.0373
1989-12-12,351.73,0.9095
1989-12-13,352.75,0.29
1989-12-14,350.93,-0.5159
1989-12-15,350.14,-0.2251
1989-12-18,343.69,-1.8421
1989-12-19,342.46,-0.3579
1989-12-20,342.84,0.111
1989-12-21,344.78,0.5659
1989-12-22,347.42,0.7657
1989-12-26,346.81,-0.1756
1989-12-27,348.81,0.5767
1989-12-28,350.67,0.5332
1989-12-29,353.4,0.7785
1990-01-02,359.69,1.7799
1990-01-03,358.76,-0.2586
1990-01-04,355.67,-0.8613
1990-01-05,352.2,-0.9756
1990-01-08,353.79,0.4514
1990-01-09,349.62,-1.1787
1990-01-10,347.31,-0.6607
1990-01-11,348.53,0.3513
1990-01-12,339.93,-2.4675
1990-01-15,337.0,-0.8619
1990-01-16,340.75,1.1128
1990-01-17,337.4,-0.9831
1990-01-18,338.19,0.2341
1990-01-19,339.15,0.2839
1990-01-22,330.38,-2.5859
1990-01-23,331.61,0.3723
1990-01-24,330.26,-0.4071
1990-01-25,326.08,-1.2657
1990-01-26,325.8,-0.0859
1990-01-29,325.2,-0.1842
1990-01-30,322.98,-0.6827
1990-01-31,329.08,1.8887
1990-02-01,328.79,-0.0881
1990-02-02,330.92,0.6478
1990-02-05,331.85,0.281
1990-02-06,329.66,-0.6599
1990-02-07,333.75,1.2407
1990-02-08,332.96,-0.2367
1990-02-09,333.62,0.1982
1990-02-12,330.08,-1.0611
1990-02-13,331.02,0.2848
1990-02-14,332.01,0.2991
1990-02-15,334.89,0.8674
1990-02-16,332.72,-0.648
1990-02-20,327.99,-1.4216
1990-02-21,327.67,-0.0976
1990-02-22,325.7,-0.6012
1990-02-23,324.15,-0.4759
1990-02-26,328.67,1.3944
1990-02-27,330.26,0.4838
1990-02-28,331.89,0.4936
1990-03-01,332.74,0.2561
1990-03-02,335.54,0.8415
1990-03-05,333.74,-0.5364
1990-03-06,337.93,1.2555
1990-03-07,336.95,-0.29
1990-03-08,340.27,0.9853
1990-03-09,337.93,-0.6877
1990-03-12,338.67,0.219
1990-03-13,336.0,-0.7884
1990-03-14,336.87,0.2589
1990-03-15,338.07,0.3562
1990-03-16,341.91,1.1359
1990-03-19,343.53,0.4738
1990-03-20,341.57,-0.5705
1990-03-21,339.74,-0.5358
1990-03-22,335.69,-1.1921
1990-03-23,337.22,0.4558
1990-03-26,337.63,0.1216
1990-03-27,341.5,1.1462
1990-03-28,342.0,0.1464
1990-03-29,340.79,-0.3538
1990-03-30,339.94,-0.2494
1990-04-02,338.7,-0.3648
1990-04-03,343.64,1.4585
1990-04-04,341.09,-0.7421
1990-04-05,340.73,-0.1055
1990-04-06,340.08,-0.1908
1990-04-09,341.37,0.3793
1990-04-10,342.07,0.2051
1990-04-11,341.92,-0.0439
1990-04-12,344.34,0.7078
1990-04-16,344.74,0.1162
1990-04-17,344.68,-0.0174
1990-04-18,340.72,-1.1489
1990-04-19,338.09,-0.7719
1990-04-20,335.12,-0.8785
1990-04-23,331.05,-1.2145
1990-04-24,330.36,-0.2084
1990-04-25,332.03,0.5055
1990-04-26,332.92,0.268
1990-04-27,329.11,-1.1444
1990-04-30,330.8,0.5135
1990-05-01,332.25,0.4383
1990-05-02,334.48,0.6712
1990-05-03,335.57,0.3259
1990-05-04,338.39,0.8404
1990-05-07,340.53,0.6324
1990-05-08,342.01,0.4346
1990-05-09,342.86,0.2485
1990-05-10,343.82,0.28
1990-05-11,352.0,2.3792
1990-05-14,354.75,0.7812
1990-05-15,354.28,-0.1325
1990-05-16,354.0,-0.079
1990-05-17,354.47,0.1328
1990-05-18,354.64,0.048
1990-05-21,358.0,0.9474
1990-05-22,358.43,0.1201
1990-05-23,359.29,0.2399
1990-05-24,358.41,-0.2449
1990-05-25,354.58,-1.0686
1990-05-29,360.65,1.7119
1990-05-30,360.86,0.0582
1990-05-31,361.23,0.1025
1990-06-01,363.16,0.5343
1990-06-04,367.4,1.1675
1990-06-05,366.64,-0.2069
1990-06-06,364.96,-0.4582
1990-06-07,363.15,-0.4959
1990-06-08,358.71,-1.2226
1990-06-11,361.63,0.814
1990-06-12,366.25,1.2775
1990-06-13,364.9,-0.3686
1990-06-14,362.9,-0.5481
1990-06-15,362.91,0.0028
1990-06-18,356.88,-1.6616
1990-06-19,358.47,0.4455
1990-06-20,359.1,0.1757
1990-06-21,360.47,0.3815
1990-06-22,355.43,-1.3982
1990-06-25,352.31,-0.8778
1990-06-26,352.06,-0.071
1990-06-27,355.14,0.8749
1990-06-28,357.63,0.7011
1990-06-29,358.02,0.1091
1990-07-02,359.54,0.4246
1990-07-03,360.16,0.1724
1990-07-05,355.68,-1.2439
1990-07-06,358.42,0.7704
1990-07-09,359.52,0.3069
1990-07-10,356.49,-0.8428
1990-07-11,361.23,1.3296
1990-07-12,365.44,1.1655
1990-07-13,367.31,0.5117
1990-07-16,368.95,0.4465
1990-07-17,367.52,-0.3876
1990-07-18,364.22,-0.8979
1990-07-19,365.32,0.302
1990-07-20,361.61,-1.0155
1990-07-23,355.31,-1.7422
1990-07-24,355.79,0.1351
1990-07-25,357.09,0.3654
1990-07-26,355.91,-0.3304
1990-07-27,353.44,-0.694
1990-07-30,355.55,0.597
1990-07-31,356.15,0.1688
1990-08-01,355.52,-0.1769
1990-08-02,351.48,-1.1364
1990-08-03,344.86,-1.8835
1990-08-06,334.43,-3.0244
1990-08-07,334.83,0.1196
1990-08-08,338.35,1.0513
1990-08-09,339.94,0.4699
1990-08-10,335.52,-1.3002
1990-08-13,338.84,0.9895
1990-08-14,339.39,0.1623
1990-08-15,340.06,0.1974
1990-08-16,332.39,-2.2555
1990-08-17,327.83,-1.3719
1990-08-20,328.51,0.2074
1990-08-21,321.86,-2.0243
1990-08-22,316.55,-1.6498
1990-08-23,307.06,-2.9979
1990-08-24,311.51,1.4492
1990-08-27,321.44,3.1877
1990-08-28,321.34,-0.0311
1990-08-29,324.19,0.8869
1990-08-30,318.71,-1.6904
1990-08-31,322.56,1.208
1990-09-04,323.09,0.1643
1990-09-05,324.39,0.4024
1990-09-06,320.46,-1.2115
1990-09-07,323.4,0.9174
1990-09-10,321.63,-0.5473
1990-09-11,321.04,-0.1834
1990-09-12,322.54,0.4672
1990-09-13,318.65,-1.2061
1990-09-14,316.83,-0.5712
1990-09-17,317.77,0.2967
1990-09-18,318.6,0.2612
1990-09-19,316.6,-0.6277
1990-09-20,311.48,-1.6172
1990-09-21,311.32,-0.0514
1990-09-24,304.59,-2.1618
1990-09-25,308.26,1.2049
1990-09-26,305.06,-1.0381
1990-09-27,300.97,-1.3407
1990-09-28,306.05,1.6879
1990-10-01,314.94,2.9048
1990-10-02,315.21,0.0857
1990-10-03,311.4,-1.2087
1990-10-04,312.69,0.4143
1990-10-05,311.5,-0.3806
1990-10-08,313.48,0.6356
1990-10-09,305.1,-2.6732
1990-10-10,300.39,-1.5438
1990-10-11,295.46,-1.6412
1990-10-12,300.03,1.5467
1990-10-15,303.23,1.0666
1990-10-16,298.92,-1.4214
1990-10-17,298.76,-0.0535
1990-10-18,305.74,2.3363
1990-10-19,312.48,2.2045
1990-10-22,314.76,0.7296
1990-10-23,312.36,-0.7625
1990-10-24,312.6,0.0768
1990-10-25,310.17,-0.7774
1990-10-26,304.71,-1.7603
1990-10-29,301.88,-0.9288
1990-10-30,304.06,0.7221
1990-10-31,304.0,-0.0197
1990-11-01,307.02,0.9934
1990-11-02,311.85,1.5732
1990-11-05,314.59,0.8786
1990-11-06,311.62,-0.9441
1990-11-07,306.01,-1.8003
1990-11-08,307.61,0.5229
1990-11-09,313.74,1.9928
1990-11-12,319.48,1.8295
1990-11-13,317.67,-0.5665
1990-11-14,320.4,0.8594
1990-11-15,317.02,-1.0549
1990-11-16,317.12,0.0315
1990-11-19,319.34,0.7001
1990-11-20,315.31,-1.262
1990-11-21,316.03,0.2283
1990-11-23,315.1,-0.2943
1990-11-26,316.51,0.4475
1990-11-27,318.1,0.5024
1990-11-28,317.95,-0.0472
1990-11-29,316.42,-0.4812
1990-11-30,322.22,1.833
1990-12-03,324.1,0.5835
1990-12-04,326.35,0.6942
1990-12-05,329.92,1.0939
1990-12-06,329.07,-0.2576
1990-12-07,327.75,-0.4011
1990-12-10,328.89,0.3478
1990-12-11,326.44,-0.7449
1990-12-12,330.19,1.1488
1990-12-13,329.34,-0.2574
1990-12-14,326.82,-0.7652
1990-12-17,326.02,-0.2448
1990-12-18,330.05,1.2361
1990-12-19,330.2,0.0454
1990-12-20,330.12,-0.0242
1990-12-21,331.75,0.4938
1990-12-24,329.9,-0.5576
1990-12-26,330.85,0.288
1990-12-27,328.29,-0.7738
1990-12-28,328.72,0.131
1990-12-31,330.22,0.4563
1991-01-02,326.45,-1.1417
1991-01-03,321.91,-1.3907
1991-01-04,321.0,-0.2827
1991-01-07,315.44,-1.7321
1991-01-08,314.9,-0.1712
1991-01-09,311.49,-1.0829
1991-01-10,314.53,0.976
1991-01-11,315.23,0.2226
1991-01-14,312.49,-0.8692
1991-01-15,313.73,0.3968
1991-01-16,316.17,0.7777
1991-01-17,327.97,3.7322
1991-01-18,332.23,1.2989
1991-01-21,331.06,-0.3522
1991-01-22,328.31,-0.8307
1991-01-23,330.21,0.5787
1991-01-24,334.78,1.384
1991-01-25,336.07,0.3853
1991-01-28,336.03,-0.0119
1991-01-29,335.84,-0.0565
1991-01-30,340.91,1.5096
1991-01-31,343.93,0.8859
1991-02-01,343.05,-0.2559
1991-02-04,348.34,1.542
1991-02-05,351.26,0.8383
1991-02-06,358.07,1.9387
1991-02-07,356.52,-0.4329
1991-02-08,359.35,0.7938
1991-02-11,368.58,2.5685
1991-02-12,365.5,-0.8356
1991-02-13,369.02,0.9631
1991-02-14,364.22,-1.3007
1991-02-15,369.06,1.3289
1991-02-19,369.39,0.0894
1991-02-20,365.14,-1.1505
1991-02-21,364.97,-0.0466
1991-02-22,365.65,0.1863
1991-02-25,367.26,0.4403
1991-02-26,362.81,-1.2117
1991-02-27,367.74,1.3588
1991-02-28,367.07,-0.1822
1991-03-01,370.47,0.9263
1991-03-04,369.33,-0.3077
1991-03-05,376.72,2.0009
1991-03-06,376.17,-0.146
1991-03-07,375.91,-0.0691
1991-03-08,374.95,-0.2554
1991-03-11,372.96,-0.5307
1991-03-12,370.03,-0.7856
1991-03-13,374.57,1.2269
1991-03-14,373.5,-0.2857
1991-03-15,373.59,0.0241
1991-03-18,372.11,-0.3962
1991-03-19,366.59,-1.4834
1991-03-20,367.92,0.3628
1991-03-21,366.58,-0.3642
1991-03-22,367.48,0.2455
1991-03-25,369.83,0.6395
1991-03-26,376.3,1.7495
1991-03-27,375.35,-0.2525
1991-03-28,375.22,-0.0346
1991-04-01,371.3,-1.0447
1991-04-02,379.5,2.2085
1991-04-03,378.94,-0.1476
1991-04-04,379.77,0.219
1991-04-05,375.36,-1.1612
1991-04-08,378.66,0.8792
1991-04-09,373.56,-1.3469
1991-04-10,373.15,-0.1098
1991-04-11,377.63,1.2006
1991-04-12,380.4,0.7335
1991-04-15,381.19,0.2077
1991-04-16,387.62,1.6868
1991-04-17,390.45,0.7301
1991-04-18,388.46,-0.5097
1991-04-19,384.2,-1.0966
1991-04-22,380.95,-0.8459
1991-04-23,381.76,0.2126
1991-04-24,382.76,0.2619
1991-04-25,379.25,-0.917
1991-04-26,379.02,-0.0606
1991-04-29,373.66,-1.4142
1991-04-30,375.34,0.4496
1991-05-01,380.29,1.3188
1991-05-02,380.52,0.0605
1991-05-03,380.8,0.0736
1991-05-06,380.08,-0.1891
1991-05-07,377.32,-0.7262
1991-05-08,378.51,0.3154
1991-05-09,383.25,1.2523
1991-05-10,375.74,-1.9596
1991-05-13,376.76,0.2715
1991-05-14,371.62,-1.3643
1991-05-15,368.57,-0.8207
1991-05-16,372.19,0.9822
1991-05-17,372.39,0.0537
1991-05-20,372.28,-0.0295
1991-05-21,375.35,0.8246
1991-05-22,376.19,0.2238
1991-05-23,374.96,-0.327
1991-05-24,377.49,0.6747
1991-05-28,381.94,1.1788
1991-05-29,382.79,0.2225
1991-05-30,386.96,1.0894
1991-05-31,389.83,0.7417
1991-06-03,388.06,-0.454
1991-06-04,387.74,-0.0825
1991-06-05,385.09,-0.6834
1991-06-06,383.63,-0.3791
1991-06-07,379.43,-1.0948
1991-06-10,378.57,-0.2267
1991-06-11,381.05,0.6551
1991-06-12,376.65,-1.1547
1991-06-13,377.63,0.2602
1991-06-14,382.29,1.234
1991-06-17,380.13,-0.565
1991-06-18,378.59,-0.4051
1991-06-19,375.09,-0.9245
1991-06-20,375.42,0.088
1991-06-21,377.75,0.6206
1991-06-24,370.94,-1.8028
1991-06-25,370.65,-0.0782
1991-06-26,371.59,0.2536
1991-06-27,374.4,0.7562
1991-06-28,371.16,-0.8654
1991-07-01,377.92,1.8213
1991-07-02,377.47,-0.1191
1991-07-03,373.33,-1.0968
1991-07-05,374.08,0.2009
1991-07-08,377.94,1.0319
1991-07-09,376.11,-0.4842
1991-07-10,375.74,-0.0984
1991-07-11,376.97,0.3274
1991-07-12,380.25,0.8701
1991-07-15,382.39,0.5628
1991-07-16,381.54,-0.2223
1991-07-17,381.18,-0.0944
1991-07-18,385.37,1.0992
1991-07-19,384.22,-0.2984
1991-07-22,382.88,-0.3488
1991-07-23,379.42,-0.9037
1991-07-24,378.64,-0.2056
1991-07-25,380.96,0.6127
1991-07-26,380.93,-0.0079
1991-07-29,383.15,0.5828
1991-07-30,386.69,0.9239
1991-07-31,387.81,0.2896
1991-08-01,387.12,-0.1779
1991-08-02,387.18,0.0155
1991-08-05,385.06,-0.5475
1991-08-06,390.62,1.4439
1991-08-07,390.56,-0.0154
1991-08-08,389.32,-0.3175
1991-08-09,387.12,-0.5651
1991-08-12,388.02,0.2325
1991-08-13,389.62,0.4123
1991-08-14,389.9,0.0719
1991-08-15,389.33,-0.1462
1991-08-16,385.58,-0.9632
1991-08-19,376.47,-2.3627
1991-08-20,379.43,0.7863
1991-08-21,390.59,2.9413
1991-08-22,391.33,0.1895
1991-08-23,394.17,0.7257
1991-08-26,393.85,-0.0812
1991-08-27,393.06,-0.2006
1991-08-28,396.64,0.9108
1991-08-29,396.47,-0.0429
1991-08-30,395.43,-0.2623
1991-09-03,392.15,-0.8295
1991-09-04,389.97,-0.5559
1991-09-05,389.14,-0.2128
1991-09-06,389.1,-0.0103
1991-09-09,388.57,-0.1362
1991-09-10,384.56,-1.032
1991-09-11,385.09,0.1378
1991-09-12,387.34,0.5843
1991-09-13,383.59,-0.9681
1991-09-16,385.78,0.5709
1991-09-17,385.5,-0.0726
1991-09-18,386.94,0.3735
1991-09-19,387.56,0.1602
1991-09-20,387.92,0.0929
1991-09-23,385.92,-0.5156
1991-09-24,387.71,0.4638
1991-09-25,386.88,-0.2141
1991-09-26,386.49,-0.1008
1991-09-27,385.9,-0.1527
1991-09-30,387.86,0.5079
1991-10-01,389.2,0.3455
1991-10-02,388.26,-0.2415
1991-10-03,384.47,-0.9762
1991-10-04,381.25,-0.8375
1991-10-07,379.5,-0.459
1991-10-08,380.67,0.3083
1991-10-09,376.8,-1.0166
1991-10-10,380.55,0.9952
1991-10-11,381.45,0.2365
1991-10-14,386.47,1.316
1991-10-15,391.01,1.1747
1991-10-16,392.8,0.4578
1991-10-17,391.92,-0.224
1991-10-18,392.5,0.148
1991-10-21,390.02,-0.6318
1991-10-22,387.83,-0.5615
1991-10-23,387.94,0.0284
1991-10-24,385.07,-0.7398
1991-10-25,384.2,-0.2259
1991-10-28,389.52,1.3847
1991-10-29,391.48,0.5032
1991-10-30,392.96,0.3781
1991-10-31,392.45,-0.1298
1991-11-01,391.32,-0.2879
1991-11-04,390.28,-0.2658
1991-11-05,388.71,-0.4023
1991-11-06,389.97,0.3241
1991-11-07,393.72,0.9616
1991-11-08,392.89,-0.2108
1991-11-11,393.12,0.0585
1991-11-12,396.74,0.9208
1991-11-13,397.41,0.1689
1991-11-14,397.15,-0.0654
1991-11-15,382.62,-3.6586
1991-11-18,385.24,0.6848
1991-11-19,379.42,-1.5107
1991-11-20,378.53,-0.2346
1991-11-21,380.06,0.4042
1991-11-22,376.14,-1.0314
1991-11-25,375.34,-0.2127
1991-11-26,377.96,0.698
1991-11-27,376.55,-0.3731
1991-11-29,375.22,-0.3532
1991-12-02,381.4,1.647
1991-12-03,380.96,-0.1154
1991-12-04,380.07,-0.2336
1991-12-05,377.39,-0.7051
1991-12-06,379.1,0.4531
1991-12-09,378.26,-0.2216
1991-12-10,377.9,-0.0952
1991-12-11,377.7,-0.0529
1991-12-12,381.55,1.0193
1991-12-13,384.47,0.7653
1991-12-16,384.46,-0.0026
1991-12-17,382.74,-0.4474
1991-12-18,383.48,0.1933
1991-12-19,382.52,-0.2503
1991-12-20,387.04,1.1816
1991-12-23,396.82,2.5269
1991-12-24,399.33,0.6325
1991-12-26,404.84,1.3798
1991-12-27,406.46,0.4002
1991-12-30,415.14,2.1355
1991-12-31,417.09,0.4697
1992-01-02,417.26,0.0408
1992-01-03,419.34,0.4985
1992-01-06,417.96,-0.3291
1992-01-07,417.4,-0.134
1992-01-08,418.1,0.1677
1992-01-09,417.61,-0.1172
1992-01-10,415.1,-0.601
1992-01-13,414.34,-0.1831
1992-01-14,420.44,1.4722
1992-01-15,420.77,0.0785
1992-01-16,418.21,-0.6084
1992-01-17,418.86,0.1554
1992-01-20,416.36,-0.5969
1992-01-21,412.64,-0.8935
1992-01-22,418.13,1.3305
1992-01-23,414.96,-0.7581
1992-01-24,415.48,0.1253
1992-01-27,414.99,-0.1179
1992-01-28,414.96,-0.0072
1992-01-29,410.34,-1.1134
1992-01-30,411.62,0.3119
1992-01-31,408.78,-0.69
1992-02-03,409.53,0.1835
1992-02-04,413.85,1.0549
1992-02-05,413.84,-0.0024
1992-02-06,413.82,-0.0048
1992-02-07,411.09,-0.6597
1992-02-10,413.77,0.6519
1992-02-11,413.76,-0.0024
1992-02-12,417.13,0.8145
1992-02-13,413.69,-0.8247
1992-02-14,412.48,-0.2925
1992-02-18,407.38,-1.2364
1992-02-19,408.26,0.216
1992-02-20,413.9,1.3815
1992-02-21,411.43,-0.5968
1992-02-24,412.27,0.2042
1992-02-25,410.45,-0.4415
1992-02-26,415.35,1.1938
1992-02-27,413.86,-0.3587
1992-02-28,412.7,-0.2803
1992-03-02,412.45,-0.0606
1992-03-03,412.85,0.097
1992-03-04,409.33,-0.8526
1992-03-05,406.51,-0.6889
1992-03-06,404.44,-0.5092
1992-03-09,405.21,0.1904
1992-03-10,406.89,0.4146
1992-03-11,404.03,-0.7029
1992-03-12,403.89,-0.0347
1992-03-13,405.84,0.4828
1992-03-16,406.39,0.1355
1992-03-17,409.58,0.785
1992-03-18,409.15,-0.105
1992-03-19,409.8,0.1589
1992-03-20,411.3,0.366
1992-03-23,409.91,-0.338
1992-03-24,408.88,-0.2513
1992-03-25,407.52,-0.3326
1992-03-26,407.86,0.0834
1992-03-27,403.5,-1.069
1992-03-30,403.0,-0.1239
1992-03-31,403.69,0.1712
1992-04-01,404.23,0.1338
1992-04-02,400.5,-0.9227
1992-04-03,401.55,0.2622
1992-04-06,405.59,1.0061
1992-04-07,398.06,-1.8566
1992-04-08,394.5,-0.8943
1992-04-09,400.64,1.5564
1992-04-10,404.29,0.911
1992-04-13,406.08,0.4428
1992-04-14,412.39,1.5539
1992-04-15,416.28,0.9433
1992-04-16,416.04,-0.0577
1992-04-20,410.18,-1.4085
1992-04-21,410.26,0.0195
1992-04-22,409.81,-0.1097
1992-04-23,411.6,0.4368
1992-04-24,409.02,-0.6268
1992-04-27,408.45,-0.1394
1992-04-28,409.11,0.1616
1992-04-29,412.02,0.7113
1992-04-30,414.95,0.7111
1992-05-01,412.53,-0.5832
1992-05-04,416.91,1.0617
1992-05-05,416.84,-0.0168
1992-05-06,416.79,-0.012
1992-05-07,415.85,-0.2255
1992-05-08,416.05,0.0481
1992-05-11,418.49,0.5865
1992-05-12,416.29,-0.5257
1992-05-13,416.45,0.0384
1992-05-14,413.14,-0.7948
1992-05-15,410.09,-0.7382
1992-05-18,412.81,0.6633
1992-05-19,416.37,0.8624
1992-05-20,415.39,-0.2354
1992-05-21,412.6,-0.6717
1992-05-22,414.02,0.3442
1992-05-26,411.41,-0.6304
1992-05-27,412.17,0.1847
1992-05-28,416.74,1.1088
1992-05-29,415.35,-0.3335
1992-06-01,417.3,0.4695
1992-06-02,413.5,-0.9106
1992-06-03,414.59,0.2636
1992-06-04,413.26,-0.3208
1992-06-05,413.48,0.0532
1992-06-08,413.36,-0.029
1992-06-09,410.06,-0.7983
1992-06-10,407.25,-0.6853
1992-06-11,409.05,0.442
1992-06-12,409.76,0.1736
1992-06-15,410.29,0.1293
1992-06-16,408.32,-0.4801
1992-06-17,402.26,-1.4841
1992-06-18,400.96,-0.3232
1992-06-19,403.67,0.6759
1992-06-22,403.4,-0.0669
1992-06-23,404.04,0.1587
1992-06-24,403.84,-0.0495
1992-06-25,403.12,-0.1783
1992-06-26,403.45,0.0819
1992-06-29,408.94,1.3608
1992-06-30,408.14,-0.1956
1992-07-01,412.88,1.1614
1992-07-02,411.77,-0.2688
1992-07-06,413.84,0.5027
1992-07-07,409.16,-1.1309
1992-07-08,410.28,0.2737
1992-07-09,414.23,0.9628
1992-07-10,414.62,0.0942
1992-07-13,414.87,0.0603
1992-07-14,417.68,0.6773
1992-07-15,417.1,-0.1389
1992-07-16,417.54,0.1055
1992-07-17,415.62,-0.4598
1992-07-20,413.75,-0.4499
1992-07-21,413.76,0.0024
1992-07-22,410.93,-0.684
1992-07-23,412.08,0.2799
1992-07-24,411.6,-0.1165
1992-07-27,411.54,-0.0146
1992-07-28,417.52,1.4531
1992-07-29,422.23,1.1281
1992-07-30,423.92,0.4003
1992-07-31,424.21,0.0684
1992-08-03,425.09,0.2074
1992-08-04,424.36,-0.1717
1992-08-05,422.19,-0.5114
1992-08-06,420.59,-0.379
1992-08-07,418.88,-0.4066
1992-08-10,419.42,0.1289
1992-08-11,418.9,-0.124
1992-08-12,417.78,-0.2674
1992-08-13,417.73,-0.012
1992-08-14,419.91,0.5219
1992-08-17,420.74,0.1977
1992-08-18,421.34,0.1426
1992-08-19,418.19,-0.7476
1992-08-20,418.26,0.0167
1992-08-21,414.85,-0.8153
1992-08-24,410.72,-0.9955
1992-08-25,411.61,0.2167
1992-08-26,413.51,0.4616
1992-08-27,413.53,0.0048
1992-08-28,414.84,0.3168
1992-08-31,414.03,-0.1953
1992-09-01,416.07,0.4927
1992-09-02,417.98,0.4591
1992-09-03,417.98,0.0
1992-09-04,417.08,-0.2153
1992-09-08,414.44,-0.633
1992-09-09,416.36,0.4633
1992-09-10,419.95,0.8622
1992-09-11,419.58,-0.0881
1992-09-14,425.27,1.3561
1992-09-15,419.77,-1.2933
1992-09-16,419.92,0.0357
1992-09-17,419.93,0.0024
1992-09-18,422.93,0.7144
1992-09-21,422.14,-0.1868
1992-09-22,417.14,-1.1844
1992-09-23,417.44,0.0719
1992-09-24,418.47,0.2467
1992-09-25,414.35,-0.9845
1992-09-28,416.62,0.5478
1992-09-29,416.8,0.0432
1992-09-30,417.8,0.2399
1992-10-01,416.29,-0.3614
1992-10-02,410.47,-1.3981
1992-10-05,407.57,-0.7065
1992-10-06,407.18,-0.0957
1992-10-07,404.25,-0.7196
1992-10-08,407.75,0.8658
1992-10-09,402.66,-1.2483
1992-10-12,407.44,1.1871
1992-10-13,409.3,0.4565
1992-10-14,409.37,0.0171
1992-10-15,409.6,0.0562
1992-10-16,411.73,0.52
1992-10-19,414.98,0.7894
1992-10-20,415.48,0.1205
1992-10-21,415.67,0.0457
1992-10-22,414.9,-0.1852
1992-10-23,414.1,-0.1928
1992-10-26,418.16,0.9804
1992-10-27,418.49,0.0789
1992-10-28,420.13,0.3919
1992-10-29,420.86,0.1738
1992-10-30,418.68,-0.518
1992-11-02,422.75,0.9721
1992-11-03,419.92,-0.6694
1992-11-04,417.11,-0.6692
1992-11-05,418.34,0.2949
1992-11-06,417.58,-0.1817
1992-11-09,418.59,0.2419
1992-11-10,418.62,0.0072
1992-11-11,422.2,0.8552
1992-11-12,422.87,0.1587
1992-11-13,422.43,-0.1041
1992-11-16,420.68,-0.4143
1992-11-17,419.27,-0.3352
1992-11-18,422.85,0.8539
1992-11-19,423.61,0.1797
1992-11-20,426.65,0.7176
1992-11-23,425.12,-0.3586
1992-11-24,427.59,0.581
1992-11-25,429.19,0.3742
1992-11-27,430.16,0.226
1992-11-30,431.35,0.2766
1992-12-01,430.78,-0.1321
1992-12-02,429.89,-0.2066
1992-12-03,429.91,0.0047
1992-12-04,432.06,0.5001
1992-12-07,435.31,0.7522
1992-12-08,436.99,0.3859
1992-12-09,435.65,-0.3066
1992-12-10,434.64,-0.2318
1992-12-11,433.73,-0.2094
1992-12-14,432.84,-0.2052
1992-12-15,432.57,-0.0624
1992-12-16,431.52,-0.2427
1992-12-17,435.43,0.9061
1992-12-18,441.28,1.3435
1992-12-21,440.7,-0.1314
1992-12-22,440.31,-0.0885
1992-12-23,439.03,-0.2907
1992-12-24,439.77,0.1686
1992-12-28,439.15,-0.141
1992-12-29,437.98,-0.2664
1992-12-30,438.82,0.1918
1992-12-31,435.71,-0.7087
1993-01-04,435.38,-0.0757
1993-01-05,434.34,-0.2389
1993-01-06,434.52,0.0414
1993-01-07,430.73,-0.8722
1993-01-08,429.05,-0.39
1993-01-11,430.95,0.4428
1993-01-12,431.04,0.0209
1993-01-13,433.03,0.4617
1993-01-14,435.94,0.672
1993-01-15,437.15,0.2776
1993-01-18,436.84,-0.0709
1993-01-19,435.13,-0.3914
1993-01-20,433.37,-0.4045
1993-01-21,435.49,0.4892
1993-01-22,436.11,0.1424
1993-01-25,440.01,0.8943
1993-01-26,439.95,-0.0136
1993-01-27,438.11,-0.4182
1993-01-28,438.66,0.1255
1993-01-29,438.78,0.0274
1993-02-01,442.52,0.8524
1993-02-02,442.55,0.0068
1993-02-03,447.2,1.0507
1993-02-04,449.56,0.5277
1993-02-05,448.93,-0.1401
1993-02-08,447.85,-0.2406
1993-02-09,445.33,-0.5627
1993-02-10,446.23,0.2021
1993-02-11,447.66,0.3205
1993-02-12,444.58,-0.688
1993-02-16,433.91,-2.4
1993-02-17,433.3,-0.1406
1993-02-18,431.9,-0.3231
1993-02-19,434.22,0.5372
1993-02-22,435.24,0.2349
1993-02-23,434.8,-0.1011
1993-02-24,440.87,1.396
1993-02-25,442.34,0.3334
1993-02-26,443.38,0.2351
1993-03-01,442.01,-0.309
1993-03-02,447.9,1.3325
1993-03-03,449.26,0.3036
1993-03-04,447.34,-0.4274
1993-03-05,446.11,-0.275
1993-03-08,454.71,1.9278
1993-03-09,454.4,-0.0682
1993-03-10,456.33,0.4247
1993-03-11,453.72,-0.572
1993-03-12,449.83,-0.8574
1993-03-15,451.43,0.3557
1993-03-16,451.37,-0.0133
1993-03-17,448.31,-0.6779
1993-03-18,451.89,0.7986
1993-03-19,450.18,-0.3784
1993-03-22,448.88,-0.2888
1993-03-23,448.76,-0.0267
1993-03-24,448.07,-0.1538
1993-03-25,450.88,0.6271
1993-03-26,447.78,-0.6875
1993-03-29,450.77,0.6677
1993-03-30,451.97,0.2662
1993-03-31,451.67,-0.0664
1993-04-01,450.3,-0.3033
1993-04-02,441.39,-1.9787
1993-04-05,442.29,0.2039
1993-04-06,441.16,-0.2555
1993-04-07,442.73,0.3559
1993-04-08,441.84,-0.201
1993-04-12,448.37,1.4779
1993-04-13,449.22,0.1896
1993-04-14,448.66,-0.1247
1993-04-15,448.4,-0.058
1993-04-16,448.94,0.1204
1993-04-19,447.46,-0.3297
1993-04-20,445.1,-0.5274
1993-04-21,443.63,-0.3303
1993-04-22,439.46,-0.94
1993-04-23,437.03,-0.553
1993-04-26,433.54,-0.7986
1993-04-27,438.01,1.031
1993-04-28,438.02,0.0023
1993-04-29,438.89,0.1986
1993-04-30,440.19,0.2962
1993-05-03,442.46,0.5157
1993-05-04,444.05,0.3594
1993-05-05,444.52,0.1058
1993-05-06,443.26,-0.2835
1993-05-07,442.31,-0.2143
1993-05-10,442.8,0.1108
1993-05-11,444.36,0.3523
1993-05-12,444.8,0.099
1993-05-13,439.23,-1.2522
1993-05-14,439.56,0.0751
1993-05-17,440.37,0.1843
1993-05-18,440.32,-0.0114
1993-05-19,447.57,1.6465
1993-05-20,450.59,0.6748
1993-05-21,445.84,-1.0542
1993-05-24,448.0,0.4845
1993-05-25,448.85,0.1897
1993-05-26,453.44,1.0226
1993-05-27,452.41,-0.2272
1993-05-28,450.19,-0.4907
1993-06-01,453.83,0.8085
1993-06-02,453.85,0.0044
1993-06-03,452.49,-0.2997
1993-06-04,450.06,-0.537
1993-06-07,447.69,-0.5266
1993-06-08,444.71,-0.6656
1993-06-09,445.78,0.2406
1993-06-10,445.38,-0.0897
1993-06-11,447.26,0.4221
1993-06-14,447.71,0.1006
1993-06-15,446.27,-0.3216
1993-06-16,447.43,0.2599
1993-06-17,448.54,0.2481
1993-06-18,443.68,-1.0835
1993-06-21,446.22,0.5725
1993-06-22,445.93,-0.065
1993-06-23,443.19,-0.6144
1993-06-24,446.62,0.7739
1993-06-25,447.6,0.2194
1993-06-28,451.85,0.9495
1993-06-29,450.69,-0.2567
1993-06-30,450.53,-0.0355
1993-07-01,449.02,-0.3352
1993-07-02,445.84,-0.7082
1993-07-06,441.43,-0.9891
1993-07-07,442.83,0.3172
1993-07-08,448.64,1.312
1993-07-09,448.11,-0.1181
1993-07-12,448.98,0.1941
1993-07-13,448.09,-0.1982
1993-07-14,450.08,0.4441
1993-07-15,449.22,-0.1911
1993-07-16,445.75,-0.7725
1993-07-19,446.03,0.0628
1993-07-20,447.31,0.287
1993-07-21,447.18,-0.0291
1993-07-22,444.51,-0.5971
1993-07-23,447.1,0.5827
1993-07-26,449.09,0.4451
1993-07-27,448.24,-0.1893
1993-07-28,447.19,-0.2342
1993-07-29,450.24,0.682
1993-07-30,448.13,-0.4686
1993-08-02,450.15,0.4508
1993-08-03,449.27,-0.1955
1993-08-04,448.54,-0.1625
1993-08-05,448.13,-0.0914
1993-08-06,448.68,0.1227
1993-08-09,450.72,0.4547
1993-08-10,449.45,-0.2818
1993-08-11,450.46,0.2247
1993-08-12,448.96,-0.333
1993-08-13,450.14,0.2628
1993-08-16,452.38,0.4976
1993-08-17,453.13,0.1658
1993-08-18,456.04,0.6422
1993-08-19,456.43,0.0855
1993-08-20,456.16,-0.0592
1993-08-23,455.23,-0.2039
1993-08-24,459.77,0.9973
1993-08-25,460.13,0.0783
1993-08-26,461.04,0.1978
1993-08-27,460.54,-0.1085
1993-08-30,461.9,0.2953
1993-08-31,463.56,0.3594
1993-09-01,463.15,-0.0884
1993-09-02,461.3,-0.3994
1993-09-03,461.34,0.0087
1993-09-07,458.52,-0.6113
1993-09-08,456.65,-0.4078
1993-09-09,457.5,0.1861
1993-09-10,461.72,0.9224
1993-09-13,462.06,0.0736
1993-09-14,459.9,-0.4675
1993-09-15,461.6,0.3696
1993-09-16,459.43,-0.4701
1993-09-17,458.83,-0.1306
1993-09-20,455.05,-0.8238
1993-09-21,452.95,-0.4615
1993-09-22,456.2,0.7175
1993-09-23,457.74,0.3376
1993-09-24,457.63,-0.024
1993-09-27,461.8,0.9112
1993-09-28,461.53,-0.0585
1993-09-29,460.11,-0.3077
1993-09-30,458.93,-0.2565
1993-10-01,461.28,0.5121
1993-10-04,461.34,0.013
1993-10-05,461.2,-0.0303
1993-10-06,460.74,-0.0997
1993-10-07,459.18,-0.3386
1993-10-08,460.31,0.2461
1993-10-11,460.88,0.1238
1993-10-12,461.12,0.0521
1993-10-13,461.49,0.0802
1993-10-14,466.83,1.1571
1993-10-15,469.5,0.5719
1993-10-18,468.45,-0.2236
1993-10-19,466.21,-0.4782
1993-10-20,466.07,-0.03
1993-10-21,465.36,-0.1523
1993-10-22,463.27,-0.4491
1993-10-25,464.2,0.2007
1993-10-26,464.3,0.0215
1993-10-27,464.61,0.0668
1993-10-28,467.73,0.6715
1993-10-29,467.83,0.0214
1993-11-01,469.1,0.2715
1993-11-02,468.44,-0.1407
1993-11-03,463.02,-1.157
1993-11-04,457.49,-1.1943
1993-11-05,459.57,0.4547
1993-11-08,460.21,0.1393
1993-11-09,460.33,0.0261
1993-11-10,463.72,0.7364
1993-11-11,462.64,-0.2329
1993-11-12,465.39,0.5944
1993-11-15,463.75,-0.3524
1993-11-16,466.74,0.6447
1993-11-17,464.81,-0.4135
1993-11-18,463.62,-0.256
1993-11-19,462.6,-0.22
1993-11-22,459.13,-0.7501
1993-11-23,461.03,0.4138
1993-11-24,462.36,0.2885
1993-11-26,463.06,0.1514
1993-11-29,461.9,-0.2505
1993-11-30,461.79,-0.0238
1993-12-01,461.89,0.0217
1993-12-02,463.11,0.2641
1993-12-03,464.89,0.3844
1993-12-06,466.43,0.3313
1993-12-07,466.76,0.0708
1993-12-08,466.29,-0.1007
1993-12-09,464.18,-0.4525
1993-12-10,463.93,-0.0539
1993-12-13,465.7,0.3815
1993-12-14,463.06,-0.5669
1993-12-15,461.84,-0.2635
1993-12-16,463.34,0.3248
1993-12-17,466.38,0.6561
1993-12-20,465.85,-0.1136
1993-12-21,465.3,-0.1181
1993-12-22,467.32,0.4341
1993-12-23,467.38,0.0128
1993-12-27,470.54,0.6761
1993-12-28,470.94,0.085
1993-12-29,470.58,-0.0764
1993-12-30,468.64,-0.4123
1993-12-31,466.45,-0.4673
1994-01-03,465.44,-0.2165
1994-01-04,466.89,0.3115
1994-01-05,467.55,0.1414
1994-01-06,467.12,-0.092
1994-01-07,469.9,0.5951
1994-01-10,475.27,1.1428
1994-01-11,474.13,-0.2399
1994-01-12,474.17,0.0084
1994-01-13,472.47,-0.3585
1994-01-14,474.91,0.5164
1994-01-17,473.3,-0.339
1994-01-18,474.25,0.2007
1994-01-19,474.3,0.0105
1994-01-20,474.98,0.1434
1994-01-21,474.72,-0.0547
1994-01-24,471.97,-0.5793
1994-01-25,470.92,-0.2225
1994-01-26,473.2,0.4842
1994-01-27,477.05,0.8136
1994-01-28,478.7,0.3459
1994-01-31,481.61,0.6079
1994-02-01,479.62,-0.4132
1994-02-02,482.0,0.4962
1994-02-03,480.71,-0.2676
1994-02-04,469.81,-2.2675
1994-02-07,471.76,0.4151
1994-02-08,471.05,-0.1505
1994-02-09,472.77,0.3651
1994-02-10,468.93,-0.8122
1994-02-11,470.18,0.2666
1994-02-14,470.23,0.0106
1994-02-15,472.52,0.487
1994-02-16,472.79,0.0571
1994-02-17,470.34,-0.5182
1994-02-18,467.69,-0.5634
1994-02-22,471.46,0.8061
1994-02-23,470.69,-0.1633
1994-02-24,464.26,-1.3661
1994-02-25,466.07,0.3899
1994-02-28,467.14,0.2296
1994-03-01,464.44,-0.578
1994-03-02,464.81,0.0797
1994-03-03,463.01,-0.3873
1994-03-04,464.74,0.3736
1994-03-07,466.91,0.4669
1994-03-08,465.88,-0.2206
1994-03-09,467.06,0.2533
1994-03-10,463.9,-0.6766
1994-03-11,466.44,0.5475
1994-03-14,467.39,0.2037
1994-03-15,467.01,-0.0813
1994-03-16,469.42,0.516
1994-03-17,470.9,0.3153
1994-03-18,471.06,0.034
1994-03-21,468.54,-0.535
1994-03-22,468.8,0.0555
1994-03-23,468.54,-0.0555
1994-03-24,464.35,-0.8943
1994-03-25,460.58,-0.8119
1994-03-28,460.0,-0.1259
1994-03-29,452.48,-1.6348
1994-03-30,445.55,-1.5316
1994-03-31,445.77,0.0494
1994-04-04,438.92,-1.5367
1994-04-05,448.29,2.1348
1994-04-06,448.05,-0.0535
1994-04-07,450.88,0.6316
1994-04-08,447.1,-0.8384
1994-04-11,449.87,0.6195
1994-04-12,447.57,-0.5113
1994-04-13,446.26,-0.2927
1994-04-14,446.38,0.0269
1994-04-15,446.18,-0.0448
1994-04-18,442.46,-0.8337
1994-04-19,442.54,0.0181
1994-04-20,441.96,-0.1311
1994-04-21,448.73,1.5318
1994-04-22,447.63,-0.2451
1994-04-25,452.71,1.1349
1994-04-26,451.87,-0.1855
1994-04-28,449.1,-0.613
1994-04-29,450.91,0.403
1994-05-02,453.02,0.4679
1994-05-03,453.03,0.0022
1994-05-04,451.72,-0.2892
1994-05-05,451.38,-0.0753
1994-05-06,447.82,-0.7887
1994-05-09,442.32,-1.2282
1994-05-10,446.01,0.8342
1994-05-11,441.49,-1.0134
1994-05-12,443.75,0.5119
1994-05-13,444.14,0.0879
1994-05-16,444.49,0.0788
1994-05-17,449.37,1.0979
1994-05-18,453.69,0.9613
1994-05-19,456.48,0.615
1994-05-20,454.92,-0.3417
1994-05-23,453.2,-0.3781
1994-05-24,454.81,0.3553
1994-05-25,456.34,0.3364
1994-05-26,457.06,0.1578
1994-05-27,457.33,0.0591
1994-05-31,456.5,-0.1815
1994-06-01,457.63,0.2475
1994-06-02,457.65,0.0044
1994-06-03,460.13,0.5419
1994-06-06,458.88,-0.2717
1994-06-07,458.21,-0.146
1994-06-08,457.06,-0.251
1994-06-09,457.86,0.175
1994-06-10,458.67,0.1769
1994-06-13,459.1,0.0937
1994-06-14,462.37,0.7123
1994-06-15,460.61,-0.3806
1994-06-16,461.93,0.2866
1994-06-17,458.45,-0.7534
1994-06-20,455.48,-0.6478
1994-06-21,451.34,-0.9089
1994-06-22,453.09,0.3877
1994-06-23,449.63,-0.7636
1994-06-24,442.8,-1.519
1994-06-27,447.31,1.0185
1994-06-28,446.07,-0.2772
1994-06-29,447.63,0.3497
1994-06-30,444.27,-0.7506
1994-07-01,446.2,0.4344
1994-07-05,446.37,0.0381
1994-07-06,446.13,-0.0538
1994-07-07,448.38,0.5043
1994-07-08,449.55,0.2609
1994-07-11,448.06,-0.3314
1994-07-12,447.95,-0.0246
1994-07-13,448.73,0.1741
1994-07-14,453.41,1.0429
1994-07-15,454.16,0.1654
1994-07-18,455.22,0.2334
1994-07-19,453.86,-0.2988
1994-07-20,451.6,-0.498
1994-07-21,452.61,0.2236
1994-07-22,453.11,0.1105
1994-07-25,454.25,0.2516
1994-07-26,453.36,-0.1959
1994-07-27,452.57,-0.1743
1994-07-28,454.24,0.369
1994-07-29,458.26,0.885
1994-08-01,461.01,0.6001
1994-08-02,460.56,-0.0976
1994-08-03,461.45,0.1932
1994-08-04,458.4,-0.661
1994-08-05,457.09,-0.2858
1994-08-08,457.89,0.175
1994-08-09,457.92,0.0066
1994-08-10,460.3,0.5197
1994-08-11,458.88,-0.3085
1994-08-12,461.94,0.6668
1994-08-15,461.23,-0.1537
1994-08-16,465.01,0.8195
1994-08-17,465.17,0.0344
1994-08-18,463.17,-0.43
1994-08-19,463.68,0.1101
1994-08-22,462.32,-0.2933
1994-08-23,464.51,0.4737
1994-08-24,469.03,0.9731
1994-08-25,468.08,-0.2025
1994-08-26,473.8,1.222
1994-08-29,474.59,0.1667
1994-08-30,476.07,0.3118
1994-08-31,475.49,-0.1218
1994-09-01,473.17,-0.4879
1994-09-02,470.99,-0.4607
1994-09-06,471.86,0.1847
1994-09-07,470.99,-0.1844
1994-09-08,473.14,0.4565
1994-09-09,468.18,-1.0483
1994-09-12,466.21,-0.4208
1994-09-13,467.51,0.2788
1994-09-14,468.8,0.2759
1994-09-15,474.81,1.282
1994-09-16,471.19,-0.7624
1994-09-19,470.85,-0.0722
1994-09-20,463.36,-1.5907
1994-09-21,461.46,-0.41
1994-09-22,461.27,-0.0412
1994-09-23,459.67,-0.3469
1994-09-26,460.82,0.2502
1994-09-27,462.05,0.2669
1994-09-28,464.84,0.6038
1994-09-29,462.24,-0.5593
1994-09-30,462.71,0.1017
1994-10-03,461.74,-0.2096
1994-10-04,454.59,-1.5485
1994-10-05,453.52,-0.2354
1994-10-06,452.36,-0.2558
1994-10-07,455.1,0.6057
1994-10-10,459.04,0.8657
1994-10-11,465.79,1.4705
1994-10-12,465.47,-0.0687
1994-10-13,467.79,0.4984
1994-10-14,469.1,0.28
1994-10-17,468.96,-0.0298
1994-10-18,467.66,-0.2772
1994-10-19,470.28,0.5602
1994-10-20,466.85,-0.7294
1994-10-21,464.89,-0.4198
1994-10-24,460.83,-0.8733
1994-10-25,461.53,0.1519
1994-10-26,462.62,0.2362
1994-10-27,465.85,0.6982
1994-10-28,473.77,1.7001
1994-10-31,472.35,-0.2997
1994-11-01,468.42,-0.832
1994-11-02,466.51,-0.4078
1994-11-03,467.91,0.3001
1994-11-04,462.28,-1.2032
1994-11-07,463.07,0.1709
1994-11-08,465.65,0.5572
1994-11-09,465.4,-0.0537
1994-11-10,464.37,-0.2213
1994-11-11,462.35,-0.435
1994-11-14,466.04,0.7981
1994-11-15,465.03,-0.2167
1994-11-16,465.62,0.1269
1994-11-17,463.57,-0.4403
1994-11-18,461.47,-0.453
1994-11-21,458.3,-0.6869
1994-11-22,450.09,-1.7914
1994-11-23,449.93,-0.0355
1994-11-25,452.29,0.5245
1994-11-28,454.16,0.4135
1994-11-29,455.17,0.2224
1994-11-30,453.69,-0.3252
1994-12-01,448.92,-1.0514
1994-12-02,453.3,0.9757
1994-12-05,453.32,0.0044
1994-12-06,453.11,-0.0463
1994-12-07,451.23,-0.4149
1994-12-08,445.45,-1.2809
1994-12-09,446.96,0.339
1994-12-12,449.47,0.5616
1994-12-13,450.15,0.1513
1994-12-14,454.97,1.0708
1994-12-15,455.34,0.0813
1994-12-16,458.8,0.7599
1994-12-19,457.91,-0.194
1994-12-20,457.1,-0.1769
1994-12-21,459.61,0.5491
1994-12-22,459.68,0.0152
1994-12-23,459.83,0.0326
1994-12-27,462.47,0.5741
1994-12-28,460.86,-0.3481
1994-12-29,461.17,0.0673
1994-12-30,459.27,-0.412
1995-01-03,459.11,-0.0348
1995-01-04,460.71,0.3485
1995-01-05,460.34,-0.0803
1995-01-06,460.68,0.0739
1995-01-09,460.83,0.0326
1995-01-10,461.68,0.1844
1995-01-11,461.66,-0.0043
1995-01-12,461.64,-0.0043
1995-01-13,465.97,0.938
1995-01-16,469.38,0.7318
1995-01-17,470.05,0.1427
1995-01-18,469.71,-0.0723
1995-01-19,466.95,-0.5876
1995-01-20,464.78,-0.4647
1995-01-23,465.82,0.2238
1995-01-24,465.86,0.0086
1995-01-25,467.44,0.3392
1995-01-26,468.32,0.1883
1995-01-27,470.39,0.442
1995-01-30,468.51,-0.3997
1995-01-31,470.42,0.4077
1995-02-01,470.4,-0.0043
1995-02-02,472.79,0.5081
1995-02-03,478.65,1.2395
1995-02-06,481.14,0.5202
1995-02-07,480.81,-0.0686
1995-02-08,481.19,0.079
1995-02-09,480.19,-0.2078
1995-02-10,481.46,0.2645
1995-02-13,481.65,0.0395
1995-02-14,482.55,0.1869
1995-02-15,484.54,0.4124
1995-02-16,485.22,0.1403
1995-02-17,481.97,-0.6698
1995-02-21,482.72,0.1556
1995-02-22,485.07,0.4868
1995-02-23,486.91,0.3793
1995-02-24,488.11,0.2465
1995-02-27,483.81,-0.8809
1995-02-28,487.39,0.74
1995-03-01,485.65,-0.357
1995-03-02,485.13,-0.1071
1995-03-03,485.42,0.0598
1995-03-06,485.63,0.0433
1995-03-07,482.12,-0.7228
1995-03-08,483.14,0.2116
1995-03-09,483.16,0.0041
1995-03-10,489.57,1.3267
1995-03-13,490.05,0.098
1995-03-14,492.89,0.5795
1995-03-15,491.88,-0.2049
1995-03-16,495.41,0.7177
1995-03-17,495.52,0.0222
1995-03-20,496.14,0.1251
1995-03-21,495.07,-0.2157
1995-03-22,495.67,0.1212
1995-03-23,495.95,0.0565
1995-03-24,500.97,1.0122
1995-03-27,503.2,0.4451
1995-03-28,503.9,0.1391
1995-03-29,503.12,-0.1548
1995-03-30,502.22,-0.1789
1995-03-31,500.71,-0.3007
1995-04-03,501.85,0.2277
1995-04-04,505.24,0.6755
1995-04-05,505.57,0.0653
1995-04-06,506.08,0.1009
1995-04-07,506.42,0.0672
1995-04-10,507.01,0.1165
1995-04-11,505.53,-0.2919
1995-04-12,507.17,0.3244
1995-04-13,509.23,0.4062
1995-04-17,506.13,-0.6088
1995-04-18,505.37,-0.1502
1995-04-19,504.92,-0.089
1995-04-20,505.29,0.0733
1995-04-21,508.49,0.6333
1995-04-24,512.89,0.8653
1995-04-25,512.1,-0.154
1995-04-26,512.66,0.1094
1995-04-27,513.55,0.1736
1995-04-28,514.71,0.2259
1995-05-01,514.26,-0.0874
1995-05-02,514.86,0.1167
1995-05-03,520.48,1.0916
1995-05-04,520.54,0.0115
1995-05-05,520.12,-0.0807
1995-05-08,523.96,0.7383
1995-05-09,523.56,-0.0763
1995-05-10,524.36,0.1528
1995-05-11,524.37,0.0019
1995-05-12,525.55,0.225
1995-05-15,527.74,0.4167
1995-05-16,528.19,0.0853
1995-05-17,527.07,-0.212
1995-05-18,519.58,-1.4211
1995-05-19,519.19,-0.0751
1995-05-22,523.65,0.859
1995-05-23,528.59,0.9434
1995-05-24,528.61,0.0038
1995-05-25,528.59,-0.0038
1995-05-26,523.65,-0.9346
1995-05-30,523.58,-0.0134
1995-05-31,533.4,1.8755
1995-06-01,533.49,0.0169
1995-06-02,532.51,-0.1837
1995-06-05,535.6,0.5803
1995-06-06,535.55,-0.0093
1995-06-07,533.13,-0.4519
1995-06-08,532.35,-0.1463
1995-06-09,527.94,-0.8284
1995-06-12,530.88,0.5569
1995-06-13,536.05,0.9739
1995-06-14,536.47,0.0784
1995-06-15,537.12,0.1212
1995-06-16,539.83,0.5045
1995-06-19,545.22,0.9985
1995-06-20,544.98,-0.044
1995-06-21,543.98,-0.1835
1995-06-22,551.07,1.3034
1995-06-23,549.71,-0.2468
1995-06-26,544.13,-1.0151
1995-06-27,542.43,-0.3124
1995-06-28,544.73,0.424
1995-06-29,543.87,-0.1579
1995-06-30,544.75,0.1618
1995-07-03,547.09,0.4296
1995-07-05,547.26,0.0311
1995-07-06,553.99,1.2298
1995-07-07,556.37,0.4296
1995-07-10,557.19,0.1474
1995-07-11,554.78,-0.4325
1995-07-12,560.89,1.1013
1995-07-13,561.0,0.0196
1995-07-14,559.89,-0.1979
1995-07-17,562.72,0.5055
1995-07-18,558.46,-0.757
1995-07-19,550.98,-1.3394
1995-07-20,553.54,0.4646
1995-07-21,553.62,0.0145
1995-07-24,556.63,0.5437
1995-07-25,561.1,0.803
1995-07-26,561.61,0.0909
1995-07-27,565.22,0.6428
1995-07-28,562.93,-0.4052
1995-07-31,562.06,-0.1545
1995-08-01,559.64,-0.4306
1995-08-02,558.8,-0.1501
1995-08-03,558.75,-0.0089
1995-08-04,558.94,0.034
1995-08-07,560.03,0.195
1995-08-08,560.39,0.0643
1995-08-09,559.71,-0.1213
1995-08-10,557.45,-0.4038
1995-08-11,555.11,-0.4198
1995-08-14,559.74,0.8341
1995-08-15,558.57,-0.209
1995-08-16,559.97,0.2506
1995-08-17,559.04,-0.1661
1995-08-18,559.21,0.0304
1995-08-21,558.11,-0.1967
1995-08-22,559.52,0.2526
1995-08-23,557.14,-0.4254
1995-08-24,557.46,0.0574
1995-08-25,560.1,0.4736
1995-08-28,559.05,-0.1875
1995-08-29,560.0,0.1699
1995-08-30,560.92,0.1643
1995-08-31,561.88,0.1711
1995-09-01,563.84,0.3488
1995-09-05,569.17,0.9453
1995-09-06,570.17,0.1757
1995-09-07,570.29,0.021
1995-09-08,572.68,0.4191
1995-09-11,573.91,0.2148
1995-09-12,576.51,0.453
1995-09-13,578.77,0.392
1995-09-14,583.61,0.8363
1995-09-15,583.35,-0.0446
1995-09-18,582.77,-0.0994
1995-09-19,584.2,0.2454
1995-09-20,586.77,0.4399
1995-09-21,583.0,-0.6425
1995-09-22,581.73,-0.2178
1995-09-25,581.81,0.0138
1995-09-26,581.41,-0.0688
1995-09-27,581.04,-0.0636
1995-09-28,585.87,0.8313
1995-09-29,584.41,-0.2492
1995-10-02,581.72,-0.4603
1995-10-03,582.34,0.1066
1995-10-04,581.47,-0.1494
1995-10-05,582.63,0.1995
1995-10-06,582.49,-0.024
1995-10-09,578.37,-0.7073
1995-10-10,577.52,-0.147
1995-10-11,579.46,0.3359
1995-10-12,583.1,0.6282
1995-10-13,584.5,0.2401
1995-10-16,583.03,-0.2515
1995-10-17,586.78,0.6432
1995-10-18,587.44,0.1125
1995-10-19,590.65,0.5464
1995-10-20,587.46,-0.5401
1995-10-23,585.06,-0.4085
1995-10-24,586.54,0.253
1995-10-25,582.47,-0.6939
1995-10-26,576.72,-0.9872
1995-10-27,579.7,0.5167
1995-10-30,583.25,0.6124
1995-10-31,581.5,-0.3
1995-11-01,584.22,0.4678
1995-11-02,589.72,0.9414
1995-11-03,590.57,0.1441
1995-11-06,588.46,-0.3573
1995-11-07,586.32,-0.3637
1995-11-08,591.71,0.9193
1995-11-09,593.26,0.262
1995-11-10,592.72,-0.091
1995-11-13,592.3,-0.0709
1995-11-14,589.29,-0.5082
1995-11-15,593.96,0.7925
1995-11-16,597.34,0.5691
1995-11-17,600.07,0.457
1995-11-20,596.85,-0.5366
1995-11-21,600.24,0.568
1995-11-22,598.4,-0.3065
1995-11-24,599.97,0.2624
1995-11-27,601.32,0.225
1995-11-28,606.45,0.8531
1995-11-29,607.64,0.1962
1995-11-30,605.37,-0.3736
1995-12-01,606.98,0.266
1995-12-04,613.68,1.1038
1995-12-05,617.68,0.6518
1995-12-06,620.18,0.4047
1995-12-07,616.17,-0.6466
1995-12-08,617.48,0.2126
1995-12-11,619.52,0.3304
1995-12-12,618.78,-0.1194
1995-12-13,621.69,0.4703
1995-12-14,616.92,-0.7673
1995-12-15,616.34,-0.094
1995-12-18,606.81,-1.5462
1995-12-19,611.93,0.8438
1995-12-20,605.94,-0.9789
1995-12-21,610.49,0.7509
1995-12-22,611.95,0.2392
1995-12-26,614.3,0.384
1995-12-27,614.53,0.0374
1995-12-28,614.12,-0.0667
1995-12-29,615.93,0.2947
1996-01-02,620.73,0.7793
1996-01-03,621.32,0.095
1996-01-04,617.7,-0.5826
1996-01-05,616.71,-0.1603
1996-01-08,618.46,0.2838
1996-01-09,609.45,-1.4568
1996-01-10,598.48,-1.8
1996-01-11,602.69,0.7034
1996-01-12,601.81,-0.146
1996-01-15,599.82,-0.3307
1996-01-16,608.44,1.4371
1996-01-17,606.37,-0.3402
1996-01-18,608.24,0.3084
1996-01-19,611.83,0.5902
1996-01-22,613.4,0.2566
1996-01-23,612.79,-0.0994
1996-01-24,619.96,1.1701
1996-01-25,617.03,-0.4726
1996-01-26,621.62,0.7439
1996-01-29,624.22,0.4183
1996-01-30,630.15,0.95
1996-01-31,636.02,0.9315
1996-02-01,638.46,0.3836
1996-02-02,635.84,-0.4104
1996-02-05,641.43,0.8792
1996-02-06,646.33,0.7639
1996-02-07,649.93,0.557
1996-02-08,656.07,0.9447
1996-02-09,656.37,0.0457
1996-02-12,661.45,0.774
1996-02-13,660.51,-0.1421
1996-02-14,655.58,-0.7464
1996-02-15,651.32,-0.6498
1996-02-16,647.98,-0.5128
1996-02-20,640.65,-1.1312
1996-02-21,648.1,1.1629
1996-02-22,658.86,1.6602
1996-02-23,659.08,0.0334
1996-02-26,650.46,-1.3079
1996-02-27,647.24,-0.495
1996-02-28,644.75,-0.3847
1996-02-29,640.43,-0.67
1996-03-01,644.37,0.6152
1996-03-04,650.81,0.9994
1996-03-05,655.79,0.7652
1996-03-06,652.0,-0.5779
1996-03-07,653.65,0.2531
1996-03-08,633.5,-3.0827
1996-03-11,640.02,1.0292
1996-03-12,637.09,-0.4578
1996-03-13,638.55,0.2292
1996-03-14,640.87,0.3633
1996-03-15,641.43,0.0874
1996-03-18,652.65,1.7492
1996-03-19,651.69,-0.1471
1996-03-20,649.98,-0.2624
1996-03-21,649.19,-0.1215
1996-03-22,650.62,0.2203
1996-03-25,650.04,-0.0891
1996-03-26,652.97,0.4507
1996-03-27,648.91,-0.6218
1996-03-28,648.94,0.0046
1996-03-29,645.5,-0.5301
1996-04-01,653.73,1.275
1996-04-02,655.26,0.234
1996-04-03,655.88,0.0946
1996-04-04,655.86,-0.003
1996-04-08,644.24,-1.7717
1996-04-09,642.19,-0.3182
1996-04-10,633.5,-1.3532
1996-04-11,631.18,-0.3662
1996-04-12,636.71,0.8761
1996-04-15,642.49,0.9078
1996-04-16,645.0,0.3907
1996-04-17,641.61,-0.5256
1996-04-18,643.61,0.3117
1996-04-19,645.07,0.2268
1996-04-22,647.89,0.4372
1996-04-23,651.58,0.5695
1996-04-24,650.17,-0.2164
1996-04-25,652.87,0.4153
1996-04-26,653.46,0.0904
1996-04-29,654.16,0.1071
1996-04-30,654.17,0.0015
1996-05-01,654.58,0.0627
1996-05-02,643.38,-1.711
1996-05-03,641.63,-0.272
1996-05-06,640.81,-0.1278
1996-05-07,638.26,-0.3979
1996-05-08,644.77,1.02
1996-05-09,645.44,0.1039
1996-05-10,652.09,1.0303
1996-05-13,661.51,1.4446
1996-05-14,665.6,0.6183
1996-05-15,665.42,-0.027
1996-05-16,664.85,-0.0857
1996-05-17,668.91,0.6107
1996-05-20,673.15,0.6339
1996-05-21,672.76,-0.0579
1996-05-22,678.42,0.8413
1996-05-23,676.0,-0.3567
1996-05-24,678.51,0.3713
1996-05-28,672.23,-0.9256
1996-05-29,667.93,-0.6397
1996-05-30,671.7,0.5644
1996-05-31,669.12,-0.3841
1996-06-03,667.68,-0.2152
1996-06-04,672.56,0.7309
1996-06-05,678.44,0.8743
1996-06-06,673.03,-0.7974
1996-06-07,673.31,0.0416
1996-06-10,672.16,-0.1708
1996-06-11,670.97,-0.177
1996-06-12,669.04,-0.2876
1996-06-13,667.92,-0.1674
1996-06-14,665.85,-0.3099
1996-06-17,665.16,-0.1036
1996-06-18,662.06,-0.4661
1996-06-19,661.96,-0.0151
1996-06-20,662.1,0.0211
1996-06-21,666.84,0.7159
1996-06-24,668.85,0.3014
1996-06-25,668.48,-0.0553
1996-06-26,664.39,-0.6118
1996-06-27,668.55,0.6261
1996-06-28,670.63,0.3111
1996-07-01,675.88,0.7828
1996-07-02,673.61,-0.3359
1996-07-03,672.4,-0.1796
1996-07-05,657.44,-2.2249
1996-07-08,652.54,-0.7453
1996-07-09,654.75,0.3387
1996-07-10,656.06,0.2001
1996-07-11,645.67,-1.5837
1996-07-12,646.19,0.0805
1996-07-15,629.8,-2.5364
1996-07-16,628.37,-0.2271
1996-07-17,634.07,0.9071
1996-07-18,643.56,1.4967
1996-07-19,638.73,-0.7505
1996-07-22,633.77,-0.7765
1996-07-23,626.87,-1.0887
1996-07-24,626.65,-0.0351
1996-07-25,631.17,0.7213
1996-07-26,635.9,0.7494
1996-07-29,630.91,-0.7847
1996-07-30,635.26,0.6895
1996-07-31,639.95,0.7383
1996-08-01,650.02,1.5736
1996-08-02,662.49,1.9184
1996-08-05,660.23,-0.3411
1996-08-06,662.38,0.3256
1996-08-07,664.16,0.2687
1996-08-08,662.59,-0.2364
1996-08-09,662.1,-0.074
1996-08-12,665.77,0.5543
1996-08-13,660.2,-0.8366
1996-08-14,662.05,0.2802
1996-08-15,662.28,0.0347
1996-08-16,665.21,0.4424
1996-08-19,666.58,0.206
1996-08-20,665.69,-0.1335
1996-08-21,665.07,-0.0931
1996-08-22,670.68,0.8435
1996-08-23,667.03,-0.5442
1996-08-26,663.88,-0.4722
1996-08-27,666.4,0.3796
1996-08-28,664.81,-0.2386
1996-08-29,657.4,-1.1146
1996-08-30,651.99,-0.8229
1996-09-03,654.72,0.4187
1996-09-04,655.61,0.1359
1996-09-05,649.44,-0.9411
1996-09-06,655.68,0.9608
1996-09-09,663.76,1.2323
1996-09-10,663.81,0.0075
1996-09-11,667.28,0.5227
1996-09-12,671.15,0.58
1996-09-13,680.54,1.3991
1996-09-16,683.98,0.5055
1996-09-17,682.94,-0.1521
1996-09-18,681.47,-0.2152
1996-09-19,683.0,0.2245
1996-09-20,687.03,0.59
1996-09-23,686.48,-0.0801
1996-09-24,685.61,-0.1267
1996-09-25,685.83,0.0321
1996-09-26,685.86,0.0044
1996-09-27,686.19,0.0481
1996-09-30,687.33,0.1661
1996-10-01,689.08,0.2546
1996-10-02,694.01,0.7154
1996-10-03,692.78,-0.1772
1996-10-04,701.46,1.2529
1996-10-07,703.34,0.268
1996-10-08,700.64,-0.3839
1996-10-09,696.74,-0.5566
1996-10-10,694.61,-0.3057
1996-10-11,700.66,0.871
1996-10-14,703.54,0.411
1996-10-15,702.57,-0.1379
1996-10-16,704.41,0.2619
1996-10-17,706.99,0.3663
1996-10-18,710.82,0.5417
1996-10-21,709.85,-0.1365
1996-10-22,706.57,-0.4621
1996-10-23,707.27,0.0991
1996-10-24,702.29,-0.7041
1996-10-25,700.92,-0.1951
1996-10-28,697.26,-0.5222
1996-10-29,701.5,0.6081
1996-10-30,700.9,-0.0855
1996-10-31,705.27,0.6235
1996-11-01,703.77,-0.2127
1996-11-04,706.73,0.4206
1996-11-05,714.14,1.0485
1996-11-06,724.59,1.4633
1996-11-07,727.65,0.4223
1996-11-08,730.82,0.4356
1996-11-11,731.87,0.1437
1996-11-12,729.56,-0.3156
1996-11-13,731.13,0.2152
1996-11-14,735.88,0.6497
1996-11-15,737.62,0.2365
1996-11-18,737.02,-0.0813
1996-11-19,742.16,0.6974
1996-11-20,743.95,0.2412
1996-11-21,742.75,-0.1613
1996-11-22,748.73,0.8051
1996-11-25,757.03,1.1085
1996-11-26,755.96,-0.1413
1996-11-27,755.0,-0.127
1996-11-29,757.02,0.2675
1996-12-02,756.56,-0.0608
1996-12-03,748.28,-1.0944
1996-12-04,745.1,-0.425
1996-12-05,744.38,-0.0966
1996-12-06,739.6,-0.6421
1996-12-09,749.76,1.3737
1996-12-10,747.54,-0.2961
1996-12-11,740.73,-0.911
1996-12-12,729.3,-1.5431
1996-12-13,728.64,-0.0905
1996-12-16,720.98,-1.0513
1996-12-17,726.04,0.7018
1996-12-18,731.54,0.7575
1996-12-19,745.76,1.9438
1996-12-20,748.87,0.417
1996-12-23,746.92,-0.2604
1996-12-24,751.03,0.5503
1996-12-26,755.82,0.6378
1996-12-27,756.79,0.1283
1996-12-30,753.85,-0.3885
1996-12-31,740.74,-1.7391
1997-01-02,737.01,-0.5036
1997-01-03,748.03,1.4952
1997-01-06,747.65,-0.0508
1997-01-07,753.23,0.7463
1997-01-08,748.41,-0.6399
1997-01-09,754.85,0.8605
1997-01-10,759.5,0.616
1997-01-13,759.51,0.0013
1997-01-14,768.86,1.2311
1997-01-15,767.2,-0.2159
1997-01-16,769.75,0.3324
1997-01-17,776.17,0.834
1997-01-20,776.7,0.0683
1997-01-21,782.72,0.7751
1997-01-22,786.23,0.4484
1997-01-23,777.56,-1.1027
1997-01-24,770.52,-0.9054
1997-01-27,765.02,-0.7138
1997-01-28,765.02,0.0
1997-01-29,772.5,0.9778
1997-01-30,784.17,1.5107
1997-01-31,786.16,0.2538
1997-02-03,786.73,0.0725
1997-02-04,789.26,0.3216
1997-02-05,778.28,-1.3912
1997-02-06,780.15,0.2403
1997-02-07,789.56,1.2062
1997-02-10,785.43,-0.5231
1997-02-11,789.59,0.5296
1997-02-12,802.77,1.6692
1997-02-13,811.82,1.1273
1997-02-14,808.48,-0.4114
1997-02-18,816.29,0.966
1997-02-19,812.49,-0.4655
1997-02-20,802.8,-1.1926
1997-02-21,801.77,-0.1283
1997-02-24,810.28,1.0614
1997-02-25,812.03,0.216
1997-02-26,805.68,-0.782
1997-02-27,795.07,-1.3169
1997-02-28,790.82,-0.5345
1997-03-03,795.31,0.5678
1997-03-04,790.95,-0.5482
1997-03-05,801.99,1.3958
1997-03-06,798.56,-0.4277
1997-03-07,804.97,0.8027
1997-03-10,813.65,1.0783
1997-03-11,811.34,-0.2839
1997-03-12,804.26,-0.8726
1997-03-13,789.56,-1.8278
1997-03-14,793.17,0.4572
1997-03-17,795.71,0.3202
1997-03-18,789.66,-0.7603
1997-03-19,785.77,-0.4926
1997-03-20,782.65,-0.3971
1997-03-21,784.1,0.1853
1997-03-24,790.89,0.866
1997-03-25,789.07,-0.2301
1997-03-26,790.5,0.1812
1997-03-27,773.88,-2.1025
1997-03-31,757.12,-2.1657
1997-04-01,759.64,0.3328
1997-04-02,750.11,-1.2545
1997-04-03,750.32,0.028
1997-04-04,757.9,1.0102
1997-04-07,762.13,0.5581
1997-04-08,766.12,0.5235
1997-04-09,760.6,-0.7205
1997-04-10,758.34,-0.2971
1997-04-11,737.65,-2.7283
1997-04-14,743.73,0.8242
1997-04-15,754.72,1.4777
1997-04-16,763.53,1.1673
1997-04-17,761.77,-0.2305
1997-04-18,766.34,0.5999
1997-04-21,760.37,-0.779
1997-04-22,774.61,1.8728
1997-04-23,773.64,-0.1252
1997-04-24,771.18,-0.318
1997-04-25,765.37,-0.7534
1997-04-28,772.96,0.9917
1997-04-29,794.05,2.7285
1997-04-30,801.34,0.9181
1997-05-01,798.53,-0.3507
1997-05-02,812.97,1.8083
1997-05-05,830.29,2.1305
1997-05-06,827.76,-0.3047
1997-05-07,815.62,-1.4666
1997-05-08,820.26,0.5689
1997-05-09,824.78,0.551
1997-05-12,837.66,1.5616
1997-05-13,833.13,-0.5408
1997-05-14,836.04,0.3493
1997-05-15,841.88,0.6985
1997-05-16,829.75,-1.4408
1997-05-19,833.27,0.4242
1997-05-20,841.66,1.0069
1997-05-21,839.35,-0.2745
1997-05-22,835.66,-0.4396
1997-05-23,847.03,1.3606
1997-05-27,849.71,0.3164
1997-05-28,847.21,-0.2942
1997-05-29,844.08,-0.3694
1997-05-30,848.28,0.4976
1997-06-02,846.36,-0.2263
1997-06-03,845.48,-0.104
1997-06-04,840.11,-0.6351
1997-06-05,843.43,0.3952
1997-06-06,858.01,1.7287
1997-06-09,862.91,0.5711
1997-06-10,865.27,0.2735
1997-06-11,869.57,0.497
1997-06-12,883.46,1.5973
1997-06-13,893.27,1.1104
1997-06-16,893.9,0.0705
1997-06-17,894.42,0.0582
1997-06-18,889.06,-0.5993
1997-06-19,897.99,1.0044
1997-06-20,898.7,0.0791
1997-06-23,878.62,-2.2343
1997-06-24,896.34,2.0168
1997-06-25,888.99,-0.82
1997-06-26,883.68,-0.5973
1997-06-27,887.3,0.4097
1997-06-30,885.14,-0.2434
1997-07-01,891.03,0.6654
1997-07-02,904.03,1.459
1997-07-03,916.92,1.4258
1997-07-07,912.2,-0.5148
1997-07-08,918.75,0.718
1997-07-09,907.54,-1.2201
1997-07-10,913.78,0.6876
1997-07-11,916.68,0.3174
1997-07-14,918.38,0.1855
1997-07-15,925.76,0.8036
1997-07-16,936.59,1.1698
1997-07-17,931.61,-0.5317
1997-07-18,915.3,-1.7507
1997-07-21,912.94,-0.2578
1997-07-22,933.98,2.3046
1997-07-23,936.56,0.2762
1997-07-24,940.3,0.3993
1997-07-25,938.79,-0.1606
1997-07-28,936.45,-0.2493
1997-07-29,942.29,0.6236
1997-07-30,952.29,1.0612
1997-07-31,954.31,0.2121
1997-08-01,947.14,-0.7513
1997-08-04,950.3,0.3336
1997-08-05,952.37,0.2178
1997-08-06,960.32,0.8348
1997-08-07,951.19,-0.9507
1997-08-08,933.54,-1.8556
1997-08-11,937.0,0.3706
1997-08-12,926.53,-1.1174
1997-08-13,922.02,-0.4868
1997-08-14,924.77,0.2983
1997-08-15,900.81,-2.5909
1997-08-18,912.49,1.2966
1997-08-19,926.01,1.4817
1997-08-20,939.35,1.4406
1997-08-21,925.05,-1.5223
1997-08-22,923.54,-0.1632
1997-08-25,920.16,-0.366
1997-08-26,913.02,-0.776
1997-08-27,913.7,0.0745
1997-08-28,903.67,-1.0977
1997-08-29,899.47,-0.4648
1997-09-02,927.58,3.1252
1997-09-03,927.86,0.0302
1997-09-04,930.87,0.3244
1997-09-05,929.05,-0.1955
1997-09-08,931.2,0.2314
1997-09-09,933.62,0.2599
1997-09-10,919.03,-1.5627
1997-09-11,912.59,-0.7007
1997-09-12,923.91,1.2404
1997-09-15,919.77,-0.4481
1997-09-16,945.64,2.8127
1997-09-17,943.0,-0.2792
1997-09-18,947.29,0.4549
1997-09-19,950.51,0.3399
1997-09-22,955.43,0.5176
1997-09-23,951.93,-0.3663
1997-09-24,944.48,-0.7826
1997-09-25,937.91,-0.6956
1997-09-26,945.22,0.7794
1997-09-29,953.34,0.8591
1997-09-30,947.28,-0.6357
1997-10-01,955.41,0.8582
1997-10-02,960.46,0.5286
1997-10-03,965.03,0.4758
1997-10-06,972.69,0.7938
1997-10-07,983.12,1.0723
1997-10-08,973.84,-0.9439
1997-10-09,970.62,-0.3306
1997-10-10,966.98,-0.375
1997-10-13,968.1,0.1158
1997-10-14,970.28,0.2252
1997-10-15,965.72,-0.47
1997-10-16,955.25,-1.0842
1997-10-17,944.16,-1.161
1997-10-20,955.61,1.2127
1997-10-21,972.28,1.7444
1997-10-22,968.49,-0.3898
1997-10-23,950.69,-1.8379
1997-10-24,941.64,-0.9519
1997-10-27,876.99,-6.8657
1997-10-28,921.85,5.1152
1997-10-29,919.16,-0.2918
1997-10-30,903.68,-1.6841
1997-10-31,914.62,1.2106
1997-11-03,938.99,2.6645
1997-11-04,940.76,0.1885
1997-11-05,942.76,0.2126
1997-11-06,938.03,-0.5017
1997-11-07,927.51,-1.1215
1997-11-10,921.13,-0.6879
1997-11-11,923.78,0.2877
1997-11-12,905.96,-1.929
1997-11-13,916.66,1.1811
1997-11-14,928.35,1.2753
1997-11-17,946.2,1.9228
1997-11-18,938.23,-0.8423
1997-11-19,944.59,0.6779
1997-11-20,958.98,1.5234
1997-11-21,963.09,0.4286
1997-11-24,946.67,-1.7049
1997-11-25,950.82,0.4384
1997-11-26,951.64,0.0862
1997-11-28,955.4,0.3951
1997-12-01,974.77,2.0274
1997-12-02,971.68,-0.317
1997-12-03,976.77,0.5238
1997-12-04,973.1,-0.3757
1997-12-05,983.79,1.0986
1997-12-08,982.37,-0.1443
1997-12-09,975.78,-0.6708
1997-12-10,969.79,-0.6139
1997-12-11,954.94,-1.5313
1997-12-12,953.39,-0.1623
1997-12-15,963.39,1.0489
1997-12-16,968.04,0.4827
1997-12-17,965.54,-0.2583
1997-12-18,955.3,-1.0605
1997-12-19,946.78,-0.8919
1997-12-22,953.7,0.7309
1997-12-23,939.13,-1.5277
1997-12-24,932.7,-0.6847
1997-12-26,936.46,0.4031
1997-12-29,953.35,1.8036
1997-12-30,970.84,1.8346
1997-12-31,970.43,-0.0422
1998-01-02,975.04,0.475
1998-01-05,977.07,0.2082
1998-01-06,966.58,-1.0736
1998-01-07,964.0,-0.2669
1998-01-08,956.05,-0.8247
1998-01-09,927.69,-2.9664
1998-01-12,939.21,1.2418
1998-01-13,952.12,1.3746
1998-01-14,957.94,0.6113
1998-01-15,950.73,-0.7527
1998-01-16,961.51,1.1339
1998-01-20,978.6,1.7774
1998-01-21,970.81,-0.796
1998-01-22,963.04,-0.8004
1998-01-23,957.59,-0.5659
1998-01-26,956.95,-0.0668
1998-01-27,969.02,1.2613
1998-01-28,977.46,0.871
1998-01-29,985.49,0.8215
1998-01-30,980.28,-0.5287
1998-02-02,1001.27,2.1412
1998-02-03,1006.0,0.4724
1998-02-04,1006.9,0.0895
1998-02-05,1003.54,-0.3337
1998-02-06,1012.46,0.8889
1998-02-09,1010.74,-0.1699
1998-02-10,1019.01,0.8182
1998-02-11,1020.01,0.0981
1998-02-12,1024.14,0.4049
1998-02-13,1020.09,-0.3955
1998-02-17,1022.76,0.2617
1998-02-18,1032.08,0.9113
1998-02-19,1028.28,-0.3682
1998-02-20,1034.21,0.5767
1998-02-23,1038.14,0.38
1998-02-24,1030.56,-0.7302
1998-02-25,1042.9,1.1974
1998-02-26,1048.67,0.5533
1998-02-27,1049.34,0.0639
1998-03-02,1047.7,-0.1563
1998-03-03,1052.02,0.4123
1998-03-04,1047.33,-0.4458
1998-03-05,1035.05,-1.1725
1998-03-06,1055.69,1.9941
1998-03-09,1052.31,-0.3202
1998-03-10,1064.25,1.1346
1998-03-11,1068.47,0.3965
1998-03-12,1069.92,0.1357
1998-03-13,1068.61,-0.1224
1998-03-16,1079.27,0.9976
1998-03-17,1080.45,0.1093
1998-03-18,1085.52,0.4692
1998-03-19,1089.74,0.3888
1998-03-20,1099.16,0.8644
1998-03-23,1095.55,-0.3284
1998-03-24,1105.65,0.9219
1998-03-25,1101.93,-0.3365
1998-03-26,1100.8,-0.1025
1998-03-27,1095.44,-0.4869
1998-03-30,1093.6,-0.168
1998-03-31,1101.75,0.7452
1998-04-01,1108.15,0.5809
1998-04-02,1120.01,1.0703
1998-04-03,1122.7,0.2402
1998-04-06,1121.38,-0.1176
1998-04-07,1109.55,-1.055
1998-04-08,1101.65,-0.712
1998-04-09,1110.67,0.8188
1998-04-13,1109.69,-0.0882
1998-04-14,1115.75,0.5461
1998-04-15,1119.32,0.32
1998-04-16,1108.17,-0.9961
1998-04-17,1122.72,1.313
1998-04-20,1123.65,0.0828
1998-04-21,1126.67,0.2688
1998-04-22,1130.54,0.3435
1998-04-23,1119.58,-0.9694
1998-04-24,1107.9,-1.0432
1998-04-27,1086.54,-1.928
1998-04-28,1085.11,-0.1316
1998-04-29,1094.62,0.8764
1998-04-30,1111.75,1.5649
1998-05-01,1121.0,0.832
1998-05-04,1122.07,0.0955
1998-05-05,1115.5,-0.5855
1998-05-06,1104.92,-0.9485
1998-05-07,1095.14,-0.8851
1998-05-08,1108.14,1.1871
1998-05-11,1106.64,-0.1354
1998-05-12,1115.79,0.8268
1998-05-13,1118.86,0.2751
1998-05-14,1117.37,-0.1332
1998-05-15,1108.73,-0.7732
1998-05-18,1105.82,-0.2625
1998-05-19,1109.52,0.3346
1998-05-20,1119.06,0.8598
1998-05-21,1114.64,-0.395
1998-05-22,1110.47,-0.3741
1998-05-26,1094.02,-1.4814
1998-05-27,1092.23,-0.1636
1998-05-28,1097.6,0.4917
1998-05-29,1090.82,-0.6177
1998-06-01,1090.98,0.0147
1998-06-02,1093.22,0.2053
1998-06-03,1082.73,-0.9596
1998-06-04,1094.83,1.1175
1998-06-05,1113.86,1.7382
1998-06-08,1115.72,0.167
1998-06-09,1118.41,0.2411
1998-06-10,1112.28,-0.5481
1998-06-11,1094.58,-1.5913
1998-06-12,1098.84,0.3892
1998-06-15,1077.01,-1.9866
1998-06-16,1087.59,0.9823
1998-06-17,1107.11,1.7948
1998-06-18,1106.37,-0.0668
1998-06-19,1100.65,-0.517
1998-06-22,1103.21,0.2326
1998-06-23,1119.49,1.4757
1998-06-24,1132.88,1.1961
1998-06-25,1129.28,-0.3178
1998-06-26,1133.2,0.3471
1998-06-29,1138.49,0.4668
1998-06-30,1133.84,-0.4084
1998-07-01,1148.56,1.2982
1998-07-02,1146.42,-0.1863
1998-07-06,1157.33,0.9517
1998-07-07,1154.66,-0.2307
1998-07-08,1166.38,1.015
1998-07-09,1158.56,-0.6705
1998-07-10,1164.33,0.498
1998-07-13,1165.19,0.0739
1998-07-14,1177.58,1.0633
1998-07-15,1174.81,-0.2352
1998-07-16,1183.99,0.7814
1998-07-17,1186.75,0.2331
1998-07-20,1184.1,-0.2233
1998-07-21,1165.07,-1.6071
1998-07-22,1164.08,-0.085
1998-07-23,1139.75,-2.0901
1998-07-24,1140.8,0.0921
1998-07-27,1147.27,0.5671
1998-07-28,1130.24,-1.4844
1998-07-29,1125.21,-0.445
1998-07-30,1142.95,1.5766
1998-07-31,1120.67,-1.9493
1998-08-03,1112.44,-0.7344
1998-08-04,1072.12,-3.6245
1998-08-05,1081.43,0.8684
1998-08-06,1089.63,0.7583
1998-08-07,1089.45,-0.0165
1998-08-10,1083.14,-0.5792
1998-08-11,1068.98,-1.3073
1998-08-12,1084.22,1.4257
1998-08-13,1074.91,-0.8587
1998-08-14,1062.75,-1.1313
1998-08-17,1083.67,1.9685
1998-08-18,1101.2,1.6177
1998-08-19,1098.06,-0.2851
1998-08-20,1091.6,-0.5883
1998-08-21,1081.24,-0.9491
1998-08-24,1088.14,0.6382
1998-08-25,1092.85,0.4328
1998-08-26,1084.19,-0.7924
1998-08-27,1042.59,-3.837
1998-08-28,1027.14,-1.4819
1998-08-31,957.28,-6.8014
1998-09-01,994.26,3.863
1998-09-02,990.48,-0.3802
1998-09-03,982.26,-0.8299
1998-09-04,973.89,-0.8521
1998-09-08,1023.46,5.0899
1998-09-09,1006.2,-1.6864
1998-09-10,980.19,-2.585
1998-09-11,1009.06,2.9453
1998-09-14,1029.72,2.0475
1998-09-15,1037.68,0.773
1998-09-16,1045.48,0.7517
1998-09-17,1018.87,-2.5452
1998-09-18,1020.09,0.1197
1998-09-21,1023.89,0.3725
1998-09-22,1029.63,0.5606
1998-09-23,1066.09,3.5411
1998-09-24,1042.72,-2.1921
1998-09-25,1044.75,0.1947
1998-09-28,1048.69,0.3771
1998-09-29,1049.02,0.0315
1998-09-30,1017.01,-3.0514
1998-10-01,986.39,-3.0108
1998-10-02,1002.6,1.6434
1998-10-05,988.56,-1.4004
1998-10-06,984.59,-0.4016
1998-10-07,970.68,-1.4128
1998-10-08,959.44,-1.158
1998-10-09,984.39,2.6005
1998-10-12,997.71,1.3531
1998-10-13,994.8,-0.2917
1998-10-14,1005.53,1.0786
1998-10-15,1047.49,4.1729
1998-10-16,1056.42,0.8525
1998-10-19,1062.39,0.5651
1998-10-20,1063.93,0.145
1998-10-21,1069.92,0.563
1998-10-22,1078.48,0.8001
1998-10-23,1070.67,-0.7242
1998-10-26,1072.32,0.1541
1998-10-27,1065.34,-0.6509
1998-10-28,1068.09,0.2581
1998-10-29,1085.93,1.6703
1998-10-30,1098.67,1.1732
1998-11-02,1111.6,1.1769
1998-11-03,1110.84,-0.0684
1998-11-04,1118.67,0.7049
1998-11-05,1133.85,1.357
1998-11-06,1141.01,0.6315
1998-11-09,1130.2,-0.9474
1998-11-10,1128.26,-0.1717
1998-11-11,1120.97,-0.6461
1998-11-12,1117.69,-0.2926
1998-11-13,1125.72,0.7184
1998-11-16,1135.87,0.9016
1998-11-17,1139.32,0.3037
1998-11-18,1144.48,0.4529
1998-11-19,1152.61,0.7104
1998-11-20,1163.55,0.9492
1998-11-23,1188.21,2.1194
1998-11-24,1182.99,-0.4393
1998-11-25,1186.87,0.328
1998-11-27,1192.33,0.46
1998-11-30,1163.63,-2.4071
1998-12-01,1175.28,1.0012
1998-12-02,1171.25,-0.3429
1998-12-03,1150.14,-1.8023
1998-12-04,1176.74,2.3128
1998-12-07,1187.7,0.9314
1998-12-08,1181.38,-0.5321
1998-12-09,1183.49,0.1786
1998-12-10,1165.02,-1.5606
1998-12-11,1166.46,0.1236
1998-12-14,1141.2,-2.1655
1998-12-15,1162.83,1.8954
1998-12-16,1161.94,-0.0765
1998-12-17,1179.98,1.5526
1998-12-18,1188.03,0.6822
1998-12-21,1202.84,1.2466
1998-12-22,1203.57,0.0607
1998-12-23,1228.54,2.0747
1998-12-24,1226.27,-0.1848
1998-12-28,1225.49,-0.0636
1998-12-29,1241.81,1.3317
1998-12-30,1231.93,-0.7956
1998-12-31,1229.23,-0.2192
1999-01-04,1228.1,-0.0919
1999-01-05,1244.78,1.3582
1999-01-06,1272.34,2.214
1999-01-07,1269.73,-0.2051
1999-01-08,1275.09,0.4221
1999-01-11,1263.88,-0.8792
1999-01-12,1239.51,-1.9282
1999-01-13,1234.4,-0.4123
1999-01-14,1212.19,-1.7993
1999-01-15,1243.26,2.5631
1999-01-19,1252.0,0.703
1999-01-20,1256.62,0.369
1999-01-21,1235.16,-1.7078
1999-01-22,1225.19,-0.8072
1999-01-25,1233.98,0.7174
1999-01-26,1252.31,1.4854
1999-01-27,1243.17,-0.7299
1999-01-28,1265.37,1.7858
1999-01-29,1279.64,1.1277
1999-02-01,1273.0,-0.5189
1999-02-02,1261.99,-0.8649
1999-02-03,1272.07,0.7987
1999-02-04,1248.49,-1.8537
1999-02-05,1239.4,-0.7281
1999-02-08,1243.77,0.3526
1999-02-09,1216.14,-2.2215
1999-02-10,1223.55,0.6093
1999-02-11,1254.04,2.4919
1999-02-12,1230.13,-1.9066
1999-02-16,1241.87,0.9544
1999-02-17,1224.03,-1.4365
1999-02-18,1237.28,1.0825
1999-02-19,1239.22,0.1568
1999-02-22,1272.14,2.6565
1999-02-23,1271.18,-0.0755
1999-02-24,1253.41,-1.3979
1999-02-25,1245.02,-0.6694
1999-02-26,1238.33,-0.5373
1999-03-01,1236.16,-0.1752
1999-03-02,1225.5,-0.8623
1999-03-03,1227.7,0.1795
1999-03-04,1246.64,1.5427
1999-03-05,1275.47,2.3126
1999-03-08,1282.73,0.5692
1999-03-09,1279.84,-0.2253
1999-03-10,1286.84,0.5469
1999-03-11,1297.68,0.8424
1999-03-12,1294.59,-0.2381
1999-03-15,1307.26,0.9787
1999-03-16,1306.38,-0.0673
1999-03-17,1297.82,-0.6552
1999-03-18,1316.55,1.4432
1999-03-19,1299.29,-1.311
1999-03-22,1297.01,-0.1755
1999-03-23,1262.14,-2.6885
1999-03-24,1268.59,0.511
1999-03-25,1289.99,1.6869
1999-03-26,1282.8,-0.5574
1999-03-29,1310.17,2.1336
1999-03-30,1300.75,-0.719
1999-03-31,1286.37,-1.1055
1999-04-01,1293.72,0.5714
1999-04-05,1321.12,2.1179
1999-04-06,1317.89,-0.2445
1999-04-07,1326.89,0.6829
1999-04-08,1343.98,1.288
1999-04-09,1348.35,0.3252
1999-04-12,1358.63,0.7624
1999-04-13,1349.82,-0.6484
1999-04-14,1328.44,-1.5839
1999-04-15,1322.85,-0.4208
1999-04-16,1319.0,-0.291
1999-04-19,1289.48,-2.2381
1999-04-20,1306.17,1.2943
1999-04-21,1336.12,2.293
1999-04-22,1358.82,1.6989
1999-04-23,1356.85,-0.145
1999-04-26,1360.04,0.2351
1999-04-27,1362.8,0.2029
1999-04-28,1350.91,-0.8725
1999-04-29,1342.83,-0.5981
1999-04-30,1335.18,-0.5697
1999-05-03,1354.63,1.4567
1999-05-04,1332.0,-1.6706
1999-05-05,1347.31,1.1494
1999-05-06,1332.05,-1.1326
1999-05-07,1345.0,0.9722
1999-05-10,1340.3,-0.3494
1999-05-11,1355.61,1.1423
1999-05-12,1364.0,0.6189
1999-05-13,1367.56,0.261
1999-05-14,1337.8,-2.1761
1999-05-17,1339.49,0.1263
1999-05-18,1333.32,-0.4606
1999-05-19,1344.23,0.8183
1999-05-20,1338.83,-0.4017
1999-05-21,1330.29,-0.6379
1999-05-24,1306.65,-1.7771
1999-05-25,1284.4,-1.7028
1999-05-26,1304.76,1.5852
1999-05-27,1281.41,-1.7896
1999-05-28,1301.84,1.5943
1999-06-01,1294.26,-0.5823
1999-06-02,1294.81,0.0425
1999-06-03,1299.54,0.3653
1999-06-04,1327.75,2.1708
1999-06-07,1334.52,0.5099
1999-06-08,1317.33,-1.2881
1999-06-09,1318.64,0.0994
1999-06-10,1302.82,-1.1997
1999-06-11,1293.64,-0.7046
1999-06-14,1294.0,0.0278
1999-06-15,1301.16,0.5533
1999-06-16,1330.41,2.248
1999-06-17,1339.9,0.7133
1999-06-18,1342.84,0.2194
1999-06-21,1349.0,0.4587
1999-06-22,1335.88,-0.9726
1999-06-23,1333.06,-0.2111
1999-06-24,1315.78,-1.2963
1999-06-25,1315.31,-0.0357
1999-06-28,1331.35,1.2195
1999-06-29,1351.45,1.5097
1999-06-30,1372.71,1.5731
1999-07-01,1380.96,0.601
1999-07-02,1391.22,0.743
1999-07-06,1388.12,-0.2228
1999-07-07,1395.86,0.5576
1999-07-08,1394.42,-0.1032
1999-07-09,1403.28,0.6354
1999-07-12,1399.1,-0.2979
1999-07-13,1393.56,-0.396
1999-07-14,1398.17,0.3308
1999-07-15,1409.62,0.8189
1999-07-16,1418.78,0.6498
1999-07-19,1407.65,-0.7845
1999-07-20,1377.1,-2.1703
1999-07-21,1379.29,0.159
1999-07-22,1360.97,-1.3282
1999-07-23,1356.94,-0.2961
1999-07-26,1347.76,-0.6765
1999-07-27,1362.84,1.1189
1999-07-28,1365.4,0.1878
1999-07-29,1341.03,-1.7848
1999-07-30,1328.72,-0.918
1999-08-02,1328.05,-0.0504
1999-08-03,1322.18,-0.442
1999-08-04,1305.33,-1.2744
1999-08-05,1313.71,0.642
1999-08-06,1300.29,-1.0215
1999-08-09,1297.8,-0.1915
1999-08-10,1281.43,-1.2614
1999-08-11,1301.93,1.5998
1999-08-12,1298.16,-0.2896
1999-08-13,1327.68,2.274
1999-08-16,1330.77,0.2327
1999-08-17,1344.16,1.0062
1999-08-18,1332.84,-0.8422
1999-08-19,1323.59,-0.694
1999-08-20,1336.61,0.9837
1999-08-23,1360.22,1.7664
1999-08-24,1363.5,0.2411
1999-08-25,1381.79,1.3414
1999-08-26,1362.01,-1.4315
1999-08-27,1348.27,-1.0088
1999-08-30,1324.02,-1.7986
1999-08-31,1320.41,-0.2727
1999-09-01,1331.07,0.8073
1999-09-02,1319.11,-0.8985
1999-09-03,1357.24,2.8906
1999-09-07,1350.45,-0.5003
1999-09-08,1344.15,-0.4665
1999-09-09,1347.66,0.2611
1999-09-10,1351.66,0.2968
1999-09-13,1344.13,-0.5571
1999-09-14,1336.29,-0.5833
1999-09-15,1317.97,-1.371
1999-09-16,1318.48,0.0387
1999-09-17,1335.42,1.2848
1999-09-20,1335.53,0.0082
1999-09-21,1307.58,-2.0928
1999-09-22,1310.51,0.2241
1999-09-23,1280.41,-2.2968
1999-09-24,1277.36,-0.2382
1999-09-27,1283.31,0.4658
1999-09-28,1282.2,-0.0865
1999-09-29,1268.37,-1.0786
1999-09-30,1282.71,1.1306
1999-10-01,1282.81,0.0078
1999-10-04,1304.6,1.6986
1999-10-05,1301.35,-0.2491
1999-10-06,1325.4,1.8481
1999-10-07,1317.64,-0.5855
1999-10-08,1336.02,1.3949
1999-10-11,1335.21,-0.0606
1999-10-12,1313.04,-1.6604
1999-10-13,1285.55,-2.0936
1999-10-14,1283.42,-0.1657
1999-10-15,1247.41,-2.8058
1999-10-18,1254.13,0.5387
1999-10-19,1261.32,0.5733
1999-10-20,1289.43,2.2286
1999-10-21,1283.61,-0.4514
1999-10-22,1301.65,1.4054
1999-10-25,1293.63,-0.6161
1999-10-26,1281.91,-0.906
1999-10-27,1296.71,1.1545
1999-10-28,1342.44,3.5266
1999-10-29,1362.93,1.5263
1999-11-01,1354.12,-0.6464
1999-11-02,1347.74,-0.4712
1999-11-03,1354.93,0.5335
1999-11-04,1362.64,0.569
1999-11-05,1370.23,0.557
1999-11-08,1377.01,0.4948
1999-11-09,1365.28,-0.8518
1999-11-10,1373.46,0.5991
1999-11-11,1381.46,0.5825
1999-11-12,1396.06,1.0569
1999-11-15,1394.39,-0.1196
1999-11-16,1420.07,1.8417
1999-11-17,1410.71,-0.6591
1999-11-18,1424.94,1.0087
1999-11-19,1422.0,-0.2063
1999-11-22,1420.94,-0.0745
1999-11-23,1404.64,-1.1471
1999-11-24,1417.08,0.8856
1999-11-26,1416.62,-0.0325
1999-11-29,1407.83,-0.6205
1999-11-30,1388.91,-1.3439
1999-12-01,1397.72,0.6343
1999-12-02,1409.04,0.8099
1999-12-03,1433.3,1.7217
1999-12-06,1423.33,-0.6956
1999-12-07,1409.17,-0.9949
1999-12-08,1403.88,-0.3754
1999-12-09,1408.11,0.3013
1999-12-10,1417.04,0.6342
1999-12-13,1415.22,-0.1284
1999-12-14,1403.17,-0.8515
1999-12-15,1413.33,0.7241
1999-12-16,1418.78,0.3856
1999-12-17,1421.03,0.1586
1999-12-20,1418.09,-0.2069
1999-12-21,1433.43,1.0817
1999-12-22,1436.13,0.1884
1999-12-23,1458.34,1.5465
1999-12-27,1457.1,-0.085
1999-12-28,1457.66,0.0384
1999-12-29,1463.46,0.3979
1999-12-30,1464.47,0.069
1999-12-31,1469.25,0.3264
2000-01-03,1455.22,-0.9549
2000-01-04,1399.42,-3.8345
2000-01-05,1402.11,0.1922
2000-01-06,1403.45,0.0956
2000-01-07,1441.47,2.709
2000-01-10,1457.6,1.119
2000-01-11,1438.56,-1.3063
2000-01-12,1432.25,-0.4386
2000-01-13,1449.68,1.217
2000-01-14,1465.15,1.0671
2000-01-18,1455.14,-0.6832
2000-01-19,1455.9,0.0522
2000-01-20,1445.57,-0.7095
2000-01-21,1441.36,-0.2912
2000-01-24,1401.53,-2.7634
2000-01-25,1410.03,0.6065
2000-01-26,1404.09,-0.4213
2000-01-27,1398.56,-0.3938
2000-01-28,1360.16,-2.7457
2000-01-31,1394.46,2.5218
2000-02-01,1409.28,1.0628
2000-02-02,1409.12,-0.0114
2000-02-03,1424.97,1.1248
2000-02-04,1424.37,-0.0421
2000-02-07,1424.24,-0.0091
2000-02-08,1441.72,1.2273
2000-02-09,1411.71,-2.0815
2000-02-10,1416.83,0.3627
2000-02-11,1387.12,-2.0969
2000-02-14,1389.94,0.2033
2000-02-15,1402.05,0.8713
2000-02-16,1387.67,-1.0256
2000-02-17,1388.26,0.0425
2000-02-18,1346.09,-3.0376
2000-02-22,1352.17,0.4517
2000-02-23,1360.69,0.6301
2000-02-24,1353.43,-0.5336
2000-02-25,1333.36,-1.4829
2000-02-28,1348.05,1.1017
2000-02-29,1366.42,1.3627
2000-03-01,1379.19,0.9346
2000-03-02,1381.76,0.1863
2000-03-03,1409.17,1.9837
2000-03-06,1391.28,-1.2695
2000-03-07,1355.62,-2.5631
2000-03-08,1366.7,0.8173
2000-03-09,1401.69,2.5602
2000-03-10,1395.07,-0.4723
2000-03-13,1383.62,-0.8207
2000-03-14,1359.15,-1.7685
2000-03-15,1392.14,2.4273
2000-03-16,1458.47,4.7646
2000-03-17,1464.47,0.4114
2000-03-20,1456.63,-0.5353
2000-03-21,1493.87,2.5566
2000-03-22,1500.64,0.4532
2000-03-23,1527.35,1.7799
2000-03-24,1527.46,0.0072
2000-03-27,1523.86,-0.2357
2000-03-28,1507.73,-1.0585
2000-03-29,1508.52,0.0524
2000-03-30,1487.92,-1.3656
2000-03-31,1498.58,0.7164
2000-04-03,1505.97,0.4931
2000-04-04,1494.73,-0.7464
2000-04-05,1487.37,-0.4924
2000-04-06,1501.34,0.9392
2000-04-07,1516.35,0.9998
2000-04-10,1504.46,-0.7841
2000-04-11,1500.59,-0.2572
2000-04-12,1467.17,-2.2271
2000-04-13,1440.51,-1.8171
2000-04-14,1356.56,-5.8278
2000-04-17,1401.44,3.3084
2000-04-18,1441.61,2.8663
2000-04-19,1427.47,-0.9808
2000-04-20,1434.54,0.4953
2000-04-24,1429.86,-0.3262
2000-04-25,1477.44,3.3276
2000-04-26,1460.99,-1.1134
2000-04-27,1464.92,0.269
2000-04-28,1452.43,-0.8526
2000-05-01,1468.25,1.0892
2000-05-02,1446.29,-1.4957
2000-05-03,1415.1,-2.1566
2000-05-04,1409.57,-0.3908
2000-05-05,1432.63,1.636
2000-05-08,1424.17,-0.5905
2000-05-09,1412.14,-0.8447
2000-05-10,1383.05,-2.06
2000-05-11,1407.81,1.7902
2000-05-12,1420.96,0.9341
2000-05-15,1452.36,2.2098
2000-05-16,1466.04,0.9419
2000-05-17,1447.8,-1.2442
2000-05-18,1437.21,-0.7315
2000-05-19,1406.95,-2.1055
2000-05-22,1400.72,-0.4428
2000-05-23,1373.86,-1.9176
2000-05-24,1399.05,1.8335
2000-05-25,1381.52,-1.253
2000-05-26,1378.02,-0.2533
2000-05-30,1422.45,3.2242
2000-05-31,1420.6,-0.1301
2000-06-01,1448.81,1.9858
2000-06-02,1477.26,1.9637
2000-06-05,1467.63,-0.6519
2000-06-06,1457.84,-0.6671
2000-06-07,1471.36,0.9274
2000-06-08,1461.67,-0.6586
2000-06-09,1456.95,-0.3229
2000-06-12,1446.0,-0.7516
2000-06-13,1469.44,1.621
2000-06-14,1470.54,0.0749
2000-06-15,1478.73,0.5569
2000-06-16,1464.46,-0.965
2000-06-19,1486.0,1.4708
2000-06-20,1475.95,-0.6763
2000-06-21,1479.13,0.2155
2000-06-22,1452.18,-1.822
2000-06-23,1441.48,-0.7368
2000-06-26,1455.31,0.9594
2000-06-27,1450.55,-0.3271
2000-06-28,1454.82,0.2944
2000-06-29,1442.39,-0.8544
2000-06-30,1454.6,0.8465
2000-07-03,1469.54,1.0271
2000-07-05,1446.23,-1.5862
2000-07-06,1456.67,0.7219
2000-07-07,1478.9,1.5261
2000-07-10,1475.62,-0.2218
2000-07-11,1480.88,0.3565
2000-07-12,1492.92,0.813
2000-07-13,1495.84,0.1956
2000-07-14,1509.98,0.9453
2000-07-17,1510.49,0.0338
2000-07-18,1493.74,-1.1089
2000-07-19,1481.96,-0.7886
2000-07-20,1495.57,0.9184
2000-07-21,1480.19,-1.0284
2000-07-24,1464.29,-1.0742
2000-07-25,1474.47,0.6952
2000-07-26,1452.42,-1.4955
2000-07-27,1449.62,-0.1928
2000-07-28,1419.89,-2.0509
2000-07-31,1430.83,0.7705
2000-08-01,1438.1,0.5081
2000-08-02,1438.7,0.0417
2000-08-03,1452.56,0.9634
2000-08-04,1462.93,0.7139
2000-08-07,1479.32,1.1204
2000-08-08,1482.8,0.2352
2000-08-09,1472.87,-0.6697
2000-08-10,1460.25,-0.8568
2000-08-11,1471.84,0.7937
2000-08-14,1491.56,1.3398
2000-08-15,1484.43,-0.478
2000-08-16,1479.85,-0.3085
2000-08-17,1496.07,1.0961
2000-08-18,1491.72,-0.2908
2000-08-21,1499.48,0.5202
2000-08-22,1498.13,-0.09
2000-08-23,1505.97,0.5233
2000-08-24,1508.31,0.1554
2000-08-25,1506.45,-0.1233
2000-08-28,1514.09,0.5072
2000-08-29,1509.84,-0.2807
2000-08-30,1502.59,-0.4802
2000-08-31,1517.68,1.0043
2000-09-01,1520.77,0.2036
2000-09-05,1507.08,-0.9002
2000-09-06,1492.25,-0.984
2000-09-07,1502.51,0.6876
2000-09-08,1494.5,-0.5331
2000-09-11,1489.26,-0.3506
2000-09-12,1481.99,-0.4882
2000-09-13,1484.91,0.197
2000-09-14,1480.87,-0.2721
2000-09-15,1465.81,-1.017
2000-09-18,1444.51,-1.4531
2000-09-19,1459.9,1.0654
2000-09-20,1451.34,-0.5863
2000-09-21,1449.05,-0.1578
2000-09-22,1448.72,-0.0228
2000-09-25,1439.03,-0.6689
2000-09-26,1427.21,-0.8214
2000-09-27,1426.57,-0.0448
2000-09-28,1458.29,2.2235
2000-09-29,1436.51,-1.4935
2000-10-02,1436.23,-0.0195
2000-10-03,1426.46,-0.6803
2000-10-04,1434.32,0.551
2000-10-05,1436.28,0.1367
2000-10-06,1408.99,-1.9
2000-10-09,1402.03,-0.494
2000-10-10,1387.02,-1.0706
2000-10-11,1364.59,-1.6171
2000-10-12,1329.78,-2.5509
2000-10-13,1374.17,3.3381
2000-10-16,1374.62,0.0327
2000-10-17,1349.97,-1.7932
2000-10-18,1342.13,-0.5808
2000-10-19,1388.76,3.4743
2000-10-20,1396.93,0.5883
2000-10-23,1395.78,-0.0823
2000-10-24,1398.13,0.1684
2000-10-25,1364.9,-2.3767
2000-10-26,1364.44,-0.0337
2000-10-27,1379.58,1.1096
2000-10-30,1398.66,1.383
2000-10-31,1429.4,2.1978
2000-11-01,1421.22,-0.5723
2000-11-02,1428.32,0.4996
2000-11-03,1426.69,-0.1141
2000-11-06,1432.19,0.3855
2000-11-07,1431.87,-0.0223
2000-11-08,1409.28,-1.5777
2000-11-09,1400.14,-0.6486
2000-11-10,1365.98,-2.4398
2000-11-13,1351.26,-1.0776
2000-11-14,1382.95,2.3452
2000-11-15,1389.81,0.496
2000-11-16,1372.32,-1.2584
2000-11-17,1367.72,-0.3352
2000-11-20,1342.62,-1.8352
2000-11-21,1347.35,0.3523
2000-11-22,1322.36,-1.8548
2000-11-24,1341.77,1.4678
2000-11-27,1348.97,0.5366
2000-11-28,1336.09,-0.9548
2000-11-29,1341.93,0.4371
2000-11-30,1314.95,-2.0105
2000-12-01,1315.23,0.0213
2000-12-04,1324.97,0.7406
2000-12-05,1376.54,3.8922
2000-12-06,1351.46,-1.822
2000-12-07,1343.55,-0.5853
2000-12-08,1369.89,1.9605
2000-12-11,1380.2,0.7526
2000-12-12,1371.18,-0.6535
2000-12-13,1359.99,-0.8161
2000-12-14,1340.93,-1.4015
2000-12-15,1312.15,-2.1463
2000-12-18,1322.74,0.8071
2000-12-19,1305.6,-1.2958
2000-12-20,1264.74,-3.1296
2000-12-21,1274.86,0.8002
2000-12-22,1305.95,2.4387
2000-12-26,1315.19,0.7075
2000-12-27,1328.92,1.044
2000-12-28,1334.22,0.3988
2000-12-29,1320.28,-1.0448
2001-01-02,1283.27,-2.8032
2001-01-03,1347.56,5.0099
2001-01-04,1333.34,-1.0552
2001-01-05,1298.35,-2.6242
2001-01-08,1295.86,-0.1918
2001-01-09,1300.8,0.3812
2001-01-10,1313.27,0.9586
2001-01-11,1326.82,1.0318
2001-01-12,1318.55,-0.6233
2001-01-16,1326.65,0.6143
2001-01-17,1329.47,0.2126
2001-01-18,1347.97,1.3915
2001-01-19,1342.54,-0.4028
2001-01-22,1342.9,0.0268
2001-01-23,1360.4,1.3031
2001-01-24,1364.3,0.2867
2001-01-25,1357.51,-0.4977
2001-01-26,1354.95,-0.1886
2001-01-29,1364.17,0.6805
2001-01-30,1373.73,0.7008
2001-01-31,1366.01,-0.562
2001-02-01,1373.47,0.5461
2001-02-02,1349.47,-1.7474
2001-02-05,1354.31,0.3587
2001-02-06,1352.26,-0.1514
2001-02-07,1340.89,-0.8408
2001-02-08,1332.53,-0.6235
2001-02-09,1314.76,-1.3336
2001-02-12,1330.31,1.1827
2001-02-13,1318.8,-0.8652
2001-02-14,1315.92,-0.2184
2001-02-15,1326.61,0.8124
2001-02-16,1301.53,-1.8905
2001-02-20,1278.94,-1.7356
2001-02-21,1255.27,-1.8508
2001-02-22,1252.82,-0.1952
2001-02-23,1245.86,-0.5555
2001-02-26,1267.65,1.749
2001-02-27,1257.94,-0.766
2001-02-28,1239.94,-1.4309
2001-03-01,1241.23,0.104
2001-03-02,1234.18,-0.568
2001-03-05,1241.41,0.5858
2001-03-06,1253.8,0.9981
2001-03-07,1261.89,0.6452
2001-03-08,1264.74,0.2259
2001-03-09,1233.42,-2.4764
2001-03-12,1180.16,-4.3181
2001-03-13,1197.66,1.4828
2001-03-14,1166.71,-2.5842
2001-03-15,1173.56,0.5871
2001-03-16,1150.53,-1.9624
2001-03-19,1170.81,1.7627
2001-03-20,1142.62,-2.4077
2001-03-21,1122.14,-1.7924
2001-03-22,1117.58,-0.4064
2001-03-23,1139.83,1.9909
2001-03-26,1152.69,1.1282
2001-03-27,1182.17,2.5575
2001-03-28,1153.29,-2.443
2001-03-29,1147.95,-0.463
2001-03-30,1160.33,1.0784
2001-04-02,1145.87,-1.2462
2001-04-03,1106.46,-3.4393
2001-04-04,1103.25,-0.2901
2001-04-05,1151.44,4.368
2001-04-06,1128.43,-1.9984
2001-04-09,1137.59,0.8117
2001-04-10,1168.38,2.7066
2001-04-11,1165.89,-0.2131
2001-04-12,1183.5,1.5104
2001-04-16,1179.68,-0.3228
2001-04-17,1191.81,1.0282
2001-04-18,1238.16,3.889
2001-04-19,1253.69,1.2543
2001-04-20,1242.98,-0.8543
2001-04-23,1224.36,-1.498
2001-04-24,1209.47,-1.2161
2001-04-25,1228.75,1.5941
2001-04-26,1234.52,0.4696
2001-04-27,1253.05,1.501
2001-04-30,1249.46,-0.2865
2001-05-01,1266.44,1.359
2001-05-02,1267.43,0.0782
2001-05-03,1248.58,-1.4873
2001-05-04,1266.61,1.444
2001-05-07,1263.51,-0.2447
2001-05-08,1261.2,-0.1828
2001-05-09,1255.54,-0.4488
2001-05-10,1255.18,-0.0287
2001-05-11,1245.67,-0.7577
2001-05-14,1248.92,0.2609
2001-05-15,1249.44,0.0416
2001-05-16,1284.99,2.8453
2001-05-17,1288.49,0.2724
2001-05-18,1291.96,0.2693
2001-05-21,1312.83,1.6154
2001-05-22,1309.38,-0.2628
2001-05-23,1289.05,-1.5526
2001-05-24,1293.17,0.3196
2001-05-25,1277.89,-1.1816
2001-05-29,1267.93,-0.7794
2001-05-30,1248.08,-1.5655
2001-05-31,1255.82,0.6202
2001-06-01,1260.67,0.3862
2001-06-04,1267.11,0.5108
2001-06-05,1283.57,1.299
2001-06-06,1270.03,-1.0549
2001-06-07,1276.96,0.5457
2001-06-08,1264.96,-0.9397
2001-06-11,1254.39,-0.8356
2001-06-12,1255.85,0.1164
2001-06-13,1241.6,-1.1347
2001-06-14,1219.87,-1.7502
2001-06-15,1214.36,-0.4517
2001-06-18,1208.43,-0.4883
2001-06-19,1212.58,0.3434
2001-06-20,1223.14,0.8709
2001-06-21,1237.04,1.1364
2001-06-22,1225.35,-0.945
2001-06-25,1218.6,-0.5509
2001-06-26,1216.76,-0.151
2001-06-27,1211.07,-0.4676
2001-06-28,1226.2,1.2493
2001-06-29,1224.38,-0.1484
2001-07-02,1236.72,1.0079
2001-07-03,1234.45,-0.1836
2001-07-05,1219.24,-1.2321
2001-07-06,1190.59,-2.3498
2001-07-09,1198.78,0.6879
2001-07-10,1181.52,-1.4398
2001-07-11,1180.18,-0.1134
2001-07-12,1208.14,2.3691
2001-07-13,1215.68,0.6241
2001-07-16,1202.45,-1.0883
2001-07-17,1214.44,0.9971
2001-07-18,1207.71,-0.5542
2001-07-19,1215.02,0.6053
2001-07-20,1210.85,-0.3432
2001-07-23,1191.03,-1.6369
2001-07-24,1171.65,-1.6272
2001-07-25,1190.49,1.608
2001-07-26,1202.93,1.0449
2001-07-27,1205.82,0.2402
2001-07-30,1204.52,-0.1078
2001-07-31,1211.23,0.5571
2001-08-01,1215.93,0.388
2001-08-02,1220.75,0.3964
2001-08-03,1214.35,-0.5243
2001-08-06,1200.48,-1.1422
2001-08-07,1204.4,0.3265
2001-08-08,1183.53,-1.7328
2001-08-09,1183.43,-0.0084
2001-08-10,1190.16,0.5687
2001-08-13,1191.29,0.0949
2001-08-14,1186.73,-0.3828
2001-08-15,1178.02,-0.7339
2001-08-16,1181.66,0.309
2001-08-17,1161.97,-1.6663
2001-08-20,1171.41,0.8124
2001-08-21,1157.26,-1.2079
2001-08-22,1165.31,0.6956
2001-08-23,1162.09,-0.2763
2001-08-24,1184.93,1.9654
2001-08-27,1179.21,-0.4827
2001-08-28,1161.51,-1.501
2001-08-29,1148.56,-1.1149
2001-08-30,1129.03,-1.7004
2001-08-31,1133.58,0.403
2001-09-04,1132.94,-0.0565
2001-09-05,1131.74,-0.1059
2001-09-06,1106.4,-2.239
2001-09-07,1085.78,-1.8637
2001-09-10,1092.54,0.6226
2001-09-17,1038.77,-4.9216
2001-09-18,1032.74,-0.5805
2001-09-19,1016.1,-1.6112
2001-09-20,984.54,-3.106
2001-09-21,965.8,-1.9034
2001-09-24,1003.45,3.8983
2001-09-25,1012.27,0.879
2001-09-26,1007.04,-0.5167
2001-09-27,1018.61,1.1489
2001-09-28,1040.94,2.1922
2001-10-01,1038.55,-0.2296
2001-10-02,1051.33,1.2306
2001-10-03,1072.28,1.9927
2001-10-04,1069.63,-0.2471
2001-10-05,1071.38,0.1636
2001-10-08,1062.44,-0.8344
2001-10-09,1056.75,-0.5356
2001-10-10,1080.99,2.2938
2001-10-11,1097.43,1.5208
2001-10-12,1091.65,-0.5267
2001-10-15,1089.98,-0.153
2001-10-16,1097.54,0.6936
2001-10-17,1077.09,-1.8633
2001-10-18,1068.61,-0.7873
2001-10-19,1073.48,0.4557
2001-10-22,1089.9,1.5296
2001-10-23,1084.78,-0.4698
2001-10-24,1085.2,0.0387
2001-10-25,1100.09,1.3721
2001-10-26,1104.61,0.4109
2001-10-29,1078.3,-2.3818
2001-10-30,1059.79,-1.7166
2001-10-31,1059.78,-0.0009
2001-11-01,1084.1,2.2948
2001-11-02,1087.2,0.286
2001-11-05,1102.84,1.4386
2001-11-06,1118.86,1.4526
2001-11-07,1115.8,-0.2735
2001-11-08,1118.54,0.2456
2001-11-09,1120.31,0.1582
2001-11-12,1118.33,-0.1767
2001-11-13,1139.09,1.8563
2001-11-14,1141.21,0.1861
2001-11-15,1142.24,0.0903
2001-11-16,1138.65,-0.3143
2001-11-19,1151.06,1.0899
2001-11-20,1142.66,-0.7298
2001-11-21,1137.03,-0.4927
2001-11-23,1150.34,1.1706
2001-11-26,1157.42,0.6155
2001-11-27,1149.5,-0.6843
2001-11-28,1128.52,-1.8251
2001-11-29,1140.2,1.035
2001-11-30,1139.45,-0.0658
2001-12-03,1129.9,-0.8381
2001-12-04,1144.8,1.3187
2001-12-05,1170.35,2.2318
2001-12-06,1167.1,-0.2777
2001-12-07,1158.31,-0.7531
2001-12-10,1139.93,-1.5868
2001-12-11,1136.76,-0.2781
2001-12-12,1137.07,0.0273
2001-12-13,1119.38,-1.5558
2001-12-14,1123.09,0.3314
2001-12-17,1134.36,1.0035
2001-12-18,1142.92,0.7546
2001-12-19,1149.56,0.581
2001-12-20,1139.93,-0.8377
2001-12-21,1144.89,0.4351
2001-12-24,1144.65,-0.021
2001-12-26,1149.37,0.4124
2001-12-27,1157.13,0.6752
2001-12-28,1161.02,0.3362
2001-12-31,1148.08,-1.1145
2002-01-02,1154.67,0.574
2002-01-03,1165.27,0.918
2002-01-04,1172.51,0.6213
2002-01-07,1164.89,-0.6499
2002-01-08,1160.71,-0.3588
2002-01-09,1155.14,-0.4799
2002-01-10,1156.55,0.1221
2002-01-11,1145.6,-0.9468
2002-01-14,1138.41,-0.6276
2002-01-15,1146.19,0.6834
2002-01-16,1127.57,-1.6245
2002-01-17,1138.88,1.003
2002-01-18,1127.58,-0.9922
2002-01-22,1119.31,-0.7334
2002-01-23,1128.18,0.7925
2002-01-24,1132.15,0.3519
2002-01-25,1133.28,0.0998
2002-01-28,1133.06,-0.0194
2002-01-29,1100.64,-2.8613
2002-01-30,1113.57,1.1748
2002-01-31,1130.2,1.4934
2002-02-01,1122.2,-0.7078
2002-02-04,1094.44,-2.4737
2002-02-05,1090.02,-0.4039
2002-02-06,1083.51,-0.5972
2002-02-07,1080.17,-0.3083
2002-02-08,1096.22,1.4859
2002-02-11,1111.94,1.434
2002-02-12,1107.5,-0.3993
2002-02-13,1118.51,0.9941
2002-02-14,1116.48,-0.1815
2002-02-15,1104.18,-1.1017
2002-02-19,1083.34,-1.8874
2002-02-20,1097.98,1.3514
2002-02-21,1080.95,-1.551
2002-02-22,1089.84,0.8224
2002-02-25,1109.43,1.7975
2002-02-26,1109.38,-0.0045
2002-02-27,1109.89,0.046
2002-02-28,1106.73,-0.2847
2002-03-01,1131.78,2.2634
2002-03-04,1153.84,1.9491
2002-03-05,1146.14,-0.6673
2002-03-06,1162.77,1.451
2002-03-07,1157.54,-0.4498
2002-03-08,1164.31,0.5849
2002-03-11,1168.26,0.3393
2002-03-12,1165.58,-0.2294
2002-03-13,1154.09,-0.9858
2002-03-14,1153.04,-0.091
2002-03-15,1166.16,1.1379
2002-03-18,1165.55,-0.0523
2002-03-19,1170.29,0.4067
2002-03-20,1151.85,-1.5757
2002-03-21,1153.59,0.1511
2002-03-22,1148.7,-0.4239
2002-03-25,1131.87,-1.4651
2002-03-26,1138.49,0.5849
2002-03-27,1144.58,0.5349
2002-03-28,1147.39,0.2455
2002-04-01,1146.54,-0.0741
2002-04-02,1136.76,-0.853
2002-04-03,1125.4,-0.9993
2002-04-04,1126.34,0.0835
2002-04-05,1122.73,-0.3205
2002-04-08,1125.29,0.228
2002-04-09,1117.8,-0.6656
2002-04-10,1130.47,1.1335
2002-04-11,1103.69,-2.3689
2002-04-12,1111.01,0.6632
2002-04-15,1102.55,-0.7615
2002-04-16,1128.37,2.3418
2002-04-17,1126.07,-0.2038
2002-04-18,1124.47,-0.1421
2002-04-19,1125.17,0.0623
2002-04-22,1107.83,-1.5411
2002-04-23,1100.96,-0.6201
2002-04-24,1093.14,-0.7103
2002-04-25,1091.48,-0.1519
2002-04-26,1076.32,-1.3889
2002-04-29,1065.45,-1.0099
2002-04-30,1076.92,1.0765
2002-05-01,1086.46,0.8859
2002-05-02,1084.56,-0.1749
2002-05-03,1073.43,-1.0262
2002-05-06,1052.67,-1.934
2002-05-07,1049.49,-0.3021
2002-05-08,1088.85,3.7504
2002-05-09,1073.01,-1.4547
2002-05-10,1054.99,-1.6794
2002-05-13,1074.56,1.855
2002-05-14,1097.28,2.1144
2002-05-15,1091.07,-0.5659
2002-05-16,1098.23,0.6562
2002-05-17,1106.59,0.7612
2002-05-20,1091.88,-1.3293
2002-05-21,1079.88,-1.099
2002-05-22,1086.02,0.5686
2002-05-23,1097.08,1.0184
2002-05-24,1083.82,-1.2087
2002-05-28,1074.55,-0.8553
2002-05-29,1067.66,-0.6412
2002-05-30,1064.66,-0.281
2002-05-31,1067.14,0.2329
2002-06-03,1040.68,-2.4795
2002-06-04,1040.69,0.001
2002-06-05,1049.9,0.885
2002-06-06,1029.15,-1.9764
2002-06-07,1027.53,-0.1574
2002-06-10,1030.74,0.3124
2002-06-11,1013.6,-1.6629
2002-06-12,1020.26,0.6571
2002-06-13,1009.56,-1.0488
2002-06-14,1007.27,-0.2268
2002-06-17,1036.17,2.8691
2002-06-18,1037.14,0.0936
2002-06-19,1019.99,-1.6536
2002-06-20,1006.29,-1.3432
2002-06-21,989.14,-1.7043
2002-06-24,992.72,0.3619
2002-06-25,976.14,-1.6702
2002-06-26,973.53,-0.2674
2002-06-27,990.64,1.7575
2002-06-28,989.82,-0.0828
2002-07-01,968.65,-2.1388
2002-07-02,948.09,-2.1225
2002-07-03,953.99,0.6223
2002-07-05,989.03,3.673
2002-07-08,976.98,-1.2184
2002-07-09,952.83,-2.4719
2002-07-10,920.47,-3.3962
2002-07-11,927.37,0.7496
2002-07-12,921.39,-0.6448
2002-07-15,917.93,-0.3755
2002-07-16,900.94,-1.8509
2002-07-17,906.04,0.5661
2002-07-18,881.56,-2.7019
2002-07-19,847.75,-3.8352
2002-07-22,819.85,-3.2911
2002-07-23,797.7,-2.7017
2002-07-24,843.43,5.7327
2002-07-25,838.68,-0.5632
2002-07-26,852.84,1.6884
2002-07-29,898.96,5.4078
2002-07-30,902.78,0.4249
2002-07-31,911.62,0.9792
2002-08-01,884.66,-2.9574
2002-08-02,864.24,-2.3082
2002-08-05,834.6,-3.4296
2002-08-06,859.57,2.9919
2002-08-07,876.77,2.001
2002-08-08,905.46,3.2722
2002-08-09,908.64,0.3512
2002-08-12,903.8,-0.5327
2002-08-13,884.21,-2.1675
2002-08-14,919.62,4.0047
2002-08-15,930.25,1.1559
2002-08-16,928.77,-0.1591
2002-08-19,950.7,2.3612
2002-08-20,937.43,-1.3958
2002-08-21,949.36,1.2726
2002-08-22,962.7,1.4052
2002-08-23,940.86,-2.2686
2002-08-26,947.95,0.7536
2002-08-27,934.82,-1.3851
2002-08-28,917.87,-1.8132
2002-08-29,917.8,-0.0076
2002-08-30,916.07,-0.1885
2002-09-03,878.02,-4.1536
2002-09-04,893.4,1.7517
2002-09-05,879.15,-1.595
2002-09-06,893.92,1.68
2002-09-09,902.96,1.0113
2002-09-10,909.58,0.7331
2002-09-11,909.45,-0.0143
2002-09-12,886.91,-2.4784
2002-09-13,889.81,0.327
2002-09-16,891.1,0.145
2002-09-17,873.52,-1.9728
2002-09-18,869.46,-0.4648
2002-09-19,843.32,-3.0065
2002-09-20,845.39,0.2455
2002-09-23,833.7,-1.3828
2002-09-24,819.29,-1.7284
2002-09-25,839.66,2.4863
2002-09-26,854.95,1.821
2002-09-27,827.37,-3.2259
2002-09-30,815.28,-1.4613
2002-10-01,847.91,4.0023
2002-10-02,827.91,-2.3587
2002-10-03,818.95,-1.0822
2002-10-04,800.58,-2.2431
2002-10-07,785.28,-1.9111
2002-10-08,798.55,1.6898
2002-10-09,776.76,-2.7287
2002-10-10,803.92,3.4966
2002-10-11,835.32,3.9059
2002-10-14,841.44,0.7327
2002-10-15,881.27,4.7336
2002-10-16,860.02,-2.4113
2002-10-17,879.2,2.2302
2002-10-18,884.39,0.5903
2002-10-21,899.72,1.7334
2002-10-22,890.16,-1.0626
2002-10-23,896.14,0.6718
2002-10-24,882.5,-1.5221
2002-10-25,897.65,1.7167
2002-10-28,890.23,-0.8266
2002-10-29,882.15,-0.9076
2002-10-30,890.71,0.9704
2002-10-31,885.76,-0.5557
2002-11-01,900.96,1.716
2002-11-04,908.35,0.8202
2002-11-05,915.39,0.775
2002-11-06,923.76,0.9144
2002-11-07,902.65,-2.2852
2002-11-08,894.74,-0.8763
2002-11-11,876.19,-2.0732
2002-11-12,882.95,0.7715
2002-11-13,882.53,-0.0476
2002-11-14,904.27,2.4634
2002-11-15,909.83,0.6149
2002-11-18,900.36,-1.0409
2002-11-19,896.74,-0.4021
2002-11-20,914.15,1.9415
2002-11-21,933.76,2.1452
2002-11-22,930.55,-0.3438
2002-11-25,932.87,0.2493
2002-11-26,913.31,-2.0968
2002-11-27,938.87,2.7986
2002-11-29,936.31,-0.2727
2002-12-02,934.53,-0.1901
2002-12-03,920.75,-1.4745
2002-12-04,917.58,-0.3443
2002-12-05,906.55,-1.2021
2002-12-06,912.23,0.6266
2002-12-09,892.0,-2.2176
2002-12-10,904.45,1.3957
2002-12-11,904.96,0.0564
2002-12-12,901.58,-0.3735
2002-12-13,889.48,-1.3421
2002-12-16,910.4,2.3519
2002-12-17,902.99,-0.8139
2002-12-18,891.12,-1.3145
2002-12-19,884.25,-0.7709
2002-12-20,895.76,1.3017
2002-12-23,897.38,0.1809
2002-12-24,892.47,-0.5471
2002-12-26,889.66,-0.3149
2002-12-27,875.4,-1.6029
2002-12-30,879.39,0.4558
2002-12-31,879.82,0.0489
2003-01-02,909.03,3.32
2003-01-03,908.59,-0.0484
2003-01-06,929.01,2.2474
2003-01-07,922.93,-0.6545
2003-01-08,909.93,-1.4086
2003-01-09,927.57,1.9386
2003-01-10,927.57,0.0
2003-01-13,926.26,-0.1412
2003-01-14,931.66,0.583
2003-01-15,918.22,-1.4426
2003-01-16,914.6,-0.3942
2003-01-17,901.78,-1.4017
2003-01-21,887.62,-1.5702
2003-01-22,878.36,-1.0432
2003-01-23,887.34,1.0224
2003-01-24,861.4,-2.9233
2003-01-27,847.48,-1.616
2003-01-28,858.54,1.305
2003-01-29,864.36,0.6779
2003-01-30,844.61,-2.2849
2003-01-31,855.7,1.313
2003-02-03,860.32,0.5399
2003-02-04,848.2,-1.4088
2003-02-05,843.59,-0.5435
2003-02-06,838.15,-0.6449
2003-02-07,829.69,-1.0094
2003-02-10,835.97,0.7569
2003-02-11,829.2,-0.8098
2003-02-12,818.68,-1.2687
2003-02-13,817.37,-0.16
2003-02-14,834.89,2.1435
2003-02-18,851.17,1.95
2003-02-19,845.13,-0.7096
2003-02-20,837.1,-0.9501
2003-02-21,848.17,1.3224
2003-02-24,832.58,-1.8381
2003-02-25,838.57,0.7195
2003-02-26,827.55,-1.3141
2003-02-27,837.28,1.1758
2003-02-28,841.15,0.4622
2003-03-03,834.81,-0.7537
2003-03-04,821.99,-1.5357
2003-03-05,829.85,0.9562
2003-03-06,822.1,-0.9339
2003-03-07,828.89,0.8259
2003-03-10,807.48,-2.583
2003-03-11,800.73,-0.8359
2003-03-12,804.19,0.4321
2003-03-13,831.9,3.4457
2003-03-14,833.27,0.1647
2003-03-17,862.79,3.5427
2003-03-18,866.45,0.4242
2003-03-19,874.02,0.8737
2003-03-20,875.67,0.1888
2003-03-21,895.79,2.2977
2003-03-24,864.23,-3.5231
2003-03-25,874.74,1.2161
2003-03-26,869.95,-0.5476
2003-03-27,868.52,-0.1644
2003-03-28,863.5,-0.578
2003-03-31,848.18,-1.7742
2003-04-01,858.48,1.2144
2003-04-02,880.9,2.6116
2003-04-03,876.45,-0.5052
2003-04-04,878.85,0.2738
2003-04-07,879.93,0.1229
2003-04-08,878.29,-0.1864
2003-04-09,865.99,-1.4004
2003-04-10,871.58,0.6455
2003-04-11,868.3,-0.3763
2003-04-14,885.23,1.9498
2003-04-15,890.81,0.6303
2003-04-16,879.91,-1.2236
2003-04-17,893.58,1.5536
2003-04-21,892.01,-0.1757
2003-04-22,911.37,2.1704
2003-04-23,919.02,0.8394
2003-04-24,911.43,-0.8259
2003-04-25,898.81,-1.3846
2003-04-28,914.84,1.7835
2003-04-29,917.84,0.3279
2003-04-30,916.92,-0.1002
2003-05-01,916.3,-0.0676
2003-05-02,930.08,1.5039
2003-05-05,926.55,-0.3795
2003-05-06,934.39,0.8461
2003-05-07,929.62,-0.5105
2003-05-08,920.27,-1.0058
2003-05-09,933.41,1.4278
2003-05-12,945.11,1.2535
2003-05-13,942.3,-0.2973
2003-05-14,939.28,-0.3205
2003-05-15,946.67,0.7868
2003-05-16,944.3,-0.2504
2003-05-19,920.77,-2.4918
2003-05-20,919.73,-0.1129
2003-05-21,923.42,0.4012
2003-05-22,931.87,0.9151
2003-05-23,933.22,0.1449
2003-05-27,951.48,1.9567
2003-05-28,953.22,0.1829
2003-05-29,949.64,-0.3756
2003-05-30,963.59,1.469
2003-06-02,967.0,0.3539
2003-06-03,971.56,0.4716
2003-06-04,986.24,1.511
2003-06-05,990.14,0.3954
2003-06-06,987.76,-0.2404
2003-06-09,975.93,-1.1977
2003-06-10,984.84,0.913
2003-06-11,997.48,1.2835
2003-06-12,998.51,0.1033
2003-06-13,988.61,-0.9915
2003-06-16,1010.74,2.2385
2003-06-17,1011.66,0.091
2003-06-18,1010.09,-0.1552
2003-06-19,994.7,-1.5236
2003-06-20,995.69,0.0995
2003-06-23,981.64,-1.4111
2003-06-24,983.45,0.1844
2003-06-25,975.32,-0.8267
2003-06-26,985.82,1.0766
2003-06-27,976.22,-0.9738
2003-06-30,974.5,-0.1762
2003-07-01,982.32,0.8025
2003-07-02,993.75,1.1636
2003-07-03,985.7,-0.8101
2003-07-07,1004.42,1.8992
2003-07-08,1007.84,0.3405
2003-07-09,1002.21,-0.5586
2003-07-10,988.7,-1.348
2003-07-11,998.14,0.9548
2003-07-14,1003.86,0.5731
2003-07-15,1000.42,-0.3427
2003-07-16,994.09,-0.6327
2003-07-17,981.73,-1.2433
2003-07-18,993.32,1.1806
2003-07-21,978.8,-1.4618
2003-07-22,988.11,0.9512
2003-07-23,988.61,0.0506
2003-07-24,981.6,-0.7091
2003-07-25,998.68,1.74
2003-07-28,996.52,-0.2163
2003-07-29,989.28,-0.7265
2003-07-30,987.49,-0.1809
2003-07-31,990.31,0.2856
2003-08-01,980.15,-1.0259
2003-08-04,982.82,0.2724
2003-08-05,965.46,-1.7663
2003-08-06,967.08,0.1678
2003-08-07,974.12,0.728
2003-08-08,977.59,0.3562
2003-08-11,980.59,0.3069
2003-08-12,990.35,0.9953
2003-08-13,984.03,-0.6382
2003-08-14,990.51,0.6585
2003-08-15,990.67,0.0162
2003-08-18,999.74,0.9155
2003-08-19,1002.35,0.2611
2003-08-20,1000.3,-0.2045
2003-08-21,1003.27,0.2969
2003-08-22,993.06,-1.0177
2003-08-25,993.71,0.0655
2003-08-26,996.73,0.3039
2003-08-27,996.79,0.006
2003-08-28,1002.84,0.6069
2003-08-29,1008.01,0.5155
2003-09-02,1021.99,1.3869
2003-09-03,1026.27,0.4188
2003-09-04,1027.97,0.1656
2003-09-05,1021.39,-0.6401
2003-09-08,1031.64,1.0035
2003-09-09,1023.17,-0.821
2003-09-10,1010.92,-1.1973
2003-09-11,1016.42,0.5441
2003-09-12,1018.63,0.2174
2003-09-15,1014.81,-0.375
2003-09-16,1029.32,1.4298
2003-09-17,1025.97,-0.3255
2003-09-18,1039.58,1.3265
2003-09-19,1036.3,-0.3155
2003-09-22,1022.82,-1.3008
2003-09-23,1029.03,0.6071
2003-09-24,1009.38,-1.9096
2003-09-25,1003.27,-0.6053
2003-09-26,996.85,-0.6399
2003-09-29,1006.58,0.9761
2003-09-30,995.97,-1.0541
2003-10-01,1018.22,2.234
2003-10-02,1020.24,0.1984
2003-10-03,1029.85,0.9419
2003-10-06,1034.35,0.437
2003-10-07,1039.25,0.4737
2003-10-08,1033.78,-0.5263
2003-10-09,1038.73,0.4788
2003-10-10,1038.06,-0.0645
2003-10-13,1045.35,0.7023
2003-10-14,1049.48,0.3951
2003-10-15,1046.76,-0.2592
2003-10-16,1050.07,0.3162
2003-10-17,1039.32,-1.0237
2003-10-20,1044.68,0.5157
2003-10-21,1046.03,0.1292
2003-10-22,1030.36,-1.498
2003-10-23,1033.77,0.331
2003-10-24,1028.91,-0.4701
2003-10-27,1031.13,0.2158
2003-10-28,1046.79,1.5187
2003-10-29,1048.11,0.1261
2003-10-30,1046.94,-0.1116
2003-10-31,1050.71,0.3601
2003-11-03,1059.02,0.7909
2003-11-04,1053.25,-0.5448
2003-11-05,1051.81,-0.1367
2003-11-06,1058.05,0.5933
2003-11-07,1053.21,-0.4574
2003-11-10,1047.11,-0.5792
2003-11-11,1046.57,-0.0516
2003-11-12,1058.53,1.1428
2003-11-13,1058.41,-0.0113
2003-11-14,1050.35,-0.7615
2003-11-17,1043.63,-0.6398
2003-11-18,1034.15,-0.9084
2003-11-19,1042.44,0.8016
2003-11-20,1033.65,-0.8432
2003-11-21,1035.28,0.1577
2003-11-24,1052.08,1.6227
2003-11-25,1053.89,0.172
2003-11-26,1058.45,0.4327
2003-11-28,1058.2,-0.0236
2003-12-01,1070.12,1.1264
2003-12-02,1066.62,-0.3271
2003-12-03,1064.73,-0.1772
2003-12-04,1069.72,0.4687
2003-12-05,1061.5,-0.7684
2003-12-08,1069.3,0.7348
2003-12-09,1060.18,-0.8529
2003-12-10,1059.05,-0.1066
2003-12-11,1071.21,1.1482
2003-12-12,1074.14,0.2735
2003-12-15,1068.04,-0.5679
2003-12-16,1075.13,0.6638
2003-12-17,1076.48,0.1256
2003-12-18,1089.18,1.1798
2003-12-19,1088.66,-0.0477
2003-12-22,1092.94,0.3931
2003-12-23,1096.02,0.2818
2003-12-24,1094.04,-0.1807
2003-12-26,1095.89,0.1691
2003-12-29,1109.48,1.2401
2003-12-30,1109.64,0.0144
2003-12-31,1111.92,0.2055
2004-01-02,1108.48,-0.3094
2004-01-05,1122.22,1.2395
2004-01-06,1123.67,0.1292
2004-01-07,1126.33,0.2367
2004-01-08,1131.92,0.4963
2004-01-09,1121.86,-0.8888
2004-01-12,1127.23,0.4787
2004-01-13,1121.22,-0.5332
2004-01-14,1130.52,0.8295
2004-01-15,1132.05,0.1353
2004-01-16,1139.83,0.6872
2004-01-20,1138.77,-0.093
2004-01-21,1147.62,0.7772
2004-01-22,1143.94,-0.3207
2004-01-23,1141.55,-0.2089
2004-01-26,1155.37,1.2106
2004-01-27,1144.05,-0.9798
2004-01-28,1128.48,-1.361
2004-01-29,1134.11,0.4989
2004-01-30,1131.13,-0.2628
2004-02-02,1135.26,0.3651
2004-02-03,1136.03,0.0678
2004-02-04,1126.52,-0.8371
2004-02-05,1128.59,0.1838
2004-02-06,1142.76,1.2555
2004-02-09,1139.81,-0.2581
2004-02-10,1145.54,0.5027
2004-02-11,1157.76,1.0667
2004-02-12,1152.11,-0.488
2004-02-13,1145.81,-0.5468
2004-02-17,1156.99,0.9757
2004-02-18,1151.82,-0.4468
2004-02-19,1147.06,-0.4133
2004-02-20,1144.11,-0.2572
2004-02-23,1140.99,-0.2727
2004-02-24,1139.09,-0.1665
2004-02-25,1143.67,0.4021
2004-02-26,1144.91,0.1084
2004-02-27,1144.94,0.0026
2004-03-01,1155.97,0.9634
2004-03-02,1149.1,-0.5943
2004-03-03,1151.03,0.168
2004-03-04,1154.87,0.3336
2004-03-05,1156.86,0.1723
2004-03-08,1147.2,-0.835
2004-03-09,1140.58,-0.5771
2004-03-10,1123.89,-1.4633
2004-03-11,1106.78,-1.5224
2004-03-12,1120.57,1.246
2004-03-15,1104.49,-1.435
2004-03-16,1110.7,0.5623
2004-03-17,1123.75,1.1749
2004-03-18,1122.32,-0.1273
2004-03-19,1109.78,-1.1173
2004-03-22,1095.4,-1.2958
2004-03-23,1093.95,-0.1324
2004-03-24,1091.33,-0.2395
2004-03-25,1109.19,1.6365
2004-03-26,1108.06,-0.1019
2004-03-29,1122.47,1.3005
2004-03-30,1127.0,0.4036
2004-03-31,1126.21,-0.0701
2004-04-01,1132.17,0.5292
2004-04-02,1141.81,0.8515
2004-04-05,1150.57,0.7672
2004-04-06,1148.16,-0.2095
2004-04-07,1140.53,-0.6645
2004-04-08,1139.32,-0.1061
2004-04-12,1145.2,0.5161
2004-04-13,1129.44,-1.3762
2004-04-14,1128.17,-0.1124
2004-04-15,1128.84,0.0594
2004-04-16,1134.61,0.5111
2004-04-19,1135.82,0.1066
2004-04-20,1118.15,-1.5557
2004-04-21,1124.09,0.5312
2004-04-22,1139.93,1.4091
2004-04-23,1140.6,0.0588
2004-04-26,1135.53,-0.4445
2004-04-27,1138.11,0.2272
2004-04-28,1122.41,-1.3795
2004-04-29,1113.89,-0.7591
2004-04-30,1107.3,-0.5916
2004-05-03,1117.49,0.9203
2004-05-04,1119.55,0.1843
2004-05-05,1121.53,0.1769
2004-05-06,1113.99,-0.6723
2004-05-07,1098.7,-1.3725
2004-05-10,1087.12,-1.054
2004-05-11,1095.45,0.7662
2004-05-12,1097.28,0.1671
2004-05-13,1096.44,-0.0766
2004-05-14,1095.7,-0.0675
2004-05-17,1084.1,-1.0587
2004-05-18,1091.49,0.6817
2004-05-19,1088.68,-0.2574
2004-05-20,1089.19,0.0468
2004-05-21,1093.56,0.4012
2004-05-24,1095.41,0.1692
2004-05-25,1113.05,1.6104
2004-05-26,1114.94,0.1698
2004-05-27,1121.28,0.5686
2004-05-28,1120.68,-0.0535
2004-06-01,1121.2,0.0464
2004-06-02,1124.99,0.338
2004-06-03,1116.64,-0.7422
2004-06-04,1122.5,0.5248
2004-06-07,1140.42,1.5964
2004-06-08,1142.18,0.1543
2004-06-09,1131.33,-0.9499
2004-06-10,1136.47,0.4543
2004-06-14,1125.29,-0.9837
2004-06-15,1132.01,0.5972
2004-06-16,1133.56,0.1369
2004-06-17,1132.05,-0.1332
2004-06-18,1135.02,0.2624
2004-06-21,1130.3,-0.4159
2004-06-22,1134.41,0.3636
2004-06-23,1144.06,0.8507
2004-06-24,1140.65,-0.2981
2004-06-25,1134.43,-0.5453
2004-06-28,1133.35,-0.0952
2004-06-29,1136.2,0.2515
2004-06-30,1140.84,0.4084
2004-07-01,1128.94,-1.0431
2004-07-02,1125.38,-0.3153
2004-07-06,1116.21,-0.8148
2004-07-07,1118.33,0.1899
2004-07-08,1109.11,-0.8244
2004-07-09,1112.81,0.3336
2004-07-12,1114.35,0.1384
2004-07-13,1115.14,0.0709
2004-07-14,1111.47,-0.3291
2004-07-15,1106.69,-0.4301
2004-07-16,1101.39,-0.4789
2004-07-19,1100.9,-0.0445
2004-07-20,1108.67,0.7058
2004-07-21,1093.88,-1.334
2004-07-22,1096.84,0.2706
2004-07-23,1086.2,-0.9701
2004-07-26,1084.07,-0.1961
2004-07-27,1094.83,0.9926
2004-07-28,1095.42,0.0539
2004-07-29,1100.43,0.4574
2004-07-30,1101.72,0.1172
2004-08-02,1106.62,0.4448
2004-08-03,1099.69,-0.6262
2004-08-04,1098.63,-0.0964
2004-08-05,1080.7,-1.632
2004-08-06,1063.97,-1.5481
2004-08-09,1065.22,0.1175
2004-08-10,1079.04,1.2974
2004-08-11,1075.79,-0.3012
2004-08-12,1063.23,-1.1675
2004-08-13,1064.8,0.1477
2004-08-16,1079.34,1.3655
2004-08-17,1081.71,0.2196
2004-08-18,1095.17,1.2443
2004-08-19,1091.23,-0.3598
2004-08-20,1098.35,0.6525
2004-08-23,1095.68,-0.2431
2004-08-24,1096.19,0.0465
2004-08-25,1104.96,0.8
2004-08-26,1105.09,0.0118
2004-08-27,1107.77,0.2425
2004-08-30,1099.15,-0.7781
2004-08-31,1104.24,0.4631
2004-09-01,1105.91,0.1512
2004-09-02,1118.31,1.1212
2004-09-03,1113.63,-0.4185
2004-09-07,1121.3,0.6887
2004-09-08,1116.27,-0.4486
2004-09-09,1118.38,0.189
2004-09-10,1123.92,0.4954
2004-09-13,1125.82,0.1691
2004-09-14,1128.33,0.2229
2004-09-15,1120.37,-0.7055
2004-09-16,1123.5,0.2794
2004-09-17,1128.55,0.4495
2004-09-20,1122.2,-0.5627
2004-09-21,1129.3,0.6327
2004-09-22,1113.56,-1.3938
2004-09-23,1108.36,-0.467
2004-09-24,1110.11,0.1579
2004-09-27,1103.52,-0.5936
2004-09-28,1110.06,0.5926
2004-09-29,1114.8,0.427
2004-09-30,1114.58,-0.0197
2004-10-01,1131.5,1.5181
2004-10-04,1135.17,0.3243
2004-10-05,1134.48,-0.0608
2004-10-06,1142.05,0.6673
2004-10-07,1130.65,-0.9982
2004-10-08,1122.14,-0.7527
2004-10-11,1124.39,0.2005
2004-10-12,1121.84,-0.2268
2004-10-13,1113.65,-0.7301
2004-10-14,1103.29,-0.9303
2004-10-15,1108.2,0.445
2004-10-18,1114.02,0.5252
2004-10-19,1103.23,-0.9686
2004-10-20,1103.66,0.039
2004-10-21,1106.49,0.2564
2004-10-22,1095.74,-0.9715
2004-10-25,1094.8,-0.0858
2004-10-26,1111.09,1.4879
2004-10-27,1125.4,1.2879
2004-10-28,1127.44,0.1813
2004-10-29,1130.2,0.2448
2004-11-01,1130.51,0.0274
2004-11-02,1130.56,0.0044
2004-11-03,1143.2,1.118
2004-11-04,1161.67,1.6156
2004-11-05,1166.17,0.3874
2004-11-08,1164.89,-0.1098
2004-11-09,1164.08,-0.0695
2004-11-10,1162.91,-0.1005
2004-11-11,1173.48,0.9089
2004-11-12,1184.17,0.911
2004-11-15,1183.81,-0.0304
2004-11-16,1175.43,-0.7079
2004-11-17,1181.94,0.5538
2004-11-18,1183.55,0.1362
2004-11-19,1170.34,-1.1161
2004-11-22,1177.24,0.5896
2004-11-23,1176.94,-0.0255
2004-11-24,1181.76,0.4095
2004-11-26,1182.65,0.0753
2004-11-29,1178.57,-0.345
2004-11-30,1173.82,-0.403
2004-12-01,1191.37,1.4951
2004-12-02,1190.33,-0.0873
2004-12-03,1191.17,0.0706
2004-12-06,1190.25,-0.0772
2004-12-07,1177.07,-1.1073
2004-12-08,1182.81,0.4877
2004-12-09,1189.24,0.5436
2004-12-10,1188.0,-0.1043
2004-12-13,1198.68,0.899
2004-12-14,1203.38,0.3921
2004-12-15,1205.72,0.1945
2004-12-16,1203.21,-0.2082
2004-12-17,1194.2,-0.7488
2004-12-20,1194.65,0.0377
2004-12-21,1205.45,0.904
2004-12-22,1209.57,0.3418
2004-12-23,1210.13,0.0463
2004-12-27,1204.92,-0.4305
2004-12-28,1213.54,0.7154
2004-12-29,1213.45,-0.0074
2004-12-30,1213.55,0.0082
2004-12-31,1211.92,-0.1343
2005-01-03,1202.08,-0.8119
2005-01-04,1188.05,-1.1671
2005-01-05,1183.74,-0.3628
2005-01-06,1187.89,0.3506
2005-01-07,1186.19,-0.1431
2005-01-10,1190.25,0.3423
2005-01-11,1182.99,-0.61
2005-01-12,1187.7,0.3981
2005-01-13,1177.45,-0.863
2005-01-14,1184.52,0.6005
2005-01-18,1195.98,0.9675
2005-01-19,1184.63,-0.949
2005-01-20,1175.41,-0.7783
2005-01-21,1167.87,-0.6415
2005-01-24,1163.75,-0.3528
2005-01-25,1168.41,0.4004
2005-01-26,1174.07,0.4844
2005-01-27,1174.55,0.0409
2005-01-28,1171.36,-0.2716
2005-01-31,1181.27,0.846
2005-02-01,1189.41,0.6891
2005-02-02,1193.19,0.3178
2005-02-03,1189.89,-0.2766
2005-02-04,1203.03,1.1043
2005-02-07,1201.72,-0.1089
2005-02-08,1202.3,0.0483
2005-02-09,1191.99,-0.8575
2005-02-10,1197.01,0.4211
2005-02-11,1205.3,0.6926
2005-02-14,1206.14,0.0697
2005-02-15,1210.12,0.33
2005-02-16,1210.34,0.0182
2005-02-17,1200.75,-0.7923
2005-02-18,1201.59,0.07
2005-02-22,1184.16,-1.4506
2005-02-23,1190.8,0.5607
2005-02-24,1200.2,0.7894
2005-02-25,1211.37,0.9307
2005-02-28,1203.6,-0.6414
2005-03-01,1210.41,0.5658
2005-03-02,1210.08,-0.0273
2005-03-03,1210.47,0.0322
2005-03-04,1222.12,0.9624
2005-03-07,1225.31,0.261
2005-03-08,1219.43,-0.4799
2005-03-09,1207.01,-1.0185
2005-03-10,1209.25,0.1856
2005-03-11,1200.08,-0.7583
2005-03-14,1206.83,0.5625
2005-03-15,1197.75,-0.7524
2005-03-16,1188.07,-0.8082
2005-03-17,1190.21,0.1801
2005-03-18,1189.65,-0.0471
2005-03-21,1183.78,-0.4934
2005-03-22,1171.71,-1.0196
2005-03-23,1172.53,0.07
2005-03-24,1171.42,-0.0947
2005-03-28,1174.28,0.2441
2005-03-29,1165.36,-0.7596
2005-03-30,1181.41,1.3773
2005-03-31,1180.59,-0.0694
2005-04-01,1172.92,-0.6497
2005-04-04,1176.12,0.2728
2005-04-05,1181.39,0.4481
2005-04-06,1184.07,0.2269
2005-04-07,1191.14,0.5971
2005-04-08,1181.2,-0.8345
2005-04-11,1181.21,0.0008
2005-04-12,1187.76,0.5545
2005-04-13,1173.79,-1.1762
2005-04-14,1162.05,-1.0002
2005-04-15,1142.62,-1.672
2005-04-18,1145.98,0.2941
2005-04-19,1152.78,0.5934
2005-04-20,1137.5,-1.3255
2005-04-21,1159.95,1.9736
2005-04-22,1152.12,-0.675
2005-04-25,1162.1,0.8662
2005-04-26,1151.83,-0.8837
2005-04-27,1156.38,0.395
2005-04-28,1143.22,-1.138
2005-04-29,1156.85,1.1922
2005-05-02,1162.16,0.459
2005-05-03,1161.17,-0.0852
2005-05-04,1175.65,1.247
2005-05-05,1172.63,-0.2569
2005-05-06,1171.35,-0.1092
2005-05-09,1178.84,0.6394
2005-05-10,1166.22,-1.0705
2005-05-11,1171.11,0.4193
2005-05-12,1159.36,-1.0033
2005-05-13,1154.05,-0.458
2005-05-16,1165.69,1.0086
2005-05-17,1173.8,0.6957
2005-05-18,1185.56,1.0019
2005-05-19,1191.08,0.4656
2005-05-20,1189.28,-0.1511
2005-05-23,1193.86,0.3851
2005-05-24,1194.07,0.0176
2005-05-25,1190.01,-0.34
2005-05-26,1197.62,0.6395
2005-05-27,1198.78,0.0969
2005-05-31,1191.5,-0.6073
2005-06-01,1202.22,0.8997
2005-06-02,1204.29,0.1722
2005-06-03,1196.02,-0.6867
2005-06-06,1197.51,0.1246
2005-06-07,1197.26,-0.0209
2005-06-08,1194.67,-0.2163
2005-06-09,1200.93,0.524
2005-06-10,1198.11,-0.2348
2005-06-13,1200.82,0.2262
2005-06-14,1203.91,0.2573
2005-06-15,1206.58,0.2218
2005-06-16,1210.96,0.363
2005-06-17,1216.96,0.4955
2005-06-20,1216.1,-0.0707
2005-06-21,1213.61,-0.2048
2005-06-22,1213.88,0.0222
2005-06-23,1200.73,-1.0833
2005-06-24,1191.57,-0.7629
2005-06-27,1190.69,-0.0739
2005-06-28,1201.57,0.9138
2005-06-29,1199.85,-0.1431
2005-06-30,1191.33,-0.7101
2005-07-01,1194.44,0.2611
2005-07-05,1204.99,0.8833
2005-07-06,1194.94,-0.834
2005-07-07,1197.87,0.2452
2005-07-08,1211.86,1.1679
2005-07-11,1219.44,0.6255
2005-07-12,1222.21,0.2272
2005-07-13,1223.29,0.0884
2005-07-14,1226.5,0.2624
2005-07-15,1227.92,0.1158
2005-07-18,1221.13,-0.553
2005-07-19,1229.35,0.6731
2005-07-20,1235.2,0.4759
2005-07-21,1227.04,-0.6606
2005-07-22,1233.68,0.5411
2005-07-25,1229.03,-0.3769
2005-07-26,1231.16,0.1733
2005-07-27,1236.79,0.4573
2005-07-28,1243.72,0.5603
2005-07-29,1234.18,-0.7671
2005-08-01,1235.35,0.0948
2005-08-02,1244.12,0.7099
2005-08-03,1245.04,0.0739
2005-08-04,1235.86,-0.7373
2005-08-05,1226.42,-0.7638
2005-08-08,1223.13,-0.2683
2005-08-09,1231.38,0.6745
2005-08-10,1229.13,-0.1827
2005-08-11,1237.81,0.7062
2005-08-12,1230.39,-0.5994
2005-08-15,1233.87,0.2828
2005-08-16,1219.34,-1.1776
2005-08-17,1220.24,0.0738
2005-08-18,1219.02,-0.1
2005-08-19,1219.71,0.0566
2005-08-22,1221.73,0.1656
2005-08-23,1217.59,-0.3389
2005-08-24,1209.59,-0.657
2005-08-25,1212.37,0.2298
2005-08-26,1205.1,-0.5997
2005-08-29,1212.28,0.5958
2005-08-30,1208.41,-0.3192
2005-08-31,1220.33,0.9864
2005-09-01,1221.59,0.1033
2005-09-02,1218.02,-0.2922
2005-09-06,1233.39,1.2619
2005-09-07,1236.36,0.2408
2005-09-08,1231.67,-0.3793
2005-09-09,1241.48,0.7965
2005-09-12,1240.56,-0.0741
2005-09-13,1231.2,-0.7545
2005-09-14,1227.16,-0.3281
2005-09-15,1227.73,0.0464
2005-09-16,1237.91,0.8292
2005-09-19,1231.02,-0.5566
2005-09-20,1221.34,-0.7863
2005-09-21,1210.2,-0.9121
2005-09-22,1214.62,0.3652
2005-09-23,1215.29,0.0552
2005-09-26,1215.63,0.028
2005-09-27,1215.66,0.0025
2005-09-28,1216.89,0.1012
2005-09-29,1227.68,0.8867
2005-09-30,1228.81,0.092
2005-10-03,1226.7,-0.1717
2005-10-04,1214.47,-0.997
2005-10-05,1196.39,-1.4887
2005-10-06,1191.49,-0.4096
2005-10-07,1195.9,0.3701
2005-10-10,1187.33,-0.7166
2005-10-11,1184.87,-0.2072
2005-10-12,1177.68,-0.6068
2005-10-13,1176.84,-0.0713
2005-10-14,1186.57,0.8268
2005-10-17,1190.1,0.2975
2005-10-18,1178.14,-1.005
2005-10-19,1195.76,1.4956
2005-10-20,1177.8,-1.502
2005-10-21,1179.59,0.152
2005-10-24,1199.38,1.6777
2005-10-25,1196.54,-0.2368
2005-10-26,1191.38,-0.4312
2005-10-27,1178.9,-1.0475
2005-10-28,1198.41,1.6549
2005-10-31,1207.01,0.7176
2005-11-01,1202.76,-0.3521
2005-11-02,1214.76,0.9977
2005-11-03,1219.94,0.4264
2005-11-04,1220.14,0.0164
2005-11-07,1222.81,0.2188
2005-11-08,1218.59,-0.3451
2005-11-09,1220.65,0.169
2005-11-10,1230.96,0.8446
2005-11-11,1234.72,0.3055
2005-11-14,1233.76,-0.0778
2005-11-15,1229.01,-0.385
2005-11-16,1231.21,0.179
2005-11-17,1242.8,0.9414
2005-11-18,1248.27,0.4401
2005-11-21,1254.85,0.5271
2005-11-22,1261.23,0.5084
2005-11-23,1265.61,0.3473
2005-11-25,1268.25,0.2086
2005-11-28,1257.46,-0.8508
2005-11-29,1257.48,0.0016
2005-11-30,1249.48,-0.6362
2005-12-01,1264.67,1.2157
2005-12-02,1265.08,0.0324
2005-12-05,1262.09,-0.2363
2005-12-06,1263.7,0.1276
2005-12-07,1257.37,-0.5009
2005-12-08,1255.84,-0.1217
2005-12-09,1259.37,0.2811
2005-12-12,1260.43,0.0842
2005-12-13,1267.43,0.5554
2005-12-14,1272.74,0.419
2005-12-15,1270.94,-0.1414
2005-12-16,1267.32,-0.2848
2005-12-19,1259.92,-0.5839
2005-12-20,1259.62,-0.0238
2005-12-21,1262.79,0.2517
2005-12-22,1268.12,0.4221
2005-12-23,1268.66,0.0426
2005-12-27,1256.54,-0.9553
2005-12-28,1258.17,0.1297
2005-12-29,1254.42,-0.2981
2005-12-30,1248.29,-0.4887
2006-01-03,1268.8,1.643
2006-01-04,1273.46,0.3673
2006-01-05,1273.48,0.0016
2006-01-06,1285.45,0.9399
2006-01-09,1290.15,0.3656
2006-01-10,1289.69,-0.0357
2006-01-11,1294.18,0.3481
2006-01-12,1286.06,-0.6274
2006-01-13,1287.61,0.1205
2006-01-17,1282.93,-0.3635
2006-01-18,1277.93,-0.3897
2006-01-19,1285.04,0.5564
2006-01-20,1261.49,-1.8326
2006-01-23,1263.82,0.1847
2006-01-24,1266.86,0.2405
2006-01-25,1264.68,-0.1721
2006-01-26,1273.83,0.7235
2006-01-27,1283.72,0.7764
2006-01-30,1285.19,0.1145
2006-01-31,1280.08,-0.3976
2006-02-01,1282.46,0.1859
2006-02-02,1270.84,-0.9061
2006-02-03,1264.03,-0.5359
2006-02-06,1265.02,0.0783
2006-02-07,1254.78,-0.8095
2006-02-08,1265.65,0.8663
2006-02-09,1263.78,-0.1478
2006-02-10,1266.99,0.254
2006-02-13,1262.86,-0.326
2006-02-14,1275.53,1.0033
2006-02-15,1280.0,0.3504
2006-02-16,1289.38,0.7328
2006-02-17,1287.24,-0.166
2006-02-21,1283.03,-0.3271
2006-02-22,1292.67,0.7513
2006-02-23,1287.79,-0.3775
2006-02-24,1289.43,0.1273
2006-02-27,1294.12,0.3637
2006-02-28,1280.66,-1.0401
2006-03-01,1291.24,0.8261
2006-03-02,1289.14,-0.1626
2006-03-03,1287.23,-0.1482
2006-03-06,1278.26,-0.6968
2006-03-07,1275.88,-0.1862
2006-03-08,1278.47,0.203
2006-03-09,1272.23,-0.4881
2006-03-10,1281.42,0.7224
2006-03-13,1284.13,0.2115
2006-03-14,1297.48,1.0396
2006-03-15,1303.02,0.427
2006-03-16,1305.33,0.1773
2006-03-17,1307.25,0.1471
2006-03-20,1305.08,-0.166
2006-03-21,1297.23,-0.6015
2006-03-22,1305.04,0.6021
2006-03-23,1301.67,-0.2582
2006-03-24,1302.95,0.0983
2006-03-27,1301.61,-0.1028
2006-03-28,1293.23,-0.6438
2006-03-29,1302.89,0.747
2006-03-30,1300.25,-0.2026
2006-03-31,1294.87,-0.4138
2006-04-03,1297.81,0.227
2006-04-04,1305.93,0.6257
2006-04-05,1311.56,0.4311
2006-04-06,1309.04,-0.1921
2006-04-07,1295.5,-1.0343
2006-04-10,1296.62,0.0865
2006-04-11,1286.57,-0.7751
2006-04-12,1288.12,0.1205
2006-04-13,1289.12,0.0776
2006-04-17,1285.33,-0.294
2006-04-18,1307.28,1.7077
2006-04-19,1309.93,0.2027
2006-04-20,1311.46,0.1168
2006-04-21,1311.28,-0.0137
2006-04-24,1308.11,-0.2417
2006-04-25,1301.74,-0.487
2006-04-26,1305.41,0.2819
2006-04-27,1309.72,0.3302
2006-04-28,1310.61,0.068
2006-05-01,1305.19,-0.4135
2006-05-02,1313.21,0.6145
2006-05-03,1308.12,-0.3876
2006-05-04,1312.25,0.3157
2006-05-05,1325.76,1.0295
2006-05-08,1324.66,-0.083
2006-05-09,1325.14,0.0362
2006-05-10,1322.85,-0.1728
2006-05-11,1305.92,-1.2798
2006-05-12,1291.24,-1.1241
2006-05-15,1294.5,0.2525
2006-05-16,1292.08,-0.1869
2006-05-17,1270.32,-1.6841
2006-05-18,1261.81,-0.6699
2006-05-19,1267.03,0.4137
2006-05-22,1262.07,-0.3915
2006-05-23,1256.58,-0.435
2006-05-24,1258.57,0.1584
2006-05-25,1272.88,1.137
2006-05-26,1280.16,0.5719
2006-05-30,1259.87,-1.585
2006-05-31,1270.09,0.8112
2006-06-01,1285.71,1.2298
2006-06-02,1288.22,0.1952
2006-06-05,1265.29,-1.78
2006-06-06,1263.85,-0.1138
2006-06-07,1256.15,-0.6092
2006-06-08,1257.93,0.1417
2006-06-09,1252.3,-0.4476
2006-06-12,1237.44,-1.1866
2006-06-13,1223.69,-1.1112
2006-06-14,1230.04,0.5189
2006-06-15,1256.16,2.1235
2006-06-16,1251.54,-0.3678
2006-06-19,1240.13,-0.9117
2006-06-20,1240.12,-0.0008
2006-06-21,1252.2,0.9741
2006-06-22,1245.6,-0.5271
2006-06-23,1244.5,-0.0883
2006-06-26,1250.56,0.4869
2006-06-27,1239.2,-0.9084
2006-06-28,1246.0,0.5487
2006-06-29,1272.87,2.1565
2006-06-30,1270.2,-0.2098
2006-07-03,1280.19,0.7865
2006-07-05,1270.91,-0.7249
2006-07-06,1274.08,0.2494
2006-07-07,1265.48,-0.675
2006-07-10,1267.34,0.147
2006-07-11,1272.43,0.4016
2006-07-12,1258.6,-1.0869
2006-07-13,1242.28,-1.2967
2006-07-14,1236.2,-0.4894
2006-07-17,1234.49,-0.1383
2006-07-18,1236.86,0.192
2006-07-19,1259.81,1.8555
2006-07-20,1249.13,-0.8477
2006-07-21,1240.29,-0.7077
2006-07-24,1260.91,1.6625
2006-07-25,1268.88,0.6321
2006-07-26,1268.4,-0.0378
2006-07-27,1263.2,-0.41
2006-07-28,1278.55,1.2152
2006-07-31,1276.66,-0.1478
2006-08-01,1270.92,-0.4496
2006-08-02,1277.41,0.5107
2006-08-03,1280.27,0.2239
2006-08-04,1279.36,-0.0711
2006-08-07,1275.77,-0.2806
2006-08-08,1271.48,-0.3363
2006-08-09,1265.95,-0.4349
2006-08-10,1271.81,0.4629
2006-08-11,1266.74,-0.3986
2006-08-14,1268.21,0.116
2006-08-15,1285.58,1.3696
2006-08-16,1295.43,0.7662
2006-08-17,1297.48,0.1582
2006-08-18,1302.3,0.3715
2006-08-21,1297.52,-0.367
2006-08-22,1298.82,0.1002
2006-08-23,1292.99,-0.4489
2006-08-24,1296.06,0.2374
2006-08-25,1295.09,-0.0748
2006-08-28,1301.78,0.5166
2006-08-29,1304.28,0.192
2006-08-30,1305.37,0.0836
2006-08-31,1303.82,-0.1187
2006-09-01,1311.01,0.5515
2006-09-05,1313.25,0.1709
2006-09-06,1300.26,-0.9891
2006-09-07,1294.02,-0.4799
2006-09-08,1298.92,0.3787
2006-09-11,1299.54,0.0477
2006-09-12,1313.0,1.0358
2006-09-13,1318.07,0.3861
2006-09-14,1316.28,-0.1358
2006-09-15,1319.66,0.2568
2006-09-18,1321.18,0.1152
2006-09-19,1317.64,-0.2679
2006-09-20,1325.18,0.5722
2006-09-21,1318.03,-0.5395
2006-09-22,1314.78,-0.2466
2006-09-25,1326.37,0.8815
2006-09-26,1336.35,0.7524
2006-09-27,1336.59,0.018
2006-09-28,1338.88,0.1713
2006-09-29,1335.85,-0.2263
2006-10-02,1331.32,-0.3391
2006-10-03,1334.11,0.2096
2006-10-04,1350.2,1.206
2006-10-05,1353.22,0.2237
2006-10-06,1349.59,-0.2682
2006-10-09,1350.66,0.0793
2006-10-10,1353.42,0.2043
2006-10-11,1349.95,-0.2564
2006-10-12,1362.83,0.9541
2006-10-13,1365.62,0.2047
2006-10-16,1369.06,0.2519
2006-10-17,1364.05,-0.3659
2006-10-18,1365.8,0.1283
2006-10-19,1366.96,0.0849
2006-10-20,1368.6,0.12
2006-10-23,1377.02,0.6152
2006-10-24,1377.38,0.0261
2006-10-25,1382.22,0.3514
2006-10-26,1389.08,0.4963
2006-10-27,1377.34,-0.8452
2006-10-30,1377.93,0.0428
2006-10-31,1377.94,0.0007
2006-11-01,1367.81,-0.7352
2006-11-02,1367.34,-0.0344
2006-11-03,1364.3,-0.2223
2006-11-06,1379.78,1.1346
2006-11-07,1382.84,0.2218
2006-11-08,1385.72,0.2083
2006-11-09,1378.33,-0.5333
2006-11-10,1380.9,0.1865
2006-11-13,1384.42,0.2549
2006-11-14,1393.22,0.6356
2006-11-15,1396.57,0.2405
2006-11-16,1399.76,0.2284
2006-11-17,1401.2,0.1029
2006-11-20,1400.5,-0.05
2006-11-21,1402.81,0.1649
2006-11-22,1406.09,0.2338
2006-11-24,1400.95,-0.3656
2006-11-27,1381.96,-1.3555
2006-11-28,1386.72,0.3444
2006-11-29,1399.48,0.9202
2006-11-30,1400.63,0.0822
2006-12-01,1396.71,-0.2799
2006-12-04,1409.12,0.8885
2006-12-05,1414.76,0.4002
2006-12-06,1412.9,-0.1315
2006-12-07,1407.29,-0.3971
2006-12-08,1409.84,0.1812
2006-12-11,1413.04,0.227
2006-12-12,1411.56,-0.1047
2006-12-13,1413.21,0.1169
2006-12-14,1425.49,0.8689
2006-12-15,1427.09,0.1122
2006-12-18,1422.48,-0.323
2006-12-19,1425.55,0.2158
2006-12-20,1423.53,-0.1417
2006-12-21,1418.3,-0.3674
2006-12-22,1410.76,-0.5316
2006-12-26,1416.9,0.4352
2006-12-27,1426.84,0.7015
2006-12-28,1424.73,-0.1479
2006-12-29,1418.3,-0.4513
2007-01-03,1416.6,-0.1199
2007-01-04,1418.34,0.1228
2007-01-05,1409.71,-0.6085
2007-01-08,1412.84,0.222
2007-01-09,1412.11,-0.0517
2007-01-10,1414.85,0.194
2007-01-11,1423.82,0.634
2007-01-12,1430.73,0.4853
2007-01-16,1431.9,0.0818
2007-01-17,1430.62,-0.0894
2007-01-18,1426.37,-0.2971
2007-01-19,1430.5,0.2895
2007-01-22,1422.95,-0.5278
2007-01-23,1427.99,0.3542
2007-01-24,1440.13,0.8501
2007-01-25,1423.9,-1.127
2007-01-26,1422.18,-0.1208
2007-01-29,1420.62,-0.1097
2007-01-30,1428.82,0.5772
2007-01-31,1438.24,0.6593
2007-02-01,1445.94,0.5354
2007-02-02,1448.39,0.1694
2007-02-05,1446.99,-0.0967
2007-02-06,1448.0,0.0698
2007-02-07,1450.02,0.1395
2007-02-08,1448.31,-0.1179
2007-02-09,1438.06,-0.7077
2007-02-12,1433.37,-0.3261
2007-02-13,1444.26,0.7597
2007-02-14,1455.3,0.7644
2007-02-15,1456.81,0.1038
2007-02-16,1455.54,-0.0872
2007-02-20,1459.68,0.2844
2007-02-21,1457.63,-0.1404
2007-02-22,1456.38,-0.0858
2007-02-23,1451.19,-0.3564
2007-02-26,1449.37,-0.1254
2007-02-27,1399.04,-3.4725
2007-02-28,1406.82,0.5561
2007-03-01,1403.17,-0.2595
2007-03-02,1387.17,-1.1403
2007-03-05,1374.12,-0.9408
2007-03-06,1395.41,1.5494
2007-03-07,1391.97,-0.2465
2007-03-08,1401.89,0.7127
2007-03-09,1402.84,0.0678
2007-03-12,1406.6,0.268
2007-03-13,1377.95,-2.0368
2007-03-14,1387.17,0.6691
2007-03-15,1392.28,0.3684
2007-03-16,1386.95,-0.3828
2007-03-19,1402.06,1.0894
2007-03-20,1410.94,0.6334
2007-03-21,1435.04,1.7081
2007-03-22,1434.54,-0.0348
2007-03-23,1436.11,0.1094
2007-03-26,1437.5,0.0968
2007-03-27,1428.61,-0.6184
2007-03-28,1417.23,-0.7966
2007-03-29,1422.53,0.374
2007-03-30,1420.86,-0.1174
2007-04-02,1424.55,0.2597
2007-04-03,1437.77,0.928
2007-04-04,1439.37,0.1113
2007-04-05,1443.76,0.305
2007-04-09,1444.61,0.0589
2007-04-10,1448.39,0.2617
2007-04-11,1438.87,-0.6573
2007-04-12,1447.8,0.6206
2007-04-13,1452.85,0.3488
2007-04-16,1468.33,1.0655
2007-04-17,1471.48,0.2145
2007-04-18,1472.5,0.0693
2007-04-19,1470.73,-0.1202
2007-04-20,1484.35,0.9261
2007-04-23,1480.93,-0.2304
2007-04-24,1480.41,-0.0351
2007-04-25,1495.42,1.0139
2007-04-26,1494.25,-0.0782
2007-04-27,1494.07,-0.012
2007-04-30,1482.37,-0.7831
2007-05-01,1486.3,0.2651
2007-05-02,1495.92,0.6472
2007-05-03,1502.39,0.4325
2007-05-04,1505.62,0.215
2007-05-07,1509.48,0.2564
2007-05-08,1507.72,-0.1166
2007-05-09,1512.58,0.3223
2007-05-10,1491.47,-1.3956
2007-05-11,1505.85,0.9641
2007-05-14,1503.15,-0.1793
2007-05-15,1501.19,-0.1304
2007-05-16,1514.14,0.8626
2007-05-17,1512.75,-0.0918
2007-05-18,1522.75,0.661
2007-05-21,1525.1,0.1543
2007-05-22,1524.12,-0.0643
2007-05-23,1522.28,-0.1207
2007-05-24,1507.51,-0.9703
2007-05-25,1515.73,0.5453
2007-05-29,1518.11,0.157
2007-05-30,1530.23,0.7984
2007-05-31,1530.62,0.0255
2007-06-01,1536.34,0.3737
2007-06-04,1539.18,0.1849
2007-06-05,1530.95,-0.5347
2007-06-06,1517.38,-0.8864
2007-06-07,1490.72,-1.757
2007-06-08,1507.67,1.137
2007-06-11,1509.12,0.0962
2007-06-12,1493.0,-1.0682
2007-06-13,1515.67,1.5184
2007-06-14,1522.97,0.4816
2007-06-15,1532.91,0.6527
2007-06-18,1531.05,-0.1213
2007-06-19,1533.7,0.1731
2007-06-20,1512.84,-1.3601
2007-06-21,1522.19,0.618
2007-06-22,1502.56,-1.2896
2007-06-25,1497.74,-0.3208
2007-06-26,1492.89,-0.3238
2007-06-27,1506.34,0.9009
2007-06-28,1505.71,-0.0418
2007-06-29,1503.35,-0.1567
2007-07-02,1519.43,1.0696
2007-07-03,1524.87,0.358
2007-07-05,1525.4,0.0348
2007-07-06,1530.44,0.3304
2007-07-09,1531.85,0.0921
2007-07-10,1510.12,-1.4185
2007-07-11,1518.76,0.5721
2007-07-12,1547.7,1.9055
2007-07-13,1552.5,0.3101
2007-07-16,1549.52,-0.1919
2007-07-17,1549.37,-0.0097
2007-07-18,1546.17,-0.2065
2007-07-19,1553.08,0.4469
2007-07-20,1534.1,-1.2221
2007-07-23,1541.57,0.4869
2007-07-24,1511.04,-1.9804
2007-07-25,1518.09,0.4666
2007-07-26,1482.66,-2.3339
2007-07-27,1458.95,-1.5992
2007-07-30,1473.91,1.0254
2007-07-31,1455.27,-1.2647
2007-08-01,1465.81,0.7243
2007-08-02,1472.2,0.4359
2007-08-03,1433.06,-2.6586
2007-08-06,1467.67,2.4151
2007-08-07,1476.71,0.6159
2007-08-08,1497.49,1.4072
2007-08-09,1453.09,-2.965
2007-08-10,1453.64,0.0379
2007-08-13,1452.92,-0.0495
2007-08-14,1426.54,-1.8157
2007-08-15,1406.7,-1.3908
2007-08-16,1411.27,0.3249
2007-08-17,1445.94,2.4567
2007-08-20,1445.55,-0.027
2007-08-21,1447.12,0.1086
2007-08-22,1464.07,1.1713
2007-08-23,1462.5,-0.1072
2007-08-24,1479.37,1.1535
2007-08-27,1466.79,-0.8504
2007-08-28,1432.36,-2.3473
2007-08-29,1463.76,2.1922
2007-08-30,1457.64,-0.4181
2007-08-31,1473.99,1.1217
2007-09-04,1489.42,1.0468
2007-09-05,1472.29,-1.1501
2007-09-06,1478.55,0.4252
2007-09-07,1453.55,-1.6908
2007-09-10,1451.7,-0.1273
2007-09-11,1471.49,1.3632
2007-09-12,1471.56,0.0048
2007-09-13,1483.95,0.842
2007-09-14,1484.25,0.0202
2007-09-17,1476.65,-0.512
2007-09-18,1519.78,2.9208
2007-09-19,1529.03,0.6086
2007-09-20,1518.75,-0.6723
2007-09-21,1525.75,0.4609
2007-09-24,1517.73,-0.5256
2007-09-25,1517.21,-0.0343
2007-09-26,1525.42,0.5411
2007-09-27,1531.38,0.3907
2007-09-28,1526.75,-0.3023
2007-10-01,1547.04,1.329
2007-10-02,1546.63,-0.0265
2007-10-03,1539.59,-0.4552
2007-10-04,1542.84,0.2111
2007-10-05,1557.59,0.956
2007-10-08,1552.58,-0.3217
2007-10-09,1565.15,0.8096
2007-10-10,1562.47,-0.1712
2007-10-11,1554.41,-0.5158
2007-10-12,1561.8,0.4754
2007-10-15,1548.71,-0.8381
2007-10-16,1538.53,-0.6573
2007-10-17,1541.24,0.1761
2007-10-18,1540.08,-0.0753
2007-10-19,1500.63,-2.5616
2007-10-22,1506.33,0.3798
2007-10-23,1519.59,0.8803
2007-10-24,1515.88,-0.2441
2007-10-25,1514.4,-0.0976
2007-10-26,1535.28,1.3788
2007-10-29,1540.98,0.3713
2007-10-30,1531.02,-0.6463
2007-10-31,1549.38,1.1992
2007-11-01,1508.44,-2.6423
2007-11-02,1509.65,0.0802
2007-11-05,1502.17,-0.4955
2007-11-06,1520.27,1.2049
2007-11-07,1475.62,-2.937
2007-11-08,1474.77,-0.0576
2007-11-09,1453.7,-1.4287
2007-11-12,1439.18,-0.9988
2007-11-13,1481.05,2.9093
2007-11-14,1470.58,-0.7069
2007-11-15,1451.15,-1.3212
2007-11-16,1458.74,0.523
2007-11-19,1433.27,-1.746
2007-11-20,1439.7,0.4486
2007-11-21,1416.77,-1.5927
2007-11-23,1440.7,1.6891
2007-11-26,1407.22,-2.3239
2007-11-27,1428.23,1.493
2007-11-28,1469.02,2.856
2007-11-29,1469.72,0.0477
2007-11-30,1481.14,0.777
2007-12-03,1472.42,-0.5887
2007-12-04,1462.79,-0.654
2007-12-05,1485.01,1.519
2007-12-06,1507.34,1.5037
2007-12-07,1504.66,-0.1778
2007-12-10,1515.96,0.751
2007-12-11,1477.65,-2.5271
2007-12-12,1486.59,0.605
2007-12-13,1488.41,0.1224
2007-12-14,1467.95,-1.3746
2007-12-17,1445.9,-1.5021
2007-12-18,1454.98,0.628
2007-12-19,1453.0,-0.1361
2007-12-20,1460.12,0.49
2007-12-21,1484.46,1.667
2007-12-24,1496.45,0.8077
2007-12-26,1497.66,0.0809
2007-12-27,1476.27,-1.4282
2007-12-28,1478.49,0.1504
2007-12-31,1468.36,-0.6852
2008-01-02,1447.16,-1.4438
2008-01-03,1447.16,0.0
2008-01-04,1411.63,-2.4552
2008-01-07,1416.18,0.3223
2008-01-08,1390.19,-1.8352
2008-01-09,1409.13,1.3624
2008-01-10,1420.33,0.7948
2008-01-11,1401.02,-1.3595
2008-01-14,1416.25,1.0871
2008-01-15,1380.95,-2.4925
2008-01-16,1373.2,-0.5612
2008-01-17,1333.25,-2.9093
2008-01-18,1325.19,-0.6045
2008-01-22,1310.5,-1.1085
2008-01-23,1338.6,2.1442
2008-01-24,1352.07,1.0063
2008-01-25,1330.61,-1.5872
2008-01-28,1353.96,1.7548
2008-01-29,1362.3,0.616
2008-01-30,1355.81,-0.4764
2008-01-31,1378.55,1.6772
2008-02-01,1395.42,1.2237
2008-02-04,1380.82,-1.0463
2008-02-05,1336.64,-3.1995
2008-02-06,1326.45,-0.7624
2008-02-07,1336.91,0.7886
2008-02-08,1331.29,-0.4204
2008-02-11,1339.13,0.5889
2008-02-12,1348.86,0.7266
2008-02-13,1367.21,1.3604
2008-02-14,1348.86,-1.3421
2008-02-15,1349.99,0.0838
2008-02-19,1348.78,-0.0896
2008-02-20,1360.03,0.8341
2008-02-21,1342.53,-1.2867
2008-02-22,1353.11,0.7881
2008-02-25,1371.8,1.3813
2008-02-26,1381.29,0.6918
2008-02-27,1380.02,-0.0919
2008-02-28,1367.68,-0.8942
2008-02-29,1330.63,-2.709
2008-03-03,1331.34,0.0534
2008-03-04,1326.75,-0.3448
2008-03-05,1333.7,0.5238
2008-03-06,1304.34,-2.2014
2008-03-07,1293.37,-0.841
2008-03-10,1273.37,-1.5463
2008-03-11,1320.65,3.713
2008-03-12,1308.77,-0.8996
2008-03-13,1315.48,0.5127
2008-03-14,1288.14,-2.0783
2008-03-17,1276.6,-0.8959
2008-03-18,1330.74,4.241
2008-03-19,1298.42,-2.4287
2008-03-20,1329.51,2.3944
2008-03-24,1349.88,1.5321
2008-03-25,1352.99,0.2304
2008-03-26,1341.13,-0.8766
2008-03-27,1325.76,-1.146
2008-03-28,1315.22,-0.795
2008-03-31,1322.7,0.5687
2008-04-01,1370.18,3.5896
2008-04-02,1367.53,-0.1934
2008-04-03,1369.31,0.1302
2008-04-04,1370.4,0.0796
2008-04-07,1372.54,0.1562
2008-04-08,1365.54,-0.51
2008-04-09,1354.49,-0.8092
2008-04-10,1360.55,0.4474
2008-04-11,1332.83,-2.0374
2008-04-14,1328.32,-0.3384
2008-04-15,1334.43,0.46
2008-04-16,1364.71,2.2691
2008-04-17,1365.56,0.0623
2008-04-18,1390.33,1.8139
2008-04-21,1388.17,-0.1554
2008-04-22,1375.94,-0.881
2008-04-23,1379.93,0.29
2008-04-24,1388.82,0.6442
2008-04-25,1397.84,0.6495
2008-04-28,1396.37,-0.1052
2008-04-29,1390.94,-0.3889
2008-04-30,1385.59,-0.3846
2008-05-01,1409.34,1.7141
2008-05-02,1413.9,0.3236
2008-05-05,1407.49,-0.4534
2008-05-06,1418.26,0.7652
2008-05-07,1392.57,-1.8114
2008-05-08,1397.68,0.3669
2008-05-09,1388.28,-0.6725
2008-05-12,1403.58,1.1021
2008-05-13,1403.04,-0.0385
2008-05-14,1408.66,0.4006
2008-05-15,1423.57,1.0585
2008-05-16,1425.35,0.125
2008-05-19,1426.63,0.0898
2008-05-20,1413.4,-0.9274
2008-05-21,1390.71,-1.6053
2008-05-22,1394.35,0.2617
2008-05-23,1375.93,-1.321
2008-05-27,1385.35,0.6846
2008-05-28,1390.84,0.3963
2008-05-29,1398.26,0.5335
2008-05-30,1400.38,0.1516
2008-06-02,1385.67,-1.0504
2008-06-03,1377.65,-0.5788
2008-06-04,1377.2,-0.0327
2008-06-05,1404.05,1.9496
2008-06-06,1360.68,-3.0889
2008-06-09,1361.76,0.0794
2008-06-10,1358.44,-0.2438
2008-06-11,1335.49,-1.6894
2008-06-12,1339.87,0.328
2008-06-13,1360.03,1.5046
2008-06-16,1360.14,0.0081
2008-06-17,1350.93,-0.6771
2008-06-18,1337.81,-0.9712
2008-06-19,1342.83,0.3752
2008-06-20,1317.93,-1.8543
2008-06-23,1318.0,0.0053
2008-06-24,1314.29,-0.2815
2008-06-25,1321.97,0.5843
2008-06-26,1283.15,-2.9365
2008-06-27,1278.38,-0.3717
2008-06-30,1280.0,0.1267
2008-07-01,1284.91,0.3836
2008-07-02,1261.52,-1.8204
2008-07-03,1262.9,0.1094
2008-07-07,1252.31,-0.8385
2008-07-08,1273.7,1.708
2008-07-09,1244.69,-2.2776
2008-07-10,1253.39,0.699
2008-07-11,1239.49,-1.109
2008-07-14,1228.3,-0.9028
2008-07-15,1214.91,-1.0901
2008-07-16,1245.36,2.5064
2008-07-17,1260.32,1.2013
2008-07-18,1260.68,0.0286
2008-07-21,1260.0,-0.0539
2008-07-22,1277.0,1.3492
2008-07-23,1282.19,0.4064
2008-07-24,1252.54,-2.3124
2008-07-25,1257.76,0.4168
2008-07-28,1234.37,-1.8597
2008-07-29,1263.2,2.3356
2008-07-30,1284.26,1.6672
2008-07-31,1267.38,-1.3144
2008-08-01,1260.31,-0.5578
2008-08-04,1249.01,-0.8966
2008-08-05,1284.88,2.8719
2008-08-06,1289.19,0.3354
2008-08-07,1266.07,-1.7934
2008-08-08,1296.32,2.3893
2008-08-11,1305.32,0.6943
2008-08-12,1289.59,-1.2051
2008-08-13,1285.83,-0.2916
2008-08-14,1292.93,0.5522
2008-08-15,1298.2,0.4076
2008-08-18,1278.6,-1.5098
2008-08-19,1266.69,-0.9315
2008-08-20,1274.54,0.6197
2008-08-21,1277.72,0.2495
2008-08-22,1292.2,1.1333
2008-08-25,1266.84,-1.9625
2008-08-26,1271.51,0.3686
2008-08-27,1281.66,0.7983
2008-08-28,1300.68,1.484
2008-08-29,1282.83,-1.3724
2008-09-02,1277.58,-0.4093
2008-09-03,1274.98,-0.2035
2008-09-04,1236.83,-2.9922
2008-09-05,1242.31,0.4431
2008-09-08,1267.79,2.051
2008-09-09,1224.51,-3.4138
2008-09-10,1232.04,0.6149
2008-09-11,1249.05,1.3806
2008-09-12,1251.7,0.2122
2008-09-15,1192.7,-4.7136
2008-09-16,1213.6,1.7523
2008-09-17,1156.39,-4.7141
2008-09-18,1206.51,4.3342
2008-09-19,1255.08,4.0257
2008-09-22,1207.09,-3.8237
2008-09-23,1188.22,-1.5633
2008-09-24,1185.87,-0.1978
2008-09-25,1209.18,1.9656
2008-09-26,1213.27,0.3382
2008-09-29,1106.42,-8.8068
2008-09-30,1166.36,5.4175
2008-10-01,1161.06,-0.4544
2008-10-02,1114.28,-4.0291
2008-10-03,1099.23,-1.3506
2008-10-06,1056.89,-3.8518
2008-10-07,996.23,-5.7395
2008-10-08,984.94,-1.1333
2008-10-09,909.92,-7.6167
2008-10-10,899.22,-1.1759
2008-10-13,1003.35,11.58
2008-10-14,998.01,-0.5322
2008-10-15,907.84,-9.035
2008-10-16,946.43,4.2507
2008-10-17,940.55,-0.6213
2008-10-20,985.4,4.7685
2008-10-21,955.05,-3.08
2008-10-22,896.78,-6.1013
2008-10-23,908.11,1.2634
2008-10-24,876.77,-3.4511
2008-10-27,848.92,-3.1764
2008-10-28,940.51,10.789
2008-10-29,930.09,-1.1079
2008-10-30,954.09,2.5804
2008-10-31,968.75,1.5365
2008-11-03,966.3,-0.2529
2008-11-04,1005.75,4.0826
2008-11-05,952.77,-5.2677
2008-11-06,904.88,-5.0264
2008-11-07,930.99,2.8855
2008-11-10,919.21,-1.2653
2008-11-11,898.95,-2.2041
2008-11-12,852.3,-5.1894
2008-11-13,911.29,6.9213
2008-11-14,873.29,-4.1699
2008-11-17,850.75,-2.581
2008-11-18,859.12,0.9838
2008-11-19,806.58,-6.1156
2008-11-20,752.44,-6.7123
2008-11-21,800.03,6.3248
2008-11-24,851.81,6.4723
2008-11-25,857.39,0.6551
2008-11-26,887.68,3.5328
2008-11-28,896.24,0.9643
2008-12-01,816.21,-8.9295
2008-12-02,848.81,3.9941
2008-12-03,870.74,2.5836
2008-12-04,845.22,-2.9308
2008-12-05,876.07,3.6499
2008-12-08,909.7,3.8387
2008-12-09,888.67,-2.3118
2008-12-10,899.24,1.1894
2008-12-11,873.59,-2.8524
2008-12-12,879.73,0.7028
2008-12-15,868.57,-1.2686
2008-12-16,913.18,5.136
2008-12-17,904.42,-0.9593
2008-12-18,885.28,-2.1163
2008-12-19,887.88,0.2937
2008-12-22,871.63,-1.8302
2008-12-23,863.16,-0.9717
2008-12-24,868.15,0.5781
2008-12-26,872.8,0.5356
2008-12-29,869.42,-0.3873
2008-12-30,890.64,2.4407
2008-12-31,903.25,1.4158
2009-01-02,931.8,3.1608
2009-01-05,927.45,-0.4668
2009-01-06,934.7,0.7817
2009-01-07,906.65,-3.001
2009-01-08,909.73,0.3397
2009-01-09,890.35,-2.1303
2009-01-12,870.26,-2.2564
2009-01-13,871.79,0.1758
2009-01-14,842.62,-3.346
2009-01-15,843.74,0.1329
2009-01-16,850.12,0.7562
2009-01-20,805.22,-5.2816
2009-01-21,840.24,4.3491
2009-01-22,827.5,-1.5162
2009-01-23,831.95,0.5378
2009-01-26,836.57,0.5553
2009-01-27,845.71,1.0926
2009-01-28,874.09,3.3558
2009-01-29,845.14,-3.312
2009-01-30,825.88,-2.2789
2009-02-02,825.44,-0.0533
2009-02-03,838.51,1.5834
2009-02-04,832.23,-0.7489
2009-02-05,845.85,1.6366
2009-02-06,868.6,2.6896
2009-02-09,869.89,0.1485
2009-02-10,827.16,-4.9121
2009-02-11,833.74,0.7955
2009-02-12,835.19,0.1739
2009-02-13,826.84,-0.9998
2009-02-17,789.17,-4.5559
2009-02-18,788.42,-0.095
2009-02-19,778.94,-1.2024
2009-02-20,770.05,-1.1413
2009-02-23,743.33,-3.4699
2009-02-24,773.14,4.0103
2009-02-25,764.9,-1.0658
2009-02-26,752.83,-1.578
2009-02-27,735.09,-2.3564
2009-03-02,700.82,-4.662
2009-03-03,696.33,-0.6407
2009-03-04,712.87,2.3753
2009-03-05,682.55,-4.2532
2009-03-06,683.38,0.1216
2009-03-09,676.53,-1.0024
2009-03-10,719.6,6.3663
2009-03-11,721.36,0.2446
2009-03-12,750.74,4.0729
2009-03-13,756.55,0.7739
2009-03-16,753.89,-0.3516
2009-03-17,778.12,3.214
2009-03-18,794.35,2.0858
2009-03-19,784.04,-1.2979
2009-03-20,768.54,-1.9769
2009-03-23,822.92,7.0758
2009-03-24,806.12,-2.0415
2009-03-25,813.88,0.9626
2009-03-26,832.86,2.332
2009-03-27,815.94,-2.0316
2009-03-30,787.53,-3.4819
2009-03-31,797.87,1.313
2009-04-01,811.08,1.6557
2009-04-02,834.38,2.8727
2009-04-03,842.5,0.9732
2009-04-06,835.48,-0.8332
2009-04-07,815.55,-2.3855
2009-04-08,825.16,1.1783
2009-04-09,856.56,3.8053
2009-04-13,858.73,0.2533
2009-04-14,841.5,-2.0065
2009-04-15,852.06,1.2549
2009-04-16,865.3,1.5539
2009-04-17,869.6,0.4969
2009-04-20,832.39,-4.279
2009-04-21,850.08,2.1252
2009-04-22,843.55,-0.7682
2009-04-23,851.92,0.9922
2009-04-24,866.23,1.6797
2009-04-27,857.51,-1.0067
2009-04-28,855.16,-0.274
2009-04-29,873.64,2.161
2009-04-30,872.81,-0.095
2009-05-01,877.52,0.5396
2009-05-04,907.24,3.3868
2009-05-05,903.8,-0.3792
2009-05-06,919.53,1.7404
2009-05-07,907.39,-1.3202
2009-05-08,929.23,2.4069
2009-05-11,909.24,-2.1512
2009-05-12,908.35,-0.0979
2009-05-13,883.92,-2.6895
2009-05-14,893.07,1.0352
2009-05-15,882.88,-1.141
2009-05-18,909.71,3.0389
2009-05-19,908.13,-0.1737
2009-05-20,903.47,-0.5131
2009-05-21,888.33,-1.6758
2009-05-22,887.0,-0.1497
2009-05-26,910.33,2.6302
2009-05-27,893.06,-1.8971
2009-05-28,906.83,1.5419
2009-05-29,919.14,1.3575
2009-06-01,942.87,2.5818
2009-06-02,944.74,0.1983
2009-06-03,931.76,-1.3739
2009-06-04,942.46,1.1484
2009-06-05,940.09,-0.2515
2009-06-08,939.14,-0.1011
2009-06-09,942.43,0.3503
2009-06-10,939.15,-0.348
2009-06-11,944.89,0.6112
2009-06-12,946.21,0.1397
2009-06-15,923.72,-2.3769
2009-06-16,911.97,-1.272
2009-06-17,910.71,-0.1382
2009-06-18,918.37,0.8411
2009-06-19,921.23,0.3114
2009-06-22,893.04,-3.06
2009-06-23,895.1,0.2307
2009-06-24,900.94,0.6524
2009-06-25,920.26,2.1444
2009-06-26,918.9,-0.1478
2009-06-29,927.23,0.9065
2009-06-30,919.32,-0.8531
2009-07-01,923.33,0.4362
2009-07-02,896.42,-2.9145
2009-07-06,898.72,0.2566
2009-07-07,881.03,-1.9684
2009-07-08,879.56,-0.1669
2009-07-09,882.68,0.3547
2009-07-10,879.13,-0.4022
2009-07-13,901.05,2.4934
2009-07-14,905.84,0.5316
2009-07-15,932.68,2.963
2009-07-16,940.74,0.8642
2009-07-17,940.38,-0.0383
2009-07-20,951.13,1.1432
2009-07-21,954.58,0.3627
2009-07-22,954.07,-0.0534
2009-07-23,976.29,2.329
2009-07-24,979.26,0.3042
2009-07-27,982.18,0.2982
2009-07-28,979.62,-0.2606
2009-07-29,975.15,-0.4563
2009-07-30,986.75,1.1896
2009-07-31,987.48,0.074
2009-08-03,1002.63,1.5342
2009-08-04,1005.65,0.3012
2009-08-05,1002.72,-0.2914
2009-08-06,997.08,-0.5625
2009-08-07,1010.48,1.3439
2009-08-10,1007.1,-0.3345
2009-08-11,994.35,-1.266
2009-08-12,1005.81,1.1525
2009-08-13,1012.73,0.688
2009-08-14,1004.09,-0.8531
2009-08-17,979.73,-2.4261
2009-08-18,989.67,1.0146
2009-08-19,996.46,0.6861
2009-08-20,1007.37,1.0949
2009-08-21,1026.13,1.8623
2009-08-24,1025.57,-0.0546
2009-08-25,1028.0,0.2369
2009-08-26,1028.12,0.0117
2009-08-27,1030.98,0.2782
2009-08-28,1028.93,-0.1988
2009-08-31,1020.62,-0.8076
2009-09-01,998.04,-2.2124
2009-09-02,994.75,-0.3296
2009-09-03,1003.24,0.8535
2009-09-04,1016.4,1.3117
2009-09-08,1025.39,0.8845
2009-09-09,1033.37,0.7782
2009-09-10,1044.14,1.0422
2009-09-11,1042.73,-0.135
2009-09-14,1049.34,0.6339
2009-09-15,1052.63,0.3135
2009-09-16,1068.76,1.5324
2009-09-17,1065.49,-0.306
2009-09-18,1068.3,0.2637
2009-09-21,1064.66,-0.3407
2009-09-22,1071.66,0.6575
2009-09-23,1060.87,-1.0068
2009-09-24,1050.78,-0.9511
2009-09-25,1044.38,-0.6091
2009-09-28,1062.98,1.781
2009-09-29,1060.61,-0.223
2009-09-30,1057.08,-0.3328
2009-10-01,1029.85,-2.576
2009-10-02,1025.21,-0.4506
2009-10-05,1040.46,1.4875
2009-10-06,1054.72,1.3705
2009-10-07,1057.58,0.2712
2009-10-08,1065.48,0.747
2009-10-09,1071.49,0.5641
2009-10-12,1076.19,0.4386
2009-10-13,1073.19,-0.2788
2009-10-14,1092.02,1.7546
2009-10-15,1096.56,0.4157
2009-10-16,1087.68,-0.8098
2009-10-19,1097.91,0.9405
2009-10-20,1091.06,-0.6239
2009-10-21,1081.4,-0.8854
2009-10-22,1092.91,1.0644
2009-10-23,1079.6,-1.2178
2009-10-26,1066.95,-1.1717
2009-10-27,1063.41,-0.3318
2009-10-28,1042.63,-1.9541
2009-10-29,1066.11,2.252
2009-10-30,1036.19,-2.8065
2009-11-02,1042.88,0.6456
2009-11-03,1045.41,0.2426
2009-11-04,1046.5,0.1043
2009-11-05,1066.63,1.9236
2009-11-06,1069.3,0.2503
2009-11-09,1093.08,2.2239
2009-11-10,1093.01,-0.0064
2009-11-11,1098.51,0.5032
2009-11-12,1087.24,-1.0259
2009-11-13,1093.48,0.5739
2009-11-16,1109.3,1.4468
2009-11-17,1110.32,0.0919
2009-11-18,1109.8,-0.0468
2009-11-19,1094.9,-1.3426
2009-11-20,1091.38,-0.3215
2009-11-23,1106.24,1.3616
2009-11-24,1105.65,-0.0533
2009-11-25,1110.63,0.4504
2009-11-27,1091.49,-1.7233
2009-11-30,1095.63,0.3793
2009-12-01,1108.86,1.2075
2009-12-02,1109.24,0.0343
2009-12-03,1099.92,-0.8402
2009-12-04,1105.98,0.5509
2009-12-07,1103.25,-0.2468
2009-12-08,1091.94,-1.0252
2009-12-09,1095.95,0.3672
2009-12-10,1102.35,0.584
2009-12-11,1106.41,0.3683
2009-12-14,1114.11,0.6959
2009-12-15,1107.93,-0.5547
2009-12-16,1109.18,0.1128
2009-12-17,1096.08,-1.1811
2009-12-18,1102.47,0.583
2009-12-21,1114.05,1.0504
2009-12-22,1118.02,0.3564
2009-12-23,1120.59,0.2299
2009-12-24,1126.48,0.5256
2009-12-28,1127.78,0.1154
2009-12-29,1126.2,-0.1401
2009-12-30,1126.42,0.0195
2009-12-31,1115.1,-1.005
2010-01-04,1132.99,1.6043
2010-01-05,1136.52,0.3116
2010-01-06,1137.14,0.0546
2010-01-07,1141.69,0.4001
2010-01-08,1144.98,0.2882
2010-01-11,1146.98,0.1747
2010-01-12,1136.22,-0.9381
2010-01-13,1145.68,0.8326
2010-01-14,1148.46,0.2427
2010-01-15,1136.03,-1.0823
2010-01-19,1150.23,1.25
2010-01-20,1138.04,-1.0598
2010-01-21,1116.48,-1.8945
2010-01-22,1091.76,-2.2141
2010-01-25,1096.78,0.4598
2010-01-26,1092.17,-0.4203
2010-01-27,1097.5,0.488
2010-01-28,1084.53,-1.1818
2010-01-29,1073.87,-0.9829
2010-02-01,1089.19,1.4266
2010-02-02,1103.32,1.2973
2010-02-03,1097.28,-0.5474
2010-02-04,1063.11,-3.1141
2010-02-05,1066.19,0.2897
2010-02-08,1056.74,-0.8863
2010-02-09,1070.52,1.304
2010-02-10,1068.13,-0.2233
2010-02-11,1078.47,0.968
2010-02-12,1075.51,-0.2745
2010-02-16,1094.87,1.8001
2010-02-17,1099.51,0.4238
2010-02-18,1106.75,0.6585
2010-02-19,1109.17,0.2187
2010-02-22,1108.01,-0.1046
2010-02-23,1094.6,-1.2103
2010-02-24,1105.24,0.972
2010-02-25,1102.94,-0.2081
2010-02-26,1104.49,0.1405
2010-03-01,1115.71,1.0159
2010-03-02,1118.31,0.233
2010-03-03,1118.79,0.0429
2010-03-04,1122.97,0.3736
2010-03-05,1138.7,1.4007
2010-03-08,1138.5,-0.0176
2010-03-09,1140.45,0.1713
2010-03-10,1145.61,0.4525
2010-03-11,1150.24,0.4042
2010-03-12,1149.99,-0.0217
2010-03-15,1150.51,0.0452
2010-03-16,1159.46,0.7779
2010-03-17,1166.21,0.5822
2010-03-18,1165.83,-0.0326
2010-03-19,1159.9,-0.5087
2010-03-22,1165.81,0.5095
2010-03-23,1174.17,0.7171
2010-03-24,1167.72,-0.5493
2010-03-25,1165.73,-0.1704
2010-03-26,1166.59,0.0738
2010-03-29,1173.22,0.5683
2010-03-30,1173.27,0.0043
2010-03-31,1169.43,-0.3273
2010-04-01,1178.1,0.7414
2010-04-05,1187.44,0.7928
2010-04-06,1189.44,0.1684
2010-04-07,1182.45,-0.5877
2010-04-08,1186.44,0.3374
2010-04-09,1194.37,0.6684
2010-04-12,1196.48,0.1767
2010-04-13,1197.3,0.0685
2010-04-14,1210.65,1.115
2010-04-15,1211.67,0.0843
2010-04-16,1192.13,-1.6127
2010-04-19,1197.52,0.4521
2010-04-20,1207.17,0.8058
2010-04-21,1205.94,-0.1019
2010-04-22,1208.67,0.2264
2010-04-23,1217.28,0.7124
2010-04-26,1212.05,-0.4296
2010-04-27,1183.71,-2.3382
2010-04-28,1191.36,0.6463
2010-04-29,1206.78,1.2943
2010-04-30,1186.69,-1.6648
2010-05-03,1202.26,1.3121
2010-05-04,1173.6,-2.3838
2010-05-05,1165.87,-0.6587
2010-05-06,1128.15,-3.2354
2010-05-07,1110.88,-1.5308
2010-05-10,1159.73,4.3974
2010-05-11,1155.79,-0.3397
2010-05-12,1171.67,1.374
2010-05-13,1157.44,-1.2145
2010-05-14,1135.68,-1.88
2010-05-17,1136.94,0.1109
2010-05-18,1120.8,-1.4196
2010-05-19,1115.05,-0.513
2010-05-20,1071.59,-3.8976
2010-05-21,1087.69,1.5024
2010-05-24,1073.65,-1.2908
2010-05-25,1074.03,0.0354
2010-05-26,1067.95,-0.5661
2010-05-27,1103.06,3.2876
2010-05-28,1089.41,-1.2375
2010-06-01,1070.71,-1.7165
2010-06-02,1098.38,2.5843
2010-06-03,1102.83,0.4051
2010-06-04,1064.88,-3.4411
2010-06-07,1050.47,-1.3532
2010-06-08,1062.0,1.0976
2010-06-09,1055.69,-0.5942
2010-06-10,1086.84,2.9507
2010-06-11,1091.6,0.438
2010-06-14,1089.63,-0.1805
2010-06-15,1115.23,2.3494
2010-06-16,1114.61,-0.0556
2010-06-17,1116.04,0.1283
2010-06-18,1117.51,0.1317
2010-06-21,1113.2,-0.3857
2010-06-22,1095.31,-1.6071
2010-06-23,1092.04,-0.2985
2010-06-24,1073.69,-1.6803
2010-06-25,1076.76,0.2859
2010-06-28,1074.57,-0.2034
2010-06-29,1041.24,-3.1017
2010-06-30,1030.71,-1.0113
2010-07-01,1027.37,-0.324
2010-07-02,1022.58,-0.4662
2010-07-06,1028.06,0.5359
2010-07-07,1060.27,3.1331
2010-07-08,1070.25,0.9413
2010-07-09,1077.96,0.7204
2010-07-12,1078.75,0.0733
2010-07-13,1095.34,1.5379
2010-07-14,1095.17,-0.0155
2010-07-15,1096.48,0.1196
2010-07-16,1064.88,-2.8819
2010-07-19,1071.25,0.5982
2010-07-20,1083.48,1.1417
2010-07-21,1069.59,-1.282
2010-07-22,1093.67,2.2513
2010-07-23,1102.66,0.822
2010-07-26,1115.01,1.12
2010-07-27,1113.84,-0.1049
2010-07-28,1106.13,-0.6922
2010-07-29,1101.53,-0.4159
2010-07-30,1101.6,0.0064
2010-08-02,1125.86,2.2023
2010-08-03,1120.46,-0.4796
2010-08-04,1127.24,0.6051
2010-08-05,1125.81,-0.1269
2010-08-06,1121.64,-0.3704
2010-08-09,1127.79,0.5483
2010-08-10,1121.06,-0.5967
2010-08-11,1089.47,-2.8179
2010-08-12,1083.61,-0.5379
2010-08-13,1079.25,-0.4024
2010-08-16,1079.38,0.012
2010-08-17,1092.54,1.2192
2010-08-18,1094.16,0.1483
2010-08-19,1075.63,-1.6935
2010-08-20,1071.69,-0.3663
2010-08-23,1067.36,-0.404
2010-08-24,1051.87,-1.4512
2010-08-25,1055.33,0.3289
2010-08-26,1047.22,-0.7685
2010-08-27,1064.59,1.6587
2010-08-30,1048.92,-1.4719
2010-08-31,1049.33,0.0391
2010-09-01,1080.29,2.9505
2010-09-02,1090.1,0.9081
2010-09-03,1104.51,1.3219
2010-09-07,1091.84,-1.1471
2010-09-08,1098.87,0.6439
2010-09-09,1104.18,0.4832
2010-09-10,1109.55,0.4863
2010-09-13,1121.9,1.1131
2010-09-14,1121.1,-0.0713
2010-09-15,1125.07,0.3541
2010-09-16,1124.66,-0.0364
2010-09-17,1125.59,0.0827
2010-09-20,1142.71,1.521
2010-09-21,1139.78,-0.2564
2010-09-22,1134.28,-0.4825
2010-09-23,1124.83,-0.8331
2010-09-24,1148.67,2.1194
2010-09-27,1142.16,-0.5667
2010-09-28,1147.7,0.485
2010-09-29,1144.73,-0.2588
2010-09-30,1141.2,-0.3084
2010-10-01,1146.24,0.4416
2010-10-04,1137.03,-0.8035
2010-10-05,1160.75,2.0861
2010-10-06,1159.97,-0.0672
2010-10-07,1158.06,-0.1647
2010-10-08,1165.15,0.6122
2010-10-11,1165.32,0.0146
2010-10-12,1169.77,0.3819
2010-10-13,1178.1,0.7121
2010-10-14,1173.81,-0.3641
2010-10-15,1176.19,0.2028
2010-10-18,1184.71,0.7244
2010-10-19,1165.9,-1.5877
2010-10-20,1178.17,1.0524
2010-10-21,1180.26,0.1774
2010-10-22,1183.08,0.2389
2010-10-25,1185.62,0.2147
2010-10-26,1185.64,0.0017
2010-10-27,1182.45,-0.2691
2010-10-28,1183.78,0.1125
2010-10-29,1183.26,-0.0439
2010-11-01,1184.38,0.0947
2010-11-02,1193.57,0.7759
2010-11-03,1197.96,0.3678
2010-11-04,1221.06,1.9283
2010-11-05,1225.85,0.3923
2010-11-08,1223.25,-0.2121
2010-11-09,1213.4,-0.8052
2010-11-10,1218.71,0.4376
2010-11-11,1213.54,-0.4242
2010-11-12,1199.21,-1.1808
2010-11-15,1197.75,-0.1217
2010-11-16,1178.34,-1.6205
2010-11-17,1178.59,0.0212
2010-11-18,1196.69,1.5357
2010-11-19,1199.73,0.254
2010-11-22,1197.84,-0.1575
2010-11-23,1180.73,-1.4284
2010-11-24,1198.35,1.4923
2010-11-26,1189.4,-0.7469
2010-11-29,1187.76,-0.1379
2010-11-30,1180.55,-0.607
2010-12-01,1206.07,2.1617
2010-12-02,1221.53,1.2818
2010-12-03,1224.71,0.2603
2010-12-06,1223.12,-0.1298
2010-12-07,1223.75,0.0515
2010-12-08,1228.28,0.3702
2010-12-09,1233.0,0.3843
2010-12-10,1240.4,0.6002
2010-12-13,1240.46,0.0048
2010-12-14,1241.59,0.0911
2010-12-15,1235.23,-0.5122
2010-12-16,1242.87,0.6185
2010-12-17,1243.91,0.0837
2010-12-20,1247.08,0.2548
2010-12-21,1254.6,0.603
2010-12-22,1258.84,0.338
2010-12-23,1256.77,-0.1644
2010-12-27,1257.54,0.0613
2010-12-28,1258.51,0.0771
2010-12-29,1259.78,0.1009
2010-12-30,1257.88,-0.1508
2010-12-31,1257.64,-0.0191
2011-01-03,1271.87,1.1315
2011-01-04,1270.2,-0.1313
2011-01-05,1276.56,0.5007
2011-01-06,1273.85,-0.2123
2011-01-07,1271.5,-0.1845
2011-01-10,1269.75,-0.1376
2011-01-11,1274.48,0.3725
2011-01-12,1285.96,0.9008
2011-01-13,1283.76,-0.1711
2011-01-14,1293.24,0.7385
2011-01-18,1295.02,0.1376
2011-01-19,1281.92,-1.0116
2011-01-20,1280.26,-0.1295
2011-01-21,1283.35,0.2414
2011-01-24,1290.84,0.5836
2011-01-25,1291.18,0.0263
2011-01-26,1296.63,0.4221
2011-01-27,1299.54,0.2244
2011-01-28,1276.34,-1.7852
2011-01-31,1286.12,0.7663
2011-02-01,1307.59,1.6694
2011-02-02,1304.03,-0.2723
2011-02-03,1307.1,0.2354
2011-02-04,1310.87,0.2884
2011-02-07,1319.05,0.624
2011-02-08,1324.57,0.4185
2011-02-09,1320.88,-0.2786
2011-02-10,1321.87,0.075
2011-02-11,1329.15,0.5507
2011-02-14,1332.32,0.2385
2011-02-15,1328.01,-0.3235
2011-02-16,1336.32,0.6257
2011-02-17,1340.43,0.3076
2011-02-18,1343.01,0.1925
2011-02-22,1315.44,-2.0529
2011-02-23,1307.4,-0.6112
2011-02-24,1306.1,-0.0994
2011-02-25,1319.88,1.055
2011-02-28,1327.22,0.5561
2011-03-01,1306.33,-1.574
2011-03-02,1308.44,0.1615
2011-03-03,1330.97,1.7219
2011-03-04,1321.15,-0.7378
2011-03-07,1310.13,-0.8341
2011-03-08,1321.82,0.8923
2011-03-09,1320.02,-0.1362
2011-03-10,1295.11,-1.8871
2011-03-11,1304.28,0.708
2011-03-14,1296.39,-0.6049
2011-03-15,1281.87,-1.12
2011-03-16,1256.88,-1.9495
2011-03-17,1273.72,1.3398
2011-03-18,1279.21,0.431
2011-03-21,1298.38,1.4986
2011-03-22,1293.77,-0.3551
2011-03-23,1297.54,0.2914
2011-03-24,1309.66,0.9341
2011-03-25,1313.8,0.3161
2011-03-28,1310.19,-0.2748
2011-03-29,1319.44,0.706
2011-03-30,1328.26,0.6685
2011-03-31,1325.83,-0.1829
2011-04-01,1332.41,0.4963
2011-04-04,1332.87,0.0345
2011-04-05,1332.63,-0.018
2011-04-06,1335.54,0.2184
2011-04-07,1333.51,-0.152
2011-04-08,1328.17,-0.4004
2011-04-11,1324.46,-0.2793
2011-04-12,1314.16,-0.7777
2011-04-13,1314.41,0.019
2011-04-14,1314.52,0.0084
2011-04-15,1319.68,0.3925
2011-04-18,1305.14,-1.1018
2011-04-19,1312.62,0.5731
2011-04-20,1330.36,1.3515
2011-04-21,1337.38,0.5277
2011-04-25,1335.25,-0.1593
2011-04-26,1347.24,0.898
2011-04-27,1355.66,0.625
2011-04-28,1360.48,0.3555
2011-04-29,1363.61,0.2301
2011-05-02,1361.22,-0.1753
2011-05-03,1356.62,-0.3379
2011-05-04,1347.32,-0.6855
2011-05-05,1335.1,-0.907
2011-05-06,1340.2,0.382
2011-05-09,1346.29,0.4544
2011-05-10,1357.16,0.8074
2011-05-11,1342.08,-1.1111
2011-05-12,1348.65,0.4895
2011-05-13,1337.77,-0.8067
2011-05-16,1329.47,-0.6204
2011-05-17,1328.98,-0.0369
2011-05-18,1340.68,0.8804
2011-05-19,1343.6,0.2178
2011-05-20,1333.27,-0.7688
2011-05-23,1317.37,-1.1926
2011-05-24,1316.28,-0.0827
2011-05-25,1320.47,0.3183
2011-05-26,1325.69,0.3953
2011-05-27,1331.1,0.4081
2011-05-31,1345.2,1.0593
2011-06-01,1314.55,-2.2785
2011-06-02,1312.94,-0.1225
2011-06-03,1300.16,-0.9734
2011-06-06,1286.17,-1.076
2011-06-07,1284.94,-0.0956
2011-06-08,1279.56,-0.4187
2011-06-09,1289.0,0.7378
2011-06-10,1270.98,-1.398
2011-06-13,1271.83,0.0669
2011-06-14,1287.87,1.2612
2011-06-15,1265.42,-1.7432
2011-06-16,1267.64,0.1754
2011-06-17,1271.5,0.3045
2011-06-20,1278.36,0.5395
2011-06-21,1295.52,1.3423
2011-06-22,1287.14,-0.6468
2011-06-23,1283.5,-0.2828
2011-06-24,1268.45,-1.1726
2011-06-27,1280.1,0.9184
2011-06-28,1296.67,1.2944
2011-06-29,1307.41,0.8283
2011-06-30,1320.64,1.0119
2011-07-01,1339.67,1.441
2011-07-05,1337.88,-0.1336
2011-07-06,1339.22,0.1002
2011-07-07,1353.22,1.0454
2011-07-08,1343.8,-0.6961
2011-07-11,1319.49,-1.809
2011-07-12,1313.64,-0.4434
2011-07-13,1317.72,0.3106
2011-07-14,1308.87,-0.6716
2011-07-15,1316.14,0.5554
2011-07-18,1305.44,-0.813
2011-07-19,1326.73,1.6309
2011-07-20,1325.84,-0.0671
2011-07-21,1343.8,1.3546
2011-07-22,1345.02,0.0908
2011-07-25,1337.43,-0.5643
2011-07-26,1331.94,-0.4105
2011-07-27,1304.89,-2.0309
2011-07-28,1300.67,-0.3234
2011-07-29,1292.28,-0.6451
2011-08-01,1286.94,-0.4132
2011-08-02,1254.05,-2.5557
2011-08-03,1260.34,0.5016
2011-08-04,1200.07,-4.782
2011-08-05,1199.38,-0.0575
2011-08-08,1119.46,-6.6634
2011-08-09,1172.53,4.7407
2011-08-10,1120.76,-4.4152
2011-08-11,1172.64,4.629
2011-08-12,1178.81,0.5262
2011-08-15,1204.49,2.1785
2011-08-16,1192.76,-0.9739
2011-08-17,1193.89,0.0947
2011-08-18,1140.65,-4.4594
2011-08-19,1123.53,-1.5009
2011-08-22,1123.82,0.0258
2011-08-23,1162.35,3.4285
2011-08-24,1177.6,1.312
2011-08-25,1159.27,-1.5566
2011-08-26,1176.8,1.5122
2011-08-29,1210.08,2.828
2011-08-30,1212.92,0.2347
2011-08-31,1218.89,0.4922
2011-09-01,1204.42,-1.1871
2011-09-02,1173.97,-2.5282
2011-09-06,1165.24,-0.7436
2011-09-07,1198.62,2.8646
2011-09-08,1185.9,-1.0612
2011-09-09,1154.23,-2.6705
2011-09-12,1162.27,0.6966
2011-09-13,1172.87,0.912
2011-09-14,1188.68,1.348
2011-09-15,1209.11,1.7187
2011-09-16,1216.01,0.5707
2011-09-19,1204.09,-0.9803
2011-09-20,1202.09,-0.1661
2011-09-21,1166.76,-2.939
2011-09-22,1129.56,-3.1883
2011-09-23,1136.43,0.6082
2011-09-26,1162.95,2.3336
2011-09-27,1175.38,1.0688
2011-09-28,1151.06,-2.0691
2011-09-29,1160.4,0.8114
2011-09-30,1131.42,-2.4974
2011-10-03,1099.23,-2.8451
2011-10-04,1123.95,2.2488
2011-10-05,1144.03,1.7866
2011-10-06,1164.97,1.8304
2011-10-07,1155.46,-0.8163
2011-10-10,1194.89,3.4125
2011-10-11,1195.54,0.0544
2011-10-12,1207.25,0.9795
2011-10-13,1203.66,-0.2974
2011-10-14,1224.58,1.738
2011-10-17,1200.86,-1.937
2011-10-18,1225.38,2.0419
2011-10-19,1209.88,-1.2649
2011-10-20,1215.39,0.4554
2011-10-21,1238.25,1.8809
2011-10-24,1254.19,1.2873
2011-10-25,1229.05,-2.0045
2011-10-26,1242.0,1.0537
2011-10-27,1284.59,3.4291
2011-10-28,1285.09,0.0389
2011-10-31,1253.3,-2.4738
2011-11-01,1218.28,-2.7942
2011-11-02,1237.9,1.6105
2011-11-03,1261.15,1.8782
2011-11-04,1253.23,-0.628
2011-11-07,1261.12,0.6296
2011-11-08,1275.92,1.1736
2011-11-09,1229.1,-3.6695
2011-11-10,1239.7,0.8624
2011-11-11,1263.85,1.9481
2011-11-14,1251.78,-0.955
2011-11-15,1257.81,0.4817
2011-11-16,1236.91,-1.6616
2011-11-17,1216.13,-1.68
2011-11-18,1215.65,-0.0395
2011-11-21,1192.98,-1.8648
2011-11-22,1188.04,-0.4141
2011-11-23,1161.79,-2.2095
2011-11-25,1158.67,-0.2686
2011-11-28,1192.55,2.924
2011-11-29,1195.19,0.2214
2011-11-30,1246.96,4.3315
2011-12-01,1244.58,-0.1909
2011-12-02,1244.28,-0.0241
2011-12-05,1257.08,1.0287
2011-12-06,1258.47,0.1106
2011-12-07,1261.01,0.2018
2011-12-08,1234.35,-2.1142
2011-12-09,1255.19,1.6883
2011-12-12,1236.47,-1.4914
2011-12-13,1225.73,-0.8686
2011-12-14,1211.82,-1.1348
2011-12-15,1215.75,0.3243
2011-12-16,1219.66,0.3216
2011-12-19,1205.35,-1.1733
2011-12-20,1241.3,2.9825
2011-12-21,1243.72,0.195
2011-12-22,1254.0,0.8266
2011-12-23,1265.33,0.9035
2011-12-27,1265.43,0.0079
2011-12-28,1249.64,-1.2478
2011-12-29,1263.02,1.0707
2011-12-30,1257.6,-0.4291
2012-01-03,1277.06,1.5474
2012-01-04,1277.3,0.0188
2012-01-05,1281.06,0.2944
2012-01-06,1277.81,-0.2537
2012-01-09,1280.7,0.2262
2012-01-10,1292.08,0.8886
2012-01-11,1292.48,0.031
2012-01-12,1295.5,0.2337
2012-01-13,1289.09,-0.4948
2012-01-17,1293.67,0.3553
2012-01-18,1308.04,1.1108
2012-01-19,1314.5,0.4939
2012-01-20,1315.38,0.0669
2012-01-23,1316.0,0.0471
2012-01-24,1314.65,-0.1026
2012-01-25,1326.06,0.8679
2012-01-26,1318.43,-0.5754
2012-01-27,1316.33,-0.1593
2012-01-30,1313.01,-0.2522
2012-01-31,1312.41,-0.0457
2012-02-01,1324.09,0.89
2012-02-02,1325.54,0.1095
2012-02-03,1344.9,1.4605
2012-02-06,1344.33,-0.0424
2012-02-07,1347.05,0.2023
2012-02-08,1349.96,0.216
2012-02-09,1351.95,0.1474
2012-02-10,1342.64,-0.6886
2012-02-13,1351.77,0.68
2012-02-14,1350.5,-0.094
2012-02-15,1343.23,-0.5383
2012-02-16,1358.04,1.1026
2012-02-17,1361.23,0.2349
2012-02-21,1362.21,0.072
2012-02-22,1357.66,-0.334
2012-02-23,1363.46,0.4272
2012-02-24,1365.74,0.1672
2012-02-27,1367.59,0.1355
2012-02-28,1372.18,0.3356
2012-02-29,1365.68,-0.4737
2012-03-01,1374.09,0.6158
2012-03-02,1369.63,-0.3246
2012-03-05,1364.33,-0.387
2012-03-06,1343.36,-1.537
2012-03-07,1352.63,0.6901
2012-03-08,1365.91,0.9818
2012-03-09,1370.87,0.3631
2012-03-12,1371.09,0.016
2012-03-13,1395.95,1.8132
2012-03-14,1394.28,-0.1196
2012-03-15,1402.6,0.5967
2012-03-16,1404.17,0.1119
2012-03-19,1409.75,0.3974
2012-03-20,1405.52,-0.3001
2012-03-21,1402.89,-0.1871
2012-03-22,1392.78,-0.7207
2012-03-23,1397.11,0.3109
2012-03-26,1416.51,1.3886
2012-03-27,1412.52,-0.2817
2012-03-28,1405.54,-0.4942
2012-03-29,1403.28,-0.1608
2012-03-30,1408.47,0.3698
2012-04-02,1419.04,0.7505
2012-04-03,1413.38,-0.3989
2012-04-04,1398.96,-1.0202
2012-04-05,1398.08,-0.0629
2012-04-09,1382.2,-1.1358
2012-04-10,1358.59,-1.7081
2012-04-11,1368.71,0.7449
2012-04-12,1387.57,1.3779
2012-04-13,1370.26,-1.2475
2012-04-16,1369.57,-0.0504
2012-04-17,1390.78,1.5487
2012-04-18,1385.14,-0.4055
2012-04-19,1376.92,-0.5934
2012-04-20,1378.53,0.1169
2012-04-23,1366.94,-0.8408
2012-04-24,1371.97,0.368
2012-04-25,1390.69,1.3645
2012-04-26,1399.98,0.668
2012-04-27,1403.36,0.2414
2012-04-30,1397.91,-0.3884
2012-05-01,1405.82,0.5658
2012-05-02,1402.31,-0.2497
2012-05-03,1391.57,-0.7659
2012-05-04,1369.1,-1.6147
2012-05-07,1369.58,0.0351
2012-05-08,1363.72,-0.4279
2012-05-09,1354.58,-0.6702
2012-05-10,1357.99,0.2517
2012-05-11,1353.39,-0.3387
2012-05-14,1338.35,-1.1113
2012-05-15,1330.66,-0.5746
2012-05-16,1324.8,-0.4404
2012-05-17,1304.86,-1.5051
2012-05-18,1295.22,-0.7388
2012-05-21,1315.99,1.6036
2012-05-22,1316.63,0.0486
2012-05-23,1318.86,0.1694
2012-05-24,1320.68,0.138
2012-05-25,1317.82,-0.2166
2012-05-29,1332.42,1.1079
2012-05-30,1313.32,-1.4335
2012-05-31,1310.33,-0.2277
2012-06-01,1278.04,-2.4643
2012-06-04,1278.18,0.011
2012-06-05,1285.5,0.5727
2012-06-06,1315.13,2.3049
2012-06-07,1314.99,-0.0106
2012-06-08,1325.66,0.8114
2012-06-11,1308.93,-1.262
2012-06-12,1324.18,1.1651
2012-06-13,1314.88,-0.7023
2012-06-14,1329.1,1.0815
2012-06-15,1342.84,1.0338
2012-06-18,1344.78,0.1445
2012-06-19,1357.98,0.9816
2012-06-20,1355.69,-0.1686
2012-06-21,1325.51,-2.2262
2012-06-22,1335.02,0.7175
2012-06-25,1313.72,-1.5955
2012-06-26,1319.99,0.4773
2012-06-27,1331.85,0.8985
2012-06-28,1329.04,-0.211
2012-06-29,1362.16,2.492
2012-07-02,1365.51,0.2459
2012-07-03,1374.02,0.6232
2012-07-05,1367.58,-0.4687
2012-07-06,1354.68,-0.9433
2012-07-09,1352.46,-0.1639
2012-07-10,1341.47,-0.8126
2012-07-11,1341.45,-0.0015
2012-07-12,1334.76,-0.4987
2012-07-13,1356.78,1.6497
2012-07-16,1353.64,-0.2314
2012-07-17,1363.67,0.741
2012-07-18,1372.78,0.6681
2012-07-19,1376.51,0.2717
2012-07-20,1362.66,-1.0062
2012-07-23,1350.52,-0.8909
2012-07-24,1338.31,-0.9041
2012-07-25,1337.89,-0.0314
2012-07-26,1360.02,1.6541
2012-07-27,1385.97,1.9081
2012-07-30,1385.3,-0.0483
2012-07-31,1379.32,-0.4317
2012-08-01,1375.32,-0.29
2012-08-02,1365.0,-0.7504
2012-08-03,1390.99,1.904
2012-08-06,1394.23,0.2329
2012-08-07,1401.35,0.5107
2012-08-08,1402.22,0.0621
2012-08-09,1402.8,0.0414
2012-08-10,1405.87,0.2188
2012-08-13,1404.11,-0.1252
2012-08-14,1403.93,-0.0128
2012-08-15,1405.53,0.114
2012-08-16,1415.51,0.7101
2012-08-17,1418.16,0.1872
2012-08-20,1418.13,-0.0021
2012-08-21,1413.17,-0.3498
2012-08-22,1413.49,0.0226
2012-08-23,1402.08,-0.8072
2012-08-24,1411.13,0.6455
2012-08-27,1410.44,-0.0489
2012-08-28,1409.3,-0.0808
2012-08-29,1410.49,0.0844
2012-08-30,1399.48,-0.7806
2012-08-31,1406.58,0.5073
2012-09-04,1404.94,-0.1166
2012-09-05,1403.44,-0.1068
2012-09-06,1432.12,2.0436
2012-09-07,1437.92,0.405
2012-09-10,1429.08,-0.6148
2012-09-11,1433.56,0.3135
2012-09-12,1436.56,0.2093
2012-09-13,1459.99,1.631
2012-09-14,1465.77,0.3959
2012-09-17,1461.19,-0.3125
2012-09-18,1459.32,-0.128
2012-09-19,1461.05,0.1185
2012-09-20,1460.26,-0.0541
2012-09-21,1460.15,-0.0075
2012-09-24,1456.89,-0.2233
2012-09-25,1441.59,-1.0502
2012-09-26,1433.32,-0.5737
2012-09-27,1447.15,0.9649
2012-09-28,1440.67,-0.4478
2012-10-01,1444.49,0.2652
2012-10-02,1445.75,0.0872
2012-10-03,1450.99,0.3624
2012-10-04,1461.4,0.7174
2012-10-05,1460.93,-0.0322
2012-10-08,1455.88,-0.3457
2012-10-09,1441.48,-0.9891
2012-10-10,1432.56,-0.6188
2012-10-11,1432.84,0.0195
2012-10-12,1428.59,-0.2966
2012-10-15,1440.13,0.8078
2012-10-16,1454.92,1.027
2012-10-17,1460.91,0.4117
2012-10-18,1457.34,-0.2444
2012-10-19,1433.19,-1.6571
2012-10-22,1433.82,0.044
2012-10-23,1413.11,-1.4444
2012-10-24,1408.75,-0.3085
2012-10-25,1412.97,0.2996
2012-10-26,1411.94,-0.0729
2012-10-31,1412.16,0.0156
2012-11-01,1427.59,1.0927
2012-11-02,1414.2,-0.9379
2012-11-05,1417.26,0.2164
2012-11-06,1428.39,0.7853
2012-11-07,1394.53,-2.3705
2012-11-08,1377.51,-1.2205
2012-11-09,1379.85,0.1699
2012-11-12,1380.03,0.013
2012-11-13,1374.53,-0.3985
2012-11-14,1355.49,-1.3852
2012-11-15,1353.33,-0.1594
2012-11-16,1359.88,0.484
2012-11-19,1386.89,1.9862
2012-11-20,1387.81,0.0663
2012-11-21,1391.03,0.232
2012-11-23,1409.15,1.3026
2012-11-26,1406.29,-0.203
2012-11-27,1398.94,-0.5227
2012-11-28,1409.93,0.7856
2012-11-29,1415.95,0.427
2012-11-30,1416.18,0.0162
2012-12-03,1409.46,-0.4745
2012-12-04,1407.05,-0.171
2012-12-05,1409.28,0.1585
2012-12-06,1413.94,0.3307
2012-12-07,1418.07,0.2921
2012-12-10,1418.55,0.0338
2012-12-11,1427.84,0.6549
2012-12-12,1428.48,0.0448
2012-12-13,1419.45,-0.6321
2012-12-14,1413.58,-0.4135
2012-12-17,1430.36,1.1871
2012-12-18,1446.79,1.1487
2012-12-19,1435.81,-0.7589
2012-12-20,1443.69,0.5488
2012-12-21,1430.15,-0.9379
2012-12-24,1426.66,-0.244
2012-12-26,1419.83,-0.4787
2012-12-27,1418.1,-0.1218
2012-12-28,1402.43,-1.105
2012-12-31,1426.19,1.6942
2013-01-02,1462.42,2.5403
2013-01-03,1459.37,-0.2086
2013-01-04,1466.47,0.4865
2013-01-07,1461.89,-0.3123
2013-01-08,1457.15,-0.3242
2013-01-09,1461.02,0.2656
2013-01-10,1472.12,0.7597
2013-01-11,1472.05,-0.0048
2013-01-14,1470.68,-0.0931
2013-01-15,1472.34,0.1129
2013-01-16,1472.63,0.0197
2013-01-17,1480.94,0.5643
2013-01-18,1485.98,0.3403
2013-01-22,1492.56,0.4428
2013-01-23,1494.81,0.1507
2013-01-24,1494.82,0.0007
2013-01-25,1502.96,0.5445
2013-01-28,1500.18,-0.185
2013-01-29,1507.84,0.5106
2013-01-30,1501.96,-0.39
2013-01-31,1498.11,-0.2563
2013-02-01,1513.17,1.0053
2013-02-04,1495.71,-1.1539
2013-02-05,1511.29,1.0416
2013-02-06,1512.12,0.0549
2013-02-07,1509.39,-0.1805
2013-02-08,1517.93,0.5658
2013-02-11,1517.01,-0.0606
2013-02-12,1519.43,0.1595
2013-02-13,1520.33,0.0592
2013-02-14,1521.38,0.0691
2013-02-15,1519.79,-0.1045
2013-02-19,1530.94,0.7337
2013-02-20,1511.95,-1.2404
2013-02-21,1502.42,-0.6303
2013-02-22,1515.6,0.8773
2013-02-25,1487.85,-1.831
2013-02-26,1496.94,0.6109
2013-02-27,1515.99,1.2726
2013-02-28,1514.68,-0.0864
2013-03-01,1518.2,0.2324
2013-03-04,1525.2,0.4611
2013-03-05,1539.79,0.9566
2013-03-06,1541.46,0.1085
2013-03-07,1544.26,0.1816
2013-03-08,1551.18,0.4481
2013-03-11,1556.22,0.3249
2013-03-12,1552.48,-0.2403
2013-03-13,1554.52,0.1314
2013-03-14,1563.23,0.5603
2013-03-15,1560.7,-0.1618
2013-03-18,1552.1,-0.551
2013-03-19,1548.34,-0.2423
2013-03-20,1558.71,0.6697
2013-03-21,1545.8,-0.8282
2013-03-22,1556.89,0.7174
2013-03-25,1551.69,-0.334
2013-03-26,1563.77,0.7785
2013-03-27,1562.85,-0.0588
2013-03-28,1569.19,0.4057
2013-04-01,1562.17,-0.4474
2013-04-02,1570.25,0.5172
2013-04-03,1553.69,-1.0546
2013-04-04,1559.98,0.4048
2013-04-05,1553.28,-0.4295
2013-04-08,1563.07,0.6303
2013-04-09,1568.61,0.3544
2013-04-10,1587.73,1.2189
2013-04-11,1593.37,0.3552
2013-04-12,1588.85,-0.2837
2013-04-15,1552.36,-2.2966
2013-04-16,1574.57,1.4307
2013-04-17,1552.01,-1.4328
2013-04-18,1541.61,-0.6701
2013-04-19,1555.25,0.8848
2013-04-22,1562.5,0.4662
2013-04-23,1578.78,1.0419
2013-04-24,1578.79,0.0006
2013-04-25,1585.16,0.4035
2013-04-26,1582.24,-0.1842
2013-04-29,1593.61,0.7186
2013-04-30,1597.57,0.2485
2013-05-01,1582.7,-0.9308
2013-05-02,1597.59,0.9408
2013-05-03,1614.42,1.0535
2013-05-06,1617.5,0.1908
2013-05-07,1625.96,0.523
2013-05-08,1632.69,0.4139
2013-05-09,1626.67,-0.3687
2013-05-10,1633.7,0.4322
2013-05-13,1633.77,0.0043
2013-05-14,1650.34,1.0142
2013-05-15,1658.78,0.5114
2013-05-16,1650.47,-0.501
2013-05-17,1667.47,1.03
2013-05-20,1666.29,-0.0708
2013-05-21,1669.16,0.1722
2013-05-22,1655.35,-0.8274
2013-05-23,1650.51,-0.2924
2013-05-24,1649.6,-0.0551
2013-05-28,1660.06,0.6341
2013-05-29,1648.36,-0.7048
2013-05-30,1654.41,0.367
2013-05-31,1630.74,-1.4307
2013-06-03,1640.42,0.5936
2013-06-04,1631.38,-0.5511
2013-06-05,1608.9,-1.378
2013-06-06,1622.56,0.849
2013-06-07,1643.38,1.2832
2013-06-10,1642.81,-0.0347
2013-06-11,1626.13,-1.0153
2013-06-12,1612.52,-0.837
2013-06-13,1636.36,1.4784
2013-06-14,1626.73,-0.5885
2013-06-17,1639.04,0.7567
2013-06-18,1651.81,0.7791
2013-06-19,1628.93,-1.3851
2013-06-20,1588.19,-2.501
2013-06-21,1592.43,0.267
2013-06-24,1573.09,-1.2145
2013-06-25,1588.03,0.9497
2013-06-26,1603.26,0.959
2013-06-27,1613.2,0.62
2013-06-28,1606.28,-0.429
2013-07-01,1614.96,0.5404
2013-07-02,1614.08,-0.0545
2013-07-03,1615.41,0.0824
2013-07-05,1631.89,1.0202
2013-07-08,1640.46,0.5252
2013-07-09,1652.32,0.723
2013-07-10,1652.62,0.0182
2013-07-11,1675.02,1.3554
2013-07-12,1680.19,0.3087
2013-07-15,1682.5,0.1375
2013-07-16,1676.26,-0.3709
2013-07-17,1680.91,0.2774
2013-07-18,1689.37,0.5033
2013-07-19,1692.09,0.161
2013-07-22,1695.53,0.2033
2013-07-23,1692.39,-0.1852
2013-07-24,1685.94,-0.3811
2013-07-25,1690.25,0.2556
2013-07-26,1691.65,0.0828
2013-07-29,1685.33,-0.3736
2013-07-30,1685.96,0.0374
2013-07-31,1685.73,-0.0136
2013-08-01,1706.87,1.2541
2013-08-02,1709.67,0.164
2013-08-05,1707.14,-0.148
2013-08-06,1697.37,-0.5723
2013-08-07,1690.91,-0.3806
2013-08-08,1697.48,0.3885
2013-08-09,1691.42,-0.357
2013-08-12,1689.47,-0.1153
2013-08-13,1694.16,0.2776
2013-08-14,1685.39,-0.5177
2013-08-15,1661.32,-1.4282
2013-08-16,1655.83,-0.3305
2013-08-19,1646.06,-0.59
2013-08-20,1652.35,0.3821
2013-08-21,1642.8,-0.578
2013-08-22,1656.96,0.8619
2013-08-23,1663.5,0.3947
2013-08-26,1656.78,-0.404
2013-08-27,1630.48,-1.5874
2013-08-28,1634.96,0.2748
2013-08-29,1638.17,0.1963
2013-08-30,1632.97,-0.3174
2013-09-03,1639.77,0.4164
2013-09-04,1653.08,0.8117
2013-09-05,1655.08,0.121
2013-09-06,1655.17,0.0054
2013-09-09,1671.71,0.9993
2013-09-10,1683.99,0.7346
2013-09-11,1689.13,0.3052
2013-09-12,1683.42,-0.338
2013-09-13,1687.99,0.2715
2013-09-16,1697.6,0.5693
2013-09-17,1704.76,0.4218
2013-09-18,1725.52,1.2178
2013-09-19,1722.34,-0.1843
2013-09-20,1709.91,-0.7217
2013-09-23,1701.84,-0.472
2013-09-24,1697.42,-0.2597
2013-09-25,1692.77,-0.2739
2013-09-26,1698.67,0.3485
2013-09-27,1691.75,-0.4074
2013-09-30,1681.55,-0.6029
2013-10-01,1695.0,0.7999
2013-10-02,1693.87,-0.0667
2013-10-03,1678.66,-0.8979
2013-10-04,1690.5,0.7053
2013-10-07,1676.12,-0.8506
2013-10-08,1655.45,-1.2332
2013-10-09,1656.4,0.0574
2013-10-10,1692.56,2.183
2013-10-11,1703.2,0.6286
2013-10-14,1710.14,0.4075
2013-10-15,1698.06,-0.7064
2013-10-16,1721.54,1.3828
2013-10-17,1733.15,0.6744
2013-10-18,1744.5,0.6549
2013-10-21,1744.66,0.0092
2013-10-22,1754.67,0.5738
2013-10-23,1746.38,-0.4725
2013-10-24,1752.07,0.3258
2013-10-25,1759.77,0.4395
2013-10-28,1762.11,0.133
2013-10-29,1771.95,0.5584
2013-10-30,1763.31,-0.4876
2013-10-31,1756.54,-0.3839
2013-11-01,1761.64,0.2903
2013-11-04,1767.93,0.3571
2013-11-05,1762.97,-0.2806
2013-11-06,1770.49,0.4266
2013-11-07,1747.15,-1.3183
2013-11-08,1770.61,1.3428
2013-11-11,1771.89,0.0723
2013-11-12,1767.69,-0.237
2013-11-13,1782.0,0.8095
2013-11-14,1790.62,0.4837
2013-11-15,1798.18,0.4222
2013-11-18,1791.53,-0.3698
2013-11-19,1787.87,-0.2043
2013-11-20,1781.37,-0.3636
2013-11-21,1795.85,0.8129
2013-11-22,1804.76,0.4961
2013-11-25,1802.48,-0.1263
2013-11-26,1802.75,0.015
2013-11-27,1807.23,0.2485
2013-11-29,1805.81,-0.0786
2013-12-02,1800.9,-0.2719
2013-12-03,1795.15,-0.3193
2013-12-04,1792.81,-0.1304
2013-12-05,1785.03,-0.434
2013-12-06,1805.09,1.1238
2013-12-09,1808.37,0.1817
2013-12-10,1802.62,-0.318
2013-12-11,1782.22,-1.1317
2013-12-12,1775.5,-0.3771
2013-12-13,1775.32,-0.0101
2013-12-16,1786.54,0.632
2013-12-17,1781.0,-0.3101
2013-12-18,1810.65,1.6648
2013-12-19,1809.6,-0.058
2013-12-20,1818.32,0.4819
2013-12-23,1827.99,0.5318
2013-12-24,1833.32,0.2916
2013-12-26,1842.02,0.4745
2013-12-27,1841.4,-0.0337
2013-12-30,1841.07,-0.0179
2013-12-31,1848.36,0.396
2014-01-02,1831.98,-0.8862
2014-01-03,1831.37,-0.0333
2014-01-06,1826.77,-0.2512
2014-01-07,1837.88,0.6082
2014-01-08,1837.49,-0.0212
2014-01-09,1838.13,0.0348
2014-01-10,1842.37,0.2307
2014-01-13,1819.2,-1.2576
2014-01-14,1838.88,1.0818
2014-01-15,1848.38,0.5166
2014-01-16,1845.89,-0.1347
2014-01-17,1838.7,-0.3895
2014-01-21,1843.8,0.2774
2014-01-22,1844.86,0.0575
2014-01-23,1828.46,-0.889
2014-01-24,1790.29,-2.0875
2014-01-27,1781.56,-0.4876
2014-01-28,1792.5,0.6141
2014-01-29,1774.2,-1.0209
2014-01-30,1794.19,1.1267
2014-01-31,1782.59,-0.6465
2014-02-03,1741.89,-2.2832
2014-02-04,1755.2,0.7641
2014-02-05,1751.64,-0.2028
2014-02-06,1773.43,1.244
2014-02-07,1797.02,1.3302
2014-02-10,1799.84,0.1569
2014-02-11,1819.75,1.1062
2014-02-12,1819.26,-0.0269
2014-02-13,1829.83,0.581
2014-02-14,1838.63,0.4809
2014-02-18,1840.76,0.1158
2014-02-19,1828.75,-0.6524
2014-02-20,1839.78,0.6031
2014-02-21,1836.25,-0.1919
2014-02-24,1847.61,0.6187
2014-02-25,1845.12,-0.1348
2014-02-26,1845.16,0.0022
2014-02-27,1854.29,0.4948
2014-02-28,1859.45,0.2783
2014-03-03,1845.73,-0.7379
2014-03-04,1873.91,1.5268
2014-03-05,1873.81,-0.0053
2014-03-06,1877.03,0.1718
2014-03-07,1878.04,0.0538
2014-03-10,1877.17,-0.0463
2014-03-11,1867.63,-0.5082
2014-03-12,1868.2,0.0305
2014-03-13,1846.34,-1.1701
2014-03-14,1841.13,-0.2822
2014-03-17,1858.83,0.9614
2014-03-18,1872.25,0.722
2014-03-19,1860.77,-0.6132
2014-03-20,1872.01,0.6041
2014-03-21,1866.52,-0.2933
2014-03-24,1857.44,-0.4865
2014-03-25,1865.62,0.4404
2014-03-26,1852.56,-0.7
2014-03-27,1849.04,-0.19
2014-03-28,1857.62,0.464
2014-03-31,1872.34,0.7924
2014-04-01,1885.52,0.7039
2014-04-02,1890.9,0.2853
2014-04-03,1888.77,-0.1126
2014-04-04,1865.09,-1.2537
2014-04-07,1845.04,-1.075
2014-04-08,1851.96,0.3751
2014-04-09,1872.18,1.0918
2014-04-10,1833.08,-2.0885
2014-04-11,1815.69,-0.9487
2014-04-14,1830.61,0.8217
2014-04-15,1842.98,0.6757
2014-04-16,1862.31,1.0488
2014-04-17,1864.85,0.1364
2014-04-21,1871.89,0.3775
2014-04-22,1879.55,0.4092
2014-04-23,1875.39,-0.2213
2014-04-24,1878.61,0.1717
2014-04-25,1863.4,-0.8096
2014-04-28,1869.43,0.3236
2014-04-29,1878.33,0.4761
2014-04-30,1883.95,0.2992
2014-05-01,1883.68,-0.0143
2014-05-02,1881.14,-0.1348
2014-05-05,1884.66,0.1871
2014-05-06,1867.72,-0.8988
2014-05-07,1878.21,0.5616
2014-05-08,1875.63,-0.1374
2014-05-09,1878.48,0.1519
2014-05-12,1896.65,0.9673
2014-05-13,1897.45,0.0422
2014-05-14,1888.53,-0.4701
2014-05-15,1870.85,-0.9362
2014-05-16,1877.86,0.3747
2014-05-19,1885.08,0.3845
2014-05-20,1872.83,-0.6498
2014-05-21,1888.03,0.8116
2014-05-22,1892.49,0.2362
2014-05-23,1900.53,0.4248
2014-05-27,1911.91,0.5988
2014-05-28,1909.78,-0.1114
2014-05-29,1920.03,0.5367
2014-05-30,1923.57,0.1844
2014-06-02,1924.97,0.0728
2014-06-03,1924.24,-0.0379
2014-06-04,1927.88,0.1892
2014-06-05,1940.46,0.6525
2014-06-06,1949.44,0.4628
2014-06-09,1951.27,0.0939
2014-06-10,1950.79,-0.0246
2014-06-11,1943.89,-0.3537
2014-06-12,1930.11,-0.7089
2014-06-13,1936.16,0.3135
2014-06-16,1937.78,0.0837
2014-06-17,1941.99,0.2173
2014-06-18,1956.98,0.7719
2014-06-19,1959.48,0.1277
2014-06-20,1962.87,0.173
2014-06-23,1962.61,-0.0132
2014-06-24,1949.98,-0.6435
2014-06-25,1959.53,0.4897
2014-06-26,1957.22,-0.1179
2014-06-27,1960.96,0.1911
2014-06-30,1960.23,-0.0372
2014-07-01,1973.32,0.6678
2014-07-02,1974.62,0.0659
2014-07-03,1985.44,0.548
2014-07-07,1977.65,-0.3924
2014-07-08,1963.71,-0.7049
2014-07-09,1972.83,0.4644
2014-07-10,1964.68,-0.4131
2014-07-11,1967.57,0.1471
2014-07-14,1977.1,0.4844
2014-07-15,1973.28,-0.1932
2014-07-16,1981.57,0.4201
2014-07-17,1958.12,-1.1834
2014-07-18,1978.22,1.0265
2014-07-21,1973.63,-0.232
2014-07-22,1983.53,0.5016
2014-07-23,1987.01,0.1754
2014-07-24,1987.98,0.0488
2014-07-25,1978.34,-0.4849
2014-07-28,1978.91,0.0288
2014-07-29,1969.95,-0.4528
2014-07-30,1970.07,0.0061
2014-07-31,1930.67,-1.9999
2014-08-01,1925.15,-0.2859
2014-08-04,1938.99,0.7189
2014-08-05,1920.21,-0.9685
2014-08-06,1920.24,0.0016
2014-08-07,1909.57,-0.5557
2014-08-08,1931.59,1.1531
2014-08-11,1936.92,0.2759
2014-08-12,1933.75,-0.1637
2014-08-13,1946.72,0.6707
2014-08-14,1955.18,0.4346
2014-08-15,1955.06,-0.0061
2014-08-18,1971.74,0.8532
2014-08-19,1981.6,0.5001
2014-08-20,1986.51,0.2478
2014-08-21,1992.37,0.295
2014-08-22,1988.4,-0.1993
2014-08-25,1997.92,0.4788
2014-08-26,2000.02,0.1051
2014-08-27,2000.12,0.005
2014-08-28,1996.74,-0.169
2014-08-29,2003.37,0.332
2014-09-02,2002.28,-0.0544
2014-09-03,2000.72,-0.0779
2014-09-04,1997.65,-0.1534
2014-09-05,2007.71,0.5036
2014-09-08,2001.54,-0.3073
2014-09-09,1988.44,-0.6545
2014-09-10,1995.69,0.3646
2014-09-11,1997.45,0.0882
2014-09-12,1985.54,-0.5963
2014-09-15,1984.13,-0.071
2014-09-16,1998.98,0.7484
2014-09-17,2001.57,0.1296
2014-09-18,2011.36,0.4891
2014-09-19,2010.4,-0.0477
2014-09-22,1994.29,-0.8013
2014-09-23,1982.77,-0.5776
2014-09-24,1998.3,0.7832
2014-09-25,1965.99,-1.6169
2014-09-26,1982.85,0.8576
2014-09-29,1977.8,-0.2547
2014-09-30,1972.29,-0.2786
2014-10-01,1946.16,-1.3249
2014-10-02,1946.17,0.0005
2014-10-03,1967.9,1.1166
2014-10-06,1964.82,-0.1565
2014-10-07,1935.1,-1.5126
2014-10-08,1968.89,1.7462
2014-10-09,1928.21,-2.0661
2014-10-10,1906.13,-1.1451
2014-10-13,1874.74,-1.6468
2014-10-14,1877.7,0.1579
2014-10-15,1862.49,-0.81
2014-10-16,1862.76,0.0145
2014-10-17,1886.76,1.2884
2014-10-20,1904.01,0.9143
2014-10-21,1941.28,1.9574
2014-10-22,1927.11,-0.7299
2014-10-23,1950.82,1.2303
2014-10-24,1964.58,0.7053
2014-10-27,1961.63,-0.1502
2014-10-28,1985.05,1.1939
2014-10-29,1982.3,-0.1385
2014-10-30,1994.65,0.623
2014-10-31,2018.05,1.1731
2014-11-03,2017.81,-0.0119
2014-11-04,2012.1,-0.283
2014-11-05,2023.57,0.5701
2014-11-06,2031.21,0.3776
2014-11-07,2031.92,0.035
2014-11-10,2038.26,0.312
2014-11-11,2039.68,0.0697
2014-11-12,2038.25,-0.0701
2014-11-13,2039.33,0.053
2014-11-14,2039.82,0.024
2014-11-17,2041.32,0.0735
2014-11-18,2051.8,0.5134
2014-11-19,2048.72,-0.1501
2014-11-20,2052.75,0.1967
2014-11-21,2063.5,0.5237
2014-11-24,2069.41,0.2864
2014-11-25,2067.03,-0.115
2014-11-26,2072.83,0.2806
2014-11-28,2067.56,-0.2542
2014-12-01,2053.44,-0.6829
2014-12-02,2066.55,0.6384
2014-12-03,2074.33,0.3765
2014-12-04,2071.92,-0.1162
2014-12-05,2075.37,0.1665
2014-12-08,2060.31,-0.7257
2014-12-09,2059.82,-0.0238
2014-12-10,2026.14,-1.6351
2014-12-11,2035.33,0.4536
2014-12-12,2002.33,-1.6214
2014-12-15,1989.63,-0.6343
2014-12-16,1972.74,-0.8489
2014-12-17,2012.89,2.0352
2014-12-18,2061.23,2.4015
2014-12-19,2070.65,0.457
2014-12-22,2078.54,0.381
2014-12-23,2082.17,0.1746
2014-12-24,2081.88,-0.0139
2014-12-26,2088.77,0.331
2014-12-29,2090.57,0.0862
2014-12-30,2080.35,-0.4889
2014-12-31,2058.9,-1.0311
2015-01-02,2058.2,-0.034
2015-01-05,2020.58,-1.8278
2015-01-06,2002.61,-0.8893
2015-01-07,2025.9,1.163
2015-01-08,2062.14,1.7888
2015-01-09,2044.81,-0.8404
2015-01-12,2028.26,-0.8094
2015-01-13,2023.03,-0.2579
2015-01-14,2011.27,-0.5813
2015-01-15,1992.67,-0.9248
2015-01-16,2019.42,1.3424
2015-01-20,2022.55,0.155
2015-01-21,2032.12,0.4732
2015-01-22,2063.15,1.527
2015-01-23,2051.82,-0.5492
2015-01-26,2057.09,0.2568
2015-01-27,2029.55,-1.3388
2015-01-28,2002.16,-1.3496
2015-01-29,2021.25,0.9535
2015-01-30,1994.99,-1.2992
2015-02-02,2020.85,1.2962
2015-02-03,2050.03,1.4439
2015-02-04,2041.51,-0.4156
2015-02-05,2062.52,1.0291
2015-02-06,2055.47,-0.3418
2015-02-09,2046.74,-0.4247
2015-02-10,2068.59,1.0676
2015-02-11,2068.53,-0.0029
2015-02-12,2088.48,0.9645
2015-02-13,2096.99,0.4075
2015-02-17,2100.34,0.1598
2015-02-18,2099.68,-0.0314
2015-02-19,2097.45,-0.1062
2015-02-20,2110.3,0.6126
2015-02-23,2109.66,-0.0303
2015-02-24,2115.48,0.2759
2015-02-25,2113.86,-0.0766
2015-02-26,2110.74,-0.1476
2015-02-27,2104.5,-0.2956
2015-03-02,2117.39,0.6125
2015-03-03,2107.78,-0.4539
2015-03-04,2098.53,-0.4389
2015-03-05,2101.04,0.1196
2015-03-06,2071.26,-1.4174
2015-03-09,2079.43,0.3944
2015-03-10,2044.16,-1.6961
2015-03-11,2040.24,-0.1918
2015-03-12,2065.95,1.2601
2015-03-13,2053.4,-0.6075
2015-03-16,2081.19,1.3534
2015-03-17,2074.28,-0.332
2015-03-18,2099.5,1.2158
2015-03-19,2089.27,-0.4873
2015-03-20,2108.1,0.9013
2015-03-23,2104.42,-0.1746
2015-03-24,2091.5,-0.6139
2015-03-25,2061.05,-1.4559
2015-03-26,2056.15,-0.2377
2015-03-27,2061.02,0.2369
2015-03-30,2086.24,1.2237
2015-03-31,2067.89,-0.8796
2015-04-01,2059.69,-0.3965
2015-04-02,2066.96,0.353
2015-04-06,2080.62,0.6609
2015-04-07,2076.33,-0.2062
2015-04-08,2081.9,0.2683
2015-04-09,2091.18,0.4457
2015-04-10,2102.06,0.5203
2015-04-13,2092.43,-0.4581
2015-04-14,2095.84,0.163
2015-04-15,2106.63,0.5148
2015-04-16,2104.99,-0.0778
2015-04-17,2081.18,-1.1311
2015-04-20,2100.4,0.9235
2015-04-21,2097.29,-0.1481
2015-04-22,2107.96,0.5088
2015-04-23,2112.93,0.2358
2015-04-24,2117.69,0.2253
2015-04-27,2108.92,-0.4141
2015-04-28,2114.76,0.2769
2015-04-29,2106.85,-0.374
2015-04-30,2085.51,-1.0129
2015-05-01,2108.29,1.0923
2015-05-04,2114.49,0.2941
2015-05-05,2089.46,-1.1837
2015-05-06,2080.15,-0.4456
2015-05-07,2088.0,0.3774
2015-05-08,2116.1,1.3458
2015-05-11,2105.33,-0.509
2015-05-12,2099.12,-0.295
2015-05-13,2098.48,-0.0305
2015-05-14,2121.1,1.0779
2015-05-15,2122.73,0.0768
2015-05-18,2129.2,0.3048
2015-05-19,2127.83,-0.0643
2015-05-20,2125.85,-0.0931
2015-05-21,2130.82,0.2338
2015-05-22,2126.06,-0.2234
2015-05-26,2104.2,-1.0282
2015-05-27,2123.48,0.9163
2015-05-28,2120.79,-0.1267
2015-05-29,2107.39,-0.6318
2015-06-01,2111.73,0.2059
2015-06-02,2109.6,-0.1009
2015-06-03,2114.07,0.2119
2015-06-04,2095.84,-0.8623
2015-06-05,2092.83,-0.1436
2015-06-08,2079.28,-0.6474
2015-06-09,2080.15,0.0418
2015-06-10,2105.2,1.2042
2015-06-11,2108.86,0.1739
2015-06-12,2094.11,-0.6994
2015-06-15,2084.43,-0.4622
2015-06-16,2096.29,0.569
2015-06-17,2100.44,0.198
2015-06-18,2121.24,0.9903
2015-06-19,2109.99,-0.5304
2015-06-22,2122.85,0.6095
2015-06-23,2124.2,0.0636
2015-06-24,2108.58,-0.7353
2015-06-25,2102.31,-0.2974
2015-06-26,2101.49,-0.039
2015-06-29,2057.64,-2.0866
2015-06-30,2063.11,0.2658
2015-07-01,2077.42,0.6936
2015-07-02,2076.78,-0.0308
2015-07-06,2068.76,-0.3862
2015-07-07,2081.34,0.6081
2015-07-08,2046.68,-1.6653
2015-07-09,2051.31,0.2262
2015-07-10,2076.62,1.2338
2015-07-13,2099.6,1.1066
2015-07-14,2108.95,0.4453
2015-07-15,2107.4,-0.0735
2015-07-16,2124.29,0.8015
2015-07-17,2126.64,0.1106
2015-07-20,2128.28,0.0771
2015-07-21,2119.21,-0.4262
2015-07-22,2114.15,-0.2388
2015-07-23,2102.15,-0.5676
2015-07-24,2079.65,-1.0703
2015-07-27,2067.64,-0.5775
2015-07-28,2093.25,1.2386
2015-07-29,2108.57,0.7319
2015-07-30,2108.63,0.0028
2015-07-31,2103.84,-0.2272
2015-08-03,2098.04,-0.2757
2015-08-04,2093.32,-0.225
2015-08-05,2099.84,0.3115
2015-08-06,2083.56,-0.7753
2015-08-07,2077.57,-0.2875
2015-08-10,2104.18,1.2808
2015-08-11,2084.07,-0.9557
2015-08-12,2086.05,0.095
2015-08-13,2083.39,-0.1275
2015-08-14,2091.54,0.3912
2015-08-17,2102.44,0.5211
2015-08-18,2096.92,-0.2626
2015-08-19,2079.61,-0.8255
2015-08-20,2035.73,-2.11
2015-08-21,1970.89,-3.1851
2015-08-24,1893.21,-3.9414
2015-08-25,1867.61,-1.3522
2015-08-26,1940.51,3.9034
2015-08-27,1987.66,2.4298
2015-08-28,1988.87,0.0609
2015-08-31,1972.18,-0.8392
2015-09-01,1913.85,-2.9576
2015-09-02,1948.86,1.8293
2015-09-03,1951.13,0.1165
2015-09-04,1921.22,-1.533
2015-09-08,1969.41,2.5083
2015-09-09,1942.04,-1.3898
2015-09-10,1952.29,0.5278
2015-09-11,1961.05,0.4487
2015-09-14,1953.03,-0.409
2015-09-15,1978.09,1.2831
2015-09-16,1995.31,0.8705
2015-09-17,1990.2,-0.2561
2015-09-18,1958.03,-1.6164
2015-09-21,1966.97,0.4566
2015-09-22,1942.74,-1.2318
2015-09-23,1938.76,-0.2049
2015-09-24,1932.24,-0.3363
2015-09-25,1931.34,-0.0466
2015-09-28,1881.77,-2.5666
2015-09-29,1884.09,0.1233
2015-09-30,1920.03,1.9076
2015-10-01,1923.82,0.1974
2015-10-02,1951.36,1.4315
2015-10-05,1987.05,1.829
2015-10-06,1979.92,-0.3588
2015-10-07,1995.83,0.8036
2015-10-08,2013.43,0.8818
2015-10-09,2014.89,0.0725
2015-10-12,2017.46,0.1276
2015-10-13,2003.69,-0.6825
2015-10-14,1994.24,-0.4716
2015-10-15,2023.86,1.4853
2015-10-16,2033.11,0.457
2015-10-19,2033.66,0.0271
2015-10-20,2030.77,-0.1421
2015-10-21,2018.94,-0.5825
2015-10-22,2052.51,1.6628
2015-10-23,2075.15,1.103
2015-10-26,2071.18,-0.1913
2015-10-27,2065.89,-0.2554
2015-10-28,2090.35,1.184
2015-10-29,2089.41,-0.045
2015-10-30,2079.36,-0.481
2015-11-02,2104.05,1.1874
2015-11-03,2109.79,0.2728
2015-11-04,2102.31,-0.3545
2015-11-05,2099.93,-0.1132
2015-11-06,2099.2,-0.0348
2015-11-09,2078.58,-0.9823
2015-11-10,2081.72,0.1511
2015-11-11,2075.0,-0.3228
2015-11-12,2045.97,-1.399
2015-11-13,2023.04,-1.1207
2015-11-16,2053.19,1.4903
2015-11-17,2050.44,-0.1339
2015-11-18,2083.58,1.6162
2015-11-19,2081.24,-0.1123
2015-11-20,2089.17,0.381
2015-11-23,2086.59,-0.1235
2015-11-24,2089.14,0.1222
2015-11-25,2088.87,-0.0129
2015-11-27,2090.11,0.0594
2015-11-30,2080.41,-0.4641
2015-12-01,2102.63,1.0681
2015-12-02,2079.51,-1.0996
2015-12-03,2049.62,-1.4374
2015-12-04,2091.69,2.0526
2015-12-07,2077.07,-0.699
2015-12-08,2063.59,-0.649
2015-12-09,2047.62,-0.7739
2015-12-10,2052.23,0.2251
2015-12-11,2012.37,-1.9423
2015-12-14,2021.94,0.4756
2015-12-15,2043.41,1.0619
2015-12-16,2073.07,1.4515
2015-12-17,2041.89,-1.504
2015-12-18,2005.55,-1.7797
2015-12-21,2021.15,0.7778
2015-12-22,2038.97,0.8817
2015-12-23,2064.29,1.2418
2015-12-24,2060.99,-0.1599
2015-12-28,2056.5,-0.2179
2015-12-29,2078.36,1.063
2015-12-30,2063.36,-0.7217
2015-12-31,2043.94,-0.9412
2016-01-04,2012.66,-1.5304
2016-01-05,2016.71,0.2012
2016-01-06,1990.26,-1.3115
2016-01-07,1943.09,-2.37
2016-01-08,1922.03,-1.0838
2016-01-11,1923.67,0.0853
2016-01-12,1938.68,0.7803
2016-01-13,1890.28,-2.4965
2016-01-14,1921.84,1.6696
2016-01-15,1880.33,-2.1599
2016-01-19,1881.33,0.0532
2016-01-20,1859.33,-1.1694
2016-01-21,1868.99,0.5195
2016-01-22,1906.9,2.0284
2016-01-25,1877.08,-1.5638
2016-01-26,1903.63,1.4144
2016-01-27,1882.95,-1.0863
2016-01-28,1893.36,0.5529
2016-01-29,1940.24,2.476
2016-02-01,1939.38,-0.0443
2016-02-02,1903.03,-1.8743
2016-02-03,1912.53,0.4992
2016-02-04,1915.45,0.1527
2016-02-05,1880.05,-1.8481
2016-02-08,1853.44,-1.4154
2016-02-09,1852.21,-0.0664
2016-02-10,1851.86,-0.0189
2016-02-11,1829.08,-1.2301
2016-02-12,1864.78,1.9518
2016-02-16,1895.58,1.6517
2016-02-17,1926.82,1.648
2016-02-18,1917.83,-0.4666
2016-02-19,1917.78,-0.0026
2016-02-22,1945.5,1.4454
2016-02-23,1921.27,-1.2454
2016-02-24,1929.8,0.444
2016-02-25,1951.7,1.1348
2016-02-26,1948.05,-0.187
2016-02-29,1932.23,-0.8121
2016-03-01,1978.35,2.3869
2016-03-02,1986.45,0.4094
2016-03-03,1993.4,0.3499
2016-03-04,1999.99,0.3306
2016-03-07,2001.76,0.0885
2016-03-08,1979.26,-1.124
2016-03-09,1989.26,0.5052
2016-03-10,1989.57,0.0156
2016-03-11,2022.19,1.6396
2016-03-14,2019.64,-0.1261
2016-03-15,2015.93,-0.1837
2016-03-16,2027.22,0.56
2016-03-17,2040.59,0.6595
2016-03-18,2049.58,0.4406
2016-03-21,2051.6,0.0986
2016-03-22,2049.8,-0.0877
2016-03-23,2036.71,-0.6386
2016-03-24,2035.94,-0.0378
2016-03-28,2037.05,0.0545
2016-03-29,2055.01,0.8817
2016-03-30,2063.95,0.435
2016-03-31,2059.74,-0.204
2016-04-01,2072.78,0.6331
2016-04-04,2066.13,-0.3208
2016-04-05,2045.17,-1.0145
2016-04-06,2066.66,1.0508
2016-04-07,2041.91,-1.1976
2016-04-08,2047.6,0.2787
2016-04-11,2041.99,-0.274
2016-04-12,2061.72,0.9662
2016-04-13,2082.42,1.004
2016-04-14,2082.78,0.0173
2016-04-15,2080.73,-0.0984
2016-04-18,2094.34,0.6541
2016-04-19,2100.8,0.3085
2016-04-20,2102.4,0.0762
2016-04-21,2091.48,-0.5194
2016-04-22,2091.58,0.0048
2016-04-25,2087.79,-0.1812
2016-04-26,2091.7,0.1873
2016-04-27,2095.15,0.1649
2016-04-28,2075.81,-0.9231
2016-04-29,2065.3,-0.5063
2016-05-02,2081.43,0.781
2016-05-03,2063.37,-0.8677
2016-05-04,2051.12,-0.5937
2016-05-05,2050.63,-0.0239
2016-05-06,2057.14,0.3175
2016-05-09,2058.69,0.0753
2016-05-10,2084.39,1.2484
2016-05-11,2064.46,-0.9562
2016-05-12,2064.11,-0.017
2016-05-13,2046.61,-0.8478
2016-05-16,2066.66,0.9797
2016-05-17,2047.21,-0.9411
2016-05-18,2047.63,0.0205
2016-05-19,2040.04,-0.3707
2016-05-20,2052.32,0.6019
2016-05-23,2048.04,-0.2085
2016-05-24,2076.06,1.3681
2016-05-25,2090.54,0.6975
2016-05-26,2090.1,-0.021
2016-05-27,2099.06,0.4287
2016-05-31,2096.95,-0.1005
2016-06-01,2099.33,0.1135
2016-06-02,2105.26,0.2825
2016-06-03,2099.13,-0.2912
2016-06-06,2109.41,0.4897
2016-06-07,2112.13,0.1289
2016-06-08,2119.12,0.3309
2016-06-09,2115.48,-0.1718
2016-06-10,2096.07,-0.9175
2016-06-13,2079.06,-0.8115
2016-06-14,2075.32,-0.1799
2016-06-15,2071.5,-0.1841
2016-06-16,2077.99,0.3133
2016-06-17,2071.22,-0.3258
2016-06-20,2083.25,0.5808
2016-06-21,2088.9,0.2712
2016-06-22,2085.45,-0.1652
2016-06-23,2113.32,1.3364
2016-06-24,2037.41,-3.592
2016-06-27,2000.54,-1.8097
2016-06-28,2036.09,1.777
2016-06-29,2070.77,1.7033
2016-06-30,2098.86,1.3565
2016-07-01,2102.95,0.1949
2016-07-05,2088.55,-0.6848
2016-07-06,2099.73,0.5353
2016-07-07,2097.9,-0.0872
2016-07-08,2129.9,1.5253
2016-07-11,2137.16,0.3409
2016-07-12,2152.14,0.7009
2016-07-13,2152.43,0.0135
2016-07-14,2163.75,0.5259
2016-07-15,2161.74,-0.0929
2016-07-18,2166.89,0.2382
2016-07-19,2163.78,-0.1435
2016-07-20,2173.02,0.427
2016-07-21,2165.17,-0.3612
2016-07-22,2175.03,0.4554
2016-07-25,2168.48,-0.3011
2016-07-26,2169.18,0.0323
2016-07-27,2166.58,-0.1199
2016-07-28,2170.06,0.1606
2016-07-29,2173.6,0.1631
2016-08-01,2170.84,-0.127
2016-08-02,2157.03,-0.6362
2016-08-03,2163.79,0.3134
2016-08-04,2164.25,0.0213
2016-08-05,2182.87,0.8603
2016-08-08,2180.89,-0.0907
2016-08-09,2181.74,0.039
2016-08-10,2175.49,-0.2865
2016-08-11,2185.79,0.4735
2016-08-12,2184.05,-0.0796
2016-08-15,2190.15,0.2793
2016-08-16,2178.15,-0.5479
2016-08-17,2182.22,0.1869
2016-08-18,2187.02,0.22
2016-08-19,2183.87,-0.144
2016-08-22,2182.64,-0.0563
2016-08-23,2186.9,0.1952
2016-08-24,2175.44,-0.524
2016-08-25,2172.47,-0.1365
2016-08-26,2169.04,-0.1579
2016-08-29,2180.38,0.5228
2016-08-30,2176.12,-0.1954
2016-08-31,2170.95,-0.2376
2016-09-01,2170.86,-0.0041
2016-09-02,2179.98,0.4201
2016-09-06,2186.48,0.2982
2016-09-07,2186.16,-0.0146
2016-09-08,2181.3,-0.2223
2016-09-09,2127.81,-2.4522
2016-09-12,2159.04,1.4677
2016-09-13,2127.02,-1.4831
2016-09-14,2125.77,-0.0588
2016-09-15,2147.26,1.0109
2016-09-16,2139.16,-0.3772
2016-09-19,2139.12,-0.0019
2016-09-20,2139.76,0.0299
2016-09-21,2163.12,1.0917
2016-09-22,2177.18,0.65
2016-09-23,2164.69,-0.5737
2016-09-26,2146.1,-0.8588
2016-09-27,2159.93,0.6444
2016-09-28,2171.37,0.5296
2016-09-29,2151.13,-0.9321
2016-09-30,2168.27,0.7968
2016-10-03,2161.2,-0.3261
2016-10-04,2150.49,-0.4956
2016-10-05,2159.73,0.4297
2016-10-06,2160.77,0.0482
2016-10-07,2153.74,-0.3253
2016-10-10,2163.66,0.4606
2016-10-11,2136.73,-1.2447
2016-10-12,2139.18,0.1147
2016-10-13,2132.55,-0.3099
2016-10-14,2132.98,0.0202
2016-10-17,2126.5,-0.3038
2016-10-18,2139.6,0.616
2016-10-19,2144.29,0.2192
2016-10-20,2141.34,-0.1376
2016-10-21,2141.16,-0.0084
2016-10-24,2151.33,0.475
2016-10-25,2143.16,-0.3798
2016-10-26,2139.43,-0.174
2016-10-27,2133.04,-0.2987
2016-10-28,2126.41,-0.3108
2016-10-31,2126.15,-0.0122
2016-11-01,2111.72,-0.6787
2016-11-02,2097.94,-0.6525
2016-11-03,2088.66,-0.4423
2016-11-04,2085.18,-0.1666
2016-11-07,2131.52,2.2224
2016-11-08,2139.56,0.3772
2016-11-09,2163.26,1.1077
2016-11-10,2167.48,0.1951
2016-11-11,2164.45,-0.1398
2016-11-14,2164.2,-0.0116
2016-11-15,2180.39,0.7481
2016-11-16,2176.94,-0.1582
2016-11-17,2187.12,0.4676
2016-11-18,2181.9,-0.2387
2016-11-21,2198.18,0.7461
2016-11-22,2202.94,0.2165
2016-11-23,2204.72,0.0808
2016-11-25,2213.35,0.3914
2016-11-28,2201.72,-0.5254
2016-11-29,2204.66,0.1335
2016-11-30,2198.81,-0.2653
2016-12-01,2191.08,-0.3516
2016-12-02,2191.95,0.0397
2016-12-05,2204.71,0.5821
2016-12-06,2212.23,0.3411
2016-12-07,2241.35,1.3163
2016-12-08,2246.19,0.2159
2016-12-09,2259.53,0.5939
2016-12-12,2256.96,-0.1137
2016-12-13,2271.72,0.654
2016-12-14,2253.28,-0.8117
2016-12-15,2262.03,0.3883
2016-12-16,2258.07,-0.1751
2016-12-19,2262.53,0.1975
2016-12-20,2270.76,0.3638
2016-12-21,2265.18,-0.2457
2016-12-22,2260.96,-0.1863
2016-12-23,2263.79,0.1252
2016-12-27,2268.88,0.2248
2016-12-28,2249.92,-0.8357
2016-12-29,2249.26,-0.0293
2016-12-30,2238.83,-0.4637
2017-01-03,2257.83,0.8487
2017-01-04,2270.75,0.5722
2017-01-05,2269.0,-0.0771
2017-01-06,2276.98,0.3517
2017-01-09,2268.9,-0.3549
2017-01-10,2268.9,0.0
2017-01-11,2275.32,0.283
2017-01-12,2270.44,-0.2145
2017-01-13,2274.64,0.185
2017-01-17,2267.89,-0.2968
2017-01-18,2271.89,0.1764
2017-01-19,2263.69,-0.3609
2017-01-20,2271.31,0.3366
2017-01-23,2265.2,-0.269
2017-01-24,2280.07,0.6565
2017-01-25,2298.37,0.8026
2017-01-26,2296.68,-0.0735
2017-01-27,2294.69,-0.0866
2017-01-30,2280.9,-0.601
2017-01-31,2278.87,-0.089
2017-02-01,2279.55,0.0298
2017-02-02,2280.85,0.057
2017-02-03,2297.42,0.7265
2017-02-06,2292.56,-0.2115
2017-02-07,2293.08,0.0227
2017-02-08,2294.67,0.0693
2017-02-09,2307.87,0.5752
2017-02-10,2316.1,0.3566
2017-02-13,2328.25,0.5246
2017-02-14,2337.58,0.4007
2017-02-15,2349.25,0.4992
2017-02-16,2347.22,-0.0864
2017-02-17,2351.16,0.1679
2017-02-21,2365.38,0.6048
2017-02-22,2362.82,-0.1082
2017-02-23,2363.81,0.0419
2017-02-24,2367.34,0.1493
2017-02-27,2369.75,0.1018
2017-02-28,2363.64,-0.2578
2017-03-01,2395.96,1.3674
2017-03-02,2381.92,-0.586
2017-03-03,2383.12,0.0504
2017-03-06,2375.31,-0.3277
2017-03-07,2368.39,-0.2913
2017-03-08,2362.98,-0.2284
2017-03-09,2364.87,0.08
2017-03-10,2372.6,0.3269
2017-03-13,2373.47,0.0367
2017-03-14,2365.45,-0.3379
2017-03-15,2385.26,0.8375
2017-03-16,2381.38,-0.1627
2017-03-17,2378.25,-0.1314
2017-03-20,2373.47,-0.201
2017-03-21,2344.02,-1.2408
2017-03-22,2348.45,0.189
2017-03-23,2345.96,-0.106
2017-03-24,2343.98,-0.0844
2017-03-27,2341.59,-0.102
2017-03-28,2358.57,0.7251
2017-03-29,2361.13,0.1085
2017-03-30,2368.06,0.2935
2017-03-31,2362.72,-0.2255
2017-04-03,2358.84,-0.1642
2017-04-04,2360.16,0.056
2017-04-05,2352.95,-0.3055
2017-04-06,2357.49,0.1929
2017-04-07,2355.54,-0.0827
2017-04-10,2357.16,0.0688
2017-04-11,2353.78,-0.1434
2017-04-12,2344.93,-0.376
2017-04-13,2328.95,-0.6815
2017-04-17,2349.01,0.8613
2017-04-18,2342.19,-0.2903
2017-04-19,2338.17,-0.1716
2017-04-20,2355.84,0.7557
2017-04-21,2348.69,-0.3035
2017-04-24,2374.15,1.084
2017-04-25,2388.61,0.6091
2017-04-26,2387.45,-0.0486
2017-04-27,2388.77,0.0553
2017-04-28,2384.2,-0.1913
2017-05-01,2388.33,0.1732
2017-05-02,2391.17,0.1189
2017-05-03,2388.13,-0.1271
2017-05-04,2389.52,0.0582
2017-05-05,2399.29,0.4089
2017-05-08,2399.38,0.0038
2017-05-09,2396.92,-0.1025
2017-05-10,2399.63,0.1131
2017-05-11,2394.44,-0.2163
2017-05-12,2390.9,-0.1478
2017-05-15,2402.32,0.4776
2017-05-16,2400.67,-0.0687
2017-05-17,2357.03,-1.8178
2017-05-18,2365.72,0.3687
2017-05-19,2381.73,0.6767
2017-05-22,2394.02,0.516
2017-05-23,2398.42,0.1838
2017-05-24,2404.39,0.2489
2017-05-25,2415.07,0.4442
2017-05-26,2415.82,0.0311
2017-05-30,2412.91,-0.1205
2017-05-31,2411.8,-0.046
2017-06-01,2430.06,0.7571
2017-06-02,2439.07,0.3708
2017-06-05,2436.1,-0.1218
2017-06-06,2429.33,-0.2779
2017-06-07,2433.14,0.1568
2017-06-08,2433.79,0.0267
2017-06-09,2431.77,-0.083
2017-06-12,2429.39,-0.0979
2017-06-13,2440.35,0.4511
2017-06-14,2437.92,-0.0996
2017-06-15,2432.46,-0.224
2017-06-16,2433.15,0.0284
2017-06-19,2453.46,0.8347
2017-06-20,2437.03,-0.6697
2017-06-21,2435.61,-0.0583
2017-06-22,2434.5,-0.0456
2017-06-23,2438.3,0.1561
2017-06-26,2439.07,0.0316
2017-06-27,2419.38,-0.8073
2017-06-28,2440.69,0.8808
2017-06-29,2419.7,-0.86
2017-06-30,2423.41,0.1533
2017-07-03,2429.01,0.2311
2017-07-05,2432.54,0.1453
2017-07-06,2409.75,-0.9369
2017-07-07,2425.18,0.6403
2017-07-10,2427.43,0.0928
2017-07-11,2425.53,-0.0783
2017-07-12,2443.25,0.7306
2017-07-13,2447.83,0.1875
2017-07-14,2459.27,0.4674
2017-07-17,2459.14,-0.0053
2017-07-18,2460.61,0.0598
2017-07-19,2473.83,0.5373
2017-07-20,2473.45,-0.0154
2017-07-21,2472.54,-0.0368
2017-07-24,2469.91,-0.1064
2017-07-25,2477.13,0.2923
2017-07-26,2477.83,0.0283
2017-07-27,2475.42,-0.0973
2017-07-28,2472.1,-0.1341
2017-07-31,2470.3,-0.0728
2017-08-01,2476.35,0.2449
2017-08-02,2477.57,0.0493
2017-08-03,2472.16,-0.2184
2017-08-04,2476.83,0.1889
2017-08-07,2480.91,0.1647
2017-08-08,2474.92,-0.2414
2017-08-09,2474.02,-0.0364
2017-08-10,2438.21,-1.4474
2017-08-11,2441.32,0.1276
2017-08-14,2465.84,1.0044
2017-08-15,2464.61,-0.0499
2017-08-16,2468.11,0.142
2017-08-17,2430.01,-1.5437
2017-08-18,2425.55,-0.1835
2017-08-21,2428.37,0.1163
2017-08-22,2452.51,0.9941
2017-08-23,2444.04,-0.3454
2017-08-24,2438.97,-0.2074
2017-08-25,2443.05,0.1673
2017-08-28,2444.24,0.0487
2017-08-29,2446.3,0.0843
2017-08-30,2457.59,0.4615
2017-08-31,2471.65,0.5721
2017-09-01,2476.55,0.1982
2017-09-05,2457.85,-0.7551
2017-09-06,2465.54,0.3129
2017-09-07,2465.1,-0.0178
2017-09-08,2461.43,-0.1489
2017-09-11,2488.11,1.0839
2017-09-12,2496.48,0.3364
2017-09-13,2498.37,0.0757
2017-09-14,2495.62,-0.1101
2017-09-15,2500.23,0.1847
2017-09-18,2503.87,0.1456
2017-09-19,2506.65,0.111
2017-09-20,2508.24,0.0634
2017-09-21,2500.6,-0.3046
2017-09-22,2502.22,0.0648
2017-09-25,2496.66,-0.2222
2017-09-26,2496.84,0.0072
2017-09-27,2507.04,0.4085
2017-09-28,2510.06,0.1205
2017-09-29,2519.36,0.3705
2017-10-02,2529.12,0.3874
2017-10-03,2534.58,0.2159
2017-10-04,2537.74,0.1247
2017-10-05,2552.07,0.5647
2017-10-06,2549.33,-0.1074
2017-10-09,2544.73,-0.1804
2017-10-10,2550.64,0.2322
2017-10-11,2555.24,0.1803
2017-10-12,2550.93,-0.1687
2017-10-13,2553.17,0.0878
2017-10-16,2557.64,0.1751
2017-10-17,2559.36,0.0672
2017-10-18,2561.26,0.0742
2017-10-19,2562.1,0.0328
2017-10-20,2575.21,0.5117
2017-10-23,2564.98,-0.3972
2017-10-24,2569.13,0.1618
2017-10-25,2557.15,-0.4663
2017-10-26,2560.4,0.1271
2017-10-27,2581.07,0.8073
2017-10-30,2572.83,-0.3192
2017-10-31,2575.26,0.0944
2017-11-01,2579.36,0.1592
2017-11-02,2579.85,0.019
2017-11-03,2587.84,0.3097
2017-11-06,2591.13,0.1271
2017-11-07,2590.64,-0.0189
2017-11-08,2594.38,0.1444
2017-11-09,2584.62,-0.3762
2017-11-10,2582.3,-0.0898
2017-11-13,2584.84,0.0984
2017-11-14,2578.87,-0.231
2017-11-15,2564.62,-0.5526
2017-11-16,2585.64,0.8196
2017-11-17,2578.85,-0.2626
2017-11-20,2582.14,0.1276
2017-11-21,2599.03,0.6541
2017-11-22,2597.08,-0.075
2017-11-24,2602.42,0.2056
2017-11-27,2601.42,-0.0384
2017-11-28,2627.04,0.9848
2017-11-29,2626.07,-0.0369
2017-11-30,2647.58,0.8191
2017-12-01,2642.22,-0.2024
2017-12-04,2639.44,-0.1052
2017-12-05,2629.57,-0.3739
2017-12-06,2629.27,-0.0114
2017-12-07,2636.98,0.2932
2017-12-08,2651.5,0.5506
2017-12-11,2659.99,0.3202
2017-12-12,2664.11,0.1549
2017-12-13,2662.85,-0.0473
2017-12-14,2652.01,-0.4071
2017-12-15,2675.81,0.8974
2017-12-18,2690.16,0.5363
2017-12-19,2681.47,-0.323
2017-12-20,2679.25,-0.0828
2017-12-21,2684.57,0.1986
2017-12-22,2683.34,-0.0458
2017-12-26,2680.5,-0.1058
2017-12-27,2682.62,0.0791
2017-12-28,2687.54,0.1834
2017-12-29,2673.61,-0.5183
2018-01-02,2695.81,0.8303
2018-01-03,2713.06,0.6399
2018-01-04,2723.99,0.4029
2018-01-05,2743.15,0.7034
2018-01-08,2747.71,0.1662
2018-01-09,2751.29,0.1303
2018-01-10,2748.23,-0.1112
2018-01-11,2767.56,0.7034
2018-01-12,2786.24,0.675
2018-01-16,2776.42,-0.3524
2018-01-17,2802.56,0.9415
2018-01-18,2798.03,-0.1616
2018-01-19,2810.3,0.4385
2018-01-22,2832.97,0.8067
2018-01-23,2839.13,0.2174
2018-01-24,2837.54,-0.056
2018-01-25,2839.25,0.0603
2018-01-26,2872.87,1.1841
2018-01-29,2853.53,-0.6732
2018-01-30,2822.43,-1.0899
2018-01-31,2823.81,0.0489
2018-02-01,2821.98,-0.0648
2018-02-02,2762.13,-2.1209
2018-02-05,2648.94,-4.0979
2018-02-06,2695.14,1.7441
2018-02-07,2681.66,-0.5002
2018-02-08,2581.0,-3.7536
2018-02-09,2619.55,1.4936
2018-02-12,2656.0,1.3915
2018-02-13,2662.94,0.2613
2018-02-14,2698.63,1.3402
2018-02-15,2731.2,1.2069
2018-02-16,2732.22,0.0373
2018-02-20,2716.26,-0.5841
2018-02-21,2701.33,-0.5497
2018-02-22,2703.96,0.0974
2018-02-23,2747.3,1.6028
2018-02-26,2779.6,1.1757
2018-02-27,2744.28,-1.2707
2018-02-28,2713.83,-1.1096
2018-03-01,2677.67,-1.3324
2018-03-02,2691.25,0.5072
2018-03-05,2720.94,1.1032
2018-03-06,2728.12,0.2639
2018-03-07,2726.8,-0.0484
2018-03-08,2738.97,0.4463
2018-03-09,2786.57,1.7379
2018-03-12,2783.02,-0.1274
2018-03-13,2765.31,-0.6364
2018-03-14,2749.48,-0.5724
2018-03-15,2747.33,-0.0782
2018-03-16,2752.01,0.1703
2018-03-19,2712.92,-1.4204
2018-03-20,2716.94,0.1482
2018-03-21,2711.93,-0.1844
2018-03-22,2643.69,-2.5163
2018-03-23,2588.26,-2.0967
2018-03-26,2658.55,2.7157
2018-03-27,2612.62,-1.7276
2018-03-28,2605.0,-0.2917
2018-03-29,2640.87,1.377
2018-04-02,2581.88,-2.2337
2018-04-03,2614.45,1.2615
2018-04-04,2644.69,1.1566
2018-04-05,2662.84,0.6863
2018-04-06,2604.47,-2.192
2018-04-09,2613.16,0.3337
2018-04-10,2656.87,1.6727
2018-04-11,2642.19,-0.5525
2018-04-12,2663.99,0.8251
2018-04-13,2656.3,-0.2887
2018-04-16,2677.84,0.8109
2018-04-17,2706.39,1.0662
2018-04-18,2708.64,0.0831
2018-04-19,2693.13,-0.5726
2018-04-20,2670.14,-0.8537
2018-04-23,2670.29,0.0056
2018-04-24,2634.56,-1.3381
2018-04-25,2639.4,0.1837
2018-04-26,2666.94,1.0434
2018-04-27,2669.91,0.1114
2018-04-30,2648.05,-0.8188
2018-05-01,2654.8,0.2549
2018-05-02,2635.67,-0.7206
2018-05-03,2629.73,-0.2254
2018-05-04,2663.42,1.2811
2018-05-07,2672.63,0.3458
2018-05-08,2671.92,-0.0266
2018-05-09,2697.79,0.9682
2018-05-10,2723.07,0.9371
2018-05-11,2727.72,0.1708
2018-05-14,2730.13,0.0884
2018-05-15,2711.45,-0.6842
2018-05-16,2722.46,0.4061
2018-05-17,2720.13,-0.0856
2018-05-18,2712.97,-0.2632
2018-05-21,2733.01,0.7387
2018-05-22,2724.44,-0.3136
2018-05-23,2733.29,0.3248
2018-05-24,2727.76,-0.2023
2018-05-25,2721.33,-0.2357
2018-05-29,2689.86,-1.1564
2018-05-30,2724.01,1.2696
2018-05-31,2705.27,-0.688
2018-06-01,2734.62,1.0849
2018-06-04,2746.87,0.448
2018-06-05,2748.8,0.0703
2018-06-06,2772.35,0.8567
2018-06-07,2770.37,-0.0714
2018-06-08,2779.03,0.3126
2018-06-11,2782.0,0.1069
2018-06-12,2786.85,0.1743
2018-06-13,2775.63,-0.4026
2018-06-14,2782.49,0.2472
2018-06-15,2779.66,-0.1017
2018-06-18,2773.75,-0.2126
2018-06-19,2762.59,-0.4023
2018-06-20,2767.32,0.1712
2018-06-21,2749.76,-0.6345
2018-06-22,2754.88,0.1862
2018-06-25,2717.07,-1.3725
2018-06-26,2723.06,0.2205
2018-06-27,2699.63,-0.8604
2018-06-28,2716.31,0.6179
2018-06-29,2718.37,0.0758
2018-07-02,2726.71,0.3068
2018-07-03,2713.22,-0.4947
2018-07-05,2736.61,0.8621
2018-07-06,2759.82,0.8481
2018-07-09,2784.17,0.8823
2018-07-10,2793.84,0.3473
2018-07-11,2774.02,-0.7094
2018-07-12,2798.29,0.8749
2018-07-13,2801.31,0.1079
2018-07-16,2798.43,-0.1028
2018-07-17,2809.55,0.3974
2018-07-18,2815.62,0.216
2018-07-19,2804.49,-0.3953
2018-07-20,2801.83,-0.0948
2018-07-23,2806.98,0.1838
2018-07-24,2820.4,0.4781
2018-07-25,2846.07,0.9102
2018-07-26,2837.44,-0.3032
2018-07-27,2818.82,-0.6562
2018-07-30,2802.6,-0.5754
2018-07-31,2816.29,0.4885
2018-08-01,2813.36,-0.104
2018-08-02,2827.22,0.4926
2018-08-03,2840.35,0.4644
2018-08-06,2850.4,0.3538
2018-08-07,2858.45,0.2824
2018-08-08,2857.7,-0.0262
2018-08-09,2853.58,-0.1442
2018-08-10,2833.28,-0.7114
2018-08-13,2821.93,-0.4006
2018-08-14,2839.96,0.6389
2018-08-15,2818.37,-0.7602
2018-08-16,2840.69,0.7919
2018-08-17,2850.13,0.3323
2018-08-20,2857.05,0.2428
2018-08-21,2862.96,0.2069
2018-08-22,2861.82,-0.0398
2018-08-23,2856.98,-0.1691
2018-08-24,2874.69,0.6199
2018-08-27,2896.74,0.767
2018-08-28,2897.52,0.0269
2018-08-29,2914.04,0.5701
2018-08-30,2901.13,-0.443
2018-08-31,2901.52,0.0134
2018-09-04,2896.72,-0.1654
2018-09-05,2888.6,-0.2803
2018-09-06,2878.05,-0.3652
2018-09-07,2871.68,-0.2213
2018-09-10,2877.13,0.1898
2018-09-11,2887.89,0.374
2018-09-12,2888.92,0.0357
2018-09-13,2904.18,0.5282
2018-09-14,2904.98,0.0275
2018-09-17,2888.8,-0.557
2018-09-18,2904.31,0.5369
2018-09-19,2907.95,0.1253
2018-09-20,2930.75,0.7841
2018-09-21,2929.67,-0.0369
2018-09-24,2919.37,-0.3516
2018-09-25,2915.56,-0.1305
2018-09-26,2905.97,-0.3289
2018-09-27,2914.0,0.2763
2018-09-28,2913.98,-0.0007
2018-10-01,2924.59,0.3641
2018-10-02,2923.43,-0.0397
2018-10-03,2925.51,0.0711
2018-10-04,2901.61,-0.817
2018-10-05,2885.57,-0.5528
2018-10-08,2884.43,-0.0395
2018-10-09,2880.34,-0.1418
2018-10-10,2785.68,-3.2864
2018-10-11,2728.37,-2.0573
2018-10-12,2767.13,1.4206
2018-10-15,2750.79,-0.5905
2018-10-16,2809.92,2.1496
2018-10-17,2809.21,-0.0253
2018-10-18,2768.78,-1.4392
2018-10-19,2767.78,-0.0361
2018-10-22,2755.88,-0.4299
2018-10-23,2740.69,-0.5512
2018-10-24,2656.1,-3.0864
2018-10-25,2705.57,1.8625
2018-10-26,2658.69,-1.7327
2018-10-29,2641.25,-0.656
2018-10-30,2682.63,1.5667
2018-10-31,2711.74,1.0851
2018-11-01,2740.37,1.0558
2018-11-02,2723.06,-0.6317
2018-11-05,2738.31,0.56
2018-11-06,2755.45,0.6259
2018-11-07,2813.89,2.1209
2018-11-08,2806.83,-0.2509
2018-11-09,2781.01,-0.9199
2018-11-12,2726.22,-1.9701
2018-11-13,2722.18,-0.1482
2018-11-14,2701.58,-0.7567
2018-11-15,2730.2,1.0594
2018-11-16,2736.27,0.2223
2018-11-19,2690.73,-1.6643
2018-11-20,2641.89,-1.8151
2018-11-21,2649.93,0.3043
2018-11-23,2632.56,-0.6555
2018-11-26,2673.45,1.5532
2018-11-27,2682.17,0.3262
2018-11-28,2743.79,2.2974
2018-11-29,2737.8,-0.2183
2018-11-30,2760.17,0.8171
2018-12-03,2790.37,1.0941
2018-12-04,2700.06,-3.2365
2018-12-06,2695.95,-0.1522
2018-12-07,2633.08,-2.332
2018-12-10,2637.72,0.1762
2018-12-11,2636.78,-0.0356
2018-12-12,2651.07,0.5419
2018-12-13,2650.54,-0.02
2018-12-14,2599.95,-1.9087
2018-12-17,2545.94,-2.0773
2018-12-18,2546.16,0.0086
2018-12-19,2506.96,-1.5396
2018-12-20,2467.42,-1.5772
2018-12-21,2416.62,-2.0588
2018-12-24,2351.1,-2.7112
2018-12-26,2467.7,4.9594
2018-12-27,2488.83,0.8563
2018-12-28,2485.74,-0.1242
2018-12-31,2506.85,0.8492
2019-01-02,2510.03,0.1269
2019-01-03,2447.89,-2.4757
2019-01-04,2531.94,3.4336
2019-01-07,2549.69,0.701
2019-01-08,2574.41,0.9695
2019-01-09,2584.96,0.4098
2019-01-10,2596.64,0.4518
2019-01-11,2596.26,-0.0146
2019-01-14,2582.61,-0.5258
2019-01-15,2610.3,1.0722
2019-01-16,2616.1,0.2222
2019-01-17,2635.96,0.7591
2019-01-18,2670.71,1.3183
2019-01-22,2632.9,-1.4157
2019-01-23,2638.7,0.2203
2019-01-24,2642.33,0.1376
2019-01-25,2664.76,0.8489
2019-01-28,2643.85,-0.7847
2019-01-29,2640.0,-0.1456
2019-01-30,2681.05,1.5549
2019-01-31,2704.1,0.8597
2019-02-01,2706.53,0.0899
2019-02-04,2724.87,0.6776
2019-02-05,2737.7,0.4708
2019-02-06,2731.61,-0.2224
2019-02-07,2706.05,-0.9357
2019-02-08,2707.88,0.0676
2019-02-11,2709.8,0.0709
2019-02-12,2744.73,1.289
2019-02-13,2753.03,0.3024
2019-02-14,2745.73,-0.2652
2019-02-15,2775.6,1.0879
2019-02-19,2779.76,0.1499
2019-02-20,2784.7,0.1777
2019-02-21,2774.88,-0.3526
2019-02-22,2792.67,0.6411
2019-02-25,2796.11,0.1232
2019-02-26,2793.9,-0.079
2019-02-27,2792.38,-0.0544
2019-02-28,2784.49,-0.2826
2019-03-01,2803.69,0.6895
2019-03-04,2792.81,-0.3881
2019-03-05,2789.65,-0.1131
2019-03-06,2771.45,-0.6524
2019-03-07,2748.93,-0.8126
2019-03-08,2743.07,-0.2132
2019-03-11,2783.3,1.4666
2019-03-12,2791.52,0.2953
2019-03-13,2810.92,0.695
2019-03-14,2808.48,-0.0868
2019-03-15,2822.48,0.4985
2019-03-18,2832.94,0.3706
2019-03-19,2832.57,-0.0131
2019-03-20,2824.23,-0.2944
2019-03-21,2854.88,1.0853
2019-03-22,2800.71,-1.8975
2019-03-25,2798.36,-0.0839
2019-03-26,2818.46,0.7183
2019-03-27,2805.37,-0.4644
2019-03-28,2815.44,0.359
2019-03-29,2834.4,0.6734
2019-04-01,2867.19,1.1569
2019-04-02,2867.24,0.0017
2019-04-03,2873.4,0.2148
2019-04-04,2879.39,0.2085
2019-04-05,2892.74,0.4636
2019-04-08,2895.77,0.1047
2019-04-09,2878.2,-0.6067
2019-04-10,2888.21,0.3478
2019-04-11,2888.32,0.0038
2019-04-12,2907.41,0.6609
2019-04-15,2905.58,-0.0629
2019-04-16,2907.06,0.0509
2019-04-17,2900.45,-0.2274
2019-04-18,2905.03,0.1579
2019-04-22,2907.97,0.1012
2019-04-23,2933.68,0.8841
2019-04-24,2927.25,-0.2192
2019-04-25,2926.17,-0.0369
2019-04-26,2939.88,0.4685
2019-04-29,2943.03,0.1071
2019-04-30,2945.83,0.0951
2019-05-01,2923.73,-0.7502
2019-05-02,2917.52,-0.2124
2019-05-03,2945.64,0.9638
2019-05-06,2932.47,-0.4471
2019-05-07,2884.05,-1.6512
2019-05-08,2879.42,-0.1605
2019-05-09,2870.72,-0.3021
2019-05-10,2881.4,0.372
2019-05-13,2811.87,-2.4131
2019-05-14,2834.41,0.8016
2019-05-15,2850.96,0.5839
2019-05-16,2876.32,0.8895
2019-05-17,2859.53,-0.5837
2019-05-20,2840.23,-0.6749
2019-05-21,2864.36,0.8496
2019-05-22,2856.27,-0.2824
2019-05-23,2822.24,-1.1914
2019-05-24,2826.06,0.1354
2019-05-28,2802.39,-0.8376
2019-05-29,2783.02,-0.6912
2019-05-30,2788.86,0.2098
2019-05-31,2752.06,-1.3195
2019-06-03,2744.45,-0.2765
2019-06-04,2803.27,2.1432
2019-06-05,2826.15,0.8162
2019-06-06,2843.49,0.6136
2019-06-07,2873.34,1.0498
2019-06-10,2886.73,0.466
2019-06-11,2885.72,-0.035
2019-06-12,2879.84,-0.2038
2019-06-13,2891.64,0.4097
2019-06-14,2886.98,-0.1612
2019-06-17,2889.67,0.0932
2019-06-18,2917.75,0.9717
2019-06-19,2926.46,0.2985
2019-06-20,2954.18,0.9472
2019-06-21,2950.46,-0.1259
2019-06-24,2945.35,-0.1732
2019-06-25,2917.38,-0.9496
2019-06-26,2913.78,-0.1234
2019-06-27,2924.92,0.3823
2019-06-28,2941.76,0.5757
2019-07-01,2964.33,0.7672
2019-07-02,2973.01,0.2928
2019-07-03,2995.82,0.7672
2019-07-05,2990.41,-0.1806
2019-07-08,2975.95,-0.4835
2019-07-09,2979.63,0.1237
2019-07-10,2993.07,0.4511
2019-07-11,2999.91,0.2285
2019-07-12,3013.77,0.462
2019-07-15,3014.3,0.0176
2019-07-16,3004.04,-0.3404
2019-07-17,2984.42,-0.6531
2019-07-18,2995.11,0.3582
2019-07-19,2976.61,-0.6177
2019-07-22,2985.03,0.2829
2019-07-23,3005.47,0.6848
2019-07-24,3019.56,0.4688
2019-07-25,3003.67,-0.5262
2019-07-26,3025.86,0.7388
2019-07-29,3020.97,-0.1616
2019-07-30,3013.18,-0.2579
2019-07-31,2980.38,-1.0886
2019-08-01,2953.56,-0.8999
2019-08-02,2932.05,-0.7283
2019-08-05,2844.74,-2.9778
2019-08-06,2881.77,1.3017
2019-08-07,2883.98,0.0767
2019-08-08,2938.09,1.8762
2019-08-09,2918.65,-0.6617
2019-08-12,2882.7,-1.2317
2019-08-13,2926.32,1.5132
2019-08-14,2840.6,-2.9293
2019-08-15,2847.6,0.2464
2019-08-16,2888.68,1.4426
2019-08-19,2923.65,1.2106
2019-08-20,2900.51,-0.7915
2019-08-21,2924.43,0.8247
2019-08-22,2922.95,-0.0506
2019-08-23,2847.11,-2.5946
2019-08-26,2878.38,1.0983
2019-08-27,2869.16,-0.3203
2019-08-28,2887.94,0.6545
2019-08-29,2924.58,1.2687
2019-08-30,2926.46,0.0643
2019-09-03,2906.27,-0.6899
2019-09-04,2937.78,1.0842
2019-09-05,2976.0,1.301
2019-09-06,2978.71,0.0911
2019-09-09,2978.43,-0.0094
2019-09-10,2979.39,0.0322
2019-09-11,3000.93,0.723
2019-09-12,3009.57,0.2879
2019-09-13,3007.39,-0.0724
2019-09-16,2997.96,-0.3136
2019-09-17,3005.7,0.2582
2019-09-18,3006.73,0.0343
2019-09-19,3006.79,0.002
2019-09-20,2992.07,-0.4896
2019-09-23,2991.78,-0.0097
2019-09-24,2966.6,-0.8416
2019-09-25,2984.87,0.6159
2019-09-26,2977.62,-0.2429
2019-09-27,2961.79,-0.5316
2019-09-30,2976.74,0.5048
2019-10-01,2940.25,-1.2258
2019-10-02,2887.61,-1.7903
2019-10-03,2910.63,0.7972
2019-10-04,2952.01,1.4217
2019-10-07,2938.79,-0.4478
2019-10-08,2893.06,-1.5561
2019-10-09,2919.4,0.9105
2019-10-10,2938.13,0.6416
2019-10-11,2970.27,1.0939
2019-10-14,2966.15,-0.1387
2019-10-15,2995.68,0.9956
2019-10-16,2989.69,-0.2
2019-10-17,2997.95,0.2763
2019-10-18,2986.2,-0.3919
2019-10-21,3006.72,0.6872
2019-10-22,2995.99,-0.3569
2019-10-23,3004.52,0.2847
2019-10-24,3010.29,0.192
2019-10-25,3022.55,0.4073
2019-10-28,3039.42,0.5581
2019-10-29,3036.89,-0.0832
2019-10-30,3046.77,0.3253
2019-10-31,3037.56,-0.3023
2019-11-01,3066.91,0.9662
2019-11-04,3078.27,0.3704
2019-11-05,3074.62,-0.1186
2019-11-06,3076.78,0.0703
2019-11-07,3085.18,0.273
2019-11-08,3093.08,0.2561
2019-11-11,3087.01,-0.1962
2019-11-12,3091.84,0.1565
2019-11-13,3094.04,0.0712
2019-11-14,3096.63,0.0837
2019-11-15,3120.46,0.7695
2019-11-18,3122.03,0.0503
2019-11-19,3120.18,-0.0593
2019-11-20,3108.46,-0.3756
2019-11-21,3103.54,-0.1583
2019-11-22,3110.29,0.2175
2019-11-25,3133.64,0.7507
2019-11-26,3140.52,0.2196
2019-11-27,3153.63,0.4174
2019-11-29,3140.98,-0.4011
2019-12-02,3113.87,-0.8631
2019-12-03,3093.2,-0.6638
2019-12-04,3112.76,0.6324
2019-12-05,3117.43,0.15
2019-12-06,3145.91,0.9136
2019-12-09,3135.96,-0.3163
2019-12-10,3132.52,-0.1097
2019-12-11,3141.63,0.2908
2019-12-12,3168.57,0.8575
2019-12-13,3168.8,0.0073
2019-12-16,3191.45,0.7148
2019-12-17,3192.52,0.0335
2019-12-18,3191.14,-0.0432
2019-12-19,3205.37,0.4459
2019-12-20,3221.22,0.4945
2019-12-23,3224.01,0.0866
2019-12-24,3223.38,-0.0195
2019-12-26,3239.91,0.5128
2019-12-27,3240.02,0.0034
2019-12-30,3221.29,-0.5781
2019-12-31,3230.78,0.2946
2020-01-02,3257.85,0.8379
2020-01-03,3234.85,-0.706
2020-01-06,3246.28,0.3533
2020-01-07,3237.18,-0.2803
2020-01-08,3253.05,0.4902
2020-01-09,3274.7,0.6655
2020-01-10,3265.35,-0.2855
2020-01-13,3288.13,0.6976
2020-01-14,3283.15,-0.1515
2020-01-15,3289.29,0.187
2020-01-16,3316.81,0.8367
2020-01-17,3329.62,0.3862
2020-01-21,3320.79,-0.2652
2020-01-22,3321.75,0.0289
2020-01-23,3325.54,0.1141
2020-01-24,3295.47,-0.9042
2020-01-27,3243.63,-1.5731
2020-01-28,3276.24,1.0054
2020-01-29,3273.4,-0.0867
2020-01-30,3283.66,0.3134
2020-01-31,3225.52,-1.7706
2020-02-03,3248.92,0.7255
2020-02-04,3297.59,1.498
2020-02-05,3334.69,1.1251
2020-02-06,3345.78,0.3326
2020-02-07,3327.71,-0.5401
2020-02-10,3352.09,0.7326
2020-02-11,3357.75,0.1688
2020-02-12,3379.45,0.6463
2020-02-13,3373.94,-0.163
2020-02-14,3380.16,0.1844
2020-02-18,3370.29,-0.292
2020-02-19,3386.15,0.4706
2020-02-20,3373.23,-0.3816
2020-02-21,3337.75,-1.0518
2020-02-24,3225.89,-3.3514
2020-02-25,3128.21,-3.028
2020-02-26,3116.39,-0.3779
2020-02-27,2978.76,-4.4163
2020-02-28,2954.22,-0.8238
2020-03-02,3090.23,4.6039
2020-03-03,3003.37,-2.8108
2020-03-04,3130.12,4.2203
2020-03-05,3023.94,-3.3922
2020-03-06,2972.37,-1.7054
2020-03-09,2746.56,-7.597
2020-03-10,2882.23,4.9396
2020-03-11,2741.38,-4.8868
2020-03-12,2480.64,-9.5113
2020-03-13,2711.02,9.2871
2020-03-16,2386.13,-11.9841
2020-03-17,2529.19,5.9955
2020-03-18,2398.1,-5.1831
2020-03-19,2409.39,0.4708
2020-03-20,2304.92,-4.336
2020-03-23,2237.4,-2.9294
2020-03-24,2447.33,9.3828
2020-03-25,2475.56,1.1535
2020-03-26,2630.07,6.2414
2020-03-27,2541.47,-3.3687
2020-03-30,2626.65,3.3516
2020-03-31,2584.59,-1.6013
2020-04-01,2470.5,-4.4142
2020-04-02,2526.9,2.2829
2020-04-03,2488.65,-1.5137
2020-04-06,2663.68,7.0331
2020-04-07,2659.41,-0.1603
2020-04-08,2749.98,3.4056
2020-04-09,2789.82,1.4487
2020-04-13,2761.63,-1.0105
2020-04-14,2846.06,3.0573
2020-04-15,2783.36,-2.203
2020-04-16,2799.55,0.5817
2020-04-17,2874.56,2.6794
2020-04-20,2823.16,-1.7881
2020-04-21,2736.56,-3.0675
2020-04-22,2799.31,2.293
2020-04-23,2797.8,-0.0539
2020-04-24,2836.74,1.3918
2020-04-27,2878.48,1.4714
2020-04-28,2863.39,-0.5242
2020-04-29,2939.51,2.6584
2020-04-30,2912.43,-0.9212
2020-05-01,2830.71,-2.8059
2020-05-04,2842.74,0.425
2020-05-05,2868.44,0.9041
2020-05-06,2848.42,-0.6979
2020-05-07,2881.19,1.1505
2020-05-08,2929.8,1.6872
2020-05-11,2930.19,0.0133
2020-05-12,2870.12,-2.05
2020-05-13,2820.0,-1.7463
2020-05-14,2852.5,1.1525
2020-05-15,2863.7,0.3926
2020-05-18,2953.91,3.1501
2020-05-19,2922.94,-1.0484
2020-05-20,2971.61,1.6651
2020-05-21,2948.51,-0.7774
2020-05-22,2955.45,0.2354
2020-05-26,2991.77,1.2289
2020-05-27,3036.13,1.4827
2020-05-28,3029.73,-0.2108
2020-05-29,3044.31,0.4812
2020-06-01,3055.73,0.3751
2020-06-02,3080.82,0.8211
2020-06-03,3122.87,1.3649
2020-06-04,3112.35,-0.3369
2020-06-05,3193.93,2.6212
2020-06-08,3232.39,1.2042
2020-06-09,3207.18,-0.7799
2020-06-10,3190.14,-0.5313
2020-06-11,3002.1,-5.8944
2020-06-12,3041.31,1.3061
2020-06-15,3066.59,0.8312
2020-06-16,3124.74,1.8962
2020-06-17,3113.49,-0.36
2020-06-18,3115.34,0.0594
2020-06-19,3097.74,-0.5649
2020-06-22,3117.86,0.6495
2020-06-23,3131.29,0.4307
2020-06-24,3050.33,-2.5855
2020-06-25,3083.76,1.0959
2020-06-26,3009.05,-2.4227
2020-06-29,3053.24,1.4686
2020-06-30,3100.29,1.541
2020-07-01,3115.86,0.5022
2020-07-02,3130.01,0.4541
2020-07-06,3179.72,1.5882
2020-07-07,3145.32,-1.0819
2020-07-08,3169.94,0.7828
2020-07-09,3152.05,-0.5644
2020-07-10,3185.04,1.0466
2020-07-13,3155.22,-0.9363
2020-07-14,3197.52,1.3406
2020-07-15,3226.56,0.9082
2020-07-16,3215.57,-0.3406
2020-07-17,3224.73,0.2849
2020-07-20,3251.84,0.8407
2020-07-21,3257.3,0.1679
2020-07-22,3276.02,0.5747
2020-07-23,3235.66,-1.232
2020-07-24,3215.63,-0.619
2020-07-27,3239.41,0.7395
2020-07-28,3218.44,-0.6473
2020-07-29,3258.44,1.2428
2020-07-30,3246.22,-0.375
2020-07-31,3271.12,0.767
2020-08-03,3294.61,0.7181
2020-08-04,3306.51,0.3612
2020-08-05,3327.77,0.643
2020-08-06,3349.16,0.6428
2020-08-07,3351.28,0.0633
2020-08-10,3360.47,0.2742
2020-08-11,3333.69,-0.7969
2020-08-12,3380.35,1.3997
2020-08-13,3373.43,-0.2047
2020-08-14,3372.85,-0.0172
2020-08-17,3381.99,0.271
2020-08-18,3389.78,0.2303
2020-08-19,3374.85,-0.4404
2020-08-20,3385.51,0.3159
2020-08-21,3397.16,0.3441
2020-08-24,3431.28,1.0044
2020-08-25,3443.62,0.3596
2020-08-26,3478.73,1.0196
2020-08-27,3484.55,0.1673
2020-08-28,3508.01,0.6733
2020-08-31,3500.31,-0.2195
2020-09-01,3526.65,0.7525
2020-09-02,3580.84,1.5366
2020-09-03,3455.06,-3.5126
2020-09-04,3426.96,-0.8133
2020-09-08,3331.84,-2.7756
2020-09-09,3398.96,2.0145
2020-09-10,3339.19,-1.7585
2020-09-11,3340.97,0.0533
2020-09-14,3383.54,1.2742
2020-09-15,3401.2,0.5219
2020-09-16,3385.49,-0.4619
2020-09-17,3357.01,-0.8412
2020-09-18,3319.47,-1.1183
2020-09-21,3281.06,-1.1571
2020-09-22,3315.57,1.0518
2020-09-23,3236.92,-2.3721
2020-09-24,3246.59,0.2987
2020-09-25,3298.46,1.5977
2020-09-28,3351.6,1.6111
2020-09-29,3335.47,-0.4813
2020-09-30,3363.0,0.8254
2020-10-01,3380.8,0.5293
2020-10-02,3348.42,-0.9578
2020-10-05,3408.6,1.7973
2020-10-06,3360.97,-1.3973
2020-10-07,3419.44,1.7397
2020-10-08,3446.83,0.801
2020-10-09,3477.14,0.8794
2020-10-12,3534.22,1.6416
2020-10-13,3511.93,-0.6307
2020-10-14,3488.67,-0.6623
2020-10-15,3483.34,-0.1528
2020-10-16,3483.81,0.0135
2020-10-19,3426.92,-1.633
2020-10-20,3443.12,0.4727
2020-10-21,3435.56,-0.2196
2020-10-22,3453.49,0.5219
2020-10-23,3465.39,0.3446
2020-10-26,3400.97,-1.859
2020-10-27,3390.68,-0.3026
2020-10-28,3271.03,-3.5288
2020-10-29,3310.11,1.1947
2020-10-30,3269.96,-1.213
2020-11-02,3310.24,1.2318
2020-11-03,3369.16,1.7799
2020-11-04,3443.44,2.2047
2020-11-05,3510.45,1.946
2020-11-06,3509.44,-0.0288
2020-11-09,3550.5,1.17
2020-11-10,3545.53,-0.14
2020-11-11,3572.66,0.7652
2020-11-12,3537.01,-0.9979
2020-11-13,3585.15,1.361
2020-11-16,3626.91,1.1648
2020-11-17,3609.53,-0.4792
2020-11-18,3567.79,-1.1564
2020-11-19,3581.87,0.3946
2020-11-20,3557.54,-0.6793
2020-11-23,3577.59,0.5636
2020-11-24,3635.41,1.6162
2020-11-25,3629.65,-0.1584
2020-11-27,3638.35,0.2397
2020-11-30,3621.63,-0.4595
2020-12-01,3662.45,1.1271
2020-12-02,3669.01,0.1791
2020-12-03,3666.72,-0.0624
2020-12-04,3699.12,0.8836
2020-12-07,3691.96,-0.1936
2020-12-08,3702.25,0.2787
2020-12-09,3672.82,-0.7949
2020-12-10,3668.1,-0.1285
2020-12-11,3663.46,-0.1265
2020-12-14,3647.49,-0.4359
2020-12-15,3694.62,1.2921
2020-12-16,3701.17,0.1773
2020-12-17,3722.48,0.5758
2020-12-18,3709.41,-0.3511
2020-12-21,3694.92,-0.3906
2020-12-22,3687.26,-0.2073
2020-12-23,3690.01,0.0746
2020-12-24,3703.06,0.3537
2020-12-28,3735.36,0.8723
2020-12-29,3727.04,-0.2227
2020-12-30,3732.04,0.1342
2020-12-31,3756.07,0.6439
2021-01-04,3700.65,-1.4755
2021-01-05,3726.86,0.7083
2021-01-06,3748.14,0.571
2021-01-07,3803.79,1.4847
2021-01-08,3824.68,0.5492
2021-01-11,3799.61,-0.6555
2021-01-12,3801.19,0.0416
2021-01-13,3809.84,0.2276
2021-01-14,3795.54,-0.3753
2021-01-15,3768.25,-0.719
2021-01-19,3798.91,0.8136
2021-01-20,3851.85,1.3936
2021-01-21,3853.07,0.0317
2021-01-22,3841.47,-0.3011
2021-01-25,3855.36,0.3616
2021-01-26,3849.62,-0.1489
2021-01-27,3750.77,-2.5678
2021-01-28,3787.38,0.9761
2021-01-29,3714.24,-1.9312
2021-02-01,3773.86,1.6052
2021-02-02,3826.31,1.3898
2021-02-03,3830.17,0.1009
2021-02-04,3871.74,1.0853
2021-02-05,3886.83,0.3897
2021-02-08,3915.59,0.7399
2021-02-09,3911.23,-0.1113
2021-02-10,3909.88,-0.0345
2021-02-11,3916.38,0.1662
2021-02-12,3934.83,0.4711
2021-02-16,3932.59,-0.0569
2021-02-17,3931.33,-0.032
2021-02-18,3913.97,-0.4416
2021-02-19,3906.71,-0.1855
2021-02-22,3876.5,-0.7733
2021-02-23,3881.37,0.1256
2021-02-24,3925.43,1.1352
2021-02-25,3829.34,-2.4479
2021-02-26,3811.15,-0.475
2021-03-01,3901.82,2.3791
2021-03-02,3870.29,-0.8081
2021-03-03,3819.72,-1.3066
2021-03-04,3768.47,-1.3417
2021-03-05,3841.94,1.9496
2021-03-08,3821.35,-0.5359
2021-03-09,3875.44,1.4155
2021-03-10,3898.81,0.603
2021-03-11,3939.34,1.0395
2021-03-12,3943.34,0.1015
2021-03-15,3968.94,0.6492
2021-03-16,3962.71,-0.157
2021-03-17,3974.12,0.2879
2021-03-18,3915.46,-1.4761
2021-03-19,3913.1,-0.0603
2021-03-22,3940.59,0.7025
2021-03-23,3910.52,-0.7631
2021-03-24,3889.14,-0.5467
2021-03-25,3909.52,0.524
2021-03-26,3974.54,1.6631
2021-03-29,3971.09,-0.0868
2021-03-30,3958.55,-0.3158
2021-03-31,3972.89,0.3623
2021-04-01,4019.87,1.1825
2021-04-05,4077.91,1.4438
2021-04-06,4073.94,-0.0974
2021-04-07,4079.95,0.1475
2021-04-08,4097.17,0.4221
2021-04-09,4128.8,0.772
2021-04-12,4127.99,-0.0196
2021-04-13,4141.59,0.3295
2021-04-14,4124.66,-0.4088
2021-04-15,4170.42,1.1094
2021-04-16,4185.47,0.3609
2021-04-19,4163.26,-0.5306
2021-04-20,4134.94,-0.6802
2021-04-21,4173.42,0.9306
2021-04-22,4134.98,-0.9211
2021-04-23,4180.17,1.0929
2021-04-26,4187.62,0.1782
2021-04-27,4186.72,-0.0215
2021-04-28,4183.18,-0.0846
2021-04-29,4211.47,0.6763
2021-04-30,4181.17,-0.7195
2021-05-03,4192.66,0.2748
2021-05-04,4164.66,-0.6678
2021-05-05,4167.59,0.0704
2021-05-06,4201.62,0.8165
2021-05-07,4232.6,0.7373
2021-05-10,4188.43,-1.0436
2021-05-11,4152.1,-0.8674
2021-05-12,4063.04,-2.1449
2021-05-13,4112.5,1.2173
2021-05-14,4173.85,1.4918
2021-05-17,4163.29,-0.253
2021-05-18,4127.83,-0.8517
2021-05-19,4115.68,-0.2943
2021-05-20,4159.12,1.0555
2021-05-21,4155.86,-0.0784
2021-05-24,4197.05,0.9911
2021-05-25,4188.13,-0.2125
2021-05-26,4195.99,0.1877
2021-05-27,4200.88,0.1165
2021-05-28,4204.11,0.0769
2021-06-01,4202.04,-0.0492
2021-06-02,4208.12,0.1447
2021-06-03,4192.85,-0.3629
2021-06-04,4229.89,0.8834
2021-06-07,4226.52,-0.0797
2021-06-08,4227.26,0.0175
2021-06-09,4219.55,-0.1824
2021-06-10,4239.18,0.4652
2021-06-11,4247.44,0.1948
2021-06-14,4255.15,0.1815
2021-06-15,4246.59,-0.2012
2021-06-16,4223.7,-0.539
2021-06-17,4221.86,-0.0436
2021-06-18,4166.45,-1.3125
2021-06-21,4224.79,1.4002
2021-06-22,4246.44,0.5125
2021-06-23,4241.84,-0.1083
2021-06-24,4266.49,0.5811
2021-06-25,4280.7,0.3331
2021-06-28,4290.61,0.2315
2021-06-29,4291.8,0.0277
2021-06-30,4297.5,0.1328
2021-07-01,4319.94,0.5222
2021-07-02,4352.34,0.75
2021-07-06,4343.54,-0.2022
2021-07-07,4358.13,0.3359
2021-07-08,4320.82,-0.8561
2021-07-09,4369.55,1.1278
2021-07-12,4384.63,0.3451
2021-07-13,4369.21,-0.3517
2021-07-14,4374.3,0.1165
2021-07-15,4360.03,-0.3262
2021-07-16,4327.16,-0.7539
2021-07-19,4258.49,-1.587
2021-07-20,4323.06,1.5163
2021-07-21,4358.69,0.8242
2021-07-22,4367.48,0.2017
2021-07-23,4411.79,1.0145
2021-07-26,4422.3,0.2382
2021-07-27,4401.46,-0.4712
2021-07-28,4400.64,-0.0186
2021-07-29,4419.15,0.4206
2021-07-30,4395.26,-0.5406
2021-08-02,4387.16,-0.1843
2021-08-03,4423.15,0.8203
2021-08-04,4402.66,-0.4632
2021-08-05,4429.1,0.6005
2021-08-06,4436.52,0.1675
2021-08-09,4432.35,-0.094
2021-08-10,4436.75,0.0993
2021-08-11,4442.41,0.1276
2021-08-12,4460.83,0.4146
2021-08-13,4468.0,0.1607
2021-08-16,4479.71,0.2621
2021-08-17,4448.08,-0.7061
2021-08-18,4400.27,-1.0748
2021-08-19,4405.8,0.1257
2021-08-20,4441.67,0.8142
2021-08-23,4479.53,0.8524
2021-08-24,4486.23,0.1496
2021-08-25,4496.19,0.222
2021-08-26,4470.0,-0.5825
2021-08-27,4509.37,0.8808
2021-08-30,4528.79,0.4307
2021-08-31,4522.68,-0.1349
2021-09-01,4524.09,0.0312
2021-09-02,4536.95,0.2843
2021-09-03,4535.43,-0.0335
2021-09-07,4520.03,-0.3395
2021-09-08,4514.07,-0.1319
2021-09-09,4493.28,-0.4606
2021-09-10,4458.58,-0.7723
2021-09-13,4468.73,0.2277
2021-09-14,4443.05,-0.5747
2021-09-15,4480.7,0.8474
2021-09-16,4473.75,-0.1551
2021-09-17,4432.99,-0.9111
2021-09-20,4357.73,-1.6977
2021-09-21,4354.19,-0.0812
2021-09-22,4395.64,0.952
2021-09-23,4448.98,1.2135
2021-09-24,4455.48,0.1461
2021-09-27,4443.11,-0.2776
2021-09-28,4352.63,-2.0364
2021-09-29,4359.46,0.1569
2021-09-30,4307.54,-1.191
2021-10-01,4357.04,1.1491
2021-10-04,4300.46,-1.2986
2021-10-05,4345.72,1.0524
2021-10-06,4363.55,0.4103
2021-10-07,4399.76,0.8298
2021-10-08,4391.34,-0.1914
2021-10-11,4361.19,-0.6866
2021-10-12,4350.65,-0.2417
2021-10-13,4363.8,0.3023
2021-10-14,4438.26,1.7063
2021-10-15,4471.37,0.746
2021-10-18,4486.46,0.3375
2021-10-19,4519.63,0.7393
2021-10-20,4536.19,0.3664
2021-10-21,4549.78,0.2996
2021-10-22,4544.9,-0.1073
2021-10-25,4566.48,0.4748
2021-10-26,4574.79,0.182
2021-10-27,4551.68,-0.5052
2021-10-28,4596.42,0.9829
2021-10-29,4605.38,0.1949
2021-11-01,4613.67,0.18
2021-11-02,4630.65,0.368
2021-11-03,4660.57,0.6461
2021-11-04,4680.06,0.4182
2021-11-05,4697.53,0.3733
2021-11-08,4701.7,0.0888
2021-11-09,4685.25,-0.3499
2021-11-10,4646.71,-0.8226
2021-11-11,4649.27,0.0551
2021-11-12,4682.85,0.7223
2021-11-15,4682.8,-0.0011
2021-11-16,4700.9,0.3865
2021-11-17,4688.67,-0.2602
2021-11-18,4704.54,0.3385
2021-11-19,4697.96,-0.1399
2021-11-22,4682.94,-0.3197
2021-11-23,4690.7,0.1657
2021-11-24,4701.46,0.2294
2021-11-26,4594.62,-2.2725
2021-11-29,4655.27,1.32
2021-11-30,4567.0,-1.8961
2021-12-01,4513.04,-1.1815
2021-12-02,4577.1,1.4194
2021-12-03,4538.43,-0.8449
2021-12-06,4591.67,1.1731
2021-12-07,4686.75,2.0707
2021-12-08,4701.21,0.3085
2021-12-09,4667.45,-0.7181
2021-12-10,4712.02,0.9549
2021-12-13,4668.97,-0.9136
2021-12-14,4634.09,-0.7471
2021-12-15,4709.85,1.6348
2021-12-16,4668.67,-0.8743
2021-12-17,4620.64,-1.0288
2021-12-20,4568.02,-1.1388
2021-12-21,4649.23,1.7778
2021-12-22,4696.56,1.018
2021-12-23,4725.79,0.6224
2021-12-27,4791.19,1.3839
2021-12-28,4786.35,-0.101
2021-12-29,4793.06,0.1402
2021-12-30,4778.73,-0.299
2021-12-31,4766.18,-0.2626
2022-01-03,4796.56,0.6374
2022-01-04,4793.54,-0.063
2022-01-05,4700.58,-1.9393
2022-01-06,4696.05,-0.0964
2022-01-07,4677.03,-0.405
2022-01-10,4670.29,-0.1441
2022-01-11,4713.07,0.916
2022-01-12,4726.35,0.2818
2022-01-13,4659.03,-1.4244
2022-01-14,4662.85,0.082
2022-01-18,4577.11,-1.8388
2022-01-19,4532.76,-0.969
2022-01-20,4482.73,-1.1037
2022-01-21,4397.94,-1.8915
2022-01-24,4410.13,0.2772
2022-01-25,4356.45,-1.2172
2022-01-26,4349.93,-0.1497
2022-01-27,4326.51,-0.5384
2022-01-28,4431.85,2.4348
2022-01-31,4515.55,1.8886
2022-02-01,4546.54,0.6863
2022-02-02,4589.38,0.9423
2022-02-03,4477.44,-2.4391
2022-02-04,4500.53,0.5157
2022-02-07,4483.87,-0.3702
2022-02-08,4521.54,0.8401
2022-02-09,4587.18,1.4517
2022-02-10,4504.08,-1.8116
2022-02-11,4418.64,-1.8969
2022-02-14,4401.67,-0.3841
2022-02-15,4471.07,1.5767
2022-02-16,4475.01,0.0881
2022-02-17,4380.26,-2.1173
2022-02-18,4348.87,-0.7166
2022-02-22,4304.76,-1.0143
2022-02-23,4225.5,-1.8412
2022-02-24,4288.7,1.4957
2022-02-25,4384.65,2.2373
2022-02-28,4373.94,-0.2443
2022-03-01,4306.26,-1.5473
2022-03-02,4386.54,1.8643
2022-03-03,4363.49,-0.5255
2022-03-04,4328.87,-0.7934
2022-03-07,4201.09,-2.9518
2022-03-08,4170.7,-0.7234
2022-03-09,4277.88,2.5698
2022-03-10,4259.52,-0.4292
2022-03-11,4204.31,-1.2962
2022-03-14,4173.11,-0.7421
2022-03-15,4262.45,2.1408
2022-03-16,4357.86,2.2384
2022-03-17,4411.67,1.2348
2022-03-18,4463.12,1.1662
2022-03-21,4461.18,-0.0435
2022-03-22,4511.61,1.1304
2022-03-23,4456.24,-1.2273
2022-03-24,4520.16,1.4344
2022-03-25,4543.06,0.5066
2022-03-28,4575.52,0.7145
2022-03-29,4631.6,1.2257
2022-03-30,4602.45,-0.6294
2022-03-31,4530.41,-1.5653
2022-04-01,4545.86,0.341
2022-04-04,4582.64,0.8091
2022-04-05,4525.12,-1.2552
2022-04-06,4481.15,-0.9717
2022-04-07,4500.21,0.4253
2022-04-08,4488.28,-0.2651
2022-04-11,4412.53,-1.6877
2022-04-12,4397.45,-0.3418
2022-04-13,4446.59,1.1175
2022-04-14,4392.59,-1.2144
2022-04-18,4391.69,-0.0205
2022-04-19,4462.21,1.6058
2022-04-20,4459.45,-0.0619
2022-04-21,4393.66,-1.4753
2022-04-22,4271.78,-2.774
2022-04-25,4296.12,0.5698
2022-04-26,4175.2,-2.8146
2022-04-27,4183.96,0.2098
2022-04-28,4287.5,2.4747
2022-04-29,4131.93,-3.6285
2022-05-02,4155.38,0.5675
2022-05-03,4175.48,0.4837
2022-05-04,4300.17,2.9862
2022-05-05,4146.87,-3.565
2022-05-06,4123.34,-0.5674
2022-05-09,3991.24,-3.2037
2022-05-10,4001.05,0.2458
2022-05-11,3935.18,-1.6463
2022-05-12,3930.08,-0.1296
2022-05-13,4023.89,2.387
2022-05-16,4008.01,-0.3946
2022-05-17,4088.85,2.017
2022-05-18,3923.68,-4.0395
2022-05-19,3900.79,-0.5834
2022-05-20,3901.36,0.0146
2022-05-23,3973.75,1.8555
2022-05-24,3941.48,-0.8121
2022-05-25,3978.73,0.9451
2022-05-26,4057.84,1.9883
2022-05-27,4158.24,2.4742
2022-05-31,4132.15,-0.6274
2022-06-01,4101.23,-0.7483
2022-06-02,4176.82,1.8431
2022-06-03,4108.54,-1.6347
2022-06-06,4121.43,0.3137
2022-06-07,4160.68,0.9523
2022-06-08,4115.77,-1.0794
2022-06-09,4017.82,-2.3799
2022-06-10,3900.86,-2.911
2022-06-13,3749.63,-3.8768
2022-06-14,3735.48,-0.3774
2022-06-15,3789.99,1.4593
2022-06-16,3666.77,-3.2512
2022-06-17,3674.84,0.2201
2022-06-21,3764.79,2.4477
2022-06-22,3759.89,-0.1302
2022-06-23,3795.73,0.9532
2022-06-24,3911.74,3.0563
2022-06-27,3900.11,-0.2973
2022-06-28,3821.55,-2.0143
2022-06-29,3818.83,-0.0712
2022-06-30,3785.38,-0.8759
2022-07-01,3825.33,1.0554
2022-07-05,3831.39,0.1584
2022-07-06,3845.08,0.3573
2022-07-07,3902.62,1.4965
2022-07-08,3899.38,-0.083
2022-07-11,3854.43,-1.1527
2022-07-12,3818.8,-0.9244
2022-07-13,3801.78,-0.4457
2022-07-14,3790.38,-0.2999
2022-07-15,3863.16,1.9201
2022-07-18,3830.85,-0.8364
2022-07-19,3936.69,2.7628
2022-07-20,3959.9,0.5896
2022-07-21,3998.95,0.9861
2022-07-22,3961.63,-0.9332
2022-07-25,3966.84,0.1315
2022-07-26,3921.05,-1.1543
2022-07-27,4023.61,2.6156
2022-07-28,4072.43,1.2133
2022-07-29,4130.29,1.4208
2022-08-01,4118.63,-0.2823
2022-08-02,4091.19,-0.6662
2022-08-03,4155.17,1.5638
2022-08-04,4151.94,-0.0777
2022-08-05,4145.19,-0.1626
2022-08-08,4140.06,-0.1238
2022-08-09,4122.47,-0.4249
2022-08-10,4210.24,2.1291
2022-08-11,4207.27,-0.0705
2022-08-12,4280.15,1.7322
2022-08-15,4297.14,0.3969
2022-08-16,4305.2,0.1876
2022-08-17,4274.04,-0.7238
2022-08-18,4283.74,0.227
2022-08-19,4228.48,-1.29
2022-08-22,4137.99,-2.14
2022-08-23,4128.73,-0.2238
2022-08-24,4140.77,0.2916
2022-08-25,4199.12,1.4092
2022-08-26,4057.66,-3.3688
2022-08-29,4030.61,-0.6666
2022-08-30,3986.16,-1.1028
2022-08-31,3955.0,-0.7817
2022-09-01,3966.85,0.2996
2022-09-02,3924.26,-1.0736
2022-09-06,3908.19,-0.4095
2022-09-07,3979.87,1.8341
2022-09-08,4006.18,0.6611
2022-09-09,4067.36,1.5271
2022-09-12,4110.41,1.0584
2022-09-13,3932.69,-4.3237
2022-09-14,3946.01,0.3387
2022-09-15,3901.35,-1.1318
2022-09-16,3873.33,-0.7182
2022-09-19,3899.89,0.6857
2022-09-20,3855.93,-1.1272
2022-09-21,3789.93,-1.7116
2022-09-22,3757.99,-0.8428
2022-09-23,3693.23,-1.7233
2022-09-26,3655.04,-1.0341
2022-09-27,3647.29,-0.212
2022-09-28,3719.04,1.9672
2022-09-29,3640.47,-2.1126
2022-09-30,3585.62,-1.5067
2022-10-03,3678.43,2.5884
2022-10-04,3790.93,3.0584
2022-10-05,3783.28,-0.2018
2022-10-06,3744.52,-1.0245
2022-10-07,3639.66,-2.8004
2022-10-10,3612.39,-0.7492
2022-10-11,3588.84,-0.6519
2022-10-12,3577.03,-0.3291
2022-10-13,3669.91,2.5966
2022-10-14,3583.07,-2.3663
2022-10-17,3677.95,2.648
2022-10-18,3719.98,1.1428
2022-10-19,3695.16,-0.6672
2022-10-20,3665.78,-0.7951
2022-10-21,3752.75,2.3725
2022-10-24,3797.34,1.1882
2022-10-25,3859.11,1.6267
2022-10-26,3830.6,-0.7388
2022-10-27,3807.3,-0.6083
2022-10-28,3901.06,2.4626
2022-10-31,3871.98,-0.7454
2022-11-01,3856.1,-0.4101
2022-11-02,3759.69,-2.5002
2022-11-03,3719.89,-1.0586
2022-11-04,3770.55,1.3619
2022-11-07,3806.8,0.9614
2022-11-08,3828.11,0.5598
2022-11-09,3748.57,-2.0778
2022-11-10,3956.37,5.5434
2022-11-11,3992.93,0.9241
2022-11-14,3957.25,-0.8936
2022-11-15,3991.73,0.8713
2022-11-16,3958.79,-0.8252
2022-11-17,3946.56,-0.3089
2022-11-18,3965.34,0.4759
2022-11-21,3949.94,-0.3884
2022-11-22,4003.58,1.358
2022-11-23,4027.26,0.5915
2022-11-25,4026.12,-0.0283
2022-11-28,3963.94,-1.5444
2022-11-29,3957.63,-0.1592
2022-11-30,4080.11,3.0948
2022-12-01,4076.57,-0.0868
2022-12-02,4071.7,-0.1195
2022-12-05,3998.84,-1.7894
2022-12-06,3941.26,-1.4399
2022-12-07,3933.92,-0.1862
2022-12-08,3963.51,0.7522
2022-12-09,3934.38,-0.735
2022-12-12,3990.56,1.4279
2022-12-13,4019.65,0.729
2022-12-14,3995.32,-0.6053
2022-12-15,3895.75,-2.4922
2022-12-16,3852.36,-1.1138
2022-12-19,3817.66,-0.9007
2022-12-20,3821.62,0.1037
2022-12-21,3878.44,1.4868
2022-12-22,3822.39,-1.4452
2022-12-23,3844.82,0.5868
2022-12-27,3829.25,-0.405
2022-12-28,3783.22,-1.2021
2022-12-29,3849.28,1.7461
2022-12-30,3839.5,-0.2541
2023-01-03,3824.14,-0.4001
2023-01-04,3852.97,0.7539
2023-01-05,3808.1,-1.1646
2023-01-06,3895.08,2.2841
2023-01-09,3892.09,-0.0768
2023-01-10,3919.25,0.6978
2023-01-11,3969.61,1.2849
2023-01-12,3983.17,0.3416
2023-01-13,3999.09,0.3997
2023-01-17,3990.97,-0.203
2023-01-18,3928.86,-1.5563
2023-01-19,3898.85,-0.7638
2023-01-20,3972.61,1.8918
2023-01-23,4019.81,1.1881
2023-01-24,4016.95,-0.0711
2023-01-25,4016.22,-0.0182
2023-01-26,4060.43,1.1008
2023-01-27,4070.56,0.2495
2023-01-30,4017.77,-1.2969
2023-01-31,4076.6,1.4642
2023-02-01,4119.21,1.0452
2023-02-02,4179.76,1.4699
2023-02-03,4136.48,-1.0355
2023-02-06,4111.08,-0.614
2023-02-07,4164.0,1.2873
2023-02-08,4117.86,-1.1081
2023-02-09,4081.5,-0.883
2023-02-10,4090.46,0.2195
2023-02-13,4137.29,1.1449
2023-02-14,4136.13,-0.028
2023-02-15,4147.6,0.2773
2023-02-16,4090.41,-1.3789
2023-02-17,4079.09,-0.2767
2023-02-21,3997.34,-2.0041
2023-02-22,3991.05,-0.1574
2023-02-23,4012.32,0.5329
2023-02-24,3970.04,-1.0538
2023-02-27,3982.24,0.3073
2023-02-28,3970.15,-0.3036
2023-03-01,3951.39,-0.4725
2023-03-02,3981.35,0.7582
2023-03-03,4045.64,1.6148
2023-03-06,4048.42,0.0687
2023-03-07,3986.37,-1.5327
2023-03-08,3992.01,0.1415
2023-03-09,3918.32,-1.8459
2023-03-10,3861.59,-1.4478
2023-03-13,3855.76,-0.151
2023-03-14,3919.29,1.6477
2023-03-15,3891.93,-0.6981
2023-03-16,3960.28,1.7562
2023-03-17,3916.64,-1.1019
2023-03-20,3951.57,0.8918
2023-03-21,4002.87,1.2982
2023-03-22,3936.97,-1.6463
2023-03-23,3948.72,0.2985
2023-03-24,3970.99,0.564
2023-03-27,3977.53,0.1647
2023-03-28,3971.27,-0.1574
2023-03-29,4027.81,1.4237
2023-03-30,4050.83,0.5715
2023-03-31,4109.31,1.4437
2023-04-03,4124.51,0.3699
2023-04-04,4100.6,-0.5797
2023-04-05,4090.38,-0.2492
2023-04-06,4105.02,0.3579
2023-04-10,4109.11,0.0996
2023-04-11,4108.94,-0.0041
2023-04-12,4091.95,-0.4135
2023-04-13,4146.22,1.3263
2023-04-14,4137.64,-0.2069
2023-04-17,4151.32,0.3306
2023-04-18,4154.87,0.0855
2023-04-19,4154.52,-0.0084
2023-04-20,4129.79,-0.5953
2023-04-21,4133.52,0.0903
2023-04-24,4137.04,0.0852
2023-04-25,4071.63,-1.5811
2023-04-26,4055.99,-0.3841
2023-04-27,4135.35,1.9566
2023-04-28,4169.48,0.8253
2023-05-01,4167.87,-0.0386
2023-05-02,4119.58,-1.1586
2023-05-03,4090.75,-0.6998
2023-05-04,4061.22,-0.7219
2023-05-05,4136.25,1.8475
2023-05-08,4138.12,0.0452
2023-05-09,4119.17,-0.4579
2023-05-10,4137.64,0.4484
2023-05-11,4130.62,-0.1697
2023-05-12,4124.08,-0.1583
2023-05-15,4136.28,0.2958
2023-05-16,4109.9,-0.6378
2023-05-17,4158.77,1.1891
2023-05-18,4198.05,0.9445
2023-05-19,4191.98,-0.1446
2023-05-22,4192.63,0.0155
2023-05-23,4145.58,-1.1222
2023-05-24,4115.24,-0.7319
2023-05-25,4151.28,0.8758
2023-05-26,4205.45,1.3049
2023-05-30,4205.52,0.0017
2023-05-31,4179.83,-0.6109
2023-06-01,4221.02,0.9854
2023-06-02,4282.37,1.4534
2023-06-05,4273.79,-0.2004
2023-06-06,4283.85,0.2354
2023-06-07,4267.52,-0.3812
2023-06-08,4293.93,0.6189
2023-06-09,4298.86,0.1148
2023-06-12,4338.93,0.9321
2023-06-13,4369.01,0.6933
2023-06-14,4372.59,0.0819
2023-06-15,4425.84,1.2178
2023-06-16,4409.59,-0.3672
2023-06-20,4388.71,-0.4735
2023-06-21,4365.69,-0.5245
2023-06-22,4381.89,0.3711
2023-06-23,4348.33,-0.7659
2023-06-26,4328.82,-0.4487
2023-06-27,4378.41,1.1456
2023-06-28,4376.86,-0.0354
2023-06-29,4396.44,0.4474
2023-06-30,4450.38,1.2269
2023-07-03,4455.59,0.1171
2023-07-05,4446.82,-0.1968
2023-07-06,4411.59,-0.7923
2023-07-07,4398.95,-0.2865
2023-07-10,4409.53,0.2405
2023-07-11,4439.26,0.6742
2023-07-12,4472.16,0.7411
2023-07-13,4510.04,0.847
2023-07-14,4505.42,-0.1024
2023-07-17,4522.79,0.3855
2023-07-18,4554.98,0.7117
2023-07-19,4565.72,0.2358
2023-07-20,4534.87,-0.6757
2023-07-21,4536.34,0.0324
2023-07-24,4554.64,0.4034
2023-07-25,4567.46,0.2815
2023-07-26,4566.75,-0.0155
2023-07-27,4537.41,-0.6425
2023-07-28,4582.23,0.9878
2023-07-31,4588.96,0.1469
2023-08-01,4576.73,-0.2665
2023-08-02,4513.39,-1.384
2023-08-03,4501.89,-0.2548
2023-08-04,4478.03,-0.53
2023-08-07,4518.44,0.9024
2023-08-08,4499.38,-0.4218
2023-08-09,4467.71,-0.7039
2023-08-10,4468.83,0.0251
2023-08-11,4464.05,-0.107
2023-08-14,4489.72,0.575
2023-08-15,4437.86,-1.1551
2023-08-16,4404.33,-0.7555
2023-08-17,4370.36,-0.7713
2023-08-18,4369.71,-0.0149
2023-08-21,4399.77,0.6879
2023-08-22,4387.55,-0.2777
2023-08-23,4436.01,1.1045
2023-08-24,4376.31,-1.3458
2023-08-25,4405.71,0.6718
2023-08-28,4433.31,0.6265
2023-08-29,4497.63,1.4508
2023-08-30,4514.87,0.3833
2023-08-31,4507.66,-0.1597
2023-09-01,4515.77,0.1799
2023-09-05,4496.83,-0.4194
2023-09-06,4465.48,-0.6972
2023-09-07,4451.14,-0.3211
2023-09-08,4457.49,0.1427
2023-09-11,4487.46,0.6724
2023-09-12,4461.9,-0.5696
2023-09-13,4467.44,0.1242
2023-09-14,4505.1,0.843
2023-09-15,4450.32,-1.216
2023-09-18,4453.53,0.0721
2023-09-19,4443.95,-0.2151
2023-09-20,4402.2,-0.9395
2023-09-21,4330.0,-1.6401
2023-09-22,4320.06,-0.2296
2023-09-25,4337.44,0.4023
2023-09-26,4273.53,-1.4734
2023-09-27,4274.51,0.0229
2023-09-28,4299.7,0.5893
2023-09-29,4288.05,-0.2709
2023-10-02,4288.39,0.0079
2023-10-03,4229.45,-1.3744
2023-10-04,4263.75,0.811
2023-10-05,4258.19,-0.1304
2023-10-06,4308.5,1.1815
2023-10-09,4335.66,0.6304
2023-10-10,4358.24,0.5208
2023-10-11,4376.95,0.4293
2023-10-12,4349.61,-0.6246
2023-10-13,4327.78,-0.5019
2023-10-16,4373.63,1.0594
2023-10-17,4373.2,-0.0098
2023-10-18,4314.6,-1.34
2023-10-19,4278.0,-0.8483
2023-10-20,4224.16,-1.2585
2023-10-23,4217.04,-0.1686
2023-10-24,4247.68,0.7266
2023-10-25,4186.77,-1.434
2023-10-26,4137.23,-1.1833
2023-10-27,4117.37,-0.48
2023-10-30,4166.82,1.201
2023-10-31,4193.8,0.6475
2023-11-01,4237.86,1.0506
2023-11-02,4317.78,1.8859
2023-11-03,4358.34,0.9394
2023-11-06,4365.98,0.1753
2023-11-07,4378.38,0.284
2023-11-08,4382.78,0.1005
2023-11-09,4347.35,-0.8084
2023-11-10,4415.24,1.5616
2023-11-13,4411.55,-0.0836
2023-11-14,4495.7,1.9075
2023-11-15,4502.88,0.1597
2023-11-16,4508.24,0.119
2023-11-17,4514.02,0.1282
2023-11-20,4547.38,0.739
2023-11-21,4538.19,-0.2021
2023-11-22,4556.62,0.4061
2023-11-24,4559.34,0.0597
2023-11-27,4550.43,-0.1954
2023-11-28,4554.89,0.098
2023-11-29,4550.58,-0.0946
2023-11-30,4567.8,0.3784
2023-12-01,4594.63,0.5874
2023-12-04,4569.78,-0.5408
2023-12-05,4567.18,-0.0569
2023-12-06,4549.34,-0.3906
2023-12-07,4585.59,0.7968
2023-12-08,4604.37,0.4095
2023-12-11,4622.44,0.3925
2023-12-12,4643.7,0.4599
2023-12-13,4707.09,1.3651
2023-12-14,4719.55,0.2647
2023-12-15,4719.19,-0.0076
2023-12-18,4740.56,0.4528
2023-12-19,4768.37,0.5866
2023-12-20,4698.35,-1.4684
2023-12-21,4746.75,1.0301
2023-12-22,4754.63,0.166
2023-12-26,4774.75,0.4232
2023-12-27,4781.58,0.143
2023-12-28,4783.35,0.037
2023-12-29,4769.83,-0.2826
2024-01-02,4742.83,-0.5661
2024-01-03,4704.81,-0.8016
2024-01-04,4688.68,-0.3428
2024-01-05,4697.24,0.1826
2024-01-08,4763.54,1.4115
2024-01-09,4756.5,-0.1478
2024-01-10,4783.45,0.5666
2024-01-11,4780.24,-0.0671
2024-01-12,4783.83,0.0751
2024-01-16,4765.98,-0.3731
2024-01-17,4739.21,-0.5617
2024-01-18,4780.94,0.8805
2024-01-19,4839.81,1.2313
2024-01-22,4850.43,0.2194
2024-01-23,4864.6,0.2921
2024-01-24,4868.55,0.0812
2024-01-25,4894.16,0.526
2024-01-26,4890.97,-0.0652
2024-01-29,4927.93,0.7557
2024-01-30,4924.97,-0.0601
2024-01-31,4845.65,-1.6106
2024-02-01,4906.19,1.2494
2024-02-02,4958.61,1.0684
2024-02-05,4942.81,-0.3186
2024-02-06,4954.23,0.231
2024-02-07,4995.06,0.8241
2024-02-08,4997.91,0.0571
2024-02-09,5026.61,0.5742
2024-02-12,5021.84,-0.0949
2024-02-13,4953.17,-1.3674
2024-02-14,5000.62,0.958
2024-02-15,5029.73,0.5821
2024-02-16,5005.57,-0.4803
2024-02-20,4975.51,-0.6005
2024-02-21,4981.8,0.1264
2024-02-22,5087.03,2.1123
2024-02-23,5088.8,0.0348
2024-02-26,5069.53,-0.3787
2024-02-27,5078.18,0.1706
2024-02-28,5069.76,-0.1658
2024-02-29,5096.27,0.5229
2024-03-01,5137.08,0.8008
2024-03-04,5130.95,-0.1193
2024-03-05,5078.65,-1.0193
2024-03-06,5104.76,0.5141
2024-03-07,5157.36,1.0304
2024-03-08,5123.69,-0.6529
2024-03-11,5117.94,-0.1122
2024-03-12,5175.27,1.1202
2024-03-13,5165.31,-0.1925
2024-03-14,5150.48,-0.2871
2024-03-15,5117.09,-0.6483
2024-03-18,5149.42,0.6318
2024-03-19,5178.51,0.5649
2024-03-20,5224.62,0.8904
2024-03-21,5241.53,0.3237
2024-03-22,5234.18,-0.1402
2024-03-25,5218.19,-0.3055
2024-03-26,5203.58,-0.28
2024-03-27,5248.49,0.8631
2024-03-28,5254.35,0.1117
2024-04-01,5243.77,-0.2014
2024-04-02,5205.81,-0.7239
2024-04-03,5211.49,0.1091
2024-04-04,5147.21,-1.2334
2024-04-05,5204.34,1.1099
2024-04-08,5202.39,-0.0375
2024-04-09,5209.91,0.1445
2024-04-10,5160.64,-0.9457
2024-04-11,5199.06,0.7445
2024-04-12,5123.41,-1.4551
2024-04-15,5061.82,-1.2021
2024-04-16,5051.41,-0.2057
2024-04-17,5022.21,-0.5781
2024-04-18,5011.12,-0.2208
2024-04-19,4967.23,-0.8759
2024-04-22,5010.6,0.8731
2024-04-23,5070.55,1.1965
2024-04-24,5071.63,0.0213
2024-04-25,5048.42,-0.4576
2024-04-26,5099.96,1.0209
2024-04-29,5116.17,0.3178
2024-04-30,5035.69,-1.5731
2024-05-01,5018.39,-0.3435
2024-05-02,5064.2,0.9128
2024-05-03,5127.79,1.2557
2024-05-06,5180.74,1.0326
2024-05-07,5187.7,0.1343
2024-05-08,5187.67,-0.0006
2024-05-09,5214.08,0.5091
2024-05-10,5222.68,0.1649
2024-05-13,5221.42,-0.0241
2024-05-14,5246.68,0.4838
2024-05-15,5308.15,1.1716
2024-05-16,5297.1,-0.2082
2024-05-17,5303.27,0.1165
2024-05-20,5308.13,0.0916
2024-05-21,5321.41,0.2502
2024-05-22,5307.01,-0.2706
2024-05-23,5267.84,-0.7381
2024-05-24,5304.72,0.7001
2024-05-28,5306.04,0.0249
2024-05-29,5266.95,-0.7367
2024-05-30,5235.48,-0.5975
2024-05-31,5277.51,0.8028
2024-06-03,5283.4,0.1116
2024-06-04,5291.34,0.1503
2024-06-05,5354.03,1.1848
2024-06-06,5352.96,-0.02
2024-06-07,5346.99,-0.1115
2024-06-10,5360.79,0.2581
2024-06-11,5375.32,0.271
2024-06-12,5421.03,0.8504
2024-06-13,5433.74,0.2345
2024-06-14,5431.6,-0.0394
2024-06-17,5473.23,0.7664
2024-06-18,5487.03,0.2521
2024-06-20,5473.17,-0.2526
2024-06-21,5464.62,-0.1562
2024-06-24,5447.87,-0.3065
2024-06-25,5469.3,0.3934
2024-06-26,5477.9,0.1572
2024-06-27,5482.87,0.0907
2024-06-28,5460.48,-0.4084
2024-07-01,5475.09,0.2676
2024-07-02,5509.01,0.6195
2024-07-03,5537.02,0.5084
2024-07-05,5567.19,0.5449
2024-07-08,5572.85,0.1017
2024-07-09,5576.98,0.0741
2024-07-10,5633.91,1.0208
2024-07-11,5584.54,-0.8763
2024-07-12,5615.35,0.5517
2024-07-15,5631.22,0.2826
2024-07-16,5667.2,0.6389
2024-07-17,5588.27,-1.3928
2024-07-18,5544.59,-0.7816
2024-07-19,5505.0,-0.714
2024-07-22,5564.41,1.0792
2024-07-23,5555.74,-0.1558
2024-07-24,5427.13,-2.3149
2024-07-25,5399.22,-0.5143
2024-07-26,5459.1,1.109
2024-07-29,5463.54,0.0813
2024-07-30,5436.44,-0.496
2024-07-31,5522.3,1.5793
2024-08-01,5446.68,-1.3694
2024-08-02,5346.56,-1.8382
2024-08-05,5186.33,-2.9969
2024-08-06,5240.03,1.0354
2024-08-07,5199.5,-0.7735
2024-08-08,5319.31,2.3043
2024-08-09,5344.16,0.4672
2024-08-12,5344.39,0.0043
2024-08-13,5434.43,1.6848
2024-08-14,5455.21,0.3824
2024-08-15,5543.22,1.6133
2024-08-16,5554.25,0.199
2024-08-19,5608.25,0.9722
2024-08-20,5597.12,-0.1985
2024-08-21,5620.85,0.424
2024-08-22,5570.64,-0.8933
2024-08-23,5634.61,1.1483
2024-08-26,5616.84,-0.3154
2024-08-27,5625.8,0.1595
2024-08-28,5592.18,-0.5976
2024-08-29,5591.96,-0.0039
2024-08-30,5648.4,1.0093
2024-09-03,5528.93,-2.1151
2024-09-04,5520.07,-0.1602
2024-09-05,5503.41,-0.3018
2024-09-06,5408.42,-1.726
2024-09-09,5471.05,1.158
2024-09-10,5495.52,0.4473
2024-09-11,5554.13,1.0665
2024-09-12,5595.76,0.7495
2024-09-13,5626.02,0.5408
2024-09-16,5633.09,0.1257
2024-09-17,5634.58,0.0265
2024-09-18,5618.26,-0.2896
2024-09-19,5713.64,1.6977
2024-09-20,5702.55,-0.1941
2024-09-23,5718.57,0.2809
2024-09-24,5732.93,0.2511
2024-09-25,5722.26,-0.1861
2024-09-26,5745.37,0.4039
2024-09-27,5738.17,-0.1253
2024-09-30,5762.48,0.4237
2024-10-01,5708.75,-0.9324
2024-10-02,5709.54,0.0138
2024-10-03,5699.94,-0.1681
2024-10-04,5751.07,0.897
2024-10-07,5695.94,-0.9586
2024-10-08,5751.13,0.9689
2024-10-09,5792.04,0.7113
2024-10-10,5780.05,-0.207
2024-10-11,5815.03,0.6052
2024-10-14,5859.85,0.7708
2024-10-15,5815.26,-0.7609
2024-10-16,5842.47,0.4679
2024-10-17,5841.47,-0.0171
2024-10-18,5864.67,0.3972
2024-10-21,5853.98,-0.1823
2024-10-22,5851.2,-0.0475
2024-10-23,5797.42,-0.9191
2024-10-24,5809.86,0.2146
2024-10-25,5808.12,-0.0299
2024-10-28,5823.52,0.2651
2024-10-29,5832.92,0.1614
2024-10-30,5813.67,-0.33
2024-10-31,5705.45,-1.8615
2024-11-01,5728.8,0.4093
2024-11-04,5712.69,-0.2812
2024-11-05,5782.76,1.2266
2024-11-06,5929.04,2.5296
2024-11-07,5973.1,0.7431
2024-11-08,5995.54,0.3757
2024-11-11,6001.35,0.0969
2024-11-12,5983.99,-0.2893
2024-11-13,5985.38,0.0232
2024-11-14,5949.17,-0.605
2024-11-15,5870.62,-1.3204
2024-11-18,5893.62,0.3918
2024-11-19,5916.98,0.3964
2024-11-20,5917.11,0.0022
2024-11-21,5948.71,0.534
2024-11-22,5969.34,0.3468
2024-11-25,5987.37,0.302
2024-11-26,6021.63,0.5722
2024-11-27,5998.74,-0.3801
2024-11-29,6032.38,0.5608
2024-12-02,6047.15,0.2448
2024-12-03,6049.88,0.0451
2024-12-04,6086.49,0.6051
2024-12-05,6075.11,-0.187
2024-12-06,6090.27,0.2495
2024-12-09,6052.85,-0.6144
2024-12-10,6034.91,-0.2964
2024-12-11,6084.19,0.8166
2024-12-12,6051.25,-0.5414
2024-12-13,6051.09,-0.0026
2024-12-16,6074.08,0.3799
2024-12-17,6050.61,-0.3864
2024-12-18,5872.16,-2.9493
2024-12-19,5867.08,-0.0865
2024-12-20,5930.85,1.0869
2024-12-23,5974.07,0.7287
2024-12-24,6040.04,1.1043
2024-12-26,6037.59,-0.0406
2024-12-27,5970.84,-1.1056
2024-12-30,5906.94,-1.0702
2024-12-31,5881.63,-0.4285
2025-01-02,5868.55,-0.2224
2025-01-03,5942.47,1.2596
2025-01-06,5975.38,0.5538
2025-01-07,5909.03,-1.1104
2025-01-08,5918.25,0.156
2025-01-10,5827.04,-1.5412
2025-01-13,5836.22,0.1575
2025-01-14,5842.91,0.1146
2025-01-15,5949.91,1.8313
2025-01-16,5937.34,-0.2113
2025-01-17,5996.66,0.9991
2025-01-21,6049.24,0.8768
2025-01-22,6086.37,0.6138
2025-01-23,6118.71,0.5314
2025-01-24,6101.24,-0.2855
2025-01-27,6012.28,-1.4581
2025-01-28,6067.7,0.9218
2025-01-29,6039.31,-0.4679
2025-01-30,6071.17,0.5275
2025-01-31,6040.53,-0.5047
2025-02-03,5994.57,-0.7609
2025-02-04,6037.88,0.7225
2025-02-05,6061.48,0.3909
2025-02-06,6083.57,0.3644
2025-02-07,6025.99,-0.9465
2025-02-10,6066.44,0.6713
2025-02-11,6068.5,0.034
2025-02-12,6051.97,-0.2724
2025-02-13,6115.07,1.0426
2025-02-14,6114.63,-0.0072
2025-02-18,6129.58,0.2445
2025-02-19,6144.15,0.2377
2025-02-20,6117.52,-0.4334
2025-02-21,6013.13,-1.7064
2025-02-24,5983.25,-0.4969
2025-02-25,5955.25,-0.468
2025-02-26,5956.06,0.0136
2025-02-27,5861.57,-1.5865
2025-02-28,5954.5,1.5854
2025-03-03,5849.72,-1.7597
2025-03-04,5778.15,-1.2235
2025-03-05,5842.63,1.1159
2025-03-06,5738.52,-1.7819
2025-03-07,5770.2,0.5521
2025-03-10,5614.56,-2.6973
2025-03-11,5572.07,-0.7568
2025-03-12,5599.3,0.4887
2025-03-13,5521.52,-1.3891
2025-03-14,5638.94,2.1266
2025-03-17,5675.12,0.6416
2025-03-18,5614.66,-1.0654
2025-03-19,5675.29,1.0799
2025-03-20,5662.89,-0.2185
2025-03-21,5667.56,0.0825
2025-03-24,5767.57,1.7646
2025-03-25,5776.65,0.1574
2025-03-26,5712.2,-1.1157
2025-03-27,5693.31,-0.3307
2025-03-28,5580.94,-1.9737
2025-03-31,5611.85,0.5538
2025-04-01,5633.07,0.3781
2025-04-02,5670.97,0.6728
2025-04-03,5396.52,-4.8396
2025-04-04,5074.08,-5.975
2025-04-07,5062.25,-0.2331
2025-04-08,4982.77,-1.5701
2025-04-09,5456.9,9.5154
2025-04-10,5268.05,-3.4608
2025-04-11,5363.36,1.8092
2025-04-14,5405.97,0.7945
2025-04-15,5396.63,-0.1728
2025-04-16,5275.7,-2.2408
2025-04-17,5282.7,0.1327
2025-04-21,5158.2,-2.3567
2025-04-22,5287.76,2.5117
2025-04-23,5375.86,1.6661
2025-04-24,5484.77,2.0259
2025-04-25,5525.21,0.7373
2025-04-28,5528.75,0.0641
2025-04-29,5560.83,0.5802
2025-04-30,5569.06,0.148
2025-05-01,5604.14,0.6299
2025-05-02,5686.67,1.4727
2025-05-05,5650.38,-0.6382
2025-05-06,5606.91,-0.7693
2025-05-07,5631.28,0.4346
2025-05-08,5663.94,0.58
2025-05-09,5659.91,-0.0712
2025-05-12,5844.19,3.2559
2025-05-13,5886.55,0.7248
2025-05-14,5892.58,0.1024
2025-05-15,5916.93,0.4132
2025-05-16,5958.38,0.7005
2025-05-19,5963.6,0.0876
2025-05-20,5940.46,-0.388
2025-05-21,5844.61,-1.6135
2025-05-22,5842.01,-0.0445
2025-05-23,5802.82,-0.6708
2025-05-27,5921.54,2.0459
2025-05-28,5888.55,-0.5571
2025-05-29,5912.17,0.4011
2025-05-30,5911.69,-0.0081
2025-06-02,5935.94,0.4102
2025-06-03,5970.37,0.58
2025-06-04,5970.81,0.0074
2025-06-05,5939.3,-0.5277
2025-06-06,6000.36,1.0281
2025-06-09,6005.88,0.092
2025-06-10,6038.81,0.5483
2025-06-11,6022.24,-0.2744
2025-06-12,6045.26,0.3822
2025-06-13,5976.97,-1.1296
2025-06-16,6033.11,0.9393
2025-06-17,5982.72,-0.8352
2025-06-18,5980.87,-0.0309
2025-06-20,5967.84,-0.2179
2025-06-23,6025.17,0.9606
2025-06-24,6092.18,1.1122
2025-06-25,6092.16,-0.0003
2025-06-26,6141.02,0.802
2025-06-27,6173.07,0.5219
2025-06-30,6204.95,0.5164
2025-07-01,6198.01,-0.1118
2025-07-02,6227.42,0.4745
2025-07-03,6279.35,0.8339
2025-07-07,6229.98,-0.7862
2025-07-08,6225.52,-0.0716
2025-07-09,6263.26,0.6062
2025-07-10,6280.46,0.2746
2025-07-11,6259.75,-0.3298
2025-07-14,6268.56,0.1407
2025-07-15,6243.76,-0.3956
2025-07-16,6263.7,0.3194
2025-07-17,6297.36,0.5374
2025-07-18,6296.79,-0.0091
2025-07-21,6305.6,0.1399
2025-07-22,6309.62,0.0638
2025-07-23,6358.91,0.7812
2025-07-24,6363.35,0.0698
2025-07-25,6388.64,0.3974
2025-07-28,6389.77,0.0177
2025-07-29,6370.86,-0.2959
2025-07-30,6362.9,-0.1249
2025-07-31,6339.39,-0.3695
2025-08-01,6238.01,-1.5992
2025-08-04,6329.94,1.4737
2025-08-05,6299.19,-0.4858
2025-08-06,6345.06,0.7282
2025-08-07,6340.0,-0.0797
2025-08-08,6389.45,0.78
2025-08-11,6373.45,-0.2504
2025-08-12,6445.76,1.1346
2025-08-13,6466.58,0.323
2025-08-14,6468.54,0.0303
2025-08-15,6449.8,-0.2897
2025-08-18,6449.15,-0.0101
2025-08-19,6411.37,-0.5858
2025-08-20,6395.78,-0.2432
2025-08-21,6370.17,-0.4004
2025-08-22,6466.91,1.5186
2025-08-25,6439.32,-0.4266
2025-08-26,6465.94,0.4134
2025-08-27,6481.4,0.2391
2025-08-28,6501.86,0.3157
2025-08-29,6460.26,-0.6398
2025-09-02,6415.54,-0.6922
2025-09-03,6448.26,0.51
2025-09-04,6502.08,0.8346
2025-09-05,6481.5,-0.3165
2025-09-08,6495.15,0.2106
2025-09-09,6512.61,0.2688
2025-09-10,6532.04,0.2983
2025-09-11,6587.47,0.8486
2025-09-12,6584.29,-0.0483
2025-09-15,6615.28,0.4707
2025-09-16,6606.76,-0.1288
2025-09-17,6600.35,-0.097
2025-09-18,6631.96,0.4789
2025-09-19,6664.36,0.4885
2025-09-22,6693.75,0.441
2025-09-23,6656.92,-0.5502
2025-09-24,6637.97,-0.2847
2025-09-25,6604.72,-0.5009
2025-09-26,6643.7,0.5902
2025-09-29,6661.21,0.2636
2025-09-30,6688.46,0.4091
2025-10-01,6711.2,0.34
2025-10-02,6715.35,0.0618
2025-10-03,6715.79,0.0066
2025-10-06,6740.28,0.3647
2025-10-07,6714.59,-0.3811
2025-10-08,6753.72,0.5828
2025-10-09,6735.11,-0.2756
2025-10-10,6552.51,-2.7112
2025-10-13,6654.72,1.5599
2025-10-14,6644.31,-0.1564
2025-10-15,6671.06,0.4026
2025-10-16,6629.07,-0.6294
2025-10-17,6664.01,0.5271
2025-10-20,6735.13,1.0672
2025-10-21,6735.35,0.0033
2025-10-22,6699.4,-0.5338
2025-10-23,6738.44,0.5827
2025-10-24,6791.69,0.7902
2025-10-27,6875.16,1.229
2025-10-28,6890.89,0.2288
2025-10-29,6890.59,-0.0044
2025-10-30,6822.34,-0.9905
2025-10-31,6840.2,0.2618
2025-11-03,6851.97,0.1721
2025-11-04,6771.55,-1.1737
2025-11-05,6796.29,0.3654
2025-11-06,6720.32,-1.1178
2025-11-07,6728.8,0.1262
2025-11-10,6832.43,1.5401
2025-11-11,6846.61,0.2075
2025-11-12,6850.92,0.063
2025-11-13,6737.49,-1.6557
2025-11-14,6734.11,-0.0502
2025-11-17,6672.41,-0.9162
2025-11-18,6617.32,-0.8256
2025-11-19,6642.16,0.3754
2025-11-20,6538.76,-1.5567
2025-11-21,6602.99,0.9823
2025-11-24,6705.12,1.5467
2025-11-25,6765.88,0.9062
2025-11-26,6812.61,0.6907
2025-11-28,6849.09,0.5355
2025-12-01,6812.63,-0.5323
2025-12-02,6829.37,0.2457
2025-12-03,6849.72,0.298
2025-12-04,6857.12,0.108
2025-12-05,6870.4,0.1937
2025-12-08,6846.51,-0.3477
2025-12-09,6840.51,-0.0876
2025-12-10,6886.68,0.6749
2025-12-11,6901.0,0.2079
2025-12-12,6827.41,-1.0664
2025-12-15,6816.51,-0.1597
2025-12-16,6800.26,-0.2384
2025-12-17,6721.43,-1.1592
2025-12-18,6774.76,0.7934
2025-12-19,6834.5,0.8818
2025-12-22,6878.49,0.6436
2025-12-23,6909.79,0.455
2025-12-24,6932.05,0.3222
2025-12-26,6929.94,-0.0304
2025-12-29,6905.74,-0.3492
2025-12-30,6896.24,-0.1376
2025-12-31,6845.5,-0.7358
2026-01-02,6858.47,0.1895
2026-01-05,6902.05,0.6354
2026-01-06,6944.82,0.6197
2026-01-07,6920.93,-0.344
2026-01-08,6921.46,0.0077
2026-01-09,6966.28,0.6476
2026-01-12,6977.27,0.1578
2026-01-13,6963.74,-0.1939
2026-01-14,6926.6,-0.5333
2026-01-15,6944.47,0.258
2026-01-16,6940.01,-0.0642
2026-01-20,6796.86,-2.0627
2026-01-21,6875.62,1.1588
2026-01-22,6913.35,0.5488
2026-01-23,6915.61,0.0327
2026-01-26,6950.23,0.5006
2026-01-27,6978.6,0.4082
2026-01-28,6978.03,-0.0082
2026-01-29,6969.01,-0.1293
2026-01-30,6939.03,-0.4302
2026-02-02,6976.44,0.5391
2026-02-03,6917.81,-0.8404
2026-02-04,6882.72,-0.5072
2026-02-05,6798.4,-1.2251
2026-02-06,6932.3,1.9696
2026-02-09,6964.82,0.4691
2026-02-10,6941.81,-0.3304
2026-02-11,6941.47,-0.0049
2026-02-12,6832.76,-1.5661
2026-02-13,6836.17,0.0499
2026-02-17,6843.22,0.1031
2026-02-18,6881.31,0.5566
2026-02-19,6861.89,-0.2822
2026-02-20,6909.51,0.694
2026-02-23,6837.75,-1.0386
2026-02-24,6890.07,0.7652
2026-02-25,6946.13,0.8136
2026-02-26,6908.86,-0.5366
2026-02-27,6878.88,-0.4339
2026-03-02,6881.62,0.0398
2026-03-03,6816.63,-0.9444
2026-03-04,6869.5,0.7756
2026-03-05,6830.71,-0.5647
2026-03-06,6740.02,-1.3277
2026-03-09,6795.99,0.8304
2026-03-10,6781.48,-0.2135
2026-03-11,6775.8,-0.0838
2026-03-12,6672.62,-1.5228
2026-03-13,6632.19,-0.6059
2026-03-16,6699.38,1.0131
2026-03-17,6716.09,0.2494
2026-03-18,6624.7,-1.3608
2026-03-19,6606.49,-0.2749
2026-03-20,6506.48,-1.5138
2026-03-23,6581.0,1.1453
2026-03-24,6556.37,-0.3743
2026-03-25,6591.9,0.5419
2026-03-26,6477.16,-1.7406
2026-03-27,6368.85,-1.6722
2026-03-30,6343.72,-0.3946
2026-03-31,6528.52,2.9131
2026-04-01,6575.32,0.7169
2026-04-02,6582.69,0.1121
2026-04-06,6611.83,0.4427
2026-04-07,6616.85,0.0759
2026-04-08,6782.81,2.5081
2026-04-09,6824.66,0.617
2026-04-10,6816.89,-0.1139
2026-04-13,6886.24,1.0173
2026-04-14,6967.38,1.1783
2026-04-15,7022.95,0.7976
2026-04-16,7041.28,0.261
2026-04-17,7126.06,1.204
2026-04-20,7109.14,-0.2374
2026-04-21,7064.01,-0.6348
2026-04-22,7137.9,1.046
2026-04-23,7108.4,-0.4133
2026-04-24,7165.08,0.7974
2026-04-27,7173.91,0.1232
2026-04-28,7138.8,-0.4894
2026-04-29,7135.95,-0.0399
2026-04-30,7209.01,1.0238
2026-05-01,7230.12,0.2928
2026-05-04,7200.75,-0.4062
2026-05-05,7259.22,0.812
2026-05-06,7365.12,1.4588
2026-05-07,7337.11,-0.3803
2026-05-08,7398.93,0.8426
2026-05-11,7412.84,0.188
2026-05-12,7400.96,-0.1603
2026-05-13,7444.25,0.5849
2026-05-14,7501.24,0.7656
2026-05-15,7408.5,-1.2363
2026-05-18,7403.05,-0.0736
2026-05-19,7353.61,-0.6678
2026-05-20,7432.97,1.0792
2026-05-21,7445.72,0.1715
2026-05-22,7473.47,0.3727
2026-05-26,7519.12,0.6108
2026-05-27,7520.36,0.0165
2026-05-28,7563.63,0.5754
2026-05-29,7580.06,0.2172
2026-06-01,7599.96,0.2625
2026-06-02,7609.78,0.1292
2026-06-03,7553.68,-0.7372
2026-06-04,7584.31,0.4055
2026-06-05,7383.74,-2.6445
2026-06-08,7405.73,0.2978
2026-06-09,7386.65,-0.2576
2026-06-10,7266.99,-1.6199
2026-06-11,7394.3,1.7519
2026-06-12,7431.46,0.5025
2026-06-15,7554.29,1.6528
2026-06-16,7511.35,-0.5684
2026-06-17,7420.1,-1.2148
2026-06-18,7500.58,1.0846
2026-06-22,7472.79,-0.3705
2026-06-23,7365.46,-1.4363
2026-06-24,7358.22,-0.0983
2026-06-25,7357.49,-0.0099
2026-06-26,7354.02,-0.0472
2026-06-29,7440.43,1.175
2026-06-30,7499.36,0.792
2026-07-01,7483.23,-0.2151
2026-07-02,7483.24,0.0001
2026-07-06,7537.43,0.7242
2026-07-07,7503.85,-0.4455
2026-07-08,7482.71,-0.2817
2026-07-09,7543.64,0.8143
2026-07-10,7575.39,0.4209
2026-07-13,7515.34,-0.7927
2026-07-14,7543.59,0.3759
2026-07-15,7572.4,0.3819
2026-07-16,7533.77,-0.5101
2026-07-17,7457.69,-1.0099
2026-07-20,7443.28,-0.1932
2026-07-21,7509.2,0.8856
2026-07-22,7498.96,-0.1364
2026-07-23,7408.3,-1.209
2026-07-24,7411.98,0.0497
2026-07-27,7413.18,0.0162
2026-07-28,7428.78,0.2104
2026-07-29,7316.15,-1.5161
2026-07-30,7437.63,1.6604
2026-07-31,7489.72,0.7004
2026-08-03,7600.5,1.4791
2026-08-04,7736.52,1.7896
2026-08-05,7723.55,-0.1676
2026-08-06,7709.96,-0.176
2026-08-07,7757.64,0.6184
2026-08-10,7753.11,-0.0584
2026-08-11,7728.2,-0.3213
2026-08-12,7748.5,0.2627
2026-08-13,7798.99,0.6516
2026-08-14,7785.76,-0.1696
2026-08-17,7745.06,-0.5227
2026-08-18,7691.76,-0.6882
2026-08-19,7707.98,0.2109
2026-08-20,7641.16,-0.8669
2026-08-21,7674.37,0.4346
2026-08-24,7652.86,-0.2803
2026-08-25,7677.28,0.3191
2026-08-26,7675.7,-0.0206
2026-08-27,7730.99,0.7203
2026-08-28,7711.76,-0.2487
2026-08-31,7686.14,-0.3322
