date,level,change_pct
1885-02-16,30.9226,
1885-02-17,31.3365,1.3385
1885-02-18,31.4744,0.4401
1885-02-19,31.6765,0.6421
1885-02-20,31.4252,-0.7933
1885-02-21,31.8933,1.4896
1885-02-24,32.3318,1.3749
1885-02-25,32.8491,1.6
1885-02-26,32.3318,-1.5748
1885-02-27,31.7651,-1.7528
1885-02-28,31.8982,0.419
1885-03-02,31.9425,0.1389
1885-03-03,31.8292,-0.3547
1885-03-04,31.568,-0.8206
1885-03-05,31.7799,0.6712
1885-03-06,31.7109,-0.2171
1885-03-07,32.1987,1.5383
1885-03-09,32.2874,0.2755
1885-03-10,32.2923,0.0152
1885-03-11,32.514,0.6865
1885-03-12,32.2184,-0.9091
1885-03-13,31.9819,-0.7341
1885-03-14,32.1297,0.4621
1885-03-16,31.9868,-0.4448
1885-03-17,31.6518,-1.0473
1885-03-18,31.4695,-0.576
1885-03-19,31.0753,-1.2526
1885-03-20,31.0014,-0.2378
1885-03-21,30.5875,-1.3351
1885-03-23,30.829,0.7895
1885-03-24,30.4841,-1.1188
1885-03-25,30.7403,0.8404
1885-03-26,30.9965,0.8334
1885-03-27,31.0063,0.0316
1885-03-28,30.962,-0.1429
1885-03-30,30.6023,-1.1617
1885-03-31,30.7107,0.3542
1885-04-01,30.7452,0.1123
1885-04-02,30.7994,0.1763
1885-04-04,30.7748,-0.0799
1885-04-06,30.7452,-0.0962
1885-04-07,30.3461,-1.2981
1885-04-08,30.4545,0.3572
1885-04-09,31.2133,2.4916
1885-04-10,30.8832,-1.0576
1885-04-11,31.4054,1.6909
1885-04-13,31.3857,-0.0627
1885-04-14,31.5188,0.4241
1885-04-15,32.0854,1.7977
1885-04-16,31.7897,-0.9216
1885-04-17,31.5779,-0.6663
1885-04-18,31.3857,-0.6087
1885-04-20,31.5779,0.6124
1885-04-21,31.499,-0.2499
1885-04-22,31.5927,0.2975
1885-04-23,31.6321,0.1247
1885-04-24,31.4843,-0.4672
1885-04-25,31.4498,-0.1096
1885-04-27,31.5188,0.2194
1885-04-28,31.5927,0.2345
1885-04-29,31.6321,0.1247
1885-04-30,31.7306,0.3114
1885-05-01,31.5188,-0.6675
1885-05-02,31.435,-0.2659
1885-05-04,30.6614,-2.461
1885-05-05,30.5087,-0.498
1885-05-06,30.824,1.0335
1885-05-07,30.5038,-1.0388
1885-05-08,30.9226,1.3729
1885-05-09,31.1443,0.717
1885-05-11,30.7945,-1.1232
1885-05-12,30.6565,-0.4481
1885-05-13,30.6565,0
1885-05-14,30.6565,0
1885-05-15,30.8733,0.7072
1885-05-16,31.031,0.5108
1885-05-18,31.095,0.2062
1885-05-19,31.1,0.0161
1885-05-20,30.9423,-0.5071
1885-05-21,31.1246,0.5892
1885-05-22,31.3611,0.7598
1885-05-23,31.4843,0.3928
1885-05-25,31.0655,-1.3302
1885-05-26,31.1936,0.4124
1885-05-27,31.026,-0.5373
1885-05-28,30.9176,-0.3494
1885-05-29,30.6861,-0.7488
1885-06-01,30.5383,-0.4817
1885-06-02,30.7156,0.5806
1885-06-03,30.9078,0.6257
1885-06-04,30.7107,-0.6377
1885-06-05,30.4693,-0.786
1885-06-06,30.5481,0.2586
1885-06-08,30.4151,-0.4354
1885-06-09,30.5136,0.3239
1885-06-10,30.5875,0.2422
1885-06-11,30.8634,0.902
1885-06-12,31.0211,0.511
1885-06-13,31.0507,0.0954
1885-06-15,31.2921,0.7774
1885-06-16,31.1837,-0.3464
1885-06-17,31.1837,0
1885-06-18,31.3709,0.6003
1885-06-19,31.5976,0.7226
1885-06-20,31.8538,0.8108
1885-06-22,31.4399,-1.2994
1885-06-23,31.3759,-0.2036
1885-06-24,31.7208,1.0993
1885-06-25,31.5237,-0.6214
1885-06-26,31.3069,-0.6877
1885-06-27,31.1,-0.6609
1885-06-29,30.7945,-0.9823
1885-06-30,30.7255,-0.2241
1885-07-01,30.5235,-0.6574
1885-07-02,30.2968,-0.7427
1885-07-03,30.6269,1.0896
1885-07-06,30.6269,0
1885-07-07,30.5186,-0.3536
1885-07-08,31.031,1.679
1885-07-09,31.095,0.2062
1885-07-10,31.095,0
1885-07-11,31.7011,1.9492
1885-07-13,32.1396,1.3832
1885-07-14,32.2775,0.4291
1885-07-15,32.7358,1.4199
1885-07-16,32.5633,-0.5269
1885-07-17,32.9969,1.3316
1885-07-18,33.4305,1.3141
1885-07-20,32.9033,-1.577
1885-07-21,32.9181,0.045
1885-07-22,33.4305,1.5566
1885-07-23,33.9232,1.4738
1885-07-24,33.4797,-1.3074
1885-07-25,32.9772,-1.5009
1885-07-27,33.1151,0.4182
1885-07-28,33.189,0.2232
1885-07-29,33.5241,1.0097
1885-07-30,33.4797,-0.1324
1885-07-31,33.5783,0.2945
1885-08-01,33.4502,-0.3815
1885-08-03,33.3122,-0.4126
1885-08-04,33.4108,0.296
1885-08-05,33.3319,-0.2362
1885-08-06,33.4945,0.4878
1885-08-07,33.7803,0.8533
1885-08-10,33.9183,0.4085
1885-08-11,33.8542,-0.189
1885-08-12,34.2681,1.2226
1885-08-13,34.0414,-0.6615
1885-08-14,34.4455,1.1871
1885-08-15,34.8495,1.1729
1885-08-17,35.5245,1.9369
1885-08-18,34.7362,-2.219
1885-08-19,35.2486,1.4751
1885-08-20,34.948,-0.8528
1885-08-21,34.9973,0.1411
1885-08-22,35.1353,0.3943
1885-08-24,34.7756,-1.0238
1885-08-25,34.4504,-0.9351
1885-08-26,34.5834,0.3861
1885-08-27,35.0219,1.2679
1885-08-28,34.7854,-0.6753
1885-08-29,34.2434,-1.5581
1885-08-31,34.2681,0.0721
1885-09-01,34.0414,-0.6615
1885-09-02,34.2878,0.7238
1885-09-03,34.1449,-0.4168
1885-09-04,34.0316,-0.3318
1885-09-05,33.7212,-0.9121
1885-09-07,32.9723,-2.2209
1885-09-08,33.2383,0.8067
1885-09-09,33.3812,0.4299
1885-09-10,33.0659,-0.9445
1885-09-11,33.1693,0.3127
1885-09-12,33.3073,0.416
1885-09-14,33.6916,1.1538
1885-09-15,33.5438,-0.4387
1885-09-16,33.8739,0.9841
1885-09-17,33.7606,-0.3345
1885-09-18,34.0316,0.8027
1885-09-19,34.2632,0.6805
1885-09-21,33.8936,-1.0787
1885-09-22,33.9429,0.1455
1885-09-23,33.9725,0.0872
1885-09-24,33.7902,-0.5366
1885-09-25,33.6325,-0.4667
1885-09-26,33.6423,0.0291
1885-09-28,34.1597,1.5379
1885-09-29,34.1006,-0.173
1885-09-30,34.3321,0.6789
1885-10-01,34.2632,-0.2007
1885-10-02,33.9577,-0.8916
1885-10-03,34.5982,1.8862
1885-10-05,34.948,1.011
1885-10-06,35.0022,0.1551
1885-10-07,35.6723,1.9145
1885-10-08,35.6871,0.0415
1885-10-09,35.8103,0.3452
1885-10-10,36.1995,1.0868
1885-10-12,36.2389,0.1088
1885-10-13,36.4656,0.6256
1885-10-14,36.6134,0.4053
1885-10-15,36.2537,-0.9824
1885-10-16,36.7908,1.4815
1885-10-17,37.3081,1.4061
1885-10-19,37.6727,0.9773
1885-10-20,38.0915,1.1117
1885-10-21,38.1014,0.026
1885-10-22,37.3968,-1.8493
1885-10-23,37.6087,0.5666
1885-10-24,37.7614,0.406
1885-10-26,37.1652,-1.5789
1885-10-27,37.6382,1.2727
1885-10-28,37.8895,0.6677
1885-10-29,37.6629,-0.5981
1885-10-30,38.1359,1.2559
1885-10-31,38.5547,1.0982
1885-11-02,38.5497,-0.013
1885-11-04,38.2541,-0.7668
1885-11-05,38.7813,1.3782
1885-11-06,38.4364,-0.8893
1885-11-07,38.8454,1.0641
1885-11-09,38.6286,-0.5581
1885-11-10,38.9439,0.8162
1885-11-11,39.5401,1.5309
1885-11-12,39.5007,-0.0996
1885-11-13,39.816,0.7982
1885-11-14,39.481,-0.8414
1885-11-16,39.7175,0.599
1885-11-17,40.22,1.2652
1885-11-18,40.3383,0.2941
1885-11-19,40.7719,1.0749
1885-11-20,40.4368,-0.8219
1885-11-21,39.8751,-1.3891
1885-11-23,39.2937,-1.4581
1885-11-24,40.4073,2.834
1885-11-25,40.2102,-0.4878
1885-11-27,39.6042,-1.5071
1885-11-28,39.7865,0.4603
1885-11-30,39.5697,-0.5449
1885-12-01,39.2149,-0.8966
1885-12-02,39.3381,0.3142
1885-12-03,39.3874,0.1253
1885-12-04,39.55,0.4128
1885-12-05,39.9688,1.0589
1885-12-07,39.4169,-1.3808
1885-12-08,39.5253,0.275
1885-12-09,39.4218,-0.2619
1885-12-10,38.8306,-1.4997
1885-12-11,38.8848,0.1396
1885-12-12,38.2689,-1.5839
1885-12-14,37.9142,-0.9269
1885-12-15,38.6187,1.8581
1885-12-16,39.274,1.6968
1885-12-17,38.9636,-0.7903
1885-12-18,39.1952,0.5944
1885-12-19,39.4218,0.5781
1885-12-21,38.6483,-1.9621
1885-12-22,37.9585,-1.7848
1885-12-23,38.0472,0.2337
1885-12-24,38.4906,1.1654
1885-12-26,39.2691,2.0226
1885-12-28,38.9094,-0.916
1885-12-29,39.5401,1.6209
1885-12-30,39.5598,0.0498
1885-12-31,39.4859,-0.1868
1886-01-02,39.4859,0
1886-01-04,39.5179,0.081
1886-01-05,39.1563,-0.915
1886-01-06,39.257,0.2572
1886-01-07,39.1701,-0.2214
1886-01-08,38.9274,-0.6196
1886-01-09,39.0968,0.4352
1886-01-11,38.7627,-0.8545
1886-01-12,38.6711,-0.2363
1886-01-13,38.1401,-1.3731
1886-01-14,38.4056,0.6961
1886-01-15,37.6595,-1.9427
1886-01-16,37.3528,-0.8144
1886-01-18,37.014,-0.907
1886-01-19,37.3757,0.9772
1886-01-20,37.275,-0.2694
1886-01-21,37.6137,0.9087
1886-01-22,37.3482,-0.7059
1886-01-23,36.8355,-1.3728
1886-01-25,36.7485,-0.2362
1886-01-26,37.101,0.9592
1886-01-27,37.1056,0.0124
1886-01-28,37.3299,0.6045
1886-01-29,37.3161,-0.037
1886-01-30,37.8105,1.3249
1886-02-01,38.2774,1.2348
1886-02-02,38.3553,0.2035
1886-02-03,38.5796,0.5848
1886-02-04,38.6162,0.0949
1886-02-05,38.9686,0.9126
1886-02-06,38.5384,-1.104
1886-02-08,39.2982,1.9715
1886-02-09,39.6827,0.9784
1886-02-10,39.1838,-1.2572
1886-02-11,39.3165,0.3387
1886-02-12,39.3852,0.1747
1886-02-13,39.7468,0.9181
1886-02-15,39.4768,-0.6793
1886-02-16,39.5729,0.2434
1886-02-17,39.3669,-0.5206
1886-02-18,38.8313,-1.3605
1886-02-19,38.6894,-0.3654
1886-02-20,38.3553,-0.8635
1886-02-23,38.5658,0.5488
1886-02-24,38.5704,0.0119
1886-02-25,38.4514,-0.3085
1886-02-26,38.4239,-0.0715
1886-02-27,38.2957,-0.3336
1886-03-01,38.3324,0.0958
1886-03-02,38.8634,1.3853
1886-03-03,38.8725,0.0234
1886-03-04,38.5063,-0.9421
1886-03-05,38.5567,0.1309
1886-03-06,38.5979,0.1069
1886-03-08,38.456,-0.3676
1886-03-09,38.3644,-0.2382
1886-03-10,38.3553,-0.0237
1886-03-11,38.4743,0.3103
1886-03-12,37.7968,-1.7609
1886-03-13,37.719,-0.2058
1886-03-15,37.9341,0.5703
1886-03-16,37.9341,0
1886-03-17,37.3528,-1.5324
1886-03-18,37.4169,0.1716
1886-03-19,37.6549,0.6361
1886-03-20,37.632,-0.0608
1886-03-22,37.5084,-0.3284
1886-03-23,36.6753,-2.2211
1886-03-24,36.5059,-0.4619
1886-03-25,36.8309,0.8903
1886-03-26,36.7302,-0.2734
1886-03-27,36.8996,0.4612
1886-03-29,36.6936,-0.5583
1886-03-30,37.0369,0.9356
1886-03-31,37.2521,0.581
1886-04-01,37.4214,0.4545
1886-04-02,36.8126,-1.6269
1886-04-03,36.8172,0.0125
1886-04-05,36.8859,0.1866
1886-04-06,36.8767,-0.0249
1886-04-07,37.22,0.9309
1886-04-08,37.1742,-0.1231
1886-04-09,37.2109,0.0987
1886-04-10,37.2704,0.1599
1886-04-12,37.8609,1.5844
1886-04-13,37.5588,-0.7979
1886-04-14,37.545,-0.0367
1886-04-15,37.0507,-1.3166
1886-04-16,36.7989,-0.6796
1886-04-17,36.9087,0.2984
1886-04-19,36.7897,-0.3224
1886-04-20,36.9957,0.5599
1886-04-21,37.2109,0.5817
1886-04-22,37.1651,-0.1231
1886-04-24,37.1285,-0.0985
1886-04-26,37.1193,-0.0248
1886-04-27,37.0095,-0.2958
1886-04-28,36.5975,-1.1132
1886-04-29,36.4418,-0.4254
1886-04-30,36.1306,-0.854
1886-05-01,35.9292,-0.5574
1886-05-03,35.3753,-1.5416
1886-05-04,35.7369,1.0222
1886-05-05,36.1947,1.281
1886-05-06,35.7689,-1.1764
1886-05-07,36.1809,1.1518
1886-05-08,36.3274,0.4049
1886-05-10,36.4052,0.2142
1886-05-11,36.364,-0.1132
1886-05-12,36.8035,1.2086
1886-05-13,36.6707,-0.3608
1886-05-14,36.2313,-1.1982
1886-05-15,36.5883,0.9853
1886-05-17,35.1052,-4.0535
1886-05-18,36.1763,3.0511
1886-05-19,36.1077,-0.1896
1886-05-20,36.4373,0.9128
1886-05-21,36.6616,0.6156
1886-05-22,36.9774,0.8614
1886-05-24,36.863,-0.3094
1886-05-25,36.8996,0.0993
1886-05-26,37.3116,1.1165
1886-05-27,37.6457,0.8954
1886-05-28,37.2795,-0.9728
1886-05-29,37.7693,1.3139
1886-06-01,37.9067,0.3638
1886-06-02,37.6778,-0.6039
1886-06-03,37.4489,-0.6075
1886-06-04,37.7831,0.8924
1886-06-05,37.545,-0.6302
1886-06-07,37.6824,0.366
1886-06-08,37.5862,-0.2553
1886-06-09,38.0577,1.2544
1886-06-10,37.6961,-0.9501
1886-06-11,37.9387,0.6436
1886-06-12,37.9662,0.0725
1886-06-14,38.0852,0.3134
1886-06-15,38.1218,0.0961
1886-06-16,38.488,0.9606
1886-06-17,38.6528,0.4282
1886-06-18,38.8222,0.4383
1886-06-19,39.1792,0.9196
1886-06-21,38.8222,-0.9112
1886-06-22,38.7352,-0.2241
1886-06-23,39.051,0.8153
1886-06-24,38.4514,-1.5354
1886-06-25,38.8084,0.9284
1886-06-26,38.7993,-0.0234
1886-06-28,38.6894,-0.2833
1886-06-29,38.3873,-0.7808
1886-06-30,38.3781,-0.024
1886-07-01,38.5384,0.4177
1886-07-02,38.575,0.095
1886-07-03,39.0785,1.3052
1886-07-06,38.5063,-1.4642
1886-07-07,38.7031,0.5111
1886-07-08,38.4605,-0.6268
1886-07-09,38.4148,-0.1188
1886-07-10,38.5109,0.2502
1886-07-12,38.0074,-1.3074
1886-07-13,38.1767,0.4454
1886-07-14,38.2225,0.12
1886-07-15,38.6024,0.9939
1886-07-16,38.5933,-0.0236
1886-07-17,38.6391,0.1187
1886-07-19,38.4102,-0.5924
1886-07-20,38.6848,0.7149
1886-07-21,38.7993,0.296
1886-07-22,38.7764,-0.059
1886-07-23,38.6986,-0.2006
1886-07-24,38.7535,0.1419
1886-07-26,38.9274,0.4487
1886-07-27,38.9824,0.1413
1886-07-28,39.257,0.7044
1886-07-29,39.0419,-0.5479
1886-07-30,39.1884,0.3752
1886-07-31,39.4584,0.689
1886-08-02,39.7331,0.6962
1886-08-03,39.5225,-0.53
1886-08-04,39.5683,0.1159
1886-08-05,39.7514,0.4627
1886-08-06,39.8613,0.2765
1886-08-07,39.6141,-0.6202
1886-08-09,39.3898,-0.5662
1886-08-10,39.6232,0.5925
1886-08-11,39.3852,-0.6007
1886-08-12,39.3211,-0.1628
1886-08-13,39.2113,-0.2792
1886-08-14,39.2753,0.1632
1886-08-16,39.0053,-0.6875
1886-08-17,38.4651,-1.3849
1886-08-18,38.2317,-0.6068
1886-08-19,38.5796,0.91
1886-08-20,39.051,1.2219
1886-08-21,39.0739,0.0586
1886-08-23,38.9137,-0.41
1886-08-24,39.051,0.3528
1886-08-25,38.7215,-0.8438
1886-08-26,38.7672,0.118
1886-08-27,38.987,0.567
1886-08-28,39.0236,0.0939
1886-08-30,38.9686,-0.1409
1886-08-31,38.7123,-0.6577
1886-09-01,38.8451,0.343
1886-09-02,39.0373,0.4948
1886-09-03,39.4264,0.9967
1886-09-04,39.3852,-0.1045
1886-09-06,39.6141,0.5812
1886-09-07,39.4905,-0.312
1886-09-08,39.7697,0.707
1886-09-09,39.5729,-0.4948
1886-09-10,39.7606,0.4743
1886-09-11,39.9528,0.4834
1886-09-13,40.1268,0.4355
1886-09-14,40.0764,-0.1256
1886-09-15,40.113,0.0913
1886-09-16,40.3236,0.525
1886-09-17,40.4518,0.3179
1886-09-18,40.8042,0.8712
1886-09-20,41.1292,0.7965
1886-09-21,41.2574,0.3117
1886-09-22,41.2345,-0.0555
1886-09-23,41.1659,-0.1664
1886-09-24,41.2803,0.2779
1886-09-25,41.3123,0.0775
1886-09-27,40.9095,-0.975
1886-09-28,41.3902,1.175
1886-09-29,41.5092,0.2875
1886-09-30,41.1064,-0.9704
1886-10-01,40.8317,-0.6683
1886-10-02,40.9324,0.2466
1886-10-04,41.1613,0.5592
1886-10-05,41.5229,0.8785
1886-10-06,41.4726,-0.1211
1886-10-07,41.2849,-0.4526
1886-10-08,41.3123,0.0664
1886-10-09,41.1567,-0.3766
1886-10-11,40.969,-0.4561
1886-10-12,40.7127,-0.6256
1886-10-13,41.4176,1.7314
1886-10-14,41.6602,0.5857
1886-10-15,41.6648,0.011
1886-10-16,41.706,0.0989
1886-10-18,41.4909,-0.5158
1886-10-19,41.6465,0.375
1886-10-20,41.4039,-0.5825
1886-10-21,41.6602,0.619
1886-10-22,41.4771,-0.4395
1886-10-23,41.5321,0.1326
1886-10-25,41.2895,-0.5841
1886-10-26,41.587,0.7205
1886-10-27,41.5366,-0.1212
1886-10-28,41.7472,0.507
1886-10-29,41.7701,0.0549
1886-10-30,42.0493,0.6684
1886-11-01,42.1638,0.2723
1886-11-03,42.2874,0.2931
1886-11-04,41.9807,-0.7253
1886-11-05,41.9303,-0.1201
1886-11-06,42.0768,0.3494
1886-11-08,41.9486,-0.3047
1886-11-09,41.9761,0.0656
1886-11-10,42.2187,0.5779
1886-11-11,41.944,-0.6507
1886-11-12,42.0814,0.3276
1886-11-13,42.1272,0.1088
1886-11-15,42.2187,0.2172
1886-11-16,42.3926,0.4119
1886-11-17,42.3148,-0.1835
1886-11-18,42.4613,0.3462
1886-11-19,42.5025,0.097
1886-11-20,42.3286,-0.4092
1886-11-22,42.3377,0.0215
1886-11-23,42.1912,-0.346
1886-11-24,42.2233,0.0761
1886-11-26,42.3652,0.3361
1886-11-27,42.4247,0.1404
1886-11-29,42.7268,0.7121
1886-11-30,42.3423,-0.8999
1886-12-01,42.7222,0.8972
1886-12-02,42.8458,0.2893
1886-12-03,43.1434,0.6946
1886-12-04,42.9786,-0.382
1886-12-06,42.8779,-0.2343
1886-12-07,42.2599,-1.4413
1886-12-08,42.5483,0.6824
1886-12-09,42.7131,0.3873
1886-12-10,42.1455,-1.3289
1886-12-11,41.912,-0.554
1886-12-13,41.4497,-1.103
1886-12-14,40.8683,-1.4027
1886-12-15,39.9665,-2.2066
1886-12-16,40.5021,1.3401
1886-12-17,40.3968,-0.26
1886-12-18,40.5387,0.3513
1886-12-20,39.5775,-2.3711
1886-12-21,40.0352,1.1565
1886-12-22,40.1588,0.3087
1886-12-23,40.2275,0.1711
1886-12-24,40.168,-0.1479
1886-12-27,39.7651,-1.003
1886-12-28,40.2,1.0937
1886-12-29,40.6852,1.207
1886-12-30,41.0743,0.9564
1886-12-31,41.2391,0.4012
1887-01-03,41.1292,-0.2665
1887-01-04,40.3968,-1.7807
1887-01-05,40.5113,0.2834
1887-01-06,40.7539,0.5988
1887-01-07,40.319,-1.0671
1887-01-08,40.3785,0.1476
1887-01-10,40.5021,0.3061
1887-01-11,40.4563,-0.1131
1887-01-12,40.699,0.5999
1887-01-13,40.3785,-0.7875
1887-01-14,40.6394,0.6461
1887-01-15,40.818,0.4395
1887-01-17,40.6715,-0.3589
1887-01-18,40.7859,0.2813
1887-01-19,40.9919,0.5051
1887-01-20,40.8088,-0.4467
1887-01-21,40.5342,-0.6729
1887-01-22,40.5937,0.1468
1887-01-24,39.6187,-2.4019
1887-01-25,40.2824,1.6752
1887-01-26,39.9162,-0.9091
1887-01-27,39.7789,-0.344
1887-01-28,40.0673,0.725
1887-01-29,39.8658,-0.5029
1887-01-31,39.6507,-0.5396
1887-02-01,39.4172,-0.5889
1887-02-02,39.7422,0.8245
1887-02-03,39.5225,-0.5528
1887-02-04,39.8063,0.7181
1887-02-05,40.2732,1.1729
1887-02-07,40.2687,-0.0112
1887-02-08,40.493,0.557
1887-02-09,40.8775,0.9495
1887-02-10,41.0011,0.3024
1887-02-11,40.7539,-0.6029
1887-02-12,40.9049,0.3705
1887-02-14,40.6303,-0.6713
1887-02-15,39.6461,-2.4223
1887-02-16,40.6394,2.5054
1887-02-17,40.3694,-0.6644
1887-02-18,40.5387,0.4194
1887-02-19,40.7035,0.4065
1887-02-21,40.5845,-0.2924
1887-02-23,40.9324,0.8572
1887-02-24,41.1659,0.5705
1887-02-25,41.2116,0.111
1887-02-26,40.8775,-0.8107
1887-02-28,40.6944,-0.4479
1887-03-01,40.4884,-0.5062
1887-03-02,40.8775,0.961
1887-03-03,41.024,0.3584
1887-03-04,40.7035,-0.7813
1887-03-05,40.7859,0.2024
1887-03-07,41.0743,0.7071
1887-03-08,41.1109,0.0891
1887-03-09,40.8775,-0.5677
1887-03-10,40.7493,-0.3136
1887-03-11,40.7814,0.0788
1887-03-12,40.6578,-0.3031
1887-03-14,40.438,-0.5406
1887-03-15,40.7768,0.8378
1887-03-16,40.8271,0.1234
1887-03-17,40.6806,-0.3588
1887-03-18,40.763,0.2026
1887-03-19,40.9187,0.382
1887-03-21,40.7493,-0.414
1887-03-22,40.7722,0.0562
1887-03-23,40.7768,0.0113
1887-03-24,41.1018,0.797
1887-03-25,40.969,-0.3231
1887-03-26,41.23,0.6371
1887-03-28,41.4359,0.4994
1887-03-29,41.4726,0.0886
1887-03-30,41.3627,-0.265
1887-03-31,41.5641,0.4869
1887-04-01,41.4268,-0.3303
1887-04-02,41.5778,0.3645
1887-04-04,41.6923,0.2754
1887-04-05,41.8067,0.2744
1887-04-06,41.7426,-0.1533
1887-04-07,41.9349,0.4607
1887-04-09,42.0081,0.1746
1887-04-11,41.8525,-0.3704
1887-04-12,41.9166,0.1532
1887-04-13,41.6786,-0.5678
1887-04-14,41.7564,0.1867
1887-04-15,41.6419,-0.2742
1887-04-16,41.8296,0.4507
1887-04-18,41.8388,0.022
1887-04-19,41.7289,-0.2627
1887-04-20,41.9578,0.5485
1887-04-21,41.7381,-0.5236
1887-04-22,41.7884,0.1205
1887-04-23,41.8525,0.1534
1887-04-25,41.8983,0.1094
1887-04-26,41.5366,-0.8633
1887-04-27,41.6969,0.3859
1887-04-28,41.6236,-0.1758
1887-04-29,41.9074,0.6818
1887-04-30,41.8754,-0.0764
1887-05-02,41.6648,-0.5029
1887-05-03,41.6465,-0.0439
1887-05-04,41.7289,0.1979
1887-05-05,41.9212,0.4608
1887-05-06,41.8113,-0.2622
1887-05-07,41.5962,-0.5145
1887-05-09,41.6099,0.0329
1887-05-10,41.7197,0.2639
1887-05-11,41.9852,0.6364
1887-05-12,42.2187,0.5561
1887-05-13,42.2599,0.0976
1887-05-14,42.2004,-0.1408
1887-05-16,42.3057,0.2495
1887-05-17,42.3514,0.108
1887-05-18,42.6948,0.8108
1887-05-19,42.4934,-0.4717
1887-05-20,42.5025,0.0214
1887-05-21,42.5254,0.0539
1887-05-23,42.2004,-0.7642
1887-05-24,42.1729,-0.0652
1887-05-25,42.2645,0.2172
1887-05-26,42.356,0.2165
1887-05-27,42.086,-0.6375
1887-05-28,42.1912,0.25
1887-05-31,42.3148,0.293
1887-06-01,42.3377,0.0541
1887-06-02,41.9486,-0.919
1887-06-03,42.0905,0.3383
1887-06-04,42.15,0.1414
1887-06-06,42.1683,0.0434
1887-06-07,42.0722,-0.2279
1887-06-08,41.8617,-0.5003
1887-06-09,41.8617,0
1887-06-10,41.9624,0.2406
1887-06-11,41.8159,-0.3491
1887-06-13,41.5229,-0.7007
1887-06-14,41.2757,-0.5953
1887-06-15,41.3902,0.2774
1887-06-16,41.619,0.5528
1887-06-17,41.4268,-0.4618
1887-06-18,41.5504,0.2984
1887-06-20,41.5595,0.0219
1887-06-21,41.5504,-0.0219
1887-06-22,41.2254,-0.7822
1887-06-23,40.7676,-1.1105
1887-06-24,40.2916,-1.1676
1887-06-25,40.3419,0.1248
1887-06-27,39.6827,-1.634
1887-06-28,40.0398,0.8999
1887-06-29,40.8546,2.035
1887-06-30,40.4884,-0.8963
1887-07-01,40.5113,0.0566
1887-07-05,40.168,-0.8474
1887-07-06,39.9711,-0.4902
1887-07-07,40.0352,0.1604
1887-07-08,39.669,-0.9147
1887-07-09,39.7789,0.277
1887-07-11,39.8155,0.092
1887-07-12,39.7743,-0.1035
1887-07-13,39.0602,-1.7954
1887-07-14,39.4356,0.9611
1887-07-15,39.5179,0.2087
1887-07-16,39.7514,0.5909
1887-07-18,39.8018,0.1268
1887-07-19,39.4172,-0.9663
1887-07-20,39.6415,0.569
1887-07-21,39.8933,0.6352
1887-07-22,39.8018,-0.2294
1887-07-23,39.7468,-0.1382
1887-07-25,39.55,-0.4951
1887-07-26,39.2525,-0.7522
1887-07-27,38.7947,-1.1663
1887-07-28,39.106,0.8024
1887-07-29,38.3781,-1.8614
1887-07-30,37.7693,-1.5863
1887-08-01,38.2133,1.1756
1887-08-02,37.6549,-1.4613
1887-08-03,38.369,1.8964
1887-08-04,38.7489,0.9901
1887-08-05,39.1701,1.087
1887-08-06,39.0236,-0.374
1887-08-08,38.6574,-0.9384
1887-08-09,38.7215,0.1658
1887-08-10,38.7215,0
1887-08-11,38.6986,-0.0591
1887-08-12,38.8817,0.4731
1887-08-13,39.1609,0.7181
1887-08-15,39.1792,0.0467
1887-08-16,39.1975,0.0467
1887-08-17,39.1197,-0.1985
1887-08-18,38.8817,-0.6084
1887-08-19,38.7947,-0.2238
1887-08-20,38.6803,-0.2949
1887-08-22,38.3781,-0.7813
1887-08-23,38.4514,0.191
1887-08-24,37.9662,-1.2619
1887-08-25,37.6549,-0.8199
1887-08-26,37.6778,0.0608
1887-08-27,37.8838,0.5467
1887-08-29,37.9158,0.0845
1887-08-30,37.1742,-1.9559
1887-08-31,37.9845,2.1797
1887-09-01,38.6253,1.687
1887-09-02,38.7901,0.4267
1887-09-03,39.5042,1.8409
1887-09-06,39.3806,-0.3129
1887-09-07,38.8588,-1.325
1887-09-08,38.7169,-0.3652
1887-09-09,39.0968,0.9812
1887-09-10,38.8405,-0.6556
1887-09-12,38.5704,-0.6954
1887-09-13,38.7077,0.356
1887-09-14,38.2317,-1.2297
1887-09-15,38.0028,-0.5987
1887-09-16,38.0394,0.0963
1887-09-17,38.0165,-0.0602
1887-09-19,37.1651,-2.2396
1887-09-20,37.2063,0.1109
1887-09-21,37.4352,0.6152
1887-09-22,37.7052,0.7212
1887-09-23,37.6045,-0.2671
1887-09-24,37.3985,-0.5478
1887-09-26,37.4489,0.1348
1887-09-27,37.7739,0.8678
1887-09-28,38.044,0.715
1887-09-29,38.0348,-0.0242
1887-09-30,38.1218,0.2287
1887-10-01,38.0623,-0.1561
1887-10-03,37.5496,-1.347
1887-10-04,37.6732,0.3292
1887-10-05,37.4947,-0.4738
1887-10-06,37.7052,0.5614
1887-10-07,37.307,-1.0561
1887-10-08,37.0735,-0.6259
1887-10-10,36.657,-1.1234
1887-10-11,36.744,0.2373
1887-10-12,35.9017,-2.2923
1887-10-13,36.2542,0.9818
1887-10-14,35.4943,-2.096
1887-10-15,35.4485,-0.129
1887-10-17,35.6545,0.5811
1887-10-18,35.9612,0.8602
1887-10-19,35.8468,-0.3181
1887-10-20,36.6799,2.3241
1887-10-21,36.6753,-0.0125
1887-10-22,36.4739,-0.5491
1887-10-24,35.7872,-1.8827
1887-10-25,36.2175,1.2024
1887-10-26,36.4601,0.6698
1887-10-27,36.538,0.2137
1887-10-28,36.2404,-0.8145
1887-10-29,36.3274,0.2401
1887-10-31,36.0665,-0.7182
1887-11-01,36.7531,1.9037
1887-11-02,36.7485,-0.0125
1887-11-03,36.6799,-0.1867
1887-11-04,37.2704,1.6099
1887-11-05,37.0919,-0.4789
1887-11-07,37.0507,-0.1111
1887-11-09,37.4581,1.0996
1887-11-10,36.8767,-1.5521
1887-11-11,37.307,1.1669
1887-11-12,37.3802,0.1962
1887-11-14,37.8243,1.1881
1887-11-15,37.9845,0.4235
1887-11-16,38.4514,1.2292
1887-11-17,38.5612,0.2856
1887-11-18,38.5704,0.0239
1887-11-19,38.3736,-0.5102
1887-11-21,38.2088,-0.4295
1887-11-22,38.3186,0.2874
1887-11-23,38.6436,0.8482
1887-11-25,38.5841,-0.154
1887-11-26,38.4651,-0.3084
1887-11-28,37.9158,-1.428
1887-11-29,37.9524,0.0965
1887-11-30,37.7693,-0.4824
1887-12-01,37.6137,-0.412
1887-12-02,37.9021,0.7667
1887-12-03,37.9662,0.1691
1887-12-05,38.2957,0.8679
1887-12-06,37.925,-0.968
1887-12-07,37.7739,-0.3984
1887-12-08,37.394,-1.0057
1887-12-09,37.6274,0.6242
1887-12-10,37.4397,-0.4988
1887-12-12,36.9454,-1.3203
1887-12-13,36.7943,-0.409
1887-12-14,37.2658,1.2814
1887-12-15,37.1651,-0.2702
1887-12-16,37.2383,0.197
1887-12-17,37.2978,0.1598
1887-12-19,37.1147,-0.4909
1887-12-20,37.0323,-0.222
1887-12-21,37.133,0.2719
1887-12-22,37.2658,0.3576
1887-12-23,37.5496,0.7616
1887-12-27,37.7693,0.5851
1887-12-28,37.5816,-0.497
1887-12-29,37.8426,0.6945
1887-12-30,37.7693,-0.1937
1888-01-03,37.925,0.4122
1888-01-04,37.4901,-1.1467
1888-01-05,37.6549,0.4396
1888-01-06,37.8471,0.5104
1888-01-07,37.87,0.0605
1888-01-09,38.1676,0.7858
1888-01-10,38.1447,-0.06
1888-01-11,37.9067,-0.6239
1888-01-12,37.9753,0.181
1888-01-13,37.8059,-0.4461
1888-01-14,37.957,0.3997
1888-01-16,37.9204,-0.0964
1888-01-17,37.8655,-0.1448
1888-01-18,37.8609,-0.0121
1888-01-19,37.426,-1.1487
1888-01-20,37.3985,-0.0735
1888-01-21,37.5359,0.3674
1888-01-23,37.3116,-0.5976
1888-01-24,37.2521,-0.1595
1888-01-25,37.4672,0.5774
1888-01-26,37.7098,0.6475
1888-01-27,37.838,0.34
1888-01-28,38.0852,0.6533
1888-01-30,38.1035,0.0481
1888-01-31,37.838,-0.6968
1888-02-01,37.838,0
1888-02-02,37.6228,-0.5687
1888-02-03,37.5221,-0.2677
1888-02-04,37.3436,-0.4757
1888-02-06,37.4123,0.184
1888-02-07,37.3802,-0.0858
1888-02-08,37.1559,-0.6001
1888-02-09,37.3207,0.4435
1888-02-10,37.4123,0.2454
1888-02-11,37.3116,-0.2692
1888-02-13,37.2612,-0.1351
1888-02-14,37.2292,-0.0859
1888-02-15,37.4214,0.5163
1888-02-16,37.4993,0.2082
1888-02-17,37.8197,0.8544
1888-02-18,37.7785,-0.1089
1888-02-20,37.5679,-0.5575
1888-02-21,37.5679,0
1888-02-23,37.7052,0.3655
1888-02-24,37.6824,-0.0605
1888-02-25,37.4993,-0.4859
1888-02-27,37.1651,-0.8912
1888-02-28,37.2978,0.3571
1888-02-29,37.069,-0.6134
1888-03-01,37.2933,0.6051
1888-03-02,37.0644,-0.6138
1888-03-03,36.9774,-0.2347
1888-03-05,36.6753,-0.817
1888-03-06,36.8401,0.4493
1888-03-07,36.5517,-0.7828
1888-03-08,36.5471,-0.0126
1888-03-09,36.6204,0.2006
1888-03-10,36.6249,0.0123
1888-03-14,36.6753,0.1376
1888-03-15,36.7119,0.0998
1888-03-16,36.3823,-0.8978
1888-03-17,36.1901,-0.5283
1888-03-19,36.6433,1.2523
1888-03-20,36.2221,-1.1495
1888-03-21,35.595,-1.7313
1888-03-22,35.8971,0.8487
1888-03-23,35.6957,-0.561
1888-03-24,35.7277,0.0896
1888-03-26,35.6179,-0.3073
1888-03-27,35.4897,-0.3599
1888-03-28,35.3112,-0.503
1888-03-29,35.2563,-0.1555
1888-03-31,34.7207,-1.5192
1888-04-02,34.4598,-0.7514
1888-04-03,34.8992,1.2751
1888-04-04,35.476,1.6528
1888-04-05,35.4943,0.0516
1888-04-06,36.0344,1.5217
1888-04-07,35.8559,-0.4954
1888-04-09,35.6179,-0.6638
1888-04-10,35.2883,-0.9254
1888-04-11,35.3341,0.1298
1888-04-12,35.4989,0.4664
1888-04-13,35.7049,0.5803
1888-04-14,35.6408,-0.1795
1888-04-16,35.7689,0.3594
1888-04-17,36.007,0.6657
1888-04-18,35.8925,-0.318
1888-04-19,36.1763,0.7907
1888-04-20,36.3549,0.4937
1888-04-21,36.5334,0.491
1888-04-23,36.6661,0.3632
1888-04-24,37.0278,0.9865
1888-04-25,37.1559,0.346
1888-04-26,37.3436,0.5052
1888-04-27,37.3116,-0.0857
1888-04-28,37.719,1.0919
1888-04-30,38.0348,0.8372
1888-05-01,38.2408,0.5416
1888-05-02,37.7007,-1.4124
1888-05-03,37.6961,-0.0122
1888-05-04,37.513,-0.4857
1888-05-05,37.4809,-0.0856
1888-05-07,37.2063,-0.7326
1888-05-08,36.9087,-0.7999
1888-05-09,37.1285,0.5955
1888-05-10,36.7348,-1.0604
1888-05-11,36.9362,0.5483
1888-05-12,36.8767,-0.1611
1888-05-14,36.8859,0.0249
1888-05-15,36.7897,-0.2608
1888-05-16,36.9545,0.448
1888-05-17,36.7256,-0.6194
1888-05-18,36.8904,0.4487
1888-05-19,36.9454,0.1491
1888-05-21,36.9225,-0.062
1888-05-22,36.7028,-0.595
1888-05-23,36.538,-0.449
1888-05-24,36.2725,-0.7266
1888-05-25,36.6112,0.9338
1888-05-26,36.1901,-1.1502
1888-05-28,35.9337,-0.7085
1888-05-29,36.158,0.6242
1888-05-31,35.9658,-0.5316
1888-06-01,36.0207,0.1526
1888-06-02,35.9337,-0.2415
1888-06-04,36.1351,0.5605
1888-06-05,35.9429,-0.5319
1888-06-06,36.0024,0.1655
1888-06-07,36.2633,0.7247
1888-06-08,36.1763,-0.2399
1888-06-09,35.9063,-0.7463
1888-06-11,35.421,-1.3516
1888-06-12,35.508,0.2456
1888-06-13,35.302,-0.5802
1888-06-14,35.5218,0.6226
1888-06-15,35.6682,0.4121
1888-06-16,35.9337,0.7444
1888-06-18,36.0848,0.4205
1888-06-19,35.8971,-0.5202
1888-06-20,35.9154,0.051
1888-06-21,36.1077,0.5354
1888-06-22,36.245,0.3803
1888-06-23,36.1992,-0.1264
1888-06-25,35.8239,-1.0368
1888-06-26,35.8468,0.0639
1888-06-27,35.9017,0.1532
1888-06-28,36.0024,0.2805
1888-06-29,36.126,0.3433
1888-06-30,35.9383,-0.5196
1888-07-02,35.8651,-0.2037
1888-07-03,35.9063,0.1149
1888-07-05,36.0527,0.4077
1888-07-06,36.5471,1.3713
1888-07-07,36.5837,0.1001
1888-07-09,36.4052,-0.4879
1888-07-10,36.895,1.3454
1888-07-11,37.1514,0.6949
1888-07-12,36.982,-0.456
1888-07-13,37.4352,1.2255
1888-07-14,37.8517,1.1126
1888-07-16,37.5404,-0.8224
1888-07-17,37.8929,0.939
1888-07-18,37.957,0.1692
1888-07-19,37.6732,-0.7477
1888-07-20,37.664,-0.0244
1888-07-21,37.7922,0.3404
1888-07-23,38.0486,0.6784
1888-07-24,38.3644,0.83
1888-07-25,37.6412,-1.8851
1888-07-26,38.3141,1.7877
1888-07-27,38.3736,0.1553
1888-07-28,38.0943,-0.7278
1888-07-30,38.3232,0.6009
1888-07-31,38.6208,0.7766
1888-08-01,38.6619,0.1064
1888-08-02,38.6299,-0.0828
1888-08-03,38.5658,-0.1659
1888-08-04,38.6391,0.1901
1888-08-06,39.0877,1.161
1888-08-07,39.2158,0.3277
1888-08-08,39.344,0.3269
1888-08-09,39.1563,-0.4771
1888-08-10,39.3257,0.4326
1888-08-11,39.2982,-0.0699
1888-08-13,39.3165,0.0466
1888-08-14,38.7901,-1.3389
1888-08-15,39.0785,0.7435
1888-08-16,38.8542,-0.574
1888-08-17,38.3644,-1.2606
1888-08-18,38.3415,-0.0597
1888-08-20,38.7672,1.1103
1888-08-21,39.0373,0.6967
1888-08-22,39.0648,0.0704
1888-08-23,39.0648,0
1888-08-24,39.0098,-0.1408
1888-08-25,39.1243,0.2935
1888-08-27,39.4081,0.7254
1888-08-28,39.6003,0.4877
1888-08-29,39.5179,-0.2081
1888-08-30,39.5088,-0.023
1888-08-31,39.4539,-0.139
1888-09-04,39.9299,1.2065
1888-09-05,40.0489,0.298
1888-09-06,39.8338,-0.5371
1888-09-07,40.0581,0.5631
1888-09-08,40.0627,0.0115
1888-09-10,39.8613,-0.5027
1888-09-11,40.0444,0.4593
1888-09-12,39.9391,-0.263
1888-09-13,39.3257,-1.5358
1888-09-14,39.0648,-0.6634
1888-09-15,38.6848,-0.9727
1888-09-17,38.8405,0.4025
1888-09-18,39.2341,1.0134
1888-09-19,39.6827,1.1434
1888-09-20,39.6782,-0.0113
1888-09-21,39.3165,-0.9116
1888-09-22,39.1746,-0.3609
1888-09-24,38.9824,-0.4906
1888-09-25,39.0739,0.2347
1888-09-26,39.3806,0.7849
1888-09-27,39.8384,1.1625
1888-09-28,40.1039,0.6664
1888-09-29,40.1908,0.2167
1888-10-01,40.3282,0.3419
1888-10-02,40.0032,-0.8059
1888-10-03,39.9299,-0.1832
1888-10-04,40.0261,0.2409
1888-10-05,39.788,-0.5949
1888-10-06,39.4722,-0.7937
1888-10-08,39.4127,-0.1507
1888-10-09,39.7789,0.9291
1888-10-10,39.5546,-0.5639
1888-10-11,39.6827,0.3239
1888-10-12,39.7834,0.2538
1888-10-13,39.7011,-0.2069
1888-10-15,39.344,-0.8995
1888-10-16,39.4951,0.384
1888-10-17,39.4584,-0.0929
1888-10-18,39.7056,0.6265
1888-10-19,39.463,-0.611
1888-10-20,39.6003,0.3479
1888-10-22,39.3211,-0.705
1888-10-23,39.3806,0.1513
1888-10-24,39.2662,-0.2905
1888-10-25,39.3348,0.1747
1888-10-26,39.4951,0.4075
1888-10-27,39.3898,-0.2666
1888-10-29,39.019,-0.9414
1888-10-30,39.1838,0.4224
1888-10-31,39.2799,0.2453
1888-11-01,39.5042,0.571
1888-11-02,39.376,-0.3245
1888-11-03,39.3577,-0.0465
1888-11-05,39.6049,0.6281
1888-11-07,39.7606,0.3931
1888-11-08,39.5134,-0.6217
1888-11-09,39.5546,0.1043
1888-11-10,39.5134,-0.1042
1888-11-12,39.1334,-0.9617
1888-11-13,38.8267,-0.7837
1888-11-14,38.9824,0.401
1888-11-15,38.8359,-0.3758
1888-11-16,38.9686,0.3417
1888-11-17,39.1243,0.3996
1888-11-19,38.7352,-0.9945
1888-11-20,38.9641,0.5909
1888-11-21,38.4285,-1.3746
1888-11-22,38.401,-0.0716
1888-11-23,38.5796,0.4651
1888-11-24,38.6757,0.2491
1888-11-26,38.2774,-1.0298
1888-11-27,38.6986,1.1004
1888-11-28,38.6299,-0.1775
1888-12-01,38.25,-0.9834
1888-12-03,37.8334,-1.0892
1888-12-04,37.664,-0.4478
1888-12-05,37.4809,-0.4861
1888-12-06,37.957,1.2702
1888-12-07,38.044,0.2292
1888-12-08,37.7968,-0.6498
1888-12-10,37.6824,-0.3027
1888-12-11,37.9479,0.7046
1888-12-12,38.3278,1.0011
1888-12-13,38.1218,-0.5375
1888-12-14,37.9112,-0.5524
1888-12-15,38.0028,0.2416
1888-12-17,38.5109,1.337
1888-12-18,38.282,-0.5944
1888-12-19,38.5933,0.8132
1888-12-20,38.6024,0.0236
1888-12-21,38.9274,0.8419
1888-12-22,38.9686,0.1058
1888-12-24,39.6782,1.821
1888-12-26,39.6461,-0.0809
1888-12-27,39.3852,-0.6581
1888-12-28,39.3944,0.0234
1888-12-29,39.3852,-0.0234
1888-12-31,39.5866,0.5114
1889-01-02,39.3806,-0.5204
1889-01-03,39.1563,-0.5696
1889-01-04,39.1792,0.0585
1889-01-05,39.1609,-0.0467
1889-01-07,39.2753,0.2921
1889-01-08,39.0831,-0.4894
1889-01-09,39.2708,0.4803
1889-01-10,39.2616,-0.0234
1889-01-11,39.4722,0.5364
1889-01-12,39.6324,0.4059
1889-01-14,39.8842,0.6353
1889-01-15,39.6003,-0.7118
1889-01-16,39.3898,-0.5316
1889-01-17,39.6187,0.5811
1889-01-18,39.376,-0.6126
1889-01-19,39.3348,-0.1046
1889-01-21,39.5408,0.5237
1889-01-22,39.4035,-0.3472
1889-01-23,39.2616,-0.3601
1889-01-24,39.312,0.1284
1889-01-25,39.376,0.1628
1889-01-26,39.3303,-0.1161
1889-01-28,39.4401,0.2792
1889-01-29,39.5775,0.3484
1889-01-30,39.5775,0
1889-01-31,39.8109,0.5897
1889-02-01,40.1771,0.9198
1889-02-02,40.0764,-0.2506
1889-02-04,39.9254,-0.3768
1889-02-05,39.8475,-0.1951
1889-02-06,40.0123,0.4136
1889-02-07,40.1497,0.3434
1889-02-08,39.8475,-0.7527
1889-02-09,39.8384,-0.0228
1889-02-11,40.0718,0.5859
1889-02-12,39.9574,-0.2855
1889-02-13,39.962,0.0115
1889-02-14,40.0856,0.3093
1889-02-15,40.1771,0.2283
1889-02-16,40.1405,-0.0911
1889-02-18,40.1771,0.0912
1889-02-19,39.9299,-0.6153
1889-02-20,39.9208,-0.0228
1889-02-21,39.6873,-0.5849
1889-02-23,39.8292,0.3575
1889-02-25,39.6553,-0.4366
1889-02-26,39.8063,0.3808
1889-02-27,39.637,-0.4253
1889-02-28,39.6827,0.1153
1889-03-01,39.9025,0.5539
1889-03-02,39.9299,0.0687
1889-03-04,40.0718,0.3554
1889-03-05,39.8567,-0.5368
1889-03-06,39.7056,-0.3791
1889-03-07,39.7422,0.0922
1889-03-08,39.6415,-0.2534
1889-03-09,39.1975,-1.12
1889-03-11,39.3944,0.5023
1889-03-12,39.3806,-0.035
1889-03-13,39.2616,-0.3022
1889-03-14,39.0419,-0.5596
1889-03-15,38.6803,-0.9262
1889-03-16,38.7672,0.2247
1889-03-18,38.2637,-1.2988
1889-03-19,38.694,1.1246
1889-03-20,38.7993,0.2721
1889-03-21,38.932,0.342
1889-03-22,38.8267,-0.2705
1889-03-23,38.7672,-0.1532
1889-03-25,38.6848,-0.2126
1889-03-26,38.6253,-0.1538
1889-03-27,38.8359,0.5452
1889-03-28,38.6803,-0.4007
1889-03-29,38.369,-0.8048
1889-03-30,38.4788,0.2862
1889-04-01,38.5292,0.131
1889-04-02,38.7718,0.6297
1889-04-03,38.6299,-0.366
1889-04-04,38.9,0.6992
1889-04-05,39.1472,0.6355
1889-04-06,39.2387,0.2337
1889-04-08,38.9366,-0.7699
1889-04-09,39.106,0.4351
1889-04-10,39.3348,0.5851
1889-04-11,39.5042,0.4307
1889-04-12,39.5591,0.139
1889-04-13,39.5317,-0.0693
1889-04-15,39.3623,-0.4285
1889-04-16,39.312,-0.1278
1889-04-17,39.3165,0.0114
1889-04-18,39.3303,0.0351
1889-04-20,39.4081,0.1978
1889-04-22,39.4584,0.1276
1889-04-23,39.2662,-0.4871
1889-04-24,39.4127,0.3731
1889-04-25,39.7468,0.8477
1889-04-26,39.6461,-0.2534
1889-04-27,39.7239,0.1962
1889-05-02,39.8979,0.438
1889-05-03,40.0444,0.3672
1889-05-04,39.9711,-0.183
1889-05-06,40.0627,0.2292
1889-05-07,39.9254,-0.3427
1889-05-08,40.0535,0.3208
1889-05-09,39.8933,-0.4
1889-05-10,39.7331,-0.4016
1889-05-11,39.8201,0.219
1889-05-13,40.0123,0.4827
1889-05-14,39.9665,-0.1145
1889-05-15,40.0947,0.3208
1889-05-16,40.168,0.1828
1889-05-17,40.1771,0.0227
1889-05-18,40.3556,0.4443
1889-05-20,40.493,0.3405
1889-05-21,40.5296,0.0904
1889-05-22,40.6303,0.2485
1889-05-23,41.0011,0.9126
1889-05-24,40.9278,-0.1788
1889-05-25,41.1338,0.5033
1889-05-27,41.1888,0.1337
1889-05-28,41.3993,0.5111
1889-05-29,41.1796,-0.5307
1889-05-31,41.3398,0.389
1889-06-01,41.2528,-0.2105
1889-06-03,41.2895,0.089
1889-06-04,41.2437,-0.1109
1889-06-05,41.4726,0.555
1889-06-06,41.5229,0.1213
1889-06-07,41.5275,0.0111
1889-06-08,41.4451,-0.1984
1889-06-10,41.6007,0.3754
1889-06-11,41.7564,0.3743
1889-06-12,41.8296,0.1753
1889-06-13,41.8113,-0.0437
1889-06-14,41.5687,-0.5802
1889-06-15,41.5687,0
1889-06-17,41.5412,-0.0662
1889-06-18,41.7838,0.584
1889-06-19,41.5092,-0.6572
1889-06-20,41.5458,0.0882
1889-06-21,41.4314,-0.2754
1889-06-22,41.4085,-0.0553
1889-06-24,41.2574,-0.3649
1889-06-25,41.2711,0.0332
1889-06-26,41.2757,0.0111
1889-06-27,41.1155,-0.3881
1889-06-28,40.9233,-0.4675
1889-06-29,40.9141,-0.0225
1889-07-01,41.0468,0.3243
1889-07-02,40.7676,-0.6802
1889-07-03,40.3602,-0.9993
1889-07-05,40.3007,-0.1474
1889-07-06,40.1497,-0.3747
1889-07-08,39.8796,-0.6727
1889-07-09,39.9299,0.1261
1889-07-10,40.1634,0.5848
1889-07-11,40.525,0.9003
1889-07-12,39.9894,-1.3217
1889-07-13,40.2458,0.6412
1889-07-15,40.2549,0.0226
1889-07-16,40.2641,0.0229
1889-07-17,40.1405,-0.307
1889-07-18,39.9437,-0.4903
1889-07-19,39.7514,-0.4814
1889-07-20,39.5317,-0.5527
1889-07-22,39.4951,-0.0926
1889-07-23,39.8704,0.9502
1889-07-24,39.7834,-0.2182
1889-07-25,40.0032,0.5525
1889-07-26,39.9116,-0.229
1889-07-27,39.9391,0.0689
1889-07-29,39.9162,-0.0573
1889-07-30,40.1039,0.4702
1889-07-31,40.1725,0.1711
1889-08-01,40.1908,0.0456
1889-08-02,40.2916,0.2508
1889-08-03,40.3328,0.1023
1889-08-05,40.6623,0.817
1889-08-06,40.8088,0.3603
1889-08-07,40.7859,-0.0561
1889-08-08,40.9507,0.4041
1889-08-09,41.1109,0.3912
1889-08-10,41.088,-0.0557
1889-08-12,41.2849,0.4792
1889-08-13,41.175,-0.2662
1889-08-14,41.1659,-0.0221
1889-08-15,41.2025,0.0889
1889-08-16,41.2757,0.1777
1889-08-17,41.2711,-0.0111
1889-08-19,41.0926,-0.4325
1889-08-20,41.1476,0.1338
1889-08-21,41.2025,0.1334
1889-08-22,40.6715,-1.2888
1889-08-23,40.6578,-0.0337
1889-08-24,40.7768,0.2927
1889-08-26,41.2025,1.044
1889-08-27,41.4268,0.5444
1889-08-28,41.5962,0.4089
1889-08-29,41.587,-0.0221
1889-08-30,41.7243,0.3302
1889-08-31,41.9166,0.4609
1889-09-03,42.2095,0.6988
1889-09-04,42.1272,-0.195
1889-09-05,42.5712,1.054
1889-09-06,42.6902,0.2795
1889-09-07,42.7085,0.0429
1889-09-09,42.7543,0.1072
1889-09-10,42.5346,-0.5139
1889-09-11,42.8779,0.8071
1889-09-12,42.7726,-0.2456
1889-09-13,42.7634,-0.0215
1889-09-14,42.649,-0.2675
1889-09-16,42.3423,-0.7191
1889-09-17,42.5071,0.3892
1889-09-18,42.4201,-0.2047
1889-09-19,42.4934,0.1728
1889-09-20,42.3423,-0.3556
1889-09-21,42.4567,0.2702
1889-09-23,42.4705,0.0325
1889-09-24,42.2666,-0.4801
1889-09-25,42.4588,0.4547
1889-09-26,42.6336,0.4117
1889-09-27,42.6394,0.0136
1889-09-28,42.6394,0
1889-09-30,42.6743,0.0818
1889-10-01,42.552,-0.2866
1889-10-02,42.6277,0.1779
1889-10-03,42.1967,-1.0111
1889-10-04,42.22,0.0552
1889-10-05,42.121,-0.2345
1889-10-07,41.7948,-0.7744
1889-10-08,41.888,0.223
1889-10-09,42.1909,0.7231
1889-10-10,42.1792,-0.0277
1889-10-11,41.9404,-0.5662
1889-10-12,42.121,0.4306
1889-10-14,42.2608,0.3319
1889-10-15,41.987,-0.6479
1889-10-16,42.0103,0.0555
1889-10-17,41.5967,-0.9845
1889-10-18,41.7889,0.4621
1889-10-19,41.5967,-0.4599
1889-10-21,41.1948,-0.9662
1889-10-22,41.5268,0.8059
1889-10-23,41.8006,0.6593
1889-10-24,41.6783,-0.2926
1889-10-25,42.0802,0.9643
1889-10-26,42.0685,-0.0278
1889-10-28,41.8181,-0.5952
1889-10-29,41.8297,0.0277
1889-10-30,41.853,0.0557
1889-10-31,41.8996,0.1113
1889-11-01,41.6433,-0.6117
1889-11-02,41.7074,0.1539
1889-11-04,41.6899,-0.042
1889-11-06,41.987,0.7126
1889-11-07,42.0627,0.1803
1889-11-08,41.6724,-0.9279
1889-11-09,41.754,0.1958
1889-11-11,41.5268,-0.5441
1889-11-12,41.8647,0.8137
1889-11-13,41.5268,-0.8071
1889-11-14,42.1443,1.487
1889-11-15,42.22,0.1796
1889-11-16,42.4705,0.5933
1889-11-18,42.4122,-0.1373
1889-11-19,42.4122,0
1889-11-20,42.3889,-0.0549
1889-11-21,42.2083,-0.4261
1889-11-22,42.2433,0.0829
1889-11-23,42.3481,0.2481
1889-11-25,42.3132,-0.0824
1889-11-26,42.3132,0
1889-11-27,42.0627,-0.592
1889-11-29,41.62,-1.0525
1889-11-30,41.3346,-0.6857
1889-12-02,41.2647,-0.1691
1889-12-03,41.3521,0.2118
1889-12-04,41.2414,-0.2677
1889-12-05,41.2181,-0.0565
1889-12-06,41.9695,1.823
1889-12-07,42.0336,0.1527
1889-12-09,41.987,-0.1109
1889-12-10,42.086,0.2358
1889-12-11,42.0161,-0.1661
1889-12-12,41.8122,-0.4853
1889-12-13,41.8414,0.0698
1889-12-14,42.0394,0.4732
1889-12-16,42.086,0.1108
1889-12-17,42.1617,0.1799
1889-12-18,42.0278,-0.3176
1889-12-19,42.1676,0.3326
1889-12-20,42.2433,0.1795
1889-12-21,42.2899,0.1103
1889-12-23,42.185,-0.248
1889-12-24,42.1909,0.014
1889-12-26,42.1617,-0.0692
1889-12-27,42.0161,-0.3453
1889-12-28,41.655,-0.8594
1889-12-30,41.4802,-0.4196
1889-12-31,42.0394,1.3481
1890-01-02,41.9753,-0.1525
1890-01-03,42.3365,0.8605
1890-01-04,42.4705,0.3165
1890-01-06,42.4588,-0.0275
1890-01-07,42.185,-0.6449
1890-01-08,42.2316,0.1105
1890-01-09,42.3889,0.3725
1890-01-10,42.4646,0.1786
1890-01-11,42.4122,-0.1234
1890-01-13,42.0569,-0.8377
1890-01-14,41.9346,-0.2908
1890-01-15,41.987,0.125
1890-01-16,41.8588,-0.3053
1890-01-17,41.9928,0.3201
1890-01-18,41.9229,-0.1665
1890-01-20,42.0103,0.2085
1890-01-21,42.1443,0.319
1890-01-22,42.2666,0.2902
1890-01-23,42.2899,0.0551
1890-01-24,42.4646,0.4131
1890-01-25,42.4996,0.0824
1890-01-27,42.6161,0.2741
1890-01-28,42.7268,0.2598
1890-01-29,42.6161,-0.2591
1890-01-30,42.5578,-0.1368
1890-01-31,42.5578,0
1890-02-01,42.5986,0.0959
1890-02-03,42.319,-0.6564
1890-02-04,42.3481,0.0688
1890-02-05,42.2899,-0.1374
1890-02-06,42.3947,0.2478
1890-02-07,42.5171,0.2887
1890-02-08,42.4646,-0.1235
1890-02-10,42.2549,-0.4938
1890-02-11,42.0278,-0.5375
1890-02-12,42.0744,0.1109
1890-02-13,42.1035,0.0692
1890-02-14,42.0685,-0.0831
1890-02-15,41.853,-0.5123
1890-02-17,41.6666,-0.4454
1890-02-18,41.8122,0.3494
1890-02-19,41.7773,-0.0835
1890-02-20,41.7482,-0.0697
1890-02-21,41.5035,-0.5861
1890-02-24,41.5385,0.0843
1890-02-25,41.5326,-0.0142
1890-02-26,41.3462,-0.4488
1890-02-27,41.2763,-0.1691
1890-02-28,41.2181,-0.141
1890-03-01,41.2472,0.0706
1890-03-03,41.3171,0.1695
1890-03-04,41.3288,0.0283
1890-03-05,41.154,-0.4229
1890-03-06,41.2472,0.2265
1890-03-07,41.5443,0.7203
1890-03-08,41.4627,-0.1964
1890-03-10,41.3754,-0.2106
1890-03-11,41.5967,0.5349
1890-03-12,41.8763,0.6722
1890-03-13,41.7831,-0.2226
1890-03-14,41.7249,-0.1393
1890-03-15,41.7773,0.1256
1890-03-17,41.8181,0.0977
1890-03-18,41.5385,-0.6686
1890-03-19,41.4744,-0.1543
1890-03-20,41.4511,-0.0562
1890-03-21,41.6317,0.4357
1890-03-22,41.6783,0.1119
1890-03-24,41.7773,0.2375
1890-03-25,41.6608,-0.2789
1890-03-26,41.7656,0.2516
1890-03-27,41.6783,-0.209
1890-03-28,41.5501,-0.3076
1890-03-29,41.5093,-0.0982
1890-03-31,41.4919,-0.0419
1890-04-01,41.6258,0.3227
1890-04-02,41.6491,0.056
1890-04-03,41.8414,0.4617
1890-04-05,41.7423,-0.2368
1890-04-07,41.6783,-0.1533
1890-04-08,41.719,0.0977
1890-04-09,41.5967,-0.2932
1890-04-10,41.5035,-0.2241
1890-04-11,41.3288,-0.4209
1890-04-12,41.3812,0.1268
1890-04-14,41.6375,0.6194
1890-04-15,41.754,0.2798
1890-04-16,41.7831,0.0697
1890-04-17,41.9579,0.4184
1890-04-18,41.9812,0.0555
1890-04-19,42.1967,0.5133
1890-04-21,42.4355,0.5659
1890-04-22,42.4297,-0.0137
1890-04-23,42.5578,0.3019
1890-04-24,42.9481,0.9171
1890-04-25,43.251,0.7053
1890-04-26,43.4141,0.3771
1890-04-28,43.6763,0.604
1890-04-29,43.8685,0.4401
1890-04-30,43.7811,-0.1992
1890-05-01,44.1889,0.9315
1890-05-02,44.1539,-0.0792
1890-05-03,44.0665,-0.1979
1890-05-05,44.55,1.0972
1890-05-06,44.5558,0.013
1890-05-07,44.317,-0.536
1890-05-08,44.4219,0.2367
1890-05-09,44.8413,0.9441
1890-05-10,44.8587,0.0388
1890-05-12,44.684,-0.3894
1890-05-13,44.9286,0.5474
1890-05-14,45.2665,0.7521
1890-05-15,45.0393,-0.5019
1890-05-16,45.2199,0.401
1890-05-17,45.4412,0.4894
1890-05-19,45.4529,0.0257
1890-05-20,45.4063,-0.1025
1890-05-21,45.0451,-0.7955
1890-05-22,45.3655,0.7113
1890-05-23,45.3364,-0.0641
1890-05-24,45.4587,0.2698
1890-05-26,45.4529,-0.0128
1890-05-27,45.1558,-0.6536
1890-05-28,45.3539,0.4387
1890-05-29,44.9985,-0.7836
1890-05-31,45.0335,0.0778
1890-06-02,44.585,-0.9959
1890-06-03,45.0859,1.1235
1890-06-04,45.6568,1.2662
1890-06-05,45.3306,-0.7145
1890-06-06,45.2607,-0.1542
1890-06-07,45.1675,-0.2059
1890-06-09,45.3073,0.3095
1890-06-10,45.2024,-0.2315
1890-06-11,44.8296,-0.8247
1890-06-12,45.0451,0.4807
1890-06-13,44.8354,-0.4655
1890-06-14,44.783,-0.1169
1890-06-16,44.6549,-0.286
1890-06-17,44.4801,-0.3914
1890-06-18,44.0258,-1.0214
1890-06-19,43.9966,-0.0663
1890-06-20,44.1073,0.2516
1890-06-21,43.9267,-0.4095
1890-06-23,44.0083,0.1858
1890-06-24,44.0141,0.0132
1890-06-25,44.1539,0.3176
1890-06-26,43.7986,-0.8047
1890-06-27,43.6471,-0.3459
1890-06-28,43.8102,0.3737
1890-06-30,44.0957,0.6517
1890-07-01,44.0491,-0.1057
1890-07-02,44.0083,-0.0926
1890-07-03,44.0491,0.0927
1890-07-07,43.8044,-0.5555
1890-07-08,44.0374,0.5319
1890-07-09,43.6471,-0.8863
1890-07-10,43.7229,0.1737
1890-07-11,44.0549,0.7593
1890-07-12,43.9908,-0.1455
1890-07-14,44.1248,0.3046
1890-07-15,44.2296,0.2375
1890-07-16,44.218,-0.0262
1890-07-17,44.0491,-0.382
1890-07-18,44.0083,-0.0926
1890-07-19,44.0432,0.0793
1890-07-21,43.9209,-0.2777
1890-07-22,43.9908,0.1591
1890-07-23,44.0898,0.225
1890-07-24,44.1772,0.1982
1890-07-25,44.0025,-0.3955
1890-07-26,43.9617,-0.0927
1890-07-28,43.6005,-0.8216
1890-07-29,43.7345,0.3073
1890-07-30,43.8685,0.3064
1890-07-31,43.4782,-0.8897
1890-08-01,43.4432,-0.0805
1890-08-02,43.5015,0.1342
1890-08-04,43.2743,-0.5223
1890-08-05,43.1403,-0.3097
1890-08-06,42.9073,-0.5401
1890-08-07,42.9714,0.1494
1890-08-08,42.9365,-0.0812
1890-08-09,42.4821,-1.0583
1890-08-11,42.0569,-1.0009
1890-08-12,42.7792,1.7174
1890-08-13,42.7967,0.0409
1890-08-14,43.0588,0.6124
1890-08-15,43.2277,0.3923
1890-08-16,43.3966,0.3907
1890-08-18,42.9889,-0.9395
1890-08-19,42.6918,-0.6911
1890-08-20,42.8374,0.341
1890-08-21,41.8122,-2.3932
1890-08-22,42.3481,1.2817
1890-08-23,42.2258,-0.2888
1890-08-25,42.4355,0.4966
1890-08-26,43.1287,1.6335
1890-08-27,42.7384,-0.905
1890-08-28,43.0355,0.6952
1890-08-29,43.0413,0.0135
1890-08-30,43.0704,0.0676
1890-09-02,43.1112,0.0947
1890-09-03,43.018,-0.2162
1890-09-04,42.5462,-1.0968
1890-09-05,42.6685,0.2875
1890-09-06,42.453,-0.5051
1890-09-08,42.453,0
1890-09-09,42.7151,0.6174
1890-09-10,42.6161,-0.2318
1890-09-11,42.0452,-1.3396
1890-09-12,41.9695,-0.18
1890-09-13,41.6084,-0.8604
1890-09-15,41.3462,-0.6302
1890-09-16,41.6666,0.7749
1890-09-17,41.6957,0.0698
1890-09-18,41.9171,0.531
1890-09-19,42.319,0.9588
1890-09-20,42.0744,-0.578
1890-09-22,41.486,-1.3985
1890-09-23,41.5792,0.2247
1890-09-24,41.754,0.4204
1890-09-25,41.4511,-0.7254
1890-09-26,41.2705,-0.4357
1890-09-27,41.1831,-0.2118
1890-09-29,41.189,0.0143
1890-09-30,41.3404,0.3676
1890-10-01,41.2763,-0.1551
1890-10-02,41.0375,-0.5785
1890-10-03,40.5657,-1.1497
1890-10-04,40.1754,-0.9621
1890-10-06,40.123,-0.1304
1890-10-07,40.2453,0.3048
1890-10-08,39.3774,-2.1565
1890-10-09,39.6278,0.6359
1890-10-10,39.9948,0.9261
1890-10-11,40.0181,0.0583
1890-10-13,39.9482,-0.1747
1890-10-14,39.2609,-1.7205
1890-10-15,39.4822,0.5637
1890-10-16,39.4473,-0.0884
1890-10-17,40.1055,1.6686
1890-10-18,40.2103,0.2613
1890-10-20,39.8725,-0.8401
1890-10-21,40.0647,0.482
1890-10-22,40.3268,0.6542
1890-10-23,39.9366,-0.9676
1890-10-24,39.7968,-0.3501
1890-10-25,39.4706,-0.8197
1890-10-27,39.6104,0.3542
1890-10-28,39.4065,-0.5148
1890-10-29,39.1385,-0.6801
1890-10-30,39.0803,-0.1487
1890-10-31,39.2842,0.5217
1890-11-01,39.2492,-0.0891
1890-11-03,39.4822,0.5936
1890-11-05,39.1036,-0.9589
1890-11-06,38.3929,-1.8175
1890-11-07,37.758,-1.6537
1890-11-08,37.4434,-0.8332
1890-11-10,35.8882,-4.1535
1890-11-11,35.5678,-0.8928
1890-11-12,36.8668,3.6522
1890-11-13,36.4299,-1.1851
1890-11-14,35.6959,-2.0148
1890-11-15,34.7173,-2.7415
1890-11-17,35.3289,1.7617
1890-11-18,34.5134,-2.3083
1890-11-19,34.9678,1.3166
1890-11-20,35.0319,0.1833
1890-11-21,36.2901,3.5916
1890-11-22,36.7386,1.2359
1890-11-24,37.2978,1.5221
1890-11-25,36.7153,-1.5618
1890-11-26,37.1347,1.1423
1890-11-28,37.3328,0.5335
1890-11-29,36.8493,-1.2951
1890-12-01,35.6785,-3.1773
1890-12-02,36.2377,1.5673
1890-12-03,36.0338,-0.5627
1890-12-04,35.6552,-1.0507
1890-12-05,35.3115,-0.964
1890-12-06,34.0649,-3.5303
1890-12-08,33.8436,-0.6496
1890-12-09,35.0377,3.5283
1890-12-10,34.5018,-1.5295
1890-12-11,34.828,0.9455
1890-12-12,35.6552,2.3751
1890-12-13,35.5911,-0.1798
1890-12-15,35.6552,0.1801
1890-12-16,35.1833,-1.3235
1890-12-17,35.661,1.3577
1890-12-18,35.7251,0.1797
1890-12-19,35.5154,-0.587
1890-12-20,35.5969,0.2295
1890-12-22,35.4163,-0.5073
1890-12-23,35.3406,-0.2137
1890-12-24,35.2474,-0.2637
1890-12-26,35.061,-0.5288
1890-12-27,35.2882,0.648
1890-12-29,35.9697,1.9312
1890-12-30,35.7658,-0.5669
1890-12-31,36.092,0.912
1891-01-02,36.5522,1.2751
1891-01-03,36.6862,0.3666
1891-01-05,36.9017,0.5874
1891-01-06,36.8901,-0.0314
1891-01-07,37.1231,0.6316
1891-01-08,37.3269,0.549
1891-01-09,37.758,1.1549
1891-01-10,38.0667,0.8176
1891-01-12,37.8978,-0.4437
1891-01-13,38.591,1.8291
1891-01-14,38.5094,-0.2114
1891-01-15,37.9793,-1.3765
1891-01-16,37.8162,-0.4294
1891-01-17,38.0842,0.7087
1891-01-19,37.9793,-0.2754
1891-01-20,37.9677,-0.0305
1891-01-21,37.8221,-0.3835
1891-01-22,37.7347,-0.2311
1891-01-23,37.391,-0.9108
1891-01-24,37.193,-0.5295
1891-01-26,36.7619,-1.1591
1891-01-27,37.3968,1.7271
1891-01-28,37.4027,0.0158
1891-01-29,37.4609,0.1556
1891-01-30,37.5192,0.1556
1891-01-31,37.3968,-0.3262
1891-02-02,37.9677,1.5266
1891-02-03,37.8803,-0.2302
1891-02-04,38.4104,1.3994
1891-02-05,38.3755,-0.0909
1891-02-06,38.5036,0.3338
1891-02-07,38.5327,0.0756
1891-02-09,38.725,0.4991
1891-02-10,38.6492,-0.1957
1891-02-11,38.4395,-0.5426
1891-02-12,38.1017,-0.8788
1891-02-13,38.0085,-0.2446
1891-02-14,38.1366,0.337
1891-02-16,38.4337,0.779
1891-02-17,38.1716,-0.682
1891-02-18,38.0376,-0.351
1891-02-19,38.1017,0.1685
1891-02-20,38.1483,0.1223
1891-02-21,38.1891,0.107
1891-02-24,38.0842,-0.2747
1891-02-25,38.0143,-0.1835
1891-02-26,38.2997,0.7508
1891-02-27,38.2298,-0.1825
1891-02-28,38.0842,-0.3809
1891-03-02,37.9502,-0.3519
1891-03-03,38.1891,0.6295
1891-03-04,37.6764,-1.3425
1891-03-05,37.6881,0.0311
1891-03-06,37.1813,-1.3447
1891-03-07,36.9833,-0.5325
1891-03-09,37.2104,0.6141
1891-03-10,37.1056,-0.2816
1891-03-11,37.3677,0.7064
1891-03-12,37.3444,-0.0624
1891-03-13,37.3502,0.0155
1891-03-14,37.6706,0.8578
1891-03-16,37.9211,0.665
1891-03-17,37.723,-0.5224
1891-03-18,37.5891,-0.355
1891-03-19,37.3677,-0.589
1891-03-20,37.2337,-0.3586
1891-03-21,37.2687,0.094
1891-03-23,37.5774,0.8283
1891-03-24,37.4609,-0.31
1891-03-25,37.6007,0.3732
1891-03-26,37.5774,-0.062
1891-03-28,37.5366,-0.1086
1891-03-30,38.0259,1.3035
1891-03-31,37.9502,-0.1991
1891-04-01,37.8512,-0.2609
1891-04-02,37.723,-0.3387
1891-04-03,37.892,0.448
1891-04-04,38.0143,0.3228
1891-04-06,38.4046,1.0267
1891-04-07,38.2997,-0.2731
1891-04-08,38.5793,0.73
1891-04-09,38.9055,0.8455
1891-04-10,38.8764,-0.0748
1891-04-11,38.7774,-0.2547
1891-04-13,38.7017,-0.1952
1891-04-14,38.556,-0.3765
1891-04-15,38.556,0
1891-04-16,38.725,0.4383
1891-04-17,38.7949,0.1805
1891-04-18,38.9114,0.3003
1891-04-20,39.4356,1.3472
1891-04-21,39.2783,-0.3989
1891-04-22,40.1288,2.1653
1891-04-23,39.7327,-0.9871
1891-04-24,39.9424,0.5278
1891-04-25,40.088,0.3645
1891-04-27,39.7735,-0.7845
1891-04-28,40.0472,0.6881
1891-04-29,39.8608,-0.4655
1891-04-30,40.222,0.9062
1891-05-01,40.0065,-0.5358
1891-05-02,40.0065,0
1891-05-04,39.7851,-0.5534
1891-05-05,39.488,-0.7468
1891-05-06,39.7385,0.6344
1891-05-07,39.2842,-1.1432
1891-05-08,38.9288,-0.9047
1891-05-09,38.6143,-0.8079
1891-05-11,38.7657,0.3921
1891-05-12,38.1832,-1.5026
1891-05-13,38.5502,0.9612
1891-05-14,38.5211,-0.0755
1891-05-15,38.2881,-0.6049
1891-05-16,38.1133,-0.4565
1891-05-18,37.6473,-1.2227
1891-05-19,37.5541,-0.2476
1891-05-20,38.1716,1.6443
1891-05-21,37.8337,-0.8852
1891-05-22,38.7075,2.3096
1891-05-23,38.8589,0.3911
1891-05-25,38.7075,-0.3896
1891-05-26,38.6376,-0.1806
1891-05-27,38.5968,-0.1056
1891-05-28,38.6784,0.2114
1891-05-29,38.3638,-0.8134
1891-06-01,37.857,-1.321
1891-06-02,38.0434,0.4924
1891-06-03,37.8512,-0.5052
1891-06-04,37.7347,-0.3078
1891-06-05,37.8803,0.3859
1891-06-06,37.9502,0.1845
1891-06-08,37.7696,-0.4759
1891-06-09,37.5017,-0.7093
1891-06-10,37.6182,0.3107
1891-06-11,37.6997,0.2167
1891-06-12,37.8687,0.4483
1891-06-13,38.1832,0.8305
1891-06-15,38.2182,0.0917
1891-06-16,38.1308,-0.2287
1891-06-17,37.9619,-0.4429
1891-06-18,38.0492,0.23
1891-06-19,37.8745,-0.4591
1891-06-20,37.9094,0.0921
1891-06-22,37.5658,-0.9064
1891-06-23,37.5308,-0.0932
1891-06-24,37.3852,-0.3879
1891-06-25,37.2978,-0.2338
1891-06-26,36.9192,-1.0151
1891-06-27,36.6629,-0.6942
1891-06-29,36.5056,-0.429
1891-06-30,37.0706,1.5477
1891-07-01,37.1464,0.2045
1891-07-02,37.0357,-0.298
1891-07-03,37.3852,0.9437
1891-07-06,37.6182,0.6232
1891-07-07,37.7929,0.4644
1891-07-08,37.892,0.2622
1891-07-09,37.6473,-0.6458
1891-07-10,37.8745,0.6035
1891-07-11,37.9269,0.1384
1891-07-13,37.8628,-0.169
1891-07-14,37.6997,-0.4308
1891-07-15,37.7172,0.0464
1891-07-16,37.7172,0
1891-07-17,37.4493,-0.7103
1891-07-18,37.2978,-0.4045
1891-07-20,37.1114,-0.4998
1891-07-21,37.0182,-0.2511
1891-07-22,37.1464,0.3463
1891-07-23,37.0124,-0.3607
1891-07-24,36.9134,-0.2675
1891-07-25,36.692,-0.5998
1891-07-27,36.3483,-0.9367
1891-07-28,36.5056,0.4328
1891-07-29,36.3076,-0.5424
1891-07-30,35.8241,-1.3317
1891-07-31,36.028,0.5692
1891-08-01,36.4182,1.083
1891-08-03,36.5872,0.4641
1891-08-04,36.2085,-1.0351
1891-08-05,36.3483,0.3861
1891-08-06,36.3949,0.1282
1891-08-07,36.558,0.4481
1891-08-08,36.6221,0.1753
1891-08-10,36.4357,-0.509
1891-08-11,36.3309,-0.2876
1891-08-12,36.6396,0.8497
1891-08-13,36.8376,0.5404
1891-08-14,37.0706,0.6325
1891-08-15,37.4667,1.0685
1891-08-17,38.2065,1.9746
1891-08-18,38.3522,0.3813
1891-08-19,38.3638,0.0302
1891-08-20,38.2823,-0.2124
1891-08-21,38.3347,0.1369
1891-08-22,38.3755,0.1064
1891-08-24,38.6958,0.8346
1891-08-25,39.2084,1.3247
1891-08-26,39.3541,0.3716
1891-08-27,39.2259,-0.3258
1891-08-28,39.9074,1.7374
1891-08-29,40.3443,1.0948
1891-08-31,40.7113,0.9097
1891-09-01,40.6356,-0.1859
1891-09-02,40.4433,-0.4732
1891-09-03,40.0239,-1.037
1891-09-04,40.8977,2.1832
1891-09-05,41.0666,0.413
1891-09-08,41.154,0.2128
1891-09-09,41.2123,0.1417
1891-09-10,41.0666,-0.3535
1891-09-11,41.0084,-0.1417
1891-09-12,41.0084,0
1891-09-14,41.0841,0.1846
1891-09-15,41.4511,0.8933
1891-09-16,41.422,-0.0702
1891-09-17,41.7423,0.7733
1891-09-18,42.0569,0.7537
1891-09-19,42.3365,0.6648
1891-09-21,42.6452,0.7292
1891-09-22,42.2491,-0.9288
1891-09-23,42.2899,0.0966
1891-09-24,41.2414,-2.4793
1891-09-25,41.9171,1.6384
1891-09-26,41.9753,0.1388
1891-09-28,41.7948,-0.43
1891-09-29,41.2356,-1.338
1891-09-30,41.1657,-0.1695
1891-10-01,40.4317,-1.783
1891-10-02,41.1424,1.7578
1891-10-03,41.7249,1.4158
1891-10-05,41.7074,-0.0419
1891-10-06,41.6491,-0.1398
1891-10-07,41.3462,-0.7273
1891-10-08,41.3754,0.0706
1891-10-09,41.4802,0.2533
1891-10-10,41.4103,-0.1685
1891-10-12,40.956,-1.0971
1891-10-13,41.0259,0.1707
1891-10-14,40.7055,-0.781
1891-10-15,40.9152,0.5152
1891-10-16,41.3346,1.025
1891-10-17,41.2705,-0.1551
1891-10-19,41.0958,-0.4233
1891-10-20,41.2297,0.3258
1891-10-21,41.5967,0.8901
1891-10-22,41.4161,-0.4342
1891-10-23,41.3928,-0.0563
1891-10-24,41.5559,0.394
1891-10-26,41.4336,-0.2943
1891-10-27,41.2705,-0.3936
1891-10-28,40.8045,-1.1291
1891-10-29,41.2589,1.1136
1891-10-30,41.02,-0.579
1891-10-31,41.0375,0.0427
1891-11-02,40.9152,-0.298
1891-11-04,40.6996,-0.5269
1891-11-05,40.3734,-0.8015
1891-11-06,39.9657,-1.0098
1891-11-07,40.0123,0.1166
1891-11-09,39.3308,-1.7032
1891-11-10,40.2511,2.3399
1891-11-11,40.2861,0.087
1891-11-12,40.0531,-0.5784
1891-11-13,40.4433,0.9742
1891-11-14,40.5424,0.245
1891-11-16,40.3268,-0.5318
1891-11-17,40.2744,-0.1299
1891-11-18,40.3152,0.1013
1891-11-19,40.3618,0.1156
1891-11-20,40.8628,1.2413
1891-11-21,40.9967,0.3277
1891-11-23,40.8453,-0.3693
1891-11-24,41.0142,0.4135
1891-11-25,41.0375,0.0568
1891-11-27,41.0026,-0.085
1891-11-28,40.9676,-0.0854
1891-11-30,41.0608,0.2275
1891-12-01,40.7055,-0.8653
1891-12-02,40.8686,0.4007
1891-12-03,40.9385,0.171
1891-12-04,40.6938,-0.5977
1891-12-05,40.8802,0.4581
1891-12-07,40.7521,-0.3134
1891-12-08,40.9385,0.4574
1891-12-09,41.055,0.2846
1891-12-10,41.2297,0.4255
1891-12-11,41.1424,-0.2117
1891-12-12,40.8686,-0.6655
1891-12-14,41.02,0.3705
1891-12-15,41.0608,0.0995
1891-12-16,41.2239,0.3972
1891-12-17,41.5385,0.7631
1891-12-18,41.5676,0.0701
1891-12-19,41.6957,0.3082
1891-12-21,41.6783,-0.0417
1891-12-22,41.9753,0.7126
1891-12-23,42.1967,0.5275
1891-12-24,42.4821,0.6764
1891-12-28,42.6685,0.4388
1891-12-29,42.4297,-0.5597
1891-12-30,42.2899,-0.3295
1891-12-31,42.453,0.3857
1892-01-02,42.785,0.782
1892-01-04,42.82,0.0818
1892-01-05,42.6569,-0.3809
1892-01-06,42.7734,0.2731
1892-01-07,42.4938,-0.6537
1892-01-08,42.6452,0.3563
1892-01-09,42.5112,-0.3142
1892-01-11,42.4122,-0.2329
1892-01-12,42.7384,0.7691
1892-01-13,42.587,-0.3542
1892-01-14,42.3656,-0.5199
1892-01-15,42.319,-0.11
1892-01-16,42.2957,-0.0551
1892-01-18,41.8122,-1.1431
1892-01-19,41.2297,-1.3931
1892-01-20,42.0569,2.0063
1892-01-21,42.1734,0.277
1892-01-22,42.2491,0.1795
1892-01-23,42.121,-0.3032
1892-01-25,41.6783,-1.051
1892-01-26,42.3365,1.5792
1892-01-27,42.2782,-0.1377
1892-01-28,42.6918,0.9783
1892-01-29,42.5287,-0.382
1892-01-30,42.2666,-0.6163
1892-02-01,42.0569,-0.4961
1892-02-02,42.1909,0.3186
1892-02-03,41.9462,-0.58
1892-02-04,42.0336,0.2084
1892-02-05,42.2957,0.6235
1892-02-06,42.5695,0.6473
1892-02-08,43.1054,1.2589
1892-02-09,42.7384,-0.8514
1892-02-10,42.7384,0
1892-02-11,43.286,1.2813
1892-02-12,43.2044,-0.1885
1892-02-13,43.2219,0.0405
1892-02-15,43.886,1.5365
1892-02-16,43.5889,-0.677
1892-02-17,43.3209,-0.6148
1892-02-18,43.4491,0.2959
1892-02-19,43.0588,-0.8983
1892-02-20,42.8607,-0.4601
1892-02-23,43.1695,0.7205
1892-02-24,42.7326,-1.0121
1892-02-25,42.8025,0.1636
1892-02-26,42.8899,0.2042
1892-02-27,43.0821,0.4481
1892-02-29,43.6763,1.3792
1892-03-01,43.6588,-0.0401
1892-03-02,43.6763,0.0401
1892-03-03,43.4724,-0.4668
1892-03-04,44.084,1.4069
1892-03-05,43.6297,-1.0305
1892-03-07,43.4898,-0.3207
1892-03-08,43.2335,-0.5893
1892-03-09,43.6355,0.9298
1892-03-10,43.618,-0.0401
1892-03-11,43.9267,0.7077
1892-03-12,43.7345,-0.4375
1892-03-14,43.6879,-0.1066
1892-03-15,43.6996,0.0268
1892-03-16,43.6413,-0.1334
1892-03-17,43.6413,0
1892-03-18,43.3093,-0.7607
1892-03-19,43.4374,0.2958
1892-03-21,43.1112,-0.751
1892-03-22,43.4316,0.7432
1892-03-23,43.0238,-0.9389
1892-03-24,43.0588,0.0814
1892-03-25,42.9365,-0.284
1892-03-26,42.7559,-0.4206
1892-03-28,42.6743,-0.1909
1892-03-29,43.0064,0.7782
1892-03-30,42.4996,-1.1784
1892-03-31,42.3947,-0.2468
1892-04-01,42.0627,-0.7831
1892-04-02,41.952,-0.2632
1892-04-04,42.2899,0.8054
1892-04-05,42.2957,0.0137
1892-04-06,42.9598,1.5701
1892-04-07,42.919,-0.095
1892-04-08,42.7908,-0.2987
1892-04-09,42.7559,-0.0816
1892-04-11,43.0238,0.6266
1892-04-12,42.9015,-0.2843
1892-04-13,43.1229,0.5161
1892-04-14,43.3442,0.5132
1892-04-16,43.4665,0.2822
1892-04-18,43.6005,0.3083
1892-04-19,43.286,-0.7213
1892-04-20,43.3442,0.1345
1892-04-21,43.1054,-0.5509
1892-04-22,43.018,-0.2028
1892-04-23,42.7559,-0.6093
1892-04-25,42.6452,-0.2589
1892-04-26,42.6219,-0.0546
1892-04-27,42.4355,-0.4373
1892-04-28,42.651,0.5078
1892-04-29,42.8083,0.3688
1892-04-30,42.7384,-0.1633
1892-05-02,42.7151,-0.0545
1892-05-03,42.552,-0.3818
1892-05-04,42.8433,0.6846
1892-05-05,42.6743,-0.3945
1892-05-06,42.7617,0.2048
1892-05-07,42.8083,0.109
1892-05-09,43.0122,0.4763
1892-05-10,42.785,-0.5282
1892-05-11,42.8607,0.1769
1892-05-12,42.5112,-0.8154
1892-05-13,42.2666,-0.5754
1892-05-14,42.0161,-0.5927
1892-05-16,42.3656,0.8318
1892-05-17,42.0685,-0.7013
1892-05-18,42.1151,0.1108
1892-05-19,41.7831,-0.7883
1892-05-20,41.521,-0.6273
1892-05-21,41.7016,0.435
1892-05-23,41.9579,0.6146
1892-05-24,41.6724,-0.6804
1892-05-25,42.0569,0.9227
1892-05-26,42.0569,0
1892-05-27,41.9695,-0.2078
1892-05-28,42.0627,0.2221
1892-05-31,41.8588,-0.4848
1892-06-01,41.5326,-0.7793
1892-06-02,41.719,0.4488
1892-06-03,41.719,0
1892-06-04,41.5093,-0.5026
1892-06-06,41.2181,-0.7015
1892-06-07,40.9443,-0.6643
1892-06-08,41.1307,0.4553
1892-06-09,41.3288,0.4816
1892-06-10,41.1948,-0.3242
1892-06-11,41.5967,0.9756
1892-06-13,41.9579,0.8683
1892-06-14,42.1617,0.4857
1892-06-15,42.0278,-0.3176
1892-06-16,41.6491,-0.9011
1892-06-17,41.7656,0.2797
1892-06-18,41.7249,-0.0974
1892-06-20,41.6724,-0.1258
1892-06-21,42.121,1.0765
1892-06-22,42.0452,-0.18
1892-06-23,41.987,-0.1384
1892-06-24,41.9054,-0.1943
1892-06-25,41.9346,0.0697
1892-06-27,41.9928,0.1388
1892-06-28,41.952,-0.0972
1892-06-29,41.9928,0.0973
1892-06-30,41.8006,-0.4577
1892-07-01,41.8006,0
1892-07-05,40.9327,-2.0763
1892-07-06,40.8103,-0.299
1892-07-07,41.1191,0.7567
1892-07-08,41.3346,0.5241
1892-07-09,41.3521,0.0423
1892-07-11,41.0958,-0.6198
1892-07-12,41.2006,0.255
1892-07-13,41.4161,0.5231
1892-07-14,41.1831,-0.5626
1892-07-15,41.1715,-0.0282
1892-07-16,41.2763,0.2545
1892-07-18,41.2181,-0.141
1892-07-19,41.3055,0.212
1892-07-20,41.521,0.5217
1892-07-21,41.6783,0.3788
1892-07-22,41.7132,0.0837
1892-07-23,41.6608,-0.1256
1892-07-25,41.62,-0.0979
1892-07-26,41.6783,0.1401
1892-07-27,41.952,0.6567
1892-07-28,42.2899,0.8054
1892-07-29,42.5171,0.5372
1892-07-30,42.4122,-0.2467
1892-08-01,42.5695,0.3709
1892-08-02,42.4821,-0.2053
1892-08-03,42.4239,-0.137
1892-08-04,42.2025,-0.5219
1892-08-05,42.5695,0.8696
1892-08-06,42.2666,-0.7115
1892-08-08,42.121,-0.3445
1892-08-09,42.1792,0.1382
1892-08-10,42.2608,0.1935
1892-08-11,41.987,-0.6479
1892-08-12,42.0278,0.0972
1892-08-13,41.8996,-0.305
1892-08-15,41.9404,0.0974
1892-08-16,42.2025,0.6249
1892-08-17,41.8239,-0.8971
1892-08-18,41.9113,0.209
1892-08-19,41.7249,-0.4447
1892-08-20,41.6841,-0.0978
1892-08-22,42.3481,1.5929
1892-08-23,42.2782,-0.1651
1892-08-24,42.3656,0.2067
1892-08-25,42.2316,-0.3163
1892-08-26,41.9812,-0.5929
1892-08-27,41.9928,0.0276
1892-08-29,41.6724,-0.763
1892-08-30,41.7831,0.2656
1892-08-31,41.2297,-1.3245
1892-09-01,40.5016,-1.766
1892-09-02,40.5016,0
1892-09-03,40.6181,0.2876
1892-09-06,40.6239,0.0143
1892-09-07,40.9152,0.7171
1892-09-08,40.9501,0.0853
1892-09-09,40.9851,0.0855
1892-09-10,40.7229,-0.6397
1892-09-12,40.2336,-1.2015
1892-09-13,40.2395,0.0147
1892-09-14,39.954,-0.7095
1892-09-15,39.5929,-0.9038
1892-09-16,39.89,0.7504
1892-09-17,40.0065,0.2921
1892-09-19,40.3676,0.9026
1892-09-20,40.1637,-0.5051
1892-09-21,40.2103,0.116
1892-09-22,40.4084,0.4927
1892-09-23,40.6822,0.6776
1892-09-24,40.5191,-0.4009
1892-09-26,40.822,0.7475
1892-09-27,40.7695,-0.1286
1892-09-28,40.688,-0.1999
1892-09-29,40.5773,-0.2721
1892-09-30,40.5074,-0.1723
1892-10-01,40.5074,0
1892-10-03,40.9152,1.0067
1892-10-04,41.1132,0.4839
1892-10-05,41.2181,0.2551
1892-10-06,41.1948,-0.0565
1892-10-07,41.055,-0.3394
1892-10-08,41.0142,-0.0994
1892-10-10,41.0725,0.1421
1892-10-11,41.2705,0.4821
1892-10-13,41.5618,0.7058
1892-10-14,41.5909,0.07
1892-10-15,41.6084,0.0421
1892-10-17,41.3579,-0.602
1892-10-18,41.2356,-0.2957
1892-10-19,41.2181,-0.0424
1892-10-20,41.3055,0.212
1892-10-24,41.5501,0.5922
1892-10-25,41.5385,-0.0279
1892-10-26,41.3404,-0.4769
1892-10-27,41.2472,-0.2254
1892-10-28,41.2705,0.0565
1892-10-29,41.2996,0.0705
1892-10-31,41.5093,0.5078
1892-11-01,41.7948,0.6878
1892-11-02,41.2647,-1.2683
1892-11-03,41.3404,0.1834
1892-11-04,41.3404,0
1892-11-05,41.3637,0.0564
1892-11-07,41.4394,0.183
1892-11-09,41.2297,-0.506
1892-11-10,41.4802,0.6076
1892-11-11,41.2647,-0.5195
1892-11-12,41.2414,-0.0565
1892-11-14,40.8336,-0.9888
1892-11-15,41.055,0.5422
1892-11-16,40.8802,-0.4258
1892-11-17,40.6647,-0.5272
1892-11-18,40.7987,0.3295
1892-11-19,40.7055,-0.2284
1892-11-21,40.3967,-0.7586
1892-11-22,40.4899,0.2307
1892-11-23,40.2453,-0.6041
1892-11-25,39.8084,-1.0856
1892-11-26,39.7618,-0.1171
1892-11-28,39.7851,0.0586
1892-11-29,39.5521,-0.5856
1892-11-30,39.3657,-0.4713
1892-12-01,39.3308,-0.0887
1892-12-02,39.5871,0.6517
1892-12-03,39.6744,0.2205
1892-12-05,39.9249,0.6314
1892-12-06,39.6686,-0.642
1892-12-07,39.7851,0.2937
1892-12-08,39.6861,-0.2488
1892-12-09,40.0006,0.7925
1892-12-10,40.2569,0.6407
1892-12-12,40.0123,-0.6076
1892-12-13,40.0764,0.1602
1892-12-14,40.1346,0.1452
1892-12-15,39.6162,-1.2917
1892-12-16,39.4007,-0.544
1892-12-17,39.1502,-0.6358
1892-12-19,38.958,-0.4909
1892-12-20,39.4414,1.2408
1892-12-21,39.29,-0.3839
1892-12-22,39.1735,-0.2965
1892-12-23,38.9463,-0.58
1892-12-24,39.0162,0.1795
1892-12-27,39.1968,0.4629
1892-12-28,39.2492,0.1337
1892-12-29,39.6744,1.0833
1892-12-30,39.4589,-0.5432
1892-12-31,39.6686,0.5314
1893-01-03,39.4065,-0.6607
1893-01-04,39.2783,-0.3253
1893-01-05,39.1094,-0.43
1893-01-06,39.2201,0.2831
1893-01-07,39.3948,0.4454
1893-01-09,39.5288,0.3401
1893-01-10,39.5812,0.1326
1893-01-11,39.5113,-0.1766
1893-01-12,39.9424,1.0911
1893-01-13,40.3851,1.1083
1893-01-14,40.4084,0.0577
1893-01-16,40.7754,0.9082
1893-01-17,40.5307,-0.6001
1893-01-18,40.8628,0.8194
1893-01-19,40.7812,-0.1997
1893-01-20,41.1249,0.8428
1893-01-21,41.2822,0.3825
1893-01-23,41.0433,-0.5787
1893-01-24,41.055,0.0285
1893-01-25,40.8686,-0.454
1893-01-26,40.9909,0.2993
1893-01-27,40.9734,-0.0427
1893-01-28,40.9385,-0.0852
1893-01-30,40.3851,-1.3518
1893-01-31,40.5715,0.4616
1893-02-01,40.8278,0.6317
1893-02-02,40.6356,-0.4708
1893-02-03,40.6763,0.1002
1893-02-04,40.7987,0.3009
1893-02-06,40.4026,-0.9709
1893-02-07,40.4899,0.2161
1893-02-08,40.2686,-0.5466
1893-02-09,39.9715,-0.7378
1893-02-10,39.8841,-0.2187
1893-02-11,40.0006,0.2921
1893-02-13,40.0764,0.1895
1893-02-14,39.7385,-0.8431
1893-02-15,39.7618,0.0586
1893-02-16,39.6337,-0.3222
1893-02-17,39.5172,-0.2939
1893-02-18,39.3832,-0.3391
1893-02-20,38.6259,-1.9229
1893-02-21,38.6376,0.0303
1893-02-23,37.7463,-2.3068
1893-02-24,38.0842,0.8952
1893-02-25,37.7988,-0.7494
1893-02-27,37.426,-0.9863
1893-02-28,37.9677,1.4474
1893-03-01,38.1133,0.3835
1893-03-02,38.2065,0.2445
1893-03-03,37.8221,-1.0061
1893-03-04,37.7522,-0.1848
1893-03-06,37.2221,-1.4042
1893-03-07,37.6182,1.0642
1893-03-08,37.5017,-0.3097
1893-03-09,37.3677,-0.3573
1893-03-10,37.2454,-0.3273
1893-03-11,37.2337,-0.0314
1893-03-13,37.2687,0.094
1893-03-14,37.1347,-0.3596
1893-03-15,36.5813,-1.4903
1893-03-16,36.5988,0.0478
1893-03-17,36.8901,0.7959
1893-03-18,37.1697,0.7579
1893-03-20,36.8901,-0.7522
1893-03-21,36.8726,-0.0474
1893-03-22,37.0473,0.4738
1893-03-23,37.2279,0.4875
1893-03-24,37.6124,1.0328
1893-03-25,37.8687,0.6814
1893-03-27,37.7522,-0.3076
1893-03-28,37.624,-0.3396
1893-03-29,37.6007,-0.0619
1893-03-30,38.0376,1.1619
1893-04-01,38.2939,0.6738
1893-04-03,38.2881,-0.0151
1893-04-04,37.9327,-0.9282
1893-04-05,38.6259,1.8274
1893-04-06,38.4803,-0.3769
1893-04-07,38.591,0.2877
1893-04-08,38.4221,-0.4377
1893-04-10,38.2473,-0.4549
1893-04-11,38.0318,-0.5634
1893-04-12,38.1425,0.2911
1893-04-13,37.4434,-1.8329
1893-04-14,37.5483,0.2802
1893-04-15,37.3619,-0.4964
1893-04-17,37.0357,-0.8731
1893-04-18,37.3153,0.7549
1893-04-19,36.7736,-1.4517
1893-04-20,36.4998,-0.7446
1893-04-21,36.7619,0.7181
1893-04-22,36.5522,-0.5704
1893-04-24,36.8493,0.8128
1893-04-25,37.1231,0.743
1893-04-26,37.2221,0.2667
1893-04-28,37.0939,-0.3444
1893-04-29,36.791,-0.8166
1893-05-01,36.028,-2.0739
1893-05-02,35.9522,-0.2104
1893-05-03,35.0785,-2.4302
1893-05-04,34.4028,-1.9263
1893-05-05,35.1717,2.235
1893-05-06,34.9561,-0.613
1893-05-08,35.4047,1.2833
1893-05-09,34.6241,-2.2048
1893-05-10,33.5814,-3.0115
1893-05-11,33.9076,0.9714
1893-05-12,33.8319,-0.2233
1893-05-13,32.9232,-2.6859
1893-05-15,33.0164,0.2831
1893-05-16,33.5115,1.4996
1893-05-17,34.1406,1.8773
1893-05-18,34.0591,-0.2387
1893-05-19,34.8571,2.343
1893-05-20,34.7173,-0.4011
1893-05-22,34.4727,-0.7045
1893-05-23,34.0241,-1.3013
1893-05-24,33.8377,-0.5478
1893-05-25,34.228,1.1534
1893-05-26,34.0474,-0.5276
1893-05-27,33.7562,-0.8553
1893-05-29,33.4067,-1.0354
1893-05-31,33.5057,0.2963
1893-06-01,33.0688,-1.304
1893-06-02,32.6669,-1.2153
1893-06-03,32.7485,0.2498
1893-06-05,32.8941,0.4446
1893-06-06,32.8417,-0.1593
1893-06-07,32.7135,-0.3904
1893-06-08,32.9989,0.8724
1893-06-09,33.6455,1.9595
1893-06-10,33.9775,0.9868
1893-06-12,33.529,-1.32
1893-06-13,33.395,-0.3997
1893-06-14,33.2727,-0.3662
1893-06-15,33.1912,-0.2449
1893-06-16,33.3543,0.4914
1893-06-17,33.3892,0.1046
1893-06-19,33.3368,-0.1569
1893-06-20,33.0106,-0.9785
1893-06-21,33.4183,1.2351
1893-06-22,33.2902,-0.3833
1893-06-23,32.9582,-0.9973
1893-06-24,32.83,-0.389
1893-06-26,32.329,-1.526
1893-06-27,32.8417,1.5859
1893-06-28,31.9096,-2.8382
1893-06-29,31.9388,0.0915
1893-06-30,32.329,1.2217
1893-07-01,32.5679,0.739
1893-07-03,32.463,-0.3221
1893-07-05,31.8689,-1.8301
1893-07-06,32.0611,0.6031
1893-07-07,32.2708,0.6541
1893-07-08,32.0844,-0.5776
1893-07-10,31.6475,-1.3617
1893-07-11,30.5582,-3.442
1893-07-12,30.3718,-0.61
1893-07-13,30.6107,0.7866
1893-07-14,30.8495,0.7801
1893-07-15,30.7446,-0.34
1893-07-17,30.0456,-2.2736
1893-07-18,28.5195,-5.0793
1893-07-19,28.6826,0.5719
1893-07-20,29.2709,2.0511
1893-07-21,28.9563,-1.0748
1893-07-22,28.6301,-1.1265
1893-07-24,28.2282,-1.4038
1893-07-25,27.3428,-3.1366
1893-07-26,25.3215,-7.3924
1893-07-27,26.9991,6.6252
1893-07-28,26.8127,-0.6904
1893-07-29,26.2127,-2.2377
1893-07-31,26.3758,0.6222
1893-08-01,26.737,1.3694
1893-08-02,28.4845,6.5359
1893-08-03,27.7739,-2.4947
1893-08-04,28.8398,3.8378
1893-08-05,28.6942,-0.5049
1893-08-07,28.1059,-2.0502
1893-08-08,27.6282,-1.6996
1893-08-09,27.803,0.6327
1893-08-10,28.269,1.6761
1893-08-11,28.403,0.474
1893-08-12,28.0884,-1.1076
1893-08-14,27.5758,-1.825
1893-08-15,27.4651,-0.4014
1893-08-16,27.5117,0.1697
1893-08-17,27.2088,-1.101
1893-08-18,27.1214,-0.3212
1893-08-19,27.3661,0.9022
1893-08-21,27.8671,1.8307
1893-08-22,27.6399,-0.8153
1893-08-23,27.6574,0.0633
1893-08-24,27.8496,0.6949
1893-08-25,28.135,1.0248
1893-08-26,28.3738,0.8488
1893-08-28,28.636,0.9241
1893-08-29,29.201,1.973
1893-08-30,29.4748,0.9376
1893-08-31,29.1253,-1.1858
1893-09-01,29.7311,2.08
1893-09-02,30.3369,2.0376
1893-09-05,30.9835,2.1314
1893-09-06,30.7213,-0.8463
1893-09-07,30.3718,-1.1376
1893-09-08,31.0242,2.148
1893-09-09,31.2106,0.6008
1893-09-11,31.5019,0.9333
1893-09-12,30.9776,-1.6643
1893-09-13,31.298,1.0343
1893-09-14,31.1116,-0.5956
1893-09-15,30.8728,-0.7676
1893-09-16,30.8495,-0.0755
1893-09-18,30.6864,-0.5287
1893-09-19,30.8611,0.5693
1893-09-20,30.832,-0.0943
1893-09-21,30.7912,-0.1323
1893-09-22,30.7563,-0.1133
1893-09-23,30.5291,-0.7387
1893-09-25,29.8883,-2.099
1893-09-26,29.5214,-1.2276
1893-09-27,29.2825,-0.8092
1893-09-28,30.1796,3.0636
1893-09-29,30.5757,1.3125
1893-09-30,30.5116,-0.2096
1893-10-02,30.267,-0.8017
1893-10-03,30.2903,0.077
1893-10-04,30.2961,0.0191
1893-10-05,30.1796,-0.3845
1893-10-06,30.6281,1.4861
1893-10-07,30.6573,0.0953
1893-10-09,30.7155,0.1898
1893-10-10,30.3602,-1.1567
1893-10-11,30.4068,0.1535
1893-10-12,30.5175,0.3641
1893-10-13,29.6262,-2.9206
1893-10-14,29.6437,0.0591
1893-10-16,29.7718,0.4321
1893-10-17,29.5621,-0.7044
1893-10-18,30.1854,2.1084
1893-10-19,30.3369,0.5019
1893-10-20,30.6806,1.1329
1893-10-21,30.9602,0.9113
1893-10-23,31.9504,3.1983
1893-10-24,32.3057,1.112
1893-10-25,32.8417,1.6591
1893-10-26,32.6669,-0.5323
1893-10-27,33.0455,1.159
1893-10-28,33.6805,1.9216
1893-10-30,32.9698,-2.1101
1893-10-31,32.5795,-1.1838
1893-11-01,33.1329,1.6986
1893-11-02,32.5795,-1.6702
1893-11-03,32.5387,-0.1252
1893-11-04,32.5387,0
1893-11-06,32.3523,-0.5729
1893-11-08,32.6786,1.0086
1893-11-09,32.2708,-1.2479
1893-11-10,32.2125,-0.1807
1893-11-11,32.1718,-0.1263
1893-11-13,31.9795,-0.5977
1893-11-14,31.8863,-0.2914
1893-11-15,31.8339,-0.1643
1893-11-16,31.9854,0.4759
1893-11-17,31.7349,-0.7832
1893-11-18,32.0145,0.881
1893-11-20,31.8805,-0.4186
1893-11-21,32.463,1.8271
1893-11-22,32.5096,0.1435
1893-11-23,32.3232,-0.5734
1893-11-24,32.9523,1.9463
1893-11-25,33.1446,0.5836
1893-11-27,32.6669,-1.4413
1893-11-28,33.0339,1.1235
1893-11-29,33.1446,0.3351
1893-12-01,33.4067,0.7908
1893-12-02,33.3543,-0.1569
1893-12-04,33.1679,-0.5588
1893-12-05,32.6844,-1.4577
1893-12-06,32.6611,-0.0713
1893-12-07,32.7718,0.3389
1893-12-08,32.6611,-0.3378
1893-12-09,32.0844,-1.7657
1893-12-11,32.1426,0.1814
1893-12-12,32.2184,0.2358
1893-12-13,32.3582,0.4339
1893-12-14,32.2125,-0.4503
1893-12-15,32.0261,-0.5787
1893-12-16,31.898,-0.4
1893-12-18,31.4844,-1.2966
1893-12-19,31.3155,-0.5365
1893-12-20,31.2398,-0.2417
1893-12-21,30.698,-1.7343
1893-12-22,30.465,-0.759
1893-12-23,30.5233,0.1914
1893-12-26,30.1447,-1.2404
1893-12-27,30.2204,0.2511
1893-12-28,29.7951,-1.4073
1893-12-29,29.7951,0
1893-12-30,29.9117,0.3913
1894-01-02,29.5505,-1.2076
1894-01-03,29.9583,1.38
1894-01-04,30.3194,1.2053
1894-01-05,30.1913,-0.4225
1894-01-06,30.9718,2.5852
1894-01-08,30.3544,-1.9934
1894-01-09,30.4301,0.2494
1894-01-10,30.232,-0.651
1894-01-11,29.8709,-1.1944
1894-01-12,30.0864,0.7214
1894-01-13,30.1796,0.3098
1894-01-15,31.0009,2.7214
1894-01-16,30.7738,-0.7326
1894-01-17,30.7097,-0.2083
1894-01-18,30.6514,-0.1898
1894-01-19,31.1407,1.5963
1894-01-20,31.2864,0.4679
1894-01-22,31.333,0.1489
1894-01-23,31.1524,-0.5764
1894-01-24,31.2281,0.243
1894-01-25,31.1233,-0.3356
1894-01-26,31.2631,0.4492
1894-01-27,31.4029,0.4472
1894-01-29,31.3504,-0.1672
1894-01-30,31.5951,0.7805
1894-01-31,31.6359,0.1291
1894-02-01,31.665,0.092
1894-02-02,31.4902,-0.552
1894-02-03,31.5485,0.1851
1894-02-05,31.5252,-0.0739
1894-02-06,31.4495,-0.2401
1894-02-07,31.2747,-0.5558
1894-02-08,31.2805,0.0185
1894-02-09,31.3155,0.1119
1894-02-10,31.2572,-0.1862
1894-02-12,30.931,-1.0436
1894-02-13,30.8437,-0.2822
1894-02-14,31.0009,0.5097
1894-02-15,30.9893,-0.0374
1894-02-16,31.2689,0.9022
1894-02-17,31.1873,-0.261
1894-02-19,31.065,-0.3921
1894-02-20,31.0592,-0.0187
1894-02-21,31.1932,0.4314
1894-02-23,31.0941,-0.3177
1894-02-24,31.1116,0.0563
1894-02-26,31.1407,0.0935
1894-02-27,31.3504,0.6734
1894-02-28,31.6067,0.8175
1894-03-01,31.9155,0.977
1894-03-02,31.5776,-1.0587
1894-03-03,31.7174,0.4427
1894-03-05,32.0203,0.955
1894-03-06,31.8048,-0.673
1894-03-07,32.0844,0.8791
1894-03-08,31.9038,-0.5629
1894-03-09,31.9679,0.2009
1894-03-10,32.0844,0.3644
1894-03-12,32.2417,0.4903
1894-03-13,32.562,0.9934
1894-03-14,32.4339,-0.3934
1894-03-15,32.2009,-0.7184
1894-03-16,32.5504,1.0854
1894-03-17,32.4514,-0.3041
1894-03-19,32.5387,0.269
1894-03-20,32.7193,0.555
1894-03-21,32.6378,-0.2491
1894-03-22,32.5329,-0.3214
1894-03-24,32.5562,0.0716
1894-03-26,32.7659,0.6441
1894-03-27,32.6378,-0.391
1894-03-28,32.9232,0.8744
1894-03-29,32.6553,-0.8137
1894-03-30,32.9989,1.0522
1894-03-31,33.098,0.3003
1894-04-02,32.8533,-0.7393
1894-04-03,32.8766,0.0709
1894-04-04,32.7193,-0.4785
1894-04-05,33.0747,1.0862
1894-04-06,33.3601,0.8629
1894-04-07,33.1912,-0.5063
1894-04-09,33.1504,-0.1229
1894-04-10,33.0514,-0.2986
1894-04-11,33.0688,0.0526
1894-04-12,32.8766,-0.5812
1894-04-13,32.9815,0.3191
1894-04-14,32.9815,0
1894-04-16,32.7543,-0.6889
1894-04-17,32.6669,-0.2668
1894-04-18,32.5912,-0.2317
1894-04-19,32.5504,-0.1252
1894-04-20,32.7659,0.6621
1894-04-21,32.7135,-0.1599
1894-04-23,32.2766,-1.3355
1894-04-24,32.3174,0.1264
1894-04-25,32.4164,0.3063
1894-04-26,32.2708,-0.4492
1894-04-27,32.1834,-0.2708
1894-04-28,32.2883,0.3259
1894-04-30,32.4514,0.5051
1894-05-01,32.7252,0.8437
1894-05-02,32.6261,-0.3028
1894-05-03,32.1776,-1.3747
1894-05-04,32.3174,0.4345
1894-05-05,32.2184,-0.3063
1894-05-07,32.1601,-0.181
1894-05-08,32.1193,-0.1269
1894-05-09,31.9737,-0.4533
1894-05-10,32.1776,0.6377
1894-05-11,32.096,-0.2536
1894-05-12,32.1426,0.1452
1894-05-14,32.0727,-0.2175
1894-05-15,31.6825,-1.2166
1894-05-16,31.4262,-0.809
1894-05-17,31.3796,-0.1483
1894-05-18,30.9718,-1.2996
1894-05-19,30.7796,-0.6206
1894-05-21,30.5524,-0.7382
1894-05-22,30.7039,0.4959
1894-05-23,31.2106,1.6503
1894-05-24,30.9835,-0.7276
1894-05-25,31.4145,1.3911
1894-05-26,31.3796,-0.1111
1894-05-28,31.0068,-1.188
1894-05-29,31.1932,0.6012
1894-05-31,31.0184,-0.5604
1894-06-01,30.9893,-0.0938
1894-06-02,31.1116,0.3947
1894-06-04,31.3446,0.7489
1894-06-05,31.2689,-0.2415
1894-06-06,31.7174,1.4343
1894-06-07,31.7757,0.1838
1894-06-08,31.7757,0
1894-06-09,31.5893,-0.5866
1894-06-11,31.4436,-0.4612
1894-06-12,31.4728,0.0929
1894-06-13,31.566,0.2961
1894-06-14,31.1349,-1.3657
1894-06-15,31.0184,-0.3742
1894-06-16,31.0475,0.0938
1894-06-18,31.0242,-0.075
1894-06-19,30.8611,-0.5257
1894-06-20,30.8087,-0.1698
1894-06-21,30.7563,-0.1701
1894-06-22,30.4476,-1.0037
1894-06-23,30.3078,-0.4591
1894-06-25,30.2728,-0.1155
1894-06-26,30.5524,0.9236
1894-06-27,30.9369,1.2585
1894-06-28,30.6281,-0.9982
1894-06-29,30.5291,-0.3232
1894-06-30,30.465,-0.21
1894-07-02,30.401,-0.2101
1894-07-03,30.5233,0.4023
1894-07-05,30.5524,0.0953
1894-07-06,30.4068,-0.4766
1894-07-07,30.0515,-1.1685
1894-07-09,30.1913,0.4652
1894-07-10,30.0864,-0.3475
1894-07-11,30.4184,1.1035
1894-07-12,30.3893,-0.0957
1894-07-13,30.5524,0.5367
1894-07-14,30.7563,0.6674
1894-07-16,30.8611,0.3407
1894-07-17,30.8262,-0.1131
1894-07-18,30.8495,0.0756
1894-07-19,30.6747,-0.5666
1894-07-20,30.6223,-0.1708
1894-07-21,30.6398,0.0571
1894-07-23,30.4068,-0.7604
1894-07-24,30.465,0.1914
1894-07-25,30.2903,-0.5734
1894-07-26,30.3718,0.2691
1894-07-27,30.3194,-0.1725
1894-07-28,30.2029,-0.3842
1894-07-30,30.0631,-0.4629
1894-07-31,30.1155,0.1743
1894-08-01,29.9699,-0.4835
1894-08-02,30.0049,0.1168
1894-08-03,30.4068,1.3394
1894-08-04,30.6165,0.6896
1894-08-06,30.4417,-0.5709
1894-08-07,30.7272,0.9379
1894-08-08,30.9077,0.5874
1894-08-09,31.1116,0.6597
1894-08-10,31.1349,0.0749
1894-08-11,30.9893,-0.4676
1894-08-13,31.6941,2.2743
1894-08-14,31.9562,0.827
1894-08-15,31.7582,-0.6196
1894-08-16,32.1252,1.1556
1894-08-17,32.3698,0.7614
1894-08-18,32.6844,0.9719
1894-08-20,32.8999,0.6593
1894-08-21,32.4747,-1.2924
1894-08-22,32.7135,0.7353
1894-08-23,33.2902,1.7629
1894-08-24,33.43,0.4199
1894-08-25,33.2086,-0.6623
1894-08-27,33.5523,1.035
1894-08-28,33.063,-1.4583
1894-08-29,32.8125,-0.7576
1894-08-30,32.9582,0.444
1894-08-31,32.7543,-0.6187
1894-09-01,32.9232,0.5157
1894-09-04,33.2785,1.0792
1894-09-05,33.0688,-0.6301
1894-09-06,32.8999,-0.5108
1894-09-07,32.7543,-0.4426
1894-09-08,32.7368,-0.0534
1894-09-10,32.9989,0.8006
1894-09-11,33.0747,0.2297
1894-09-12,33.0164,-0.1763
1894-09-13,32.8067,-0.6351
1894-09-14,32.6786,-0.3905
1894-09-15,32.5038,-0.5349
1894-09-17,31.9562,-1.6847
1894-09-18,31.9795,0.0729
1894-09-19,32.2475,0.838
1894-09-20,32.329,0.2527
1894-09-21,31.9912,-1.0449
1894-09-22,32.1659,0.5461
1894-09-24,31.7873,-1.177
1894-09-25,31.7698,-0.0551
1894-09-26,31.531,-0.7517
1894-09-27,31.5135,-0.0555
1894-09-28,31.3563,-0.4988
1894-09-29,31.2223,-0.4273
1894-10-01,30.8204,-1.2872
1894-10-02,30.8728,0.17
1894-10-03,30.8145,-0.1888
1894-10-04,30.966,0.4917
1894-10-05,31.2223,0.8277
1894-10-06,31.397,0.5595
1894-10-08,31.0825,-1.0017
1894-10-09,30.867,-0.6933
1894-10-10,30.8029,-0.2077
1894-10-11,30.8786,0.2458
1894-10-12,30.9776,0.3206
1894-10-13,30.9893,0.0378
1894-10-15,30.6689,-1.0339
1894-10-16,30.7155,0.1519
1894-10-17,30.8495,0.4363
1894-10-18,30.8786,0.0943
1894-10-19,31.1699,0.9434
1894-10-20,31.0359,-0.4299
1894-10-22,30.9776,-0.1878
1894-10-23,30.8961,-0.2631
1894-10-24,30.9485,0.1696
1894-10-25,30.7796,-0.5457
1894-10-26,30.6747,-0.3408
1894-10-27,30.3602,-1.0253
1894-10-29,29.8476,-1.6884
1894-10-30,29.9932,0.4878
1894-10-31,29.8534,-0.4661
1894-11-01,30.0748,0.7416
1894-11-02,30.2903,0.7165
1894-11-03,30.401,0.3655
1894-11-05,30.6456,0.8046
1894-11-07,31.0883,1.4446
1894-11-08,30.9835,-0.3371
1894-11-09,31.5718,1.8988
1894-11-10,31.9096,1.0699
1894-11-12,31.4902,-1.3143
1894-11-13,31.5601,0.222
1894-11-14,31.1815,-1.1996
1894-11-15,31.0708,-0.355
1894-11-16,30.9543,-0.375
1894-11-17,30.6048,-1.1291
1894-11-19,30.6689,0.2094
1894-11-20,30.6107,-0.1898
1894-11-21,30.2612,-1.1418
1894-11-22,30.3136,0.1732
1894-11-23,30.2146,-0.3266
1894-11-24,30.4767,0.8675
1894-11-26,30.2146,-0.86
1894-11-27,30.3252,0.366
1894-11-28,29.9175,-1.3444
1894-11-30,29.7019,-0.7206
1894-12-01,30.0864,1.2945
1894-12-03,30.1913,0.3487
1894-12-04,30.1621,-0.0967
1894-12-05,30.1447,-0.0577
1894-12-06,30.1447,0
1894-12-07,30.6514,1.6809
1894-12-08,30.3951,-0.8362
1894-12-10,30.1447,-0.8238
1894-12-11,30.3078,0.5411
1894-12-12,30.5524,0.8071
1894-12-13,31.0009,1.468
1894-12-14,30.6747,-1.0522
1894-12-15,30.4942,-0.5884
1894-12-17,30.5874,0.3056
1894-12-18,30.3951,-0.6287
1894-12-19,30.1505,-0.8047
1894-12-20,30.2903,0.4637
1894-12-21,30.3485,0.1921
1894-12-22,30.168,-0.5948
1894-12-24,30.1505,-0.058
1894-12-26,29.8476,-1.0046
1894-12-27,29.8068,-0.1367
1894-12-28,29.7019,-0.3519
1894-12-29,29.801,0.3336
1894-12-31,29.7427,-0.1956
1895-01-02,29.4282,-1.0574
1895-01-03,29.5447,0.3959
1895-01-04,29.3583,-0.6309
1895-01-05,29.3466,-0.0399
1895-01-07,29.5447,0.675
1895-01-08,29.667,0.4139
1895-01-09,29.8709,0.6873
1895-01-10,29.7252,-0.4878
1895-01-11,29.9583,0.7842
1895-01-12,29.9291,-0.0975
1895-01-14,30.0573,0.4283
1895-01-15,29.9408,-0.3876
1895-01-16,30.0922,0.5057
1895-01-17,30.232,0.4646
1895-01-18,30.2612,0.0966
1895-01-19,30.0689,-0.6355
1895-01-21,29.7951,-0.9106
1895-01-22,29.6728,-0.4105
1895-01-23,29.3874,-0.9618
1895-01-24,29.4689,0.2773
1895-01-25,29.4573,-0.0394
1895-01-26,29.3641,-0.3164
1895-01-28,29.102,-0.8926
1895-01-29,28.9505,-0.5206
1895-01-30,29.0262,0.2615
1895-01-31,29.3408,1.0838
1895-02-01,29.7718,1.4689
1895-02-02,29.7485,-0.0783
1895-02-04,29.8301,0.2743
1895-02-05,29.6379,-0.6443
1895-02-06,29.8126,0.5894
1895-02-07,29.8068,-0.0195
1895-02-08,29.3874,-1.4071
1895-02-09,29.2126,-0.5948
1895-02-11,28.968,-0.8373
1895-02-12,29.0146,0.1609
1895-02-13,29.0845,0.2409
1895-02-14,28.9971,-0.3005
1895-02-15,28.8457,-0.5221
1895-02-16,28.9855,0.4846
1895-02-18,28.9563,-0.1007
1895-02-19,28.9389,-0.0601
1895-02-20,29.067,0.4427
1895-02-21,29.0262,-0.1404
1895-02-23,28.9272,-0.3411
1895-02-25,28.7641,-0.5638
1895-02-26,28.5428,-0.7694
1895-02-27,28.6651,0.4285
1895-02-28,28.4088,-0.8941
1895-03-01,28.5894,0.6357
1895-03-02,28.3971,-0.6726
1895-03-04,28.5311,0.4719
1895-03-05,28.7466,0.7553
1895-03-06,28.467,-0.9726
1895-03-07,28.5661,0.3481
1895-03-08,28.403,-0.571
1895-03-09,28.4729,0.2461
1895-03-11,28.7117,0.8387
1895-03-12,28.7874,0.2637
1895-03-13,28.8107,0.0809
1895-03-14,28.8224,0.0406
1895-03-15,28.7408,-0.2831
1895-03-16,28.8224,0.2839
1895-03-18,29.1719,1.2126
1895-03-19,29.6786,1.7369
1895-03-20,29.5563,-0.4121
1895-03-21,29.7893,0.7883
1895-03-22,29.6495,-0.4693
1895-03-23,30.0922,1.4931
1895-03-25,30.3602,0.8906
1895-03-26,30.3078,-0.1726
1895-03-27,29.8709,-1.4415
1895-03-28,30.0748,0.6826
1895-03-29,30.2087,0.4452
1895-03-30,30.5582,1.157
1895-04-01,30.4243,-0.4382
1895-04-02,30.4942,0.2298
1895-04-03,30.1913,-0.9933
1895-04-04,30.1155,-0.2511
1895-04-05,30.1563,0.1355
1895-04-06,30.0748,-0.2703
1895-04-08,30.168,0.3099
1895-04-09,30.0922,-0.2513
1895-04-10,30.2495,0.5227
1895-04-11,30.3369,0.2889
1895-04-13,30.6631,1.0753
1895-04-15,30.7796,0.3799
1895-04-16,30.8204,0.1326
1895-04-17,30.9893,0.548
1895-04-18,31.432,1.4286
1895-04-19,31.397,-0.1114
1895-04-20,31.5135,0.3711
1895-04-22,31.531,0.0555
1895-04-23,31.9446,1.3117
1895-04-24,31.6941,-0.7842
1895-04-25,31.898,0.6433
1895-04-26,31.9679,0.2191
1895-04-27,31.9096,-0.1824
1895-04-29,31.9504,0.1279
1895-04-30,31.764,-0.5834
1895-05-01,31.9854,0.697
1895-05-02,32.2184,0.7285
1895-05-03,32.0145,-0.6329
1895-05-04,32.0436,0.0909
1895-05-06,32.4747,1.3454
1895-05-07,33.0048,1.6323
1895-05-08,32.8824,-0.3709
1895-05-09,33.4416,1.7006
1895-05-10,33.7853,1.0278
1895-05-11,34.1115,0.9655
1895-05-13,33.7853,-0.9563
1895-05-14,33.6921,-0.2759
1895-05-15,33.1446,-1.625
1895-05-16,34.0591,2.7591
1895-05-17,34.129,0.2052
1895-05-18,33.8727,-0.751
1895-05-20,33.4242,-1.3241
1895-05-21,33.7911,1.0977
1895-05-22,33.4533,-0.9997
1895-05-23,33.6513,0.5919
1895-05-24,33.8669,0.6407
1895-05-25,33.9309,0.189
1895-05-27,34.03,0.2921
1895-05-28,33.4999,-1.5577
1895-05-29,33.5873,0.2609
1895-05-31,33.628,0.1212
1895-06-01,33.4999,-0.3809
1895-06-03,33.8261,0.9737
1895-06-04,33.6164,-0.6199
1895-06-05,33.2436,-1.109
1895-06-06,33.2785,0.105
1895-06-07,33.2785,0
1895-06-08,33.4125,0.4027
1895-06-10,33.5232,0.3313
1895-06-11,33.9775,1.3552
1895-06-12,34.0999,0.3602
1895-06-13,34.1989,0.2903
1895-06-14,34.1057,-0.2725
1895-06-15,34.1057,0
1895-06-17,34.327,0.6489
1895-06-18,34.3503,0.0679
1895-06-19,34.3969,0.1357
1895-06-20,34.3678,-0.0846
1895-06-21,34.0824,-0.8304
1895-06-22,33.8843,-0.5812
1895-06-24,34.2397,1.0489
1895-06-25,34.3154,0.2211
1895-06-26,34.0474,-0.781
1895-06-27,33.7795,-0.7868
1895-06-28,33.6572,-0.3621
1895-06-29,33.6222,-0.104
1895-07-01,33.8377,0.6409
1895-07-02,33.7212,-0.3443
1895-07-03,33.8028,0.242
1895-07-05,33.9834,0.5343
1895-07-06,33.9601,-0.0686
1895-07-08,34.1756,0.6346
1895-07-09,33.9484,-0.6648
1895-07-10,34.263,0.9267
1895-07-11,33.861,-1.1733
1895-07-12,33.8902,0.0862
1895-07-13,33.762,-0.3783
1895-07-15,33.8144,0.1552
1895-07-16,33.6688,-0.4306
1895-07-17,33.9368,0.796
1895-07-18,33.9251,-0.0345
1895-07-19,33.9542,0.0858
1895-07-20,34.0766,0.3605
1895-07-22,34.5134,1.2818
1895-07-23,34.6474,0.3883
1895-07-24,34.6066,-0.1178
1895-07-25,34.6649,0.1685
1895-07-26,34.9095,0.7056
1895-07-27,35.0843,0.5007
1895-07-29,35.3289,0.6972
1895-07-30,35.3231,-0.0164
1895-07-31,35.4921,0.4784
1895-08-01,35.428,-0.1806
1895-08-02,35.0668,-1.0195
1895-08-03,35.195,0.3656
1895-08-05,35.0552,-0.3972
1895-08-06,34.9736,-0.2328
1895-08-07,34.9853,0.0335
1895-08-08,34.962,-0.0666
1895-08-09,35.2124,0.7162
1895-08-10,35.3056,0.2647
1895-08-12,35.2124,-0.264
1895-08-13,35.259,0.1323
1895-08-14,35.0901,-0.479
1895-08-15,35.1542,0.1827
1895-08-16,35.1775,0.0663
1895-08-17,35.2474,0.1987
1895-08-19,35.2707,0.0661
1895-08-20,35.4105,0.3964
1895-08-21,35.3348,-0.2138
1895-08-22,35.4222,0.2473
1895-08-23,35.393,-0.0824
1895-08-24,35.4921,0.28
1895-08-26,35.7425,0.7055
1895-08-27,36.261,1.4507
1895-08-28,36.4299,0.4658
1895-08-29,36.4182,-0.0321
1895-08-30,36.3542,-0.1757
1895-08-31,36.5289,0.4805
1895-09-03,36.9483,1.1481
1895-09-04,37.1464,0.5362
1895-09-05,36.6279,-1.3958
1895-09-06,36.7095,0.2228
1895-09-07,36.8493,0.3808
1895-09-09,37.0357,0.5058
1895-09-10,36.3891,-1.7459
1895-09-11,36.092,-0.8165
1895-09-12,35.9406,-0.4195
1895-09-13,35.2299,-1.9774
1895-09-14,34.7523,-1.3557
1895-09-16,35.0668,0.905
1895-09-17,35.4338,1.0466
1895-09-18,35.4804,0.1315
1895-09-19,35.8882,1.1494
1895-09-20,35.9406,0.146
1895-09-21,36.1095,0.4699
1895-09-23,36.4066,0.8228
1895-09-24,35.9988,-1.1201
1895-09-25,36.1212,0.34
1895-09-26,36.0221,-0.2744
1895-09-27,36.1153,0.2587
1895-09-28,36.1619,0.129
1895-09-30,35.8241,-0.9341
1895-10-01,35.993,0.4715
1895-10-02,36.2551,0.7282
1895-10-03,36.2027,-0.1445
1895-10-04,35.8008,-1.1101
1895-10-05,35.6668,-0.3743
1895-10-07,35.661,-0.0163
1895-10-08,35.428,-0.6534
1895-10-09,35.7076,0.7892
1895-10-10,35.5328,-0.4895
1895-10-11,35.562,0.0822
1895-10-12,35.7192,0.442
1895-10-14,35.6493,-0.1957
1895-10-15,36.0396,1.0948
1895-10-16,35.7542,-0.7919
1895-10-17,35.5911,-0.4562
1895-10-18,35.4979,-0.2619
1895-10-19,35.4396,-0.1642
1895-10-21,35.4455,0.0166
1895-10-22,35.3814,-0.1808
1895-10-23,35.1367,-0.6916
1895-10-24,34.9503,-0.5305
1895-10-25,35.1542,0.5834
1895-10-26,34.9969,-0.4475
1895-10-28,34.8746,-0.3495
1895-10-29,34.5251,-1.0022
1895-10-30,34.2513,-0.793
1895-10-31,34.1465,-0.306
1895-11-01,34.1639,0.051
1895-11-02,33.9193,-0.716
1895-11-04,33.2494,-1.975
1895-11-06,33.1504,-0.2977
1895-11-07,33.5407,1.1774
1895-11-08,33.0747,-1.3894
1895-11-09,33.0688,-0.0178
1895-11-11,33.3659,0.8984
1895-11-12,33.9659,1.7982
1895-11-13,33.9484,-0.0515
1895-11-14,34.0067,0.1717
1895-11-15,33.7795,-0.6681
1895-11-16,33.7853,0.0172
1895-11-18,33.6222,-0.4828
1895-11-19,33.3834,-0.7102
1895-11-20,33.4416,0.1743
1895-11-21,33.3368,-0.3134
1895-11-22,33.1795,-0.4719
1895-11-23,33.1912,0.0353
1895-11-25,33.5232,1.0003
1895-11-26,33.4649,-0.1739
1895-11-27,33.7271,0.7835
1895-11-29,33.5814,-0.432
1895-11-30,33.4242,-0.4681
1895-12-02,33.4649,0.1218
1895-12-03,33.7154,0.7485
1895-12-04,33.3484,-1.0885
1895-12-05,33.2203,-0.3841
1895-12-06,33.3834,0.491
1895-12-07,33.331,-0.157
1895-12-09,33.1912,-0.4194
1895-12-10,33.2203,0.0877
1895-12-11,33.1038,-0.3507
1895-12-12,33.098,-0.0175
1895-12-13,33.2319,0.4046
1895-12-14,33.2028,-0.0876
1895-12-16,33.6397,1.3159
1895-12-17,33.1446,-1.4718
1895-12-18,32.7485,-1.1951
1895-12-19,32.1601,-1.7967
1895-12-20,29.4223,-8.513
1895-12-21,28.2865,-3.8603
1895-12-23,29.7718,5.2509
1895-12-24,30.6514,2.9545
1895-12-26,30.733,0.2662
1895-12-27,29.999,-2.3883
1895-12-28,30.1447,0.4857
1895-12-30,29.8825,-0.8698
1895-12-31,30.4243,1.8131
1896-01-02,30.1913,-0.7658
1896-01-03,30.1505,-0.1351
1896-01-04,29.5913,-1.8547
1896-01-06,28.7408,-2.8742
1896-01-07,28.601,-0.4864
1896-01-08,29.0088,1.4258
1896-01-09,29.2476,0.8232
1896-01-10,29.5913,1.1751
1896-01-11,29.667,0.2558
1896-01-13,30.3252,2.2186
1896-01-14,30.267,-0.1919
1896-01-15,30.3544,0.2888
1896-01-16,30.3252,-0.0962
1896-01-17,29.9757,-1.1525
1896-01-18,29.4864,-1.6323
1896-01-20,29.6087,0.4148
1896-01-21,29.8126,0.6886
1896-01-22,30.2204,1.3679
1896-01-23,29.9175,-1.0023
1896-01-24,30.4825,1.8885
1896-01-25,30.6747,0.6305
1896-01-27,30.8495,0.5699
1896-01-28,31.0359,0.6042
1896-01-29,31.1407,0.3377
1896-01-30,31.2572,0.3741
1896-01-31,31.5194,0.8388
1896-02-01,31.5543,0.1107
1896-02-03,31.2689,-0.9045
1896-02-04,31.6883,1.3413
1896-02-05,32.1252,1.3787
1896-02-06,32.0786,-0.1451
1896-02-07,32.1892,0.3448
1896-02-08,32.3698,0.5611
1896-02-10,32.6553,0.882
1896-02-11,32.1077,-1.6769
1896-02-13,32.5679,1.4333
1896-02-14,32.2475,-0.9838
1896-02-15,32.1368,-0.3433
1896-02-17,32.2766,0.435
1896-02-18,32.2009,-0.2345
1896-02-19,32.3756,0.5425
1896-02-20,32.7135,1.0437
1896-02-21,32.8009,0.2672
1896-02-24,33.0805,0.8524
1896-02-25,32.8708,-0.6339
1896-02-26,32.696,-0.5318
1896-02-27,32.6786,-0.0532
1896-02-28,32.1252,-1.6935
1896-02-29,31.9446,-0.5622
1896-03-02,31.9679,0.0729
1896-03-03,32.0203,0.1639
1896-03-04,32.4164,1.237
1896-03-05,32.1718,-0.7546
1896-03-06,32.0145,-0.4889
1896-03-07,32.0261,0.0362
1896-03-09,32.032,0.0184
1896-03-10,32.0145,-0.0546
1896-03-11,31.9679,-0.1456
1896-03-12,32.0436,0.2368
1896-03-13,31.9795,-0.2
1896-03-14,31.8514,-0.4006
1896-03-16,31.7524,-0.3108
1896-03-17,31.8863,0.4217
1896-03-18,31.5019,-1.2055
1896-03-19,31.3446,-0.4993
1896-03-20,31.898,1.7655
1896-03-21,31.3388,-1.7531
1896-03-23,30.8495,-1.5613
1896-03-24,30.8553,0.0188
1896-03-25,30.9893,0.4343
1896-03-26,30.9485,-0.1317
1896-03-27,30.9077,-0.1318
1896-03-28,31.065,0.5089
1896-03-30,31.2106,0.4687
1896-03-31,31.4611,0.8026
1896-04-01,31.3679,-0.2962
1896-04-02,31.4262,0.1859
1896-04-04,31.5427,0.3707
1896-04-06,31.3912,-0.4803
1896-04-07,31.4902,0.3154
1896-04-08,31.3621,-0.4068
1896-04-09,31.2631,-0.3157
1896-04-10,31.3679,0.3352
1896-04-11,31.4029,0.1116
1896-04-13,31.6592,0.8162
1896-04-14,31.7058,0.1472
1896-04-15,31.8514,0.4592
1896-04-16,31.8339,-0.0549
1896-04-17,31.7116,-0.3842
1896-04-18,31.8281,0.3674
1896-04-20,32.3349,1.5923
1896-04-21,32.4455,0.342
1896-04-22,32.7252,0.8621
1896-04-23,32.6261,-0.3028
1896-04-24,32.5853,-0.1251
1896-04-25,32.4747,-0.3394
1896-04-27,32.6494,0.538
1896-04-28,32.4863,-0.4995
1896-04-29,32.4281,-0.1792
1896-04-30,32.2941,-0.4132
1896-05-01,32.2417,-0.1623
1896-05-02,32.329,0.2708
1896-05-04,32.4048,0.2345
1896-05-05,32.1951,-0.6471
1896-05-06,32.0727,-0.3802
1896-05-07,31.6417,-1.3438
1896-05-08,31.7582,0.3682
1896-05-09,31.863,0.33
1896-05-11,31.3912,-1.4807
1896-05-12,31.3737,-0.0557
1896-05-13,31.6184,0.78
1896-05-14,31.6708,0.1657
1896-05-15,31.3679,-0.9564
1896-05-16,31.3854,0.0558
1896-05-18,31.4728,0.2785
1896-05-19,31.3679,-0.3333
1896-05-20,31.531,0.52
1896-05-21,31.6242,0.2956
1896-05-22,31.6999,0.2394
1896-05-23,31.8689,0.5331
1896-05-25,31.63,-0.7496
1896-05-26,31.5834,-0.1473
1896-05-27,31.4436,-0.4426
1896-05-28,31.1349,-0.9818
1896-05-29,31.4495,1.0104
1896-06-01,31.4728,0.0741
1896-06-02,31.0825,-1.2401
1896-06-03,31.0941,0.0373
1896-06-04,31.2106,0.3747
1896-06-05,31.3854,0.5601
1896-06-06,31.3388,-0.1485
1896-06-08,31.0534,-0.9107
1896-06-09,30.9427,-0.3565
1896-06-10,30.2262,-2.3156
1896-06-11,30.9194,2.2934
1896-06-12,31.0417,0.3955
1896-06-13,31.3737,1.0695
1896-06-15,31.863,1.5596
1896-06-16,32.0786,0.6766
1896-06-17,32.1892,0.3448
1896-06-18,31.6766,-1.5925
1896-06-19,31.7232,0.1471
1896-06-20,31.5485,-0.5507
1896-06-22,30.9369,-1.9386
1896-06-23,30.867,-0.2259
1896-06-24,31.1233,0.8303
1896-06-25,31.0825,-0.1311
1896-06-26,31.1174,0.1123
1896-06-27,30.5641,-1.7781
1896-06-29,29.6845,-2.8779
1896-06-30,30.0398,1.1969
1896-07-01,29.2243,-2.7147
1896-07-02,29.6087,1.3153
1896-07-03,29.5039,-0.354
1896-07-06,29.5447,0.1383
1896-07-07,29.6437,0.3351
1896-07-08,29.5388,-0.3539
1896-07-09,29.1777,-1.2225
1896-07-10,29.4165,0.8184
1896-07-11,30.1097,2.3565
1896-07-13,29.3,-2.6892
1896-07-14,28.7233,-1.9683
1896-07-15,27.8671,-2.9809
1896-07-16,27.5758,-1.0453
1896-07-17,27.4826,-0.338
1896-07-18,27.2438,-0.8689
1896-07-20,26.5855,-2.4163
1896-07-21,26.702,0.4382
1896-07-22,27.5525,3.1852
1896-07-23,27.4651,-0.3172
1896-07-24,27.104,-1.3148
1896-07-25,27.5875,1.7839
1896-07-27,27.203,-1.3937
1896-07-28,26.6554,-2.013
1896-07-29,26.7545,0.3718
1896-07-30,26.9292,0.653
1896-07-31,27.2671,1.2548
1896-08-01,27.0923,-0.6411
1896-08-03,26.9467,-0.5374
1896-08-04,26.5098,-1.6213
1896-08-05,26.3933,-0.4395
1896-08-06,25.7817,-2.3173
1896-08-07,25.0011,-3.0277
1896-08-08,24.3604,-2.5627
1896-08-10,25.7875,5.8583
1896-08-11,25.8283,0.1582
1896-08-12,25.4264,-1.556
1896-08-13,26.1603,2.8864
1896-08-14,26.3817,0.8463
1896-08-15,26.3351,-0.1766
1896-08-17,26.6263,1.1057
1896-08-18,26.5855,-0.1532
1896-08-19,26.7428,0.5917
1896-08-20,26.3525,-1.4595
1896-08-21,25.9215,-1.6355
1896-08-22,26.0496,0.4942
1896-08-24,25.8225,-0.8718
1896-08-25,25.6652,-0.6092
1896-08-26,25.5953,-0.2724
1896-08-27,25.7293,0.5235
1896-08-28,26.3875,2.5582
1896-08-29,26.5739,0.7064
1896-08-31,26.8302,0.9645
1896-09-01,26.7778,-0.1953
1896-09-02,27.6108,3.1108
1896-09-03,27.4768,-0.4853
1896-09-04,28.1001,2.2685
1896-09-05,28.1467,0.1658
1896-09-08,28.2806,0.4757
1896-09-09,28.2865,0.0209
1896-09-10,27.7913,-1.7507
1896-09-11,28.1175,1.1737
1896-09-12,27.8787,-0.8493
1896-09-14,27.7622,-0.4179
1896-09-15,27.5059,-0.9232
1896-09-16,27.1914,-1.1434
1896-09-17,27.8263,2.3349
1896-09-18,27.8554,0.1046
1896-09-19,27.9078,0.1881
1896-09-21,28.3389,1.5447
1896-09-22,28.2107,-0.4524
1896-09-23,28.3505,0.4956
1896-09-24,28.636,1.007
1896-09-25,29.0146,1.3221
1896-09-26,29.2476,0.803
1896-09-28,29.0088,-0.8165
1896-09-29,29.2476,0.8232
1896-09-30,29.2476,0
1896-10-01,29.2243,-0.0797
1896-10-02,29.1253,-0.3388
1896-10-03,29.0437,-0.2802
1896-10-05,29.1835,0.4813
1896-10-06,28.9563,-0.7785
1896-10-07,28.5719,-1.3275
1896-10-08,28.4903,-0.2856
1896-10-09,28.2166,-0.9607
1896-10-10,27.9428,-0.9704
1896-10-12,27.6748,-0.9591
1896-10-13,28.2748,2.168
1896-10-14,28.4554,0.6387
1896-10-15,28.2049,-0.8803
1896-10-16,28.2282,0.0826
1896-10-17,28.2282,0
1896-10-19,28.6243,1.4032
1896-10-20,29.1136,1.7094
1896-10-21,29.3117,0.6804
1896-10-22,29.4398,0.437
1896-10-23,29.7019,0.8903
1896-10-24,29.7951,0.3138
1896-10-26,30.1272,1.1146
1896-10-27,29.8359,-0.9669
1896-10-28,29.5913,-0.8198
1896-10-29,28.8864,-2.3821
1896-10-30,29.9524,3.6903
1896-10-31,30.2786,1.0891
1896-11-02,30.9427,2.1933
1896-11-04,31.7931,2.7483
1896-11-05,31.2922,-1.5755
1896-11-06,32.0786,2.5131
1896-11-07,32.5853,1.5796
1896-11-09,32.9232,1.037
1896-11-10,33.0164,0.2831
1896-11-11,32.6786,-1.0231
1896-11-12,32.8417,0.4991
1896-11-13,32.4281,-1.2594
1896-11-14,32.4747,0.1437
1896-11-16,32.0902,-1.184
1896-11-17,32.032,-0.1814
1896-11-18,32.0553,0.0727
1896-11-19,32.0611,0.0181
1896-11-20,31.8164,-0.7632
1896-11-21,31.5893,-0.7138
1896-11-23,31.5776,-0.037
1896-11-24,31.6592,0.2584
1896-11-25,31.4728,-0.5888
1896-11-27,31.3155,-0.4998
1896-11-28,31.164,-0.4838
1896-11-30,30.733,-1.383
1896-12-01,31.2456,1.6679
1896-12-02,31.3563,0.3543
1896-12-03,31.5893,0.7431
1896-12-04,31.6592,0.2213
1896-12-05,31.531,-0.4049
1896-12-07,31.2805,-0.7945
1896-12-08,31.3038,0.0745
1896-12-09,31.2339,-0.2233
1896-12-10,31.0359,-0.6339
1896-12-11,31.0475,0.0374
1896-12-12,31.0126,-0.1124
1896-12-14,30.4301,-1.8783
1896-12-15,30.2612,-0.555
1896-12-16,30.4767,0.7121
1896-12-17,30.7272,0.8219
1896-12-18,29.1136,-5.2514
1896-12-19,29.5214,1.4007
1896-12-21,30.0398,1.756
1896-12-22,29.5796,-1.532
1896-12-23,29.6146,0.1183
1896-12-24,29.8184,0.6882
1896-12-28,29.7078,-0.3709
1896-12-29,30.0631,1.196
1896-12-30,30.0049,-0.1936
1896-12-31,29.9,-0.3496
1897-01-02,29.8447,-0.1849
1897-01-04,29.5736,-0.9084
1897-01-05,29.9399,1.2386
1897-01-06,29.9985,0.1957
1897-01-07,29.9399,-0.1953
1897-01-08,30.0132,0.2448
1897-01-09,29.9619,-0.1709
1897-01-11,29.852,-0.3668
1897-01-12,30.3282,1.5952
1897-01-13,30.3648,0.1207
1897-01-14,30.6139,0.8204
1897-01-15,30.9655,1.1485
1897-01-16,31.3684,1.3011
1897-01-18,31.3245,-0.1399
1897-01-19,31.6834,1.1457
1897-01-20,31.3391,-1.0867
1897-01-21,31.1486,-0.6079
1897-01-22,31.0754,-0.235
1897-01-23,30.7824,-0.9429
1897-01-25,30.7018,-0.2618
1897-01-26,30.9289,0.7397
1897-01-27,30.9215,-0.0239
1897-01-28,30.6798,-0.7817
1897-01-29,30.8117,0.4299
1897-01-30,31.1779,1.1885
1897-02-01,31.0461,-0.4227
1897-02-02,30.7824,-0.8494
1897-02-03,30.7164,-0.2144
1897-02-04,30.2549,-1.5025
1897-02-05,30.2036,-0.1696
1897-02-06,30.3428,0.4609
1897-02-08,30.1157,-0.7484
1897-02-09,29.7201,-1.3136
1897-02-10,29.7201,0
1897-02-11,29.5004,-0.7392
1897-02-13,29.0975,-1.3657
1897-02-15,29.1121,0.0502
1897-02-16,29.5223,1.409
1897-02-17,29.5223,0
1897-02-18,29.537,0.0498
1897-02-19,29.5077,-0.0992
1897-02-20,29.7348,0.7696
1897-02-23,29.808,0.2462
1897-02-24,29.8593,0.1721
1897-02-25,29.4564,-1.3493
1897-02-26,30.2476,2.686
1897-02-27,30.5553,1.0173
1897-03-01,30.5406,-0.0481
1897-03-02,30.6798,0.4558
1897-03-03,30.8629,0.5968
1897-03-04,30.2842,-1.8751
1897-03-05,30.3648,0.2661
1897-03-06,30.2622,-0.3379
1897-03-08,30.6944,1.4282
1897-03-09,30.4893,-0.6682
1897-03-10,30.6139,0.4087
1897-03-11,30.7237,0.3587
1897-03-12,30.8043,0.2623
1897-03-13,30.9801,0.5707
1897-03-15,30.8263,-0.4964
1897-03-16,30.7164,-0.3565
1897-03-17,30.4014,-1.0255
1897-03-18,30.4747,0.2411
1897-03-19,30.123,-1.1541
1897-03-20,30.2183,0.3164
1897-03-22,30.3208,0.3392
1897-03-23,29.9326,-1.2803
1897-03-24,29.7421,-0.6364
1897-03-25,29.7275,-0.0491
1897-03-26,29.3539,-1.2567
1897-03-27,28.9509,-1.3729
1897-03-29,28.6652,-0.9868
1897-03-30,29.2,1.8657
1897-03-31,28.9143,-0.9784
1897-04-01,29.1341,0.7602
1897-04-02,29.1634,0.1006
1897-04-03,29.222,0.2009
1897-04-05,29.1121,-0.3761
1897-04-06,28.9876,-0.4277
1897-04-07,29.1048,0.4043
1897-04-08,29.5736,1.6107
1897-04-09,29.4564,-0.3963
1897-04-10,29.515,0.1989
1897-04-12,29.2659,-0.844
1897-04-13,29.6176,1.2017
1897-04-14,29.1268,-1.6571
1897-04-15,28.8704,-0.8803
1897-04-17,28.6213,-0.8628
1897-04-19,28.1964,-1.4846
1897-04-20,28.3429,0.5196
1897-04-21,28.5041,0.5687
1897-04-22,28.255,-0.8739
1897-04-23,28.1964,-0.2074
1897-04-24,28.233,0.1298
1897-04-26,28.7312,1.7646
1897-04-28,28.5847,-0.5099
1897-04-29,28.5773,-0.0259
1897-04-30,28.5407,-0.1281
1897-05-01,28.3722,-0.5904
1897-05-03,28.4088,0.129
1897-05-04,28.9216,1.8051
1897-05-05,28.7019,-0.7596
1897-05-06,28.9656,0.9188
1897-05-07,29.0022,0.1264
1897-05-08,29.0242,0.0759
1897-05-10,29.2659,0.8328
1897-05-11,29.2293,-0.1251
1897-05-12,29.0755,-0.5262
1897-05-13,28.7678,-1.0583
1897-05-14,28.5261,-0.8402
1897-05-15,28.3283,-0.6934
1897-05-17,28.3283,0
1897-05-18,28.7165,1.3704
1897-05-19,28.4235,-1.0203
1897-05-20,28.3283,-0.3349
1897-05-21,28.4455,0.4137
1897-05-22,28.5554,0.3864
1897-05-24,28.8118,0.8979
1897-05-25,28.7165,-0.3308
1897-05-26,28.9729,0.8929
1897-05-27,28.7238,-0.8598
1897-05-28,29.0389,1.097
1897-05-29,29.2366,0.6808
1897-06-01,29.3099,0.2507
1897-06-02,29.4637,0.5247
1897-06-03,29.5077,0.1493
1897-06-04,29.6835,0.5958
1897-06-05,30.0644,1.2832
1897-06-07,30.2696,0.6825
1897-06-08,30.5772,1.0162
1897-06-09,30.9215,1.126
1897-06-10,31.0461,0.403
1897-06-11,31.1633,0.3775
1897-06-12,31.1853,0.0706
1897-06-14,31.471,0.9161
1897-06-15,31.3538,-0.3724
1897-06-16,31.0534,-0.9581
1897-06-17,31.2732,0.7078
1897-06-18,31.5515,0.8899
1897-06-19,31.4197,-0.4177
1897-06-21,31.2219,-0.6295
1897-06-22,31.3538,0.4225
1897-06-23,31.6321,0.8876
1897-06-24,31.786,0.4865
1897-06-25,31.7054,-0.2536
1897-06-26,32.0131,0.9705
1897-06-28,32.6797,2.0823
1897-06-29,32.4306,-0.7622
1897-06-30,32.3061,-0.3839
1897-07-01,32.3867,0.2495
1897-07-02,32.3647,-0.0679
1897-07-03,32.1449,-0.6791
1897-07-06,31.9398,-0.638
1897-07-07,32.2841,1.078
1897-07-08,32.1742,-0.3404
1897-07-09,32.35,0.5464
1897-07-10,32.5039,0.4757
1897-07-12,33.002,1.5324
1897-07-13,33.4123,1.2433
1897-07-14,33.4855,0.2191
1897-07-15,33.1632,-0.9625
1897-07-16,33.317,0.4638
1897-07-17,33.3463,0.0879
1897-07-19,34.0276,2.0431
1897-07-20,34.2547,0.6674
1897-07-21,34.3939,0.4064
1897-07-22,34.9653,1.6613
1897-07-23,35.0752,0.3143
1897-07-24,35.1045,0.0835
1897-07-26,34.9506,-0.4384
1897-07-27,34.5111,-1.2575
1897-07-28,35.0605,1.592
1897-07-29,34.9433,-0.3343
1897-07-30,35.1265,0.5243
1897-07-31,35.0752,-0.146
1897-08-02,35.7784,2.0048
1897-08-03,36.7015,2.58
1897-08-04,37.1703,1.2773
1897-08-05,37.5439,1.0051
1897-08-06,37.8882,0.9171
1897-08-07,37.9468,0.1547
1897-08-09,37.5952,-0.9266
1897-08-10,37.8956,0.799
1897-08-11,37.9468,0.1351
1897-08-12,38.0714,0.3284
1897-08-13,37.7271,-0.9044
1897-08-14,38.0714,0.9126
1897-08-16,38.2325,0.4232
1897-08-17,37.7637,-1.2262
1897-08-18,37.9395,0.4655
1897-08-19,37.9468,0.0192
1897-08-20,37.837,-0.2894
1897-08-21,37.9761,0.3676
1897-08-23,38.379,1.0609
1897-08-24,38.4816,0.2673
1897-08-25,38.1886,-0.7614
1897-08-26,38.5036,0.8249
1897-08-27,38.7673,0.6849
1897-08-28,38.8992,0.3402
1897-08-30,38.9944,0.2447
1897-08-31,40.1519,2.9684
1897-09-01,40.6134,1.1494
1897-09-02,40.8551,0.5951
1897-09-03,40.7599,-0.233
1897-09-04,40.7672,0.0179
1897-09-07,40.8405,0.1798
1897-09-08,40.7306,-0.2691
1897-09-09,40.8844,0.3776
1897-09-10,40.8917,0.0179
1897-09-11,40.8112,-0.1969
1897-09-13,40.0053,-1.9747
1897-09-14,40.5474,1.3551
1897-09-15,40.7452,0.4878
1897-09-16,40.4888,-0.6293
1897-09-17,40.628,0.3438
1897-09-18,40.5474,-0.1984
1897-09-20,40.042,-1.2464
1897-09-21,38.4816,-3.8969
1897-09-22,39.1556,1.7515
1897-09-23,39.2655,0.2807
1897-09-24,38.445,-2.0896
1897-09-25,38.3131,-0.3431
1897-09-27,38.7746,1.2045
1897-09-28,38.3204,-1.1714
1897-09-29,38.0201,-0.7837
1897-09-30,37.3461,-1.7727
1897-10-01,37.7564,1.0986
1897-10-02,38.5256,2.0373
1897-10-04,38.5768,0.1329
1897-10-05,38.2838,-0.7595
1897-10-06,37.9395,-0.8993
1897-10-07,37.6318,-0.811
1897-10-08,37.8296,0.5256
1897-10-09,37.2729,-1.4716
1897-10-11,37.0971,-0.4717
1897-10-12,35.6319,-3.9496
1897-10-13,36.0788,1.2542
1897-10-14,35.7418,-0.9341
1897-10-15,35.4708,-0.7582
1897-10-16,35.5953,0.351
1897-10-18,36.0422,1.2555
1897-10-19,36.511,1.3007
1897-10-20,36.9139,1.1035
1897-10-21,36.4964,-1.131
1897-10-22,36.6282,0.3611
1897-10-23,36.3791,-0.6801
1897-10-25,35.7198,-1.8123
1897-10-26,35.9689,0.6974
1897-10-27,35.6026,-1.0184
1897-10-28,35.5001,-0.2879
1897-10-29,35.7565,0.7223
1897-10-30,35.9176,0.4505
1897-11-01,35.9762,0.1632
1897-11-03,34.9213,-2.9322
1897-11-04,34.6576,-0.7551
1897-11-05,33.5002,-3.3395
1897-11-06,33.9324,1.2901
1897-11-08,33.4416,-1.4464
1897-11-09,34.0862,1.9275
1897-11-10,34.5184,1.268
1897-11-11,33.8371,-1.9737
1897-11-12,34.0203,0.5414
1897-11-13,34.5184,1.4641
1897-11-15,34.0423,-1.3793
1897-11-16,34.4672,1.2482
1897-11-17,34.306,-0.4677
1897-11-18,34.4232,0.3416
1897-11-19,34.6283,0.5958
1897-11-20,34.599,-0.0846
1897-11-22,34.3499,-0.72
1897-11-23,34.1595,-0.5543
1897-11-24,33.8518,-0.9008
1897-11-26,34.2108,1.0605
1897-11-27,34.5697,1.0491
1897-11-29,34.284,-0.8264
1897-11-30,34.7675,1.4103
1897-12-01,35.4634,2.0016
1897-12-02,35.3902,-0.2064
1897-12-03,35.3902,0
1897-12-04,35.3316,-0.1656
1897-12-06,35.7418,1.161
1897-12-07,36.2326,1.3732
1897-12-08,36.1814,-0.1413
1897-12-09,36.3352,0.4251
1897-12-10,36.0275,-0.8468
1897-12-11,36.2473,0.6101
1897-12-13,36.489,0.6668
1897-12-14,36.3865,-0.2809
1897-12-15,35.9103,-1.3087
1897-12-16,35.5587,-0.9791
1897-12-17,35.2656,-0.8243
1897-12-18,35.7784,1.4541
1897-12-20,35.4927,-0.7985
1897-12-21,35.3462,-0.4128
1897-12-22,35.5587,0.6012
1897-12-23,35.7784,0.6179
1897-12-24,36.1814,1.1264
1897-12-27,36.1081,-0.2026
1897-12-28,36.1447,0.1014
1897-12-29,36.1374,-0.0202
1897-12-30,36.0495,-0.2432
1897-12-31,36.196,0.4064
1898-01-03,36.1227,-0.2025
1898-01-04,35.8297,-0.8111
1898-01-05,36.2839,1.2677
1898-01-06,36.7601,1.3124
1898-01-07,37.119,0.9763
1898-01-08,37.0824,-0.0986
1898-01-10,37.0165,-0.1777
1898-01-11,36.87,-0.3958
1898-01-12,36.7674,-0.2783
1898-01-13,36.5183,-0.6775
1898-01-14,36.3572,-0.4411
1898-01-15,36.0055,-0.9673
1898-01-17,36.1594,0.4274
1898-01-18,35.7565,-1.1142
1898-01-19,36.1008,0.9629
1898-01-20,35.9396,-0.4465
1898-01-21,35.837,-0.2855
1898-01-22,35.8077,-0.0818
1898-01-24,35.1631,-1.8002
1898-01-25,35.6466,1.375
1898-01-26,36.2839,1.7878
1898-01-27,36.4671,0.5049
1898-01-28,36.1301,-0.9241
1898-01-29,36.3059,0.4866
1898-01-31,36.6355,0.9078
1898-02-01,36.4524,-0.4998
1898-02-02,36.2912,-0.4422
1898-02-03,36.2912,0
1898-02-04,36.4964,0.5654
1898-02-05,36.7967,0.8228
1898-02-07,36.7088,-0.2389
1898-02-08,36.3498,-0.978
1898-02-09,36.5257,0.4839
1898-02-10,36.7454,0.6015
1898-02-11,36.7308,-0.0397
1898-02-14,36.2546,-1.2965
1898-02-15,36.6575,1.1113
1898-02-16,35.8737,-2.1382
1898-02-17,36.0422,0.4697
1898-02-18,35.5953,-1.2399
1898-02-19,35.0093,-1.6463
1898-02-21,34.5111,-1.4231
1898-02-23,33.8152,-2.0165
1898-02-24,32.7237,-3.2278
1898-02-25,33.1925,1.4326
1898-02-26,33.0899,-0.3091
1898-02-28,33.8225,2.214
1898-03-01,34.7748,2.8156
1898-03-02,34.1228,-1.8749
1898-03-03,34.1009,-0.0642
1898-03-04,33.8152,-0.8378
1898-03-05,33.5002,-0.9315
1898-03-07,32.8628,-1.9027
1898-03-08,33.1852,0.981
1898-03-09,33.339,0.4635
1898-03-10,33.2438,-0.2856
1898-03-11,32.5552,-2.0714
1898-03-12,31.7127,-2.5879
1898-03-14,32.7676,3.3264
1898-03-15,32.5332,-0.7153
1898-03-16,33.3537,2.522
1898-03-17,32.6357,-2.1527
1898-03-18,32.8628,0.6959
1898-03-19,32.8482,-0.0444
1898-03-21,32.5991,-0.7583
1898-03-22,31.8299,-2.3596
1898-03-23,31.6614,-0.5294
1898-03-24,31.3025,-1.1336
1898-03-25,30.7677,-1.7085
1898-03-26,31.4636,2.2618
1898-03-28,33.2145,5.5648
1898-03-29,32.5918,-1.8748
1898-03-30,33.8078,3.731
1898-03-31,33.2731,-1.5816
1898-04-01,32.3354,-2.8182
1898-04-02,32.6724,1.0422
1898-04-04,33.3903,2.1973
1898-04-05,33.0094,-1.1408
1898-04-06,33.7126,2.1303
1898-04-07,33.6833,-0.0869
1898-04-08,33.317,-1.0875
1898-04-09,33.361,0.1321
1898-04-11,33.6613,0.9002
1898-04-12,33.9324,0.8054
1898-04-13,33.1046,-2.4396
1898-04-14,33.7419,1.9251
1898-04-15,33.2364,-1.4981
1898-04-16,32.6211,-1.8513
1898-04-18,32.9068,0.8758
1898-04-19,32.5845,-0.9794
1898-04-20,32.6431,0.1798
1898-04-21,31.6981,-2.8949
1898-04-22,32.1376,1.3865
1898-04-23,32.6357,1.5499
1898-04-25,32.2475,-1.1895
1898-04-26,32.4966,0.7725
1898-04-27,32.5259,0.0902
1898-04-28,32.9727,1.3737
1898-04-29,33.5148,1.6441
1898-04-30,33.698,0.5466
1898-05-02,35.6026,5.652
1898-05-03,35.3829,-0.6171
1898-05-05,36.2107,2.3395
1898-05-06,36.0129,-0.5462
1898-05-07,36.9212,2.5222
1898-05-09,37.3974,1.2898
1898-05-10,36.9652,-1.1557
1898-05-11,37.8223,2.3187
1898-05-12,37.4267,-1.0459
1898-05-13,37.2289,-0.5285
1898-05-14,37.1264,-0.2753
1898-05-16,36.87,-0.6906
1898-05-17,37.5512,1.8476
1898-05-18,37.0311,-1.385
1898-05-19,37.3901,0.9695
1898-05-20,37.1703,-0.5879
1898-05-21,37.6538,1.3008
1898-05-23,37.8956,0.6422
1898-05-24,38.3058,1.0824
1898-05-25,37.9981,-0.8033
1898-05-26,38.0201,0.0579
1898-05-27,38.152,0.3469
1898-05-28,38.1959,0.1151
1898-05-31,38.6354,1.1506
1898-06-01,38.7307,0.2467
1898-06-02,39.0896,0.9267
1898-06-03,38.6574,-1.1057
1898-06-04,38.9211,0.6821
1898-06-06,39.0677,0.3767
1898-06-07,39.0457,-0.0563
1898-06-08,38.9358,-0.2815
1898-06-09,38.9138,-0.0565
1898-06-10,39.346,1.1107
1898-06-11,39.0164,-0.8377
1898-06-13,38.5402,-1.2205
1898-06-14,38.2399,-0.7792
1898-06-15,37.2655,-2.5481
1898-06-16,37.9249,1.7695
1898-06-17,38.1886,0.6953
1898-06-18,37.749,-1.1511
1898-06-20,38.0201,0.7182
1898-06-21,37.8956,-0.3275
1898-06-22,37.6392,-0.6766
1898-06-23,37.9029,0.7006
1898-06-24,38.1007,0.5219
1898-06-25,38.3571,0.673
1898-06-27,38.5768,0.5728
1898-06-28,38.4157,-0.4176
1898-06-29,38.6721,0.6674
1898-06-30,38.5475,-0.3222
1898-07-01,38.8259,0.7222
1898-07-05,38.8186,-0.0188
1898-07-06,38.6647,-0.3965
1898-07-07,38.8918,0.5874
1898-07-08,39.0091,0.3016
1898-07-09,39.1775,0.4317
1898-07-11,39.0823,-0.243
1898-07-12,38.9431,-0.3562
1898-07-13,38.5402,-1.0346
1898-07-14,38.9358,1.0265
1898-07-15,38.4816,-1.1665
1898-07-16,38.3644,-0.3046
1898-07-18,38.2911,-0.1911
1898-07-19,38.3278,0.0958
1898-07-20,38.5622,0.6116
1898-07-21,38.9211,0.9307
1898-07-22,38.8332,-0.2258
1898-07-23,38.9798,0.3775
1898-07-25,39.3167,0.8643
1898-07-26,39.683,0.9317
1898-07-27,39.3973,-0.72
1898-07-28,39.4486,0.1302
1898-07-29,39.5731,0.3156
1898-07-30,39.705,0.3333
1898-08-01,39.998,0.7379
1898-08-02,40.4815,1.2088
1898-08-03,40.628,0.3619
1898-08-04,40.4815,-0.3606
1898-08-05,40.9137,1.0676
1898-08-06,40.9723,0.1432
1898-08-08,41.2507,0.6795
1898-08-09,41.2434,-0.0177
1898-08-10,41.4705,0.5506
1898-08-11,41.4265,-0.1061
1898-08-12,41.1774,-0.6013
1898-08-13,41.6316,1.103
1898-08-15,42.1225,1.1792
1898-08-16,42.8184,1.6521
1898-08-17,43.1407,0.7527
1898-08-18,42.5473,-1.3755
1898-08-19,43.2872,1.739
1898-08-22,43.507,0.5078
1898-08-23,43.6828,0.4041
1898-08-24,43.7487,0.1509
1898-08-25,44.3348,1.3397
1898-08-26,44.6645,0.7437
1898-08-27,44.452,-0.4758
1898-08-29,43.6389,-1.8292
1898-08-30,43.8953,0.5875
1898-08-31,44.2103,0.7176
1898-09-01,44.3201,0.2484
1898-09-02,44.2322,-0.1983
1898-09-06,44.0711,-0.3642
1898-09-07,43.1627,-2.0612
1898-09-08,42.8843,-0.645
1898-09-09,42.3202,-1.3154
1898-09-10,42.7671,1.056
1898-09-12,42.5473,-0.5139
1898-09-13,42.1591,-0.9124
1898-09-14,42.0638,-0.226
1898-09-15,42.7671,1.672
1898-09-16,42.518,-0.5825
1898-09-17,42.6059,0.2067
1898-09-19,42.203,-0.9456
1898-09-20,41.9247,-0.6594
1898-09-21,42.7305,1.922
1898-09-22,42.2909,-1.0288
1898-09-23,42.2177,-0.1731
1898-09-24,42.1444,-0.1736
1898-09-26,41.4265,-1.7034
1898-09-27,40.4522,-2.3519
1898-09-28,39.9394,-1.2677
1898-09-29,40.2031,0.6603
1898-09-30,39.1482,-2.6239
1898-10-01,38.4743,-1.7214
1898-10-03,39.2801,2.0944
1898-10-04,39.412,0.3358
1898-10-05,39.3827,-0.0743
1898-10-06,39.0896,-0.7442
1898-10-07,38.8845,-0.5247
1898-10-08,39.0237,0.358
1898-10-10,38.467,-1.4266
1898-10-11,37.9835,-1.2569
1898-10-12,37.9542,-0.0771
1898-10-13,38.7307,2.0459
1898-10-14,38.2985,-1.1159
1898-10-15,38.0201,-0.7269
1898-10-17,38.2252,0.5395
1898-10-18,37.9175,-0.805
1898-10-19,37.771,-0.3864
1898-10-20,37.9468,0.4654
1898-10-21,38.2472,0.7916
1898-10-22,38.8332,1.5321
1898-10-24,38.716,-0.3018
1898-10-25,39.2948,1.495
1898-10-26,39.727,1.0999
1898-10-27,39.7343,0.0184
1898-10-28,40.2105,1.1985
1898-10-29,40.1079,-0.2552
1898-10-31,40.606,1.2419
1898-11-01,40.2471,-0.8839
1898-11-02,39.9321,-0.7827
1898-11-03,40.2544,0.8071
1898-11-04,40.1079,-0.3639
1898-11-05,40.2398,0.3289
1898-11-07,40.7086,1.165
1898-11-09,40.5108,-0.4859
1898-11-10,41.0383,1.3021
1898-11-11,41.3166,0.6781
1898-11-12,41.8587,1.3121
1898-11-14,41.8148,-0.1049
1898-11-15,41.6829,-0.3154
1898-11-16,41.5877,-0.2284
1898-11-17,41.6023,0.0351
1898-11-18,41.4485,-0.3697
1898-11-19,41.6243,0.4241
1898-11-21,41.573,-0.1232
1898-11-22,41.7342,0.3878
1898-11-23,41.5437,-0.4565
1898-11-25,41.2214,-0.7758
1898-11-26,41.3899,0.4088
1898-11-28,41.6023,0.5132
1898-11-29,41.6756,0.1762
1898-11-30,41.9027,0.5449
1898-12-01,42.6059,1.6782
1898-12-02,42.5913,-0.0343
1898-12-03,42.8184,0.5332
1898-12-05,42.7085,-0.2567
1898-12-06,42.7085,0
1898-12-07,42.8697,0.3774
1898-12-08,43.2506,0.8885
1898-12-09,43.7707,1.2025
1898-12-10,44.0344,0.6025
1898-12-12,44.159,0.283
1898-12-13,43.6096,-1.2441
1898-12-14,43.4997,-0.252
1898-12-15,43.1993,-0.6906
1898-12-16,43.0821,-0.2713
1898-12-17,43.0308,-0.1191
1898-12-19,43.0601,0.0681
1898-12-20,43.3019,0.5615
1898-12-21,43.3605,0.1353
1898-12-22,43.5363,0.4054
1898-12-23,44.0198,1.1106
1898-12-27,44.2615,0.5491
1898-12-28,43.2213,-2.3501
1898-12-29,44.0711,1.9662
1898-12-30,44.3348,0.5984
1899-01-03,44.2542,-0.1818
1899-01-04,44.4593,0.4635
1899-01-05,44.6205,0.3626
1899-01-06,44.5839,-0.082
1899-01-07,44.9428,0.805
1899-01-09,45.4043,1.0269
1899-01-10,45.0161,-0.855
1899-01-11,44.9135,-0.2279
1899-01-12,44.8549,-0.1305
1899-01-13,45.2065,0.7839
1899-01-14,45.0014,-0.4537
1899-01-16,44.8915,-0.2442
1899-01-17,44.9868,0.2123
1899-01-18,45.3677,0.8467
1899-01-19,45.6388,0.5976
1899-01-20,45.712,0.1604
1899-01-21,45.5509,-0.3524
1899-01-23,45.69,0.3054
1899-01-24,45.2725,-0.9138
1899-01-25,46.1882,2.0226
1899-01-26,46.7596,1.2371
1899-01-27,47.353,1.269
1899-01-28,47.5215,0.3558
1899-01-30,47.6313,0.2311
1899-01-31,47.1405,-1.0304
1899-02-01,47.2064,0.1398
1899-02-02,46.8328,-0.7914
1899-02-03,46.5984,-0.5005
1899-02-04,46.4373,-0.3457
1899-02-06,46.1882,-0.5364
1899-02-07,45.3824,-1.7446
1899-02-08,45.5875,0.4519
1899-02-09,45.4922,-0.209
1899-02-10,45.4996,0.0163
1899-02-14,45.8219,0.7084
1899-02-15,45.7853,-0.0799
1899-02-16,45.9318,0.32
1899-02-17,46.2468,0.6858
1899-02-18,47.4409,2.582
1899-02-20,48.906,3.0883
1899-02-21,49.0012,0.1947
1899-02-23,49.3162,0.6428
1899-02-24,49.3382,0.0446
1899-02-25,49.4627,0.2523
1899-02-27,49.0672,-0.7996
1899-02-28,48.9206,-0.2988
1899-03-01,48.8181,-0.2095
1899-03-02,48.276,-1.1104
1899-03-03,49.0965,1.6996
1899-03-04,48.884,-0.4328
1899-03-06,48.3126,-1.1689
1899-03-07,48.6423,0.6824
1899-03-08,49.2943,1.3404
1899-03-09,49.5653,0.5498
1899-03-10,49.9169,0.7094
1899-03-11,49.9316,0.0294
1899-03-13,50.4664,1.0711
1899-03-14,50.5323,0.1306
1899-03-15,50.4737,-0.116
1899-03-16,51.7996,2.6269
1899-03-17,52.2025,0.7778
1899-03-18,52.7593,1.0666
1899-03-20,52.1513,-1.1524
1899-03-21,52.2172,0.1264
1899-03-22,52.6201,0.7716
1899-03-23,52.4223,-0.3759
1899-03-24,52.73,0.587
1899-03-25,53.0377,0.5835
1899-03-27,54.012,1.837
1899-03-28,54.7226,1.3156
1899-03-29,54.3343,-0.7096
1899-03-30,54.4515,0.2157
1899-04-01,55.0522,1.1032
1899-04-03,55.6895,1.1576
1899-04-04,55.7042,0.0264
1899-04-05,55.5797,-0.2235
1899-04-06,54.3343,-2.2407
1899-04-07,53.5358,-1.4696
1899-04-08,53.5798,0.0822
1899-04-10,53.1842,-0.7383
1899-04-11,54.5687,2.6032
1899-04-12,55.0156,0.819
1899-04-13,55.1841,0.3063
1899-04-14,55.7042,0.9425
1899-04-15,55.8947,0.342
1899-04-17,55.6456,-0.4457
1899-04-18,55.9386,0.5265
1899-04-19,55.8873,-0.0917
1899-04-20,55.7115,-0.3146
1899-04-21,56.195,0.8679
1899-04-22,56.4148,0.3911
1899-04-24,56.0632,-0.6232
1899-04-25,56.6126,0.98
1899-04-26,56.51,-0.1812
1899-04-27,56.4294,-0.1426
1899-04-28,56.4807,0.0909
1899-04-29,56.195,-0.5058
1899-05-01,54.642,-2.7636
1899-05-02,55.7042,1.9439
1899-05-03,55.6749,-0.0526
1899-05-04,55.228,-0.8027
1899-05-05,54.5614,-1.207
1899-05-06,54.0852,-0.8728
1899-05-08,52.8765,-2.2348
1899-05-09,51.2649,-3.0479
1899-05-10,53.0889,3.558
1899-05-11,52.6567,-0.8141
1899-05-12,52.8765,0.4174
1899-05-13,50.8107,-3.9068
1899-05-15,51.111,0.591
1899-05-16,51.9828,1.7057
1899-05-17,53.2941,2.5226
1899-05-18,52.6274,-1.251
1899-05-19,52.6054,-0.0418
1899-05-20,52.5761,-0.0557
1899-05-22,52.5322,-0.0835
1899-05-23,52.0194,-0.9762
1899-05-24,51.4773,-1.0421
1899-05-25,51.8363,0.6974
1899-05-26,51.492,-0.6642
1899-05-27,50.9205,-1.1099
1899-05-31,49.4554,-2.8772
1899-06-01,50.1074,1.3184
1899-06-02,51.3601,2.5
1899-06-03,51.3747,0.0284
1899-06-05,51.0817,-0.5703
1899-06-06,51.3454,0.5162
1899-06-07,51.7996,0.8846
1899-06-08,52.034,0.4525
1899-06-09,52.9571,1.774
1899-06-10,53.0523,0.1798
1899-06-12,53.5358,0.9114
1899-06-13,52.6567,-1.6421
1899-06-14,52.686,0.0556
1899-06-15,52.5322,-0.2919
1899-06-16,52.4663,-0.1254
1899-06-17,52.2318,-0.447
1899-06-19,51.5945,-1.2201
1899-06-20,51.4993,-0.1845
1899-06-21,50.8326,-1.2946
1899-06-22,50.4297,-0.7926
1899-06-23,51.1476,1.4236
1899-06-24,51.2502,0.2006
1899-06-26,51.1696,-0.1573
1899-06-27,51.6018,0.8446
1899-06-28,51.6751,0.142
1899-06-29,51.4114,-0.5103
1899-06-30,51.5579,0.285
1899-07-01,51.7703,0.412
1899-07-05,52.3637,1.1462
1899-07-06,52.686,0.6155
1899-07-07,52.8545,0.3198
1899-07-08,52.5175,-0.6376
1899-07-10,51.6824,-1.5901
1899-07-11,52.2685,1.134
1899-07-12,52.415,0.2803
1899-07-13,52.5029,0.1677
1899-07-14,52.0267,-0.907
1899-07-15,52.1146,0.169
1899-07-17,51.9388,-0.3373
1899-07-18,52.2831,0.6629
1899-07-19,52.0634,-0.4202
1899-07-20,52.4296,0.7034
1899-07-21,52.8032,0.7126
1899-07-22,52.5175,-0.5411
1899-07-24,52.5615,0.0838
1899-07-25,52.8838,0.6132
1899-07-26,52.7373,-0.277
1899-07-27,53.0963,0.6807
1899-07-28,53.4406,0.6484
1899-07-29,53.4772,0.0685
1899-07-31,54.012,1.0001
1899-08-01,54.1292,0.217
1899-08-02,54.4222,0.5413
1899-08-03,54.6566,0.4307
1899-08-04,54.7079,0.0939
1899-08-05,54.2684,-0.8034
1899-08-07,53.9753,-0.5401
1899-08-08,54.3783,0.7466
1899-08-09,54.642,0.4849
1899-08-10,55.2134,1.0457
1899-08-11,55.0815,-0.2389
1899-08-12,55.5211,0.7981
1899-08-14,55.8434,0.5805
1899-08-15,55.4038,-0.7872
1899-08-16,55.0522,-0.6346
1899-08-17,55.3965,0.6254
1899-08-18,55.4112,0.0265
1899-08-19,55.7188,0.5551
1899-08-21,55.4771,-0.4338
1899-08-22,55.0156,-0.8319
1899-08-23,55.6749,1.1984
1899-08-24,55.3892,-0.5132
1899-08-25,55.3745,-0.0265
1899-08-26,55.3892,0.0265
1899-08-28,55.4112,0.0397
1899-08-29,55.1328,-0.5024
1899-08-30,55.7042,1.0364
1899-08-31,55.4258,-0.4998
1899-09-01,55.3599,-0.1189
1899-09-02,55.4991,0.2514
1899-09-05,56.8543,2.4418
1899-09-06,56.3855,-0.8246
1899-09-07,56.1218,-0.4677
1899-09-08,56.0851,-0.0654
1899-09-09,56.4148,0.5879
1899-09-11,55.3745,-1.844
1899-09-12,54.7079,-1.2038
1899-09-13,55.7555,1.9149
1899-09-14,55.4185,-0.6044
1899-09-15,54.6127,-1.454
1899-09-16,53.8728,-1.3548
1899-09-18,53.0303,-1.5639
1899-09-19,53.5505,0.9809
1899-09-20,53.1475,-0.7526
1899-09-21,53.5505,0.7583
1899-09-22,54.3709,1.532
1899-09-23,54.1072,-0.485
1899-09-25,53.3014,-1.4893
1899-09-26,53.0377,-0.4947
1899-09-27,53.2135,0.3315
1899-09-28,53.382,0.3166
1899-10-02,51.9754,-2.635
1899-10-03,51.9901,0.0283
1899-10-04,52.5468,1.0708
1899-10-05,52.7666,0.4183
1899-10-06,52.9644,0.3749
1899-10-07,53.2428,0.5256
1899-10-09,53.2355,-0.0137
1899-10-10,53.8215,1.1008
1899-10-11,53.4772,-0.6397
1899-10-12,53.0743,-0.7534
1899-10-13,52.6054,-0.8835
1899-10-14,52.6348,0.0559
1899-10-16,53.0889,0.8627
1899-10-17,52.9058,-0.3449
1899-10-18,53.4259,0.9831
1899-10-19,53.3746,-0.096
1899-10-20,53.5578,0.3432
1899-10-21,53.7629,0.383
1899-10-23,54.6566,1.6623
1899-10-24,54.4369,-0.402
1899-10-25,54.5101,0.1345
1899-10-26,54.5907,0.1479
1899-10-27,54.5174,-0.1343
1899-10-28,54.8178,0.551
1899-10-30,54.4808,-0.6148
1899-10-31,54.9204,0.8069
1899-11-01,55.0669,0.2667
1899-11-02,55.4698,0.7317
1899-11-03,55.1914,-0.5019
1899-11-04,54.891,-0.5443
1899-11-06,55.0376,0.2671
1899-11-08,55.0376,0
1899-11-09,54.4881,-0.9984
1899-11-10,53.968,-0.9545
1899-11-11,53.5212,-0.8279
1899-11-13,54.2684,1.3961
1899-11-14,54.327,0.108
1899-11-15,54.7006,0.6877
1899-11-16,55.294,1.0848
1899-11-17,55.5284,0.4239
1899-11-18,55.6236,0.1714
1899-11-20,55.4038,-0.3952
1899-11-21,54.979,-0.7667
1899-11-22,55.0888,0.1997
1899-11-23,55.3086,0.399
1899-11-24,55.5284,0.3974
1899-11-27,55.4478,-0.1452
1899-11-28,55.294,-0.2774
1899-11-29,55.3452,0.0926
1899-12-01,55.2866,-0.1059
1899-12-02,55.4405,0.2784
1899-12-04,54.4002,-1.8764
1899-12-05,53.8948,-0.929
1899-12-06,53.8655,-0.0544
1899-12-07,53.4992,-0.68
1899-12-08,51.4773,-3.7793
1899-12-09,50.7374,-1.4373
1899-12-11,49.3968,-2.6422
1899-12-12,49.4774,0.1632
1899-12-13,46.9061,-5.1969
1899-12-14,47.8072,1.9211
1899-12-15,48.5031,1.4556
1899-12-16,46.7669,-3.5796
1899-12-18,42.6865,-8.725
1899-12-19,44.7011,4.7195
1899-12-20,44.8256,0.2785
1899-12-21,43.9319,-1.9937
1899-12-22,42.9942,-2.1344
1899-12-23,44.3714,3.2032
1899-12-26,45.419,2.361
1899-12-27,47.2284,3.9838
1899-12-28,47.1698,-0.1241
1899-12-29,48.1515,2.0812
1899-12-30,48.4079,0.5325
1900-01-02,49.9096,3.1022
1900-01-03,48.7961,-2.231
1900-01-04,49.1917,0.8107
1900-01-05,48.8694,-0.6552
1900-01-06,48.3639,-1.0344
1900-01-08,48.6496,0.5907
1900-01-09,47.6094,-2.1381
1900-01-10,46.9867,-1.3079
1900-01-11,46.3493,-1.3566
1900-01-12,47.5654,2.6238
1900-01-13,47.4702,-0.2001
1900-01-15,47.0453,-0.8951
1900-01-16,47.0966,0.109
1900-01-17,47.2944,0.42
1900-01-18,47.0892,-0.4339
1900-01-19,47.8291,1.5713
1900-01-20,47.4921,-0.7046
1900-01-22,47.8877,0.833
1900-01-23,47.1625,-1.5144
1900-01-24,47.4116,0.5282
1900-01-25,47.6533,0.5098
1900-01-26,47.0526,-1.2606
1900-01-27,47.0819,0.0623
1900-01-29,47.2138,0.2802
1900-01-30,48.3932,2.498
1900-01-31,48.4445,0.106
1900-02-01,49.3309,1.8297
1900-02-02,49.7118,0.7721
1900-02-03,49.7265,0.0296
1900-02-05,50.0781,0.7071
1900-02-06,49.8364,-0.4826
1900-02-07,49.7704,-0.1324
1900-02-08,49.4188,-0.7064
1900-02-09,48.9793,-0.8893
1900-02-10,48.8327,-0.2993
1900-02-13,49.3675,1.0952
1900-02-14,49.0086,-0.727
1900-02-15,49.1404,0.2689
1900-02-16,48.6423,-1.0136
1900-02-17,48.2101,-0.8885
1900-02-19,48.5324,0.6685
1900-02-20,48.4665,-0.1358
1900-02-21,48.0489,-0.8616
1900-02-23,47.2651,-1.6313
1900-02-24,46.972,-0.6201
1900-02-26,46.5618,-0.8733
1900-02-27,46.408,-0.3303
1900-02-28,46.8548,0.9628
1900-03-01,46.5838,-0.5784
1900-03-02,45.3824,-2.579
1900-03-03,45.9757,1.3073
1900-03-05,45.5069,-1.0197
1900-03-06,45.3238,-0.4024
1900-03-07,45.2945,-0.0646
1900-03-08,44.9721,-0.7118
1900-03-09,44.767,-0.4561
1900-03-10,45.1846,0.9328
1900-03-12,46.3787,2.6427
1900-03-13,46.0636,-0.6794
1900-03-14,45.441,-1.3516
1900-03-15,45.2798,-0.3547
1900-03-16,45.3531,0.1619
1900-03-17,45.7853,0.953
1900-03-19,46.0856,0.6559
1900-03-20,46.4812,0.8584
1900-03-21,46.9427,0.9929
1900-03-22,46.9281,-0.0311
1900-03-23,46.6424,-0.6088
1900-03-24,47.0746,0.9266
1900-03-26,46.9281,-0.3112
1900-03-27,47.4042,1.0145
1900-03-28,47.7046,0.6337
1900-03-29,46.9354,-1.6124
1900-03-30,47.9024,2.0603
1900-03-31,48.3639,0.9634
1900-04-02,48.0196,-0.7119
1900-04-03,47.7412,-0.5798
1900-04-04,47.6973,-0.092
1900-04-05,47.961,0.5529
1900-04-06,48.4591,1.0386
1900-04-07,48.4591,0
1900-04-09,47.9537,-1.0429
1900-04-10,47.287,-1.3903
1900-04-11,47.4555,0.3563
1900-04-12,47.1771,-0.5867
1900-04-16,45.0893,-4.4255
1900-04-17,45.2725,0.4063
1900-04-18,45.2871,0.0322
1900-04-19,45.6974,0.906
1900-04-20,45.5655,-0.2886
1900-04-21,44.2982,-2.7813
1900-04-23,44.8256,1.1906
1900-04-24,45.1919,0.8172
1900-04-25,45.3384,0.3242
1900-04-26,46.1882,1.8743
1900-04-27,45.6021,-1.2689
1900-04-28,45.2652,-0.7388
1900-04-30,44.9282,-0.7445
1900-05-01,44.9208,-0.0165
1900-05-02,44.7231,-0.4401
1900-05-03,44.7011,-0.0492
1900-05-04,44.8183,0.2622
1900-05-05,44.9502,0.2943
1900-05-07,44.4081,-1.206
1900-05-08,43.4118,-2.2435
1900-05-09,43.9099,1.1474
1900-05-10,44.0271,0.2669
1900-05-11,42.9429,-2.4626
1900-05-12,42.5766,-0.853
1900-05-14,42.1591,-0.9806
1900-05-15,41.4778,-1.616
1900-05-16,41.8441,0.8831
1900-05-17,41.5804,-0.6302
1900-05-18,42.3129,1.7616
1900-05-19,42.6206,0.7272
1900-05-21,42.0492,-1.3407
1900-05-22,42.562,1.2195
1900-05-23,42.7451,0.4302
1900-05-24,42.1298,-1.4395
1900-05-25,41.9466,-0.4348
1900-05-26,42.1591,0.5066
1900-05-28,42.247,0.2085
1900-05-29,42.4961,0.5896
1900-05-31,43.2946,1.879
1900-06-01,43.4997,0.4737
1900-06-02,43.0748,-0.9768
1900-06-04,42.4668,-1.4115
1900-06-05,42.1078,-0.8454
1900-06-06,41.7415,-0.8699
1900-06-07,42.1664,1.0179
1900-06-08,41.4778,-1.6331
1900-06-09,41.324,-0.3708
1900-06-11,41.0456,-0.6737
1900-06-12,41.1335,0.2142
1900-06-13,41.8441,1.7275
1900-06-14,41.3972,-1.068
1900-06-15,41.1481,-0.6017
1900-06-16,40.5987,-1.3352
1900-06-18,40.2617,-0.8301
1900-06-19,40.3496,0.2183
1900-06-20,39.8442,-1.2526
1900-06-21,40.0346,0.4779
1900-06-22,39.6391,-0.9879
1900-06-23,39.3241,-0.7947
1900-06-25,39.3241,0
1900-06-26,39.5585,0.5961
1900-06-27,39.6391,0.2037
1900-06-28,40.1079,1.1827
1900-06-29,40.1665,0.1461
1900-06-30,40.2398,0.1825
1900-07-02,40.6427,1.0012
1900-07-03,40.7819,0.3425
1900-07-05,41.3972,1.5088
1900-07-06,41.1188,-0.6725
1900-07-07,41.0456,-0.178
1900-07-09,40.8478,-0.4819
1900-07-10,41.6902,2.0623
1900-07-11,41.5877,-0.2459
1900-07-12,41.5437,-0.1058
1900-07-13,41.009,-1.2871
1900-07-14,40.9357,-0.1787
1900-07-16,41.1848,0.6085
1900-07-17,41.573,0.9426
1900-07-18,41.4705,-0.2466
1900-07-19,41.954,1.1659
1900-07-20,42.7451,1.8856
1900-07-21,42.7891,0.1029
1900-07-23,43.2359,1.0442
1900-07-24,42.7451,-1.1352
1900-07-25,42.6206,-0.2913
1900-07-26,42.4375,-0.4296
1900-07-27,42.5107,0.1725
1900-07-28,42.269,-0.5686
1900-07-30,41.8514,-0.988
1900-07-31,41.6097,-0.5775
1900-08-01,41.8001,0.4576
1900-08-02,41.91,0.2629
1900-08-03,41.9686,0.1398
1900-08-04,42.269,0.7158
1900-08-06,42.1737,-0.2255
1900-08-07,42.2763,0.2433
1900-08-08,42.4008,0.2945
1900-08-09,42.2983,-0.2417
1900-08-10,42.4887,0.4501
1900-08-11,42.5547,0.1553
1900-08-13,42.855,0.7057
1900-08-14,43.0528,0.4616
1900-08-15,43.148,0.2211
1900-08-16,43.1187,-0.0679
1900-08-17,43.1041,-0.0339
1900-08-18,42.9942,-0.255
1900-08-20,43.0748,0.1875
1900-08-21,42.8916,-0.4253
1900-08-22,42.9649,0.1709
1900-08-23,42.7964,-0.3922
1900-08-24,42.7085,-0.2054
1900-08-25,42.6133,-0.2229
1900-08-27,42.6499,0.0859
1900-08-28,42.3349,-0.7386
1900-08-29,42.8037,1.1074
1900-08-30,42.7744,-0.0685
1900-08-31,42.3495,-0.9934
1900-09-04,42.8916,1.2801
1900-09-05,42.9136,0.0513
1900-09-06,42.855,-0.1366
1900-09-07,42.7232,-0.3075
1900-09-08,42.4008,-0.7546
1900-09-10,42.54,0.3283
1900-09-11,42.562,0.0517
1900-09-12,42.6719,0.2582
1900-09-13,42.6352,-0.086
1900-09-14,42.1005,-1.2541
1900-09-15,41.4338,-1.5836
1900-09-17,41.5144,0.1945
1900-09-18,41.4851,-0.0706
1900-09-19,40.7526,-1.7657
1900-09-20,39.8295,-2.2651
1900-09-21,39.8295,0
1900-09-22,39.1409,-1.7289
1900-09-24,38.7966,-0.8796
1900-09-25,38.9211,0.3209
1900-09-26,39.0091,0.2261
1900-09-27,39.9467,2.4035
1900-09-28,39.661,-0.7152
1900-09-29,39.7563,0.2403
1900-10-01,40.2617,1.2712
1900-10-02,39.9394,-0.8005
1900-10-03,40.1006,0.4036
1900-10-04,40.5035,1.0047
1900-10-05,40.8038,0.7414
1900-10-06,40.6646,-0.3411
1900-10-08,40.5694,-0.2341
1900-10-09,40.6646,0.2347
1900-10-10,40.2178,-1.0987
1900-10-11,40.5401,0.8014
1900-10-12,41.0895,1.3552
1900-10-13,41.4485,0.8737
1900-10-15,42.4155,2.333
1900-10-16,42.3569,-0.1382
1900-10-17,42.4082,0.1211
1900-10-18,42.8257,0.9845
1900-10-19,43.0235,0.4619
1900-10-20,43.6169,1.3792
1900-10-22,44.4154,1.8307
1900-10-23,44.5326,0.2639
1900-10-24,44.5326,0
1900-10-25,44.4227,-0.2468
1900-10-26,44.3201,-0.231
1900-10-27,44.0125,-0.694
1900-10-29,43.4484,-1.2817
1900-10-30,43.6096,0.371
1900-10-31,43.2506,-0.8232
1900-11-01,43.3532,0.2372
1900-11-02,43.507,0.3548
1900-11-03,43.8073,0.6902
1900-11-05,44.5912,1.7894
1900-11-07,46.0783,3.335
1900-11-08,46.7083,1.3672
1900-11-09,47.7266,2.1801
1900-11-10,48.7009,2.0414
1900-11-12,49.3236,1.2786
1900-11-13,48.1515,-2.3763
1900-11-14,48.5177,0.7605
1900-11-15,48.9426,0.8758
1900-11-16,49.9536,2.0657
1900-11-17,50.3272,0.7479
1900-11-19,50.459,0.2619
1900-11-20,50.5982,0.2759
1900-11-21,50.525,-0.1447
1900-11-22,50.1147,-0.8121
1900-11-23,49.0232,-2.178
1900-11-24,48.8987,-0.254
1900-11-26,49.2503,0.719
1900-11-27,49.0891,-0.3273
1900-11-28,48.7815,-0.6266
1900-11-30,48.7815,0
1900-12-01,48.6056,-0.3606
1900-12-03,48.6643,0.1208
1900-12-04,47.9244,-1.5204
1900-12-05,48.3859,0.963
1900-12-06,47.668,-1.4837
1900-12-07,47.0087,-1.3831
1900-12-08,46.8695,-0.2961
1900-12-10,47.3603,1.0472
1900-12-11,48.0123,1.3767
1900-12-12,47.9463,-0.1375
1900-12-13,47.5361,-0.8555
1900-12-14,48.0123,1.0018
1900-12-15,48.3053,0.6103
1900-12-17,48.1295,-0.3639
1900-12-18,48.7302,1.2481
1900-12-19,49.221,1.0072
1900-12-20,49.3602,0.2828
1900-12-21,50.2759,1.8551
1900-12-22,51.3015,2.0399
1900-12-26,51.9022,1.1709
1900-12-27,52.0414,0.2682
1900-12-28,51.1257,-1.7596
1900-12-29,51.426,0.5874
1900-12-31,51.7996,0.7265
1901-01-02,51.6018,-0.3819
1901-01-03,49.7924,-3.5065
1901-01-04,50.7887,2.0009
1901-01-05,49.58,-2.3799
1901-01-07,49.1697,-0.8276
1901-01-08,49.558,0.7897
1901-01-09,49.4701,-0.1774
1901-01-10,49.7338,0.533
1901-01-11,49.7045,-0.0589
1901-01-12,49.3455,-0.7223
1901-01-14,49.2723,-0.1483
1901-01-15,48.7155,-1.13
1901-01-16,48.1368,-1.1879
1901-01-17,47.8365,-0.6238
1901-01-18,47.7705,-0.138
1901-01-19,47.4482,-0.6747
1901-01-21,47.5581,0.2316
1901-01-22,48.0049,0.9395
1901-01-23,48.6203,1.282
1901-01-24,48.0929,-1.0847
1901-01-25,48.4665,0.7768
1901-01-26,48.8474,0.7859
1901-01-28,48.5617,-0.5849
1901-01-29,48.7595,0.4073
1901-01-30,48.8767,0.2404
1901-01-31,48.9426,0.1348
1901-02-01,49.6019,1.3471
1901-02-04,50.1514,1.1078
1901-02-05,50.7447,1.183
1901-02-06,51.1989,0.8951
1901-02-07,50.7887,-0.8012
1901-02-08,51.133,0.6779
1901-02-09,51.3967,0.5157
1901-02-11,51.6311,0.4561
1901-02-13,50.8766,-1.4613
1901-02-14,51.7337,1.6847
1901-02-15,51.8509,0.2265
1901-02-16,51.4114,-0.8476
1901-02-18,50.4883,-1.7955
1901-02-19,50.0854,-0.798
1901-02-20,49.7851,-0.5996
1901-02-21,50.2173,0.8681
1901-02-25,50.0122,-0.4084
1901-02-26,49.3455,-1.3331
1901-02-27,49.895,1.1136
1901-02-28,49.0818,-1.6298
1901-03-01,49.6386,1.1344
1901-03-02,49.5726,-0.133
1901-03-04,49.5067,-0.1329
1901-03-05,49.3382,-0.3404
1901-03-06,49.3675,0.0594
1901-03-07,49.6093,0.4898
1901-03-08,49.4847,-0.2512
1901-03-09,49.3016,-0.37
1901-03-11,49.4334,0.2673
1901-03-12,49.2869,-0.2964
1901-03-13,49.2137,-0.1485
1901-03-14,49.4774,0.5358
1901-03-15,49.3236,-0.3108
1901-03-16,49.4261,0.2078
1901-03-18,50.1221,1.4082
1901-03-19,50.3491,0.4529
1901-03-20,50.4151,0.1311
1901-03-21,50.4957,0.1599
1901-03-22,50.4883,-0.0147
1901-03-23,50.4151,-0.145
1901-03-25,50.2466,-0.3342
1901-03-26,50.1953,-0.1021
1901-03-27,50.7447,1.0945
1901-03-28,50.8326,0.1732
1901-03-29,50.8619,0.0576
1901-03-30,51.2209,0.7058
1901-04-01,51.9461,1.4158
1901-04-02,52.0267,0.1552
1901-04-03,52.2685,0.4648
1901-04-04,52.752,0.925
1901-04-08,52.3564,-0.7499
1901-04-09,53.1182,1.455
1901-04-10,53.5578,0.8276
1901-04-11,53.1988,-0.6703
1901-04-12,53.3893,0.3581
1901-04-13,53.9534,1.0566
1901-04-15,55.1987,2.3081
1901-04-16,55.25,0.0929
1901-04-17,54.8544,-0.716
1901-04-18,55.0156,0.2939
1901-04-19,55.5943,1.0519
1901-04-20,55.4258,-0.3031
1901-04-22,54.62,-1.4538
1901-04-23,54.0633,-1.0192
1901-04-24,53.631,-0.7996
1901-04-25,53.9387,0.5737
1901-04-26,54.4662,0.978
1901-04-29,55.1108,1.1835
1901-04-30,55.5284,0.7577
1901-05-01,55.6236,0.1714
1901-05-02,55.0815,-0.9746
1901-05-03,54.4808,-1.0906
1901-05-04,54.8691,0.7127
1901-05-06,55.3452,0.8677
1901-05-07,54.957,-0.7014
1901-05-08,52.5395,-4.3989
1901-05-09,49.3602,-6.0513
1901-05-10,52.5029,6.3669
1901-05-13,52.686,0.3487
1901-05-14,50.9792,-3.2396
1901-05-15,51.3235,0.6754
1901-05-16,51.8949,1.1133
1901-05-17,53.5431,3.176
1901-05-18,54.1072,1.0535
1901-05-20,53.3014,-1.4893
1901-05-21,53.7995,0.9345
1901-05-22,53.8508,0.0954
1901-05-23,53.3527,-0.925
1901-05-24,54.012,1.2357
1901-05-25,53.9314,-0.1492
1901-05-27,53.968,0.0679
1901-05-28,54.2171,0.4616
1901-05-29,54.5834,0.6756
1901-05-31,55.5064,1.691
1901-06-01,56.1071,1.0822
1901-06-03,56.9422,1.4884
1901-06-04,56.4587,-0.8491
1901-06-05,55.9459,-0.9083
1901-06-06,56.0045,0.1047
1901-06-07,55.902,-0.183
1901-06-08,55.7262,-0.3145
1901-06-10,55.8727,0.2629
1901-06-11,55.7555,-0.2098
1901-06-12,56.0778,0.5781
1901-06-13,56.6346,0.9929
1901-06-14,56.4587,-0.3106
1901-06-15,56.7225,0.4672
1901-06-17,57.3305,1.0719
1901-06-18,57.0082,-0.5622
1901-06-19,56.8177,-0.3342
1901-06-20,56.5686,-0.4384
1901-06-21,57.0961,0.9325
1901-06-22,56.9276,-0.2951
1901-06-24,56.9276,0
1901-06-25,56.3562,-1.0037
1901-06-26,56.3122,-0.0781
1901-06-27,56.2756,-0.065
1901-06-28,56.0192,-0.4556
1901-06-29,57.0961,1.9224
1901-07-01,56.4661,-1.1034
1901-07-02,56.4587,-0.0131
1901-07-03,56.1144,-0.6098
1901-07-08,54.2391,-3.3419
1901-07-09,54.6933,0.8374
1901-07-10,53.316,-2.5182
1901-07-11,52.9058,-0.7694
1901-07-12,51.8436,-2.0077
1901-07-13,52.0487,0.3956
1901-07-15,50.8839,-2.2379
1901-07-16,51.0378,0.3025
1901-07-17,52.415,2.6984
1901-07-18,52.6787,0.5031
1901-07-19,52.7227,0.0835
1901-07-20,52.2465,-0.9032
1901-07-22,51.5945,-1.2479
1901-07-23,52.2978,1.3631
1901-07-24,51.9461,-0.6725
1901-07-25,52.5175,1.1
1901-07-26,52.8399,0.6139
1901-07-27,53.2574,0.7901
1901-07-29,53.4332,0.3301
1901-07-30,53.2208,-0.3975
1901-07-31,52.4736,-1.404
1901-08-01,52.5322,0.1117
1901-08-02,52.2172,-0.5996
1901-08-03,52.1732,-0.0843
1901-08-05,50.7008,-2.8221
1901-08-06,50.5836,-0.2312
1901-08-07,50.9352,0.6951
1901-08-08,51.5872,1.2801
1901-08-09,51.0304,-1.0793
1901-08-10,50.8107,-0.4305
1901-08-12,51.2136,0.7929
1901-08-13,51.5213,0.6008
1901-08-14,51.7996,0.5402
1901-08-15,52.5322,1.4143
1901-08-16,52.437,-0.1812
1901-08-17,52.0194,-0.7964
1901-08-19,52.0194,0
1901-08-20,52.0707,0.0986
1901-08-21,52.3051,0.4502
1901-08-22,52.8179,0.9804
1901-08-23,53.4992,1.2899
1901-08-24,53.99,0.9174
1901-08-26,54.0852,0.1763
1901-08-27,53.338,-1.3815
1901-08-28,53.2648,-0.1372
1901-08-29,53.3453,0.1511
1901-08-30,53.8215,0.8927
1901-09-03,53.2208,-1.1161
1901-09-04,53.675,0.8534
1901-09-05,53.5212,-0.2865
1901-09-06,52.9131,-1.1362
1901-09-07,50.5689,-4.4303
1901-09-09,51.785,2.4048
1901-09-10,52.3417,1.075
1901-09-11,52.0194,-0.6158
1901-09-12,51.4626,-1.0704
1901-09-13,49.265,-4.2703
1901-09-16,51.2868,4.1039
1901-09-17,51.1843,-0.1999
1901-09-18,51.4626,0.5437
1901-09-20,51.6238,0.3132
1901-09-21,51.0817,-1.0501
1901-09-23,49.4994,-3.0976
1901-09-24,49.3968,-0.2073
1901-09-25,48.5104,-1.7944
1901-09-26,49.0012,1.0117
1901-09-27,49.5873,1.1961
1901-09-28,49.3748,-0.4285
1901-09-30,48.8327,-1.0979
1901-10-01,48.4005,-0.8851
1901-10-02,48.3053,-0.1967
1901-10-03,47.2358,-2.214
1901-10-04,47.3017,0.1395
1901-10-05,46.5032,-1.6881
1901-10-07,46.679,0.378
1901-10-08,46.7669,0.1883
1901-10-09,46.9794,0.4544
1901-10-10,47.8804,1.9179
1901-10-11,48.2833,0.8415
1901-10-12,47.9976,-0.5917
1901-10-14,48.1954,0.4121
1901-10-15,47.8365,-0.7447
1901-10-16,47.5508,-0.5972
1901-10-17,47.7852,0.4929
1901-10-18,47.9683,0.3832
1901-10-19,48.2101,0.5041
1901-10-21,47.9244,-0.5926
1901-10-22,48.1002,0.3668
1901-10-23,48.1002,0
1901-10-24,47.939,-0.3351
1901-10-25,47.8291,-0.2292
1901-10-26,47.6826,-0.3063
1901-10-28,46.8914,-1.6593
1901-10-29,47.2211,0.7031
1901-10-30,47.5141,0.6205
1901-10-31,47.2138,-0.632
1901-11-01,47.3749,0.3412
1901-11-02,47.4921,0.2474
1901-11-04,47.2358,-0.5397
1901-11-06,47.2944,0.1241
1901-11-07,47.4555,0.3406
1901-11-08,47.6899,0.4939
1901-11-09,48.1002,0.8603
1901-11-11,48.7302,1.3098
1901-11-12,48.6056,-0.2557
1901-11-13,48.3712,-0.4822
1901-11-14,47.8804,-1.0147
1901-11-15,48.4225,1.1322
1901-11-16,48.4372,0.0304
1901-11-18,48.254,-0.3782
1901-11-19,48.0709,-0.3795
1901-11-20,47.7266,-0.7162
1901-11-21,47.9463,0.4603
1901-11-22,48.2613,0.657
1901-11-23,48.1148,-0.3036
1901-11-25,47.7266,-0.8068
1901-11-26,47.7485,0.0459
1901-11-27,48.1881,0.9207
1901-11-29,48.1148,-0.1521
1901-11-30,47.624,-1.0201
1901-12-02,46.8988,-1.5228
1901-12-03,47.2064,0.6559
1901-12-04,47.5215,0.6675
1901-12-05,47.4995,-0.0463
1901-12-06,46.7523,-1.5731
1901-12-07,46.1223,-1.3475
1901-12-09,46.6497,1.1435
1901-12-10,46.3493,-0.6439
1901-12-11,45.9684,-0.8218
1901-12-12,45.1333,-1.8167
1901-12-13,45.3018,0.3733
1901-12-14,45.5802,0.6145
1901-12-16,45.3824,-0.434
1901-12-17,45.6168,0.5165
1901-12-18,45.9977,0.835
1901-12-19,46.049,0.1115
1901-12-20,46.2761,0.4932
1901-12-21,46.2395,-0.0791
1901-12-23,45.4996,-1.6001
1901-12-24,45.0674,-0.9499
1901-12-26,45.8732,1.788
1901-12-27,46.3787,1.102
1901-12-28,46.7083,0.7107
1901-12-30,46.3933,-0.6744
1901-12-31,47.2944,1.9423
1902-01-02,47.1185,-0.3719
1902-01-03,47.0673,-0.1087
1902-01-04,47.3163,0.529
1902-01-06,47.5434,0.48
1902-01-07,47.0453,-1.0477
1902-01-08,47.5215,1.0122
1902-01-09,46.9427,-1.218
1902-01-10,46.7742,-0.3589
1902-01-11,46.8988,0.2664
1902-01-13,46.3787,-1.109
1902-01-14,45.8366,-1.1689
1902-01-15,46.2688,0.9429
1902-01-16,46.5838,0.6808
1902-01-17,46.8988,0.6762
1902-01-18,46.5471,-0.7499
1902-01-20,46.4812,-0.1416
1902-01-21,46.4739,-0.0157
1902-01-22,46.5471,0.1575
1902-01-23,46.8914,0.7397
1902-01-24,46.9794,0.1877
1902-01-25,46.8109,-0.3587
1902-01-27,47.0087,0.4226
1902-01-28,47.7412,1.5582
1902-01-29,47.4409,-0.629
1902-01-30,47.5215,0.1699
1902-01-31,47.5801,0.1233
1902-02-01,47.646,0.1385
1902-02-03,47.4482,-0.4151
1902-02-04,47.3383,-0.2316
1902-02-05,47.5874,0.5262
1902-02-06,47.5581,-0.0616
1902-02-07,47.8438,0.6007
1902-02-08,47.5727,-0.5666
1902-02-10,47.4848,-0.1848
1902-02-11,47.7339,0.5246
1902-02-13,47.309,-0.8901
1902-02-14,47.331,0.0465
1902-02-15,47.3749,0.0928
1902-02-17,47.8365,0.9744
1902-02-18,47.4775,-0.7505
1902-02-19,48.0049,1.1108
1902-02-20,47.3823,-1.297
1902-02-21,47.602,0.4637
1902-02-24,47.8365,0.4926
1902-02-25,48.0416,0.4288
1902-02-26,47.7632,-0.5795
1902-02-27,47.8145,0.1074
1902-02-28,47.4775,-0.7048
1902-03-01,47.7119,0.4937
1902-03-03,47.8365,0.2612
1902-03-04,47.4482,-0.8117
1902-03-05,47.5947,0.3088
1902-03-06,48.4665,1.8317
1902-03-07,48.0269,-0.907
1902-03-08,48.0562,0.061
1902-03-10,47.6973,-0.7468
1902-03-11,47.8511,0.3225
1902-03-12,47.5288,-0.6735
1902-03-13,47.8072,0.5858
1902-03-14,47.8951,0.1839
1902-03-15,48.0489,0.3211
1902-03-17,48.0489,0
1902-03-18,48.3346,0.5946
1902-03-19,48.7155,0.788
1902-03-20,49.265,1.128
1902-03-21,49.4627,0.4013
1902-03-22,49.3089,-0.3109
1902-03-24,49.3016,-0.0148
1902-03-25,49.0891,-0.431
1902-03-26,49.265,0.3583
1902-03-27,49.2357,-0.0595
1902-03-31,49.221,-0.0299
1902-04-01,49.2283,0.0148
1902-04-02,49.2063,-0.0447
1902-04-03,49.0891,-0.2382
1902-04-04,48.95,-0.2834
1902-04-05,48.9646,0.0298
1902-04-07,48.7888,-0.359
1902-04-08,48.7888,0
1902-04-09,48.906,0.2402
1902-04-10,48.3126,-1.2133
1902-04-11,48.4811,0.3488
1902-04-12,48.591,0.2267
1902-04-14,48.3712,-0.4523
1902-04-15,48.6862,0.6512
1902-04-16,48.9793,0.602
1902-04-17,49.4041,0.8673
1902-04-18,49.6312,0.4597
1902-04-19,49.5287,-0.2065
1902-04-21,49.1551,-0.7543
1902-04-22,48.4958,-1.3413
1902-04-23,48.9646,0.9667
1902-04-24,50.1367,2.3938
1902-04-25,49.536,-1.1981
1902-04-26,49.5433,0.0147
1902-04-28,49.3089,-0.4731
1902-04-29,49.3529,0.0892
1902-04-30,49.0891,-0.5345
1902-05-01,49.1624,0.1493
1902-05-02,48.2687,-1.8179
1902-05-03,48.5324,0.5463
1902-05-05,48.3932,-0.2868
1902-05-06,49.0891,1.438
1902-05-07,48.613,-0.9699
1902-05-08,48.8327,0.4519
1902-05-09,48.6423,-0.3899
1902-05-10,48.3126,-0.6778
1902-05-12,47.9903,-0.6671
1902-05-13,48.276,0.5953
1902-05-14,48.3126,0.0758
1902-05-15,48.3932,0.1668
1902-05-16,47.8731,-1.0747
1902-05-17,47.5068,-0.7651
1902-05-19,47.4189,-0.185
1902-05-20,47.8584,0.9268
1902-05-21,48.2467,0.8114
1902-05-22,48.2613,0.0303
1902-05-23,48.6716,0.8502
1902-05-24,48.95,0.572
1902-05-26,48.6862,-0.5389
1902-05-27,48.5324,-0.3159
1902-05-28,48.5031,-0.0604
1902-05-29,48.6569,0.3171
1902-06-02,48.5397,-0.2409
1902-06-03,48.4738,-0.1358
1902-06-04,48.3199,-0.3175
1902-06-05,47.8511,-0.9702
1902-06-06,47.9537,0.2144
1902-06-07,47.9756,0.0457
1902-06-09,48.1148,0.2901
1902-06-10,48.4298,0.6547
1902-06-11,48.4958,0.1363
1902-06-12,48.3053,-0.3928
1902-06-13,48.3053,0
1902-06-14,48.3859,0.1669
1902-06-16,48.276,-0.2271
1902-06-17,48.2687,-0.0151
1902-06-18,47.9317,-0.6982
1902-06-19,47.5508,-0.7947
1902-06-20,47.4409,-0.2311
1902-06-21,47.4555,0.0308
1902-06-23,47.0306,-0.8954
1902-06-24,46.6424,-0.8254
1902-06-25,46.7523,0.2356
1902-06-26,46.9134,0.3446
1902-06-27,46.6863,-0.4841
1902-06-28,46.7889,0.2198
1902-06-30,47.1112,0.6888
1902-07-01,47.0673,-0.0932
1902-07-02,47.4409,0.7938
1902-07-03,47.5361,0.2007
1902-07-07,47.6826,0.3082
1902-07-08,47.2577,-0.8911
1902-07-09,47.0819,-0.372
1902-07-10,47.3603,0.5913
1902-07-11,47.2504,-0.2321
1902-07-12,47.2138,-0.0775
1902-07-14,47.353,0.2948
1902-07-15,47.4628,0.2319
1902-07-16,48.0196,1.1731
1902-07-17,48.276,0.5339
1902-07-18,48.3712,0.1972
1902-07-19,48.3786,0.0153
1902-07-21,48.3566,-0.0455
1902-07-22,48.6716,0.6514
1902-07-23,48.7155,0.0902
1902-07-24,48.6203,-0.1954
1902-07-25,48.7815,0.3315
1902-07-26,48.7815,0
1902-07-28,49.2869,1.036
1902-07-29,48.7229,-1.1443
1902-07-30,48.7595,0.0751
1902-07-31,48.2174,-1.1118
1902-08-01,48.2833,0.1367
1902-08-02,48.2247,-0.1214
1902-08-04,48.3199,0.1974
1902-08-05,48.4372,0.2428
1902-08-06,48.6936,0.5293
1902-08-07,48.7302,0.0752
1902-08-08,48.7375,0.015
1902-08-11,48.4884,-0.5111
1902-08-12,48.4005,-0.1813
1902-08-13,48.7009,0.6207
1902-08-14,48.9206,0.4511
1902-08-15,48.7815,-0.2843
1902-08-16,48.7155,-0.1353
1902-08-18,48.6276,-0.1804
1902-08-19,48.6862,0.1205
1902-08-20,48.5544,-0.2707
1902-08-21,47.8584,-1.4334
1902-08-22,48.2027,0.7194
1902-08-23,48.2027,0
1902-08-25,48.254,0.1064
1902-08-26,48.1954,-0.1214
1902-08-27,48.4884,0.6079
1902-08-28,48.5544,0.1361
1902-08-29,48.5544,0
1902-09-02,48.7522,0.4074
1902-09-03,48.8181,0.1352
1902-09-04,48.7888,-0.06
1902-09-05,48.9353,0.3003
1902-09-06,48.7595,-0.3592
1902-09-08,49.1697,0.8413
1902-09-09,49.1038,-0.134
1902-09-10,49.0012,-0.2089
1902-09-11,48.8401,-0.3288
1902-09-12,48.3859,-0.93
1902-09-13,48.569,0.3784
1902-09-15,48.4298,-0.2866
1902-09-16,48.6423,0.4388
1902-09-17,49.0012,0.7378
1902-09-18,49.265,0.5384
1902-09-19,49.6459,0.7732
1902-09-20,49.3748,-0.5461
1902-09-22,49.0159,-0.7269
1902-09-23,47.9463,-2.1821
1902-09-24,47.9244,-0.0457
1902-09-25,48.2101,0.5961
1902-09-26,48.5983,0.8052
1902-09-27,48.5544,-0.0903
1902-09-29,46.9354,-3.3344
1902-09-30,48.4591,3.2464
1902-10-01,48.6789,0.4536
1902-10-02,48.6716,-0.015
1902-10-03,48.7741,0.2106
1902-10-04,48.1368,-1.3066
1902-10-06,47.038,-2.2827
1902-10-07,46.7669,-0.5763
1902-10-08,47.0892,0.6892
1902-10-09,47.6606,1.2134
1902-10-10,47.4409,-0.461
1902-10-11,46.7669,-1.4207
1902-10-13,47.0087,0.517
1902-10-14,47.6313,1.3244
1902-10-15,47.8877,0.5383
1902-10-16,48.4225,1.1168
1902-10-17,48.7668,0.711
1902-10-18,48.7155,-0.1052
1902-10-20,48.7741,0.1203
1902-10-21,48.2101,-1.1564
1902-10-22,48.2687,0.1216
1902-10-23,48.1881,-0.167
1902-10-24,47.8877,-0.6234
1902-10-25,48.6716,1.637
1902-10-27,48.3932,-0.572
1902-10-28,48.2906,-0.212
1902-10-29,47.7119,-1.1984
1902-10-30,47.9317,0.4607
1902-10-31,48.3932,0.9628
1902-11-01,48.2027,-0.3937
1902-11-03,48.0196,-0.3799
1902-11-05,47.287,-1.5256
1902-11-06,47.1552,-0.2787
1902-11-07,47.0233,-0.2797
1902-11-08,46.0783,-2.0096
1902-11-10,45.6754,-0.8744
1902-11-11,44.6571,-2.2294
1902-11-12,45.1333,1.0663
1902-11-13,45.2798,0.3246
1902-11-14,44.4081,-1.9251
1902-11-15,45.126,1.6166
1902-11-17,45.5582,0.9578
1902-11-18,45.1333,-0.9327
1902-11-19,45.1919,0.1298
1902-11-20,45.4483,0.5674
1902-11-21,46.1076,1.4507
1902-11-22,46.0563,-0.1113
1902-11-24,45.9977,-0.1272
1902-11-25,45.5289,-1.0192
1902-11-26,44.9868,-1.1907
1902-11-28,45.5216,1.1888
1902-11-29,45.4556,-0.145
1902-12-01,45.8073,0.7737
1902-12-02,45.5802,-0.4958
1902-12-03,45.419,-0.3537
1902-12-04,45.3457,-0.1614
1902-12-05,45.2432,-0.226
1902-12-06,45.2212,-0.0486
1902-12-08,45.5216,0.6643
1902-12-09,45.5582,0.0804
1902-12-10,44.474,-2.3798
1902-12-11,43.9319,-1.2189
1902-12-12,44.093,0.3667
1902-12-13,43.844,-0.5647
1902-12-15,43.6389,-0.4678
1902-12-16,43.7414,0.2349
1902-12-17,44.0271,0.6532
1902-12-18,44.8183,1.7971
1902-12-19,44.9502,0.2943
1902-12-20,45.3238,0.8311
1902-12-22,45.9098,1.2929
1902-12-23,45.419,-1.0691
1902-12-24,45.8659,0.9839
1902-12-26,46.3054,0.9582
1902-12-27,46.657,0.7593
1902-12-29,46.3713,-0.6123
1902-12-30,46.8548,1.0427
1902-12-31,47.0966,0.5161
1903-01-02,47.3237,0.4822
1903-01-03,47.3603,0.0773
1903-01-05,47.8951,1.1292
1903-01-06,48.2613,0.7646
1903-01-07,48.1515,-0.2275
1903-01-08,48.591,0.9127
1903-01-09,48.5031,-0.1809
1903-01-10,48.2394,-0.5437
1903-01-12,48.0929,-0.3037
1903-01-13,47.602,-1.0207
1903-01-14,47.5361,-0.1384
1903-01-15,47.2504,-0.601
1903-01-16,47.4702,0.4652
1903-01-17,47.668,0.4167
1903-01-19,47.2651,-0.8452
1903-01-20,47.0233,-0.5116
1903-01-21,47.6167,1.2619
1903-01-22,47.4921,-0.2617
1903-01-23,47.1039,-0.8174
1903-01-24,47.1112,0.0155
1903-01-26,47.5434,0.9174
1903-01-27,47.8804,0.7088
1903-01-28,47.8877,0.0152
1903-01-29,48.0196,0.2754
1903-01-30,47.5874,-0.9
1903-01-31,47.7485,0.3385
1903-02-02,48.0049,0.537
1903-02-03,48.3932,0.8089
1903-02-04,48.6423,0.5147
1903-02-05,48.7522,0.2259
1903-02-06,48.6276,-0.2556
1903-02-07,48.6936,0.1357
1903-02-09,49.1551,0.9478
1903-02-10,49.243,0.1788
1903-02-11,49.221,-0.0447
1903-02-13,49.0305,-0.387
1903-02-14,49.1184,0.1793
1903-02-16,49.5946,0.9695
1903-02-17,49.5873,-0.0147
1903-02-18,49.3162,-0.5467
1903-02-19,48.8547,-0.9358
1903-02-20,49.2723,0.8548
1903-02-24,49.3968,0.2527
1903-02-25,49.1477,-0.5043
1903-02-26,48.7302,-0.8495
1903-02-27,48.4665,-0.5411
1903-02-28,48.4884,0.0452
1903-03-02,48.3566,-0.2718
1903-03-03,48.1148,-0.5
1903-03-04,48.2101,0.1981
1903-03-05,47.3969,-1.6868
1903-03-06,47.4848,0.1855
1903-03-07,46.9794,-1.0643
1903-03-09,47.1918,0.4521
1903-03-10,46.8109,-0.8071
1903-03-11,47.0892,0.5945
1903-03-12,46.8255,-0.56
1903-03-13,46.9647,0.2973
1903-03-14,47.1112,0.3119
1903-03-16,47.0233,-0.1866
1903-03-17,47.2577,0.4985
1903-03-18,47.5141,0.5426
1903-03-19,47.9097,0.8326
1903-03-20,48.1661,0.5352
1903-03-21,48.1222,-0.0911
1903-03-23,47.9024,-0.4568
1903-03-24,47.1991,-1.4682
1903-03-25,46.8548,-0.7295
1903-03-26,46.994,0.2971
1903-03-27,46.4812,-1.0912
1903-03-28,46.4739,-0.0157
1903-03-30,46.049,-0.9143
1903-03-31,46.6204,1.2409
1903-04-01,46.4959,-0.2671
1903-04-02,45.8805,-1.3236
1903-04-03,45.8219,-0.1277
1903-04-04,45.6241,-0.4317
1903-04-06,45.712,0.1927
1903-04-07,45.4849,-0.4968
1903-04-08,45.6241,0.306
1903-04-09,45.6534,0.0642
1903-04-13,44.5326,-2.455
1903-04-14,45.5069,2.1878
1903-04-15,45.5216,0.0323
1903-04-16,46.0563,1.1746
1903-04-17,46.7669,1.5429
1903-04-18,46.9867,0.47
1903-04-20,47.1991,0.452
1903-04-21,47.2944,0.2019
1903-04-23,47.038,-0.5421
1903-04-24,46.9354,-0.2181
1903-04-25,46.7303,-0.437
1903-04-27,46.5032,-0.486
1903-04-28,46.7156,0.4567
1903-04-29,46.9501,0.502
1903-04-30,46.723,-0.4837
1903-05-01,46.7669,0.094
1903-05-02,46.7816,0.0314
1903-05-04,46.9281,0.3132
1903-05-05,46.8914,-0.0782
1903-05-06,46.8035,-0.1875
1903-05-07,46.5545,-0.532
1903-05-08,46.6644,0.2361
1903-05-09,46.5545,-0.2355
1903-05-11,46.7083,0.3304
1903-05-12,46.5178,-0.4079
1903-05-13,46.6131,0.2049
1903-05-14,46.2614,-0.7545
1903-05-15,46.1589,-0.2216
1903-05-16,45.9245,-0.5078
1903-05-18,45.5069,-0.9093
1903-05-19,45.6241,0.2575
1903-05-20,44.8696,-1.6537
1903-05-21,45.3824,1.1429
1903-05-22,45.8292,0.9845
1903-05-23,44.9795,-1.8541
1903-05-25,44.4447,-1.189
1903-05-26,45.0747,1.4175
1903-05-27,44.8036,-0.6014
1903-05-28,44.3348,-1.0463
1903-05-29,44.1517,-0.413
1903-06-01,43.6535,-1.1284
1903-06-02,43.8586,0.4698
1903-06-03,43.8806,0.0502
1903-06-04,43.1187,-1.7363
1903-06-05,42.877,-0.5605
1903-06-06,42.855,-0.0513
1903-06-08,42.4668,-0.9058
1903-06-09,42.0272,-1.0352
1903-06-10,41.595,-1.0284
1903-06-11,42.6939,2.6419
1903-06-12,43.4997,1.8874
1903-06-13,43.1773,-0.7412
1903-06-15,42.3056,-2.0189
1903-06-16,42.3715,0.1558
1903-06-17,42.1591,-0.5013
1903-06-18,41.6756,-1.1468
1903-06-19,42.1078,1.0371
1903-06-20,41.8441,-0.6262
1903-06-22,41.4998,-0.8228
1903-06-23,42.203,1.6945
1903-06-24,42.1957,-0.0173
1903-06-25,41.9833,-0.5034
1903-06-26,41.954,-0.0698
1903-06-27,42.225,0.6459
1903-06-29,43.0528,1.9604
1903-06-30,43.2799,0.5275
1903-07-01,43.0821,-0.457
1903-07-02,42.5473,-1.2414
1903-07-03,42.6426,0.224
1903-07-06,42.5473,-0.2235
1903-07-07,42.3715,-0.4132
1903-07-08,42.4521,0.1902
1903-07-09,41.7342,-1.6911
1903-07-10,41.4705,-0.6319
1903-07-11,40.943,-1.272
1903-07-13,41.1115,0.4115
1903-07-14,40.2324,-2.1383
1903-07-15,39.8295,-1.0014
1903-07-16,39.6317,-0.4966
1903-07-17,40.0932,1.1645
1903-07-18,39.6317,-1.1511
1903-07-20,38.6501,-2.4768
1903-07-21,37.6904,-2.483
1903-07-22,38.1007,1.0886
1903-07-23,37.2362,-2.269
1903-07-24,36.511,-1.9476
1903-07-25,35.9543,-1.5247
1903-07-27,36.7088,2.0985
1903-07-28,37.7417,2.8138
1903-07-29,37.3754,-0.9705
1903-07-30,37.1557,-0.5878
1903-07-31,37.185,0.0789
1903-08-01,37.1776,-0.0199
1903-08-03,37.0458,-0.3545
1903-08-04,36.0568,-2.6697
1903-08-05,35.1484,-2.5194
1903-08-06,36.1594,2.8764
1903-08-07,35.6319,-1.4588
1903-08-08,34.7089,-2.5904
1903-08-10,35.207,1.4351
1903-08-11,35.6539,1.2693
1903-08-12,36.8553,3.3696
1903-08-13,37.6245,2.0871
1903-08-14,38.6794,2.8038
1903-08-15,38.8039,0.3219
1903-08-17,39.4706,1.7181
1903-08-18,39.2728,-0.5011
1903-08-19,37.6758,-4.0664
1903-08-20,37.9175,0.6415
1903-08-21,37.6904,-0.5989
1903-08-22,37.8223,0.35
1903-08-24,37.6245,-0.523
1903-08-25,38.2911,1.7717
1903-08-26,38.3278,0.0958
1903-08-27,38.3717,0.1145
1903-08-28,38.8406,1.222
1903-08-29,38.9504,0.2827
1903-08-31,38.9651,0.0377
1903-09-01,38.6428,-0.8272
1903-09-02,38.5329,-0.2844
1903-09-03,37.9835,-1.4258
1903-09-04,38.0421,0.1543
1903-09-08,37.749,-0.7705
1903-09-09,37.6465,-0.2715
1903-09-10,37.3608,-0.7589
1903-09-11,37.3095,-0.1373
1903-09-12,37.2143,-0.2552
1903-09-14,36.7454,-1.26
1903-09-15,36.848,0.2792
1903-09-16,36.4964,-0.9542
1903-09-17,36.218,-0.7628
1903-09-18,35.6979,-1.436
1903-09-19,35.5294,-0.472
1903-09-21,35.4927,-0.1033
1903-09-22,35.4781,-0.0411
1903-09-23,34.9799,-1.4042
1903-09-24,34.1522,-2.3662
1903-09-25,34.1668,0.0427
1903-09-26,33.8371,-0.965
1903-09-28,33.0313,-2.3814
1903-09-29,34.1888,3.5043
1903-09-30,33.5514,-1.8644
1903-10-01,34.4745,2.7513
1903-10-02,34.8847,1.1899
1903-10-03,34.8188,-0.1889
1903-10-05,34.4672,-1.0098
1903-10-06,34.599,0.3824
1903-10-07,34.4012,-0.5717
1903-10-08,33.339,-3.0877
1903-10-09,33.2145,-0.3734
1903-10-10,32.753,-1.3895
1903-10-12,31.9911,-2.3262
1903-10-13,31.6468,-1.0762
1903-10-14,31.0754,-1.8056
1903-10-15,30.9508,-0.401
1903-10-16,32.5332,5.1126
1903-10-17,33.0167,1.4862
1903-10-19,31.6395,-4.1712
1903-10-20,32.7823,3.6119
1903-10-21,33.0387,0.7821
1903-10-22,32.7969,-0.7319
1903-10-23,32.665,-0.4022
1903-10-24,32.5845,-0.2464
1903-10-26,33.2071,1.9107
1903-10-27,33.2657,0.1765
1903-10-28,33.3024,0.1103
1903-10-29,33.1192,-0.5501
1903-10-30,32.8335,-0.8626
1903-10-31,33.0606,0.6917
1903-11-02,33.3024,0.7314
1903-11-04,32.8921,-1.232
1903-11-05,31.9398,-2.8952
1903-11-06,32.1889,0.7799
1903-11-07,32.0204,-0.5235
1903-11-09,30.8776,-3.569
1903-11-10,31.7493,2.8231
1903-11-11,31.3757,-1.1767
1903-11-12,31.449,0.2336
1903-11-13,31.8006,1.118
1903-11-14,31.5955,-0.645
1903-11-16,31.764,0.5333
1903-11-17,31.8666,0.323
1903-11-18,32.3793,1.6089
1903-11-19,32.6211,0.7468
1903-11-20,32.372,-0.7636
1903-11-21,32.3427,-0.0905
1903-11-23,32.6357,0.9059
1903-11-24,31.9691,-2.0425
1903-11-25,32.1669,0.6187
1903-11-27,32.416,0.7744
1903-11-28,32.3354,-0.2486
1903-11-30,32.4746,0.4305
1903-12-01,32.4892,0.045
1903-12-02,33.3317,2.5932
1903-12-03,33.8665,1.6045
1903-12-04,34.0642,0.5838
1903-12-05,33.7419,-0.9462
1903-12-07,34.7236,2.9094
1903-12-08,34.6796,-0.1267
1903-12-09,34.6796,0
1903-12-10,33.9544,-2.0911
1903-12-11,33.7859,-0.4963
1903-12-12,33.7199,-0.1953
1903-12-14,34.2108,1.4558
1903-12-15,34.306,0.2783
1903-12-16,34.328,0.0641
1903-12-17,34.2108,-0.3414
1903-12-18,34.5477,0.9848
1903-12-19,34.6723,0.3607
1903-12-21,34.3939,-0.8029
1903-12-22,34.1595,-0.6815
1903-12-23,34.8334,1.9728
1903-12-24,34.9799,0.4206
1903-12-28,35.6319,1.8639
1903-12-29,36.1521,1.4599
1903-12-30,35.9396,-0.5878
1903-12-31,35.9762,0.1018
1904-01-02,34.7089,-3.5226
1904-01-04,34.9946,0.8231
1904-01-05,35.229,0.6698
1904-01-06,34.4818,-2.121
1904-01-07,34.5477,0.1911
1904-01-08,35.1045,1.6117
1904-01-09,35.1777,0.2085
1904-01-11,35.0312,-0.4165
1904-01-12,34.892,-0.3974
1904-01-13,34.9946,0.2941
1904-01-14,35.0532,0.1675
1904-01-15,35.1411,0.2508
1904-01-16,35.2217,0.2294
1904-01-18,35.7638,1.5391
1904-01-19,35.6393,-0.3481
1904-01-20,35.588,-0.1439
1904-01-21,36.174,1.6466
1904-01-22,36.5843,1.1342
1904-01-23,36.5623,-0.0601
1904-01-25,36.3425,-0.6012
1904-01-26,36.7601,1.1491
1904-01-27,36.9945,0.6376
1904-01-28,36.2033,-2.1387
1904-01-29,35.9762,-0.6273
1904-01-30,35.8297,-0.4072
1904-02-01,35.9176,0.2453
1904-02-02,35.6686,-0.6933
1904-02-03,35.4561,-0.5958
1904-02-04,35.4195,-0.1032
1904-02-05,35.0679,-0.9927
1904-02-06,34.9067,-0.4597
1904-02-08,35.2363,0.9442
1904-02-09,34.4159,-2.3283
1904-02-10,34.9873,1.6603
1904-02-11,35.2803,0.8374
1904-02-13,35.2437,-0.1037
1904-02-15,35.7931,1.5589
1904-02-16,35.4488,-0.9619
1904-02-17,35.2803,-0.4753
1904-02-18,35.0898,-0.54
1904-02-19,34.8041,-0.8142
1904-02-20,34.6576,-0.4209
1904-02-23,34.328,-0.951
1904-02-24,34.2181,-0.3201
1904-02-25,34.7748,1.6269
1904-02-26,34.5331,-0.695
1904-02-27,34.4891,-0.1274
1904-02-29,34.8188,0.956
1904-03-01,35.0605,0.6942
1904-03-02,35.0679,0.0211
1904-03-03,35.1631,0.2715
1904-03-04,35.0898,-0.2085
1904-03-05,34.6356,-1.2944
1904-03-07,34.5624,-0.2113
1904-03-08,34.958,1.1446
1904-03-09,34.4598,-1.4251
1904-03-10,34.3792,-0.2339
1904-03-11,34.0349,-1.0015
1904-03-12,33.9983,-0.1075
1904-03-14,34.0642,0.1938
1904-03-15,34.9653,2.6453
1904-03-16,34.9946,0.0838
1904-03-17,35.3829,1.1096
1904-03-18,35.0972,-0.8075
1904-03-19,35.7198,1.7739
1904-03-21,35.3536,-1.0252
1904-03-22,35.5294,0.4973
1904-03-23,35.6173,0.2474
1904-03-24,35.2803,-0.9462
1904-03-25,35.273,-0.0207
1904-03-26,35.3169,0.1245
1904-03-28,35.6612,0.9749
1904-03-29,35.6026,-0.1643
1904-03-30,35.7272,0.35
1904-03-31,35.9836,0.7177
1904-04-02,35.9543,-0.0814
1904-04-04,35.6612,-0.8152
1904-04-05,35.8151,0.4316
1904-04-06,36.1154,0.8385
1904-04-07,36.6136,1.3795
1904-04-08,36.3279,-0.7803
1904-04-09,36.3718,0.1208
1904-04-11,36.6136,0.6648
1904-04-12,36.3205,-0.8005
1904-04-13,36.4304,0.3026
1904-04-14,36.196,-0.6434
1904-04-15,36.1521,-0.1213
1904-04-16,36.174,0.0606
1904-04-18,36.1374,-0.1012
1904-04-19,35.837,-0.8313
1904-04-20,35.6173,-0.6131
1904-04-21,35.9689,0.9872
1904-04-22,35.9616,-0.0203
1904-04-23,35.9836,0.0612
1904-04-25,35.6393,-0.9568
1904-04-26,35.7565,0.3289
1904-04-27,35.859,0.2867
1904-04-28,35.7931,-0.1838
1904-04-29,35.8224,0.0819
1904-04-30,35.7491,-0.2046
1904-05-02,35.4708,-0.7785
1904-05-03,35.4048,-0.1861
1904-05-04,35.6026,0.5587
1904-05-05,35.5733,-0.0823
1904-05-06,35.6832,0.3089
1904-05-07,35.5953,-0.2463
1904-05-09,35.6832,0.2469
1904-05-10,35.4708,-0.5952
1904-05-11,35.3829,-0.2478
1904-05-12,35.1118,-0.7662
1904-05-13,34.958,-0.438
1904-05-14,34.958,0
1904-05-16,34.8408,-0.3353
1904-05-17,34.9213,0.2311
1904-05-18,34.7455,-0.5034
1904-05-19,34.7602,0.0423
1904-05-20,34.8188,0.1686
1904-05-21,35.207,1.1149
1904-05-23,35.5513,0.9779
1904-05-24,35.1704,-1.0714
1904-05-25,35.2656,0.2707
1904-05-26,35.3316,0.1872
1904-05-27,35.3536,0.0623
1904-05-31,35.295,-0.1658
1904-06-01,35.3536,0.166
1904-06-02,35.2363,-0.3318
1904-06-03,35.2876,0.1456
1904-06-04,35.2876,0
1904-06-06,35.2217,-0.1868
1904-06-07,35.3609,0.3952
1904-06-08,35.6026,0.6835
1904-06-09,35.6466,0.1236
1904-06-10,35.9396,0.822
1904-06-11,35.9836,0.1224
1904-06-13,35.8077,-0.4888
1904-06-14,35.9323,0.348
1904-06-15,35.7931,-0.3874
1904-06-16,35.7711,-0.0615
1904-06-17,35.6979,-0.2046
1904-06-18,35.8151,0.3283
1904-06-20,35.8737,0.1636
1904-06-21,35.9176,0.1224
1904-06-22,36.2326,0.877
1904-06-23,36.24,0.0204
1904-06-24,36.1301,-0.3033
1904-06-25,35.9836,-0.4055
1904-06-27,36.1081,0.346
1904-06-28,35.9836,-0.3448
1904-06-29,35.9543,-0.0814
1904-06-30,36.0788,0.3463
1904-07-01,36.1227,0.1217
1904-07-05,36.3498,0.6287
1904-07-06,36.6941,0.9472
1904-07-07,36.5989,-0.2594
1904-07-08,36.9505,0.9607
1904-07-09,37.2436,0.7932
1904-07-11,37.119,-0.3346
1904-07-12,37.6318,1.3815
1904-07-13,37.8956,0.701
1904-07-14,37.9981,0.2705
1904-07-15,38.1373,0.3663
1904-07-16,38.4596,0.8451
1904-07-18,38.4596,0
1904-07-19,38.7966,0.8762
1904-07-20,38.6794,-0.3021
1904-07-21,38.4377,-0.6249
1904-07-22,38.5695,0.3429
1904-07-23,38.9285,0.9308
1904-07-25,38.8113,-0.3011
1904-07-26,38.2911,-1.3403
1904-07-27,38.4084,0.3063
1904-07-28,38.379,-0.0765
1904-07-29,38.1813,-0.5151
1904-07-30,38.1886,0.0191
1904-08-01,38.6281,1.1509
1904-08-02,38.5915,-0.0947
1904-08-03,38.6428,0.1329
1904-08-04,38.6061,-0.095
1904-08-05,38.716,0.2847
1904-08-06,38.7527,0.0948
1904-08-08,38.6281,-0.3215
1904-08-09,38.8479,0.569
1904-08-10,38.9211,0.1884
1904-08-11,39.031,0.2824
1904-08-12,39.1116,0.2065
1904-08-13,39.5805,1.1989
1904-08-15,39.5438,-0.0927
1904-08-16,39.2215,-0.815
1904-08-17,39.6171,1.0086
1904-08-18,39.7416,0.3143
1904-08-19,39.3827,-0.9031
1904-08-20,39.0823,-0.7628
1904-08-22,38.9211,-0.4125
1904-08-23,39.4925,1.4681
1904-08-24,39.6537,0.4082
1904-08-25,39.8588,0.5172
1904-08-26,39.8808,0.0552
1904-08-27,39.9028,0.0552
1904-08-29,40.0053,0.2569
1904-08-30,39.8808,-0.3112
1904-08-31,39.976,0.2387
1904-09-01,40.2471,0.6782
1904-09-02,40.4009,0.3821
1904-09-06,40.5694,0.4171
1904-09-07,40.7892,0.5418
1904-09-08,40.9797,0.467
1904-09-09,41.4192,1.0725
1904-09-10,42.0712,1.5741
1904-09-12,41.3606,-1.689
1904-09-13,41.258,-0.2481
1904-09-14,41.8294,1.3849
1904-09-15,41.5071,-0.7705
1904-09-16,41.8954,0.9355
1904-09-17,41.4485,-1.0667
1904-09-19,41.4265,-0.0531
1904-09-20,40.7819,-1.556
1904-09-21,41.0236,0.5927
1904-09-22,40.8185,-0.5
1904-09-23,41.2507,1.0588
1904-09-24,41.3899,0.3374
1904-09-26,41.6902,0.7255
1904-09-27,41.8587,0.4042
1904-09-28,42.0785,0.5251
1904-09-29,41.8368,-0.5744
1904-09-30,42.1884,0.8404
1904-10-01,42.5254,0.7988
1904-10-03,42.9649,1.0335
1904-10-04,42.6865,-0.648
1904-10-05,42.6206,-0.1544
1904-10-06,42.1884,-1.0141
1904-10-07,42.4594,0.6424
1904-10-08,42.6499,0.4487
1904-10-10,43.0382,0.9104
1904-10-11,43.2433,0.4766
1904-10-12,43.3898,0.3388
1904-10-13,44.0711,1.5702
1904-10-14,44.9941,2.0943
1904-10-15,45.4703,1.0584
1904-10-17,45.4629,-0.0163
1904-10-18,45.5362,0.1612
1904-10-19,45.2139,-0.7078
1904-10-20,45.5069,0.648
1904-10-21,45.6754,0.3703
1904-10-22,46.1296,0.9944
1904-10-24,46.2761,0.3176
1904-10-25,45.9171,-0.7758
1904-10-26,45.8805,-0.0797
1904-10-27,45.397,-1.0538
1904-10-28,46.4373,2.2916
1904-10-29,47.2797,1.8141
1904-10-31,46.1735,-2.3397
1904-11-01,46.679,1.0948
1904-11-02,47.4409,1.6322
1904-11-03,47.5215,0.1699
1904-11-04,47.8438,0.6782
1904-11-05,47.7998,-0.092
1904-11-07,48.5031,1.4713
1904-11-09,49.1331,1.2989
1904-11-10,49.5067,0.7604
1904-11-11,49.8364,0.666
1904-11-12,49.9536,0.2352
1904-11-14,50.3858,0.8652
1904-11-15,50.6715,0.567
1904-11-16,50.6275,-0.0868
1904-11-17,51.3381,1.4036
1904-11-18,51.0524,-0.5565
1904-11-19,51.2868,0.4591
1904-11-21,51.7337,0.8714
1904-11-22,51.133,-1.1611
1904-11-23,51.1989,0.1289
1904-11-25,51.8875,1.345
1904-11-26,52.4223,1.0307
1904-11-28,53.0084,1.118
1904-11-29,53.001,-0.014
1904-11-30,52.7593,-0.456
1904-12-01,52.7813,0.0417
1904-12-02,53.0816,0.569
1904-12-03,53.3746,0.552
1904-12-05,53.6457,0.5079
1904-12-06,53.1622,-0.9013
1904-12-07,50.525,-4.9607
1904-12-08,49.8144,-1.4064
1904-12-09,50.7081,1.7941
1904-12-10,51.2868,1.1412
1904-12-12,48.1808,-6.0561
1904-12-13,48.6569,0.9882
1904-12-14,48.4738,-0.3763
1904-12-15,48.8034,0.68
1904-12-16,50.3491,3.1672
1904-12-17,50.1587,-0.3782
1904-12-19,50.166,0.0146
1904-12-20,50.6129,0.8908
1904-12-21,50.0928,-1.0276
1904-12-22,49.7191,-0.746
1904-12-23,50.1587,0.8842
1904-12-27,50.6422,0.9639
1904-12-28,51.426,1.5477
1904-12-29,52.0634,1.2395
1904-12-30,51.3161,-1.4354
1904-12-31,50.9938,-0.6281
1905-01-03,51.5652,1.1205
1905-01-04,51.4407,-0.2414
1905-01-05,51.448,0.0142
1905-01-06,50.8839,-1.0964
1905-01-07,50.7154,-0.3311
1905-01-09,50.9279,0.419
1905-01-10,51.3528,0.8343
1905-01-11,51.3015,-0.0999
1905-01-12,50.9938,-0.5998
1905-01-13,51.5066,1.0056
1905-01-14,51.7923,0.5547
1905-01-16,51.9681,0.3394
1905-01-17,51.7703,-0.3806
1905-01-18,51.9974,0.4387
1905-01-19,51.7703,-0.4368
1905-01-20,51.741,-0.0566
1905-01-21,51.3821,-0.6936
1905-01-23,50.8766,-0.9838
1905-01-24,50.8326,-0.0865
1905-01-25,50.3711,-0.9079
1905-01-26,51.3308,1.9053
1905-01-27,51.5945,0.5137
1905-01-28,51.8802,0.5537
1905-01-30,51.8436,-0.0705
1905-01-31,52.2538,0.7912
1905-02-01,51.9461,-0.5889
1905-02-02,52.1513,0.395
1905-02-03,52.3564,0.3933
1905-02-04,52.4003,0.0838
1905-02-06,52.5981,0.3775
1905-02-07,53.2062,1.1561
1905-02-08,53.1402,-0.124
1905-02-09,52.9351,-0.386
1905-02-10,53.675,1.3977
1905-02-11,53.7263,0.0956
1905-02-14,53.8288,0.1908
1905-02-15,53.8948,0.1226
1905-02-16,53.9387,0.0815
1905-02-17,54.1512,0.394
1905-02-18,54.3783,0.4194
1905-02-20,54.8984,0.9564
1905-02-21,55.3159,0.7605
1905-02-23,55.1914,-0.2251
1905-02-24,55.7555,1.0221
1905-02-25,55.7921,0.0656
1905-02-27,55.4918,-0.5382
1905-02-28,55.0522,-0.7922
1905-03-01,55.7188,1.2109
1905-03-02,56.2683,0.9862
1905-03-03,55.6163,-1.1587
1905-03-04,55.7775,0.2898
1905-03-06,55.9166,0.2494
1905-03-07,55.6895,-0.4061
1905-03-08,55.8873,0.3552
1905-03-09,56.6712,1.4026
1905-03-10,57.0521,0.6721
1905-03-11,56.9349,-0.2054
1905-03-13,57.3012,0.6434
1905-03-14,57.2646,-0.0639
1905-03-15,57.0594,-0.3583
1905-03-16,57.0008,-0.1027
1905-03-17,56.5393,-0.8096
1905-03-18,56.6052,0.1166
1905-03-20,57.1547,0.9708
1905-03-21,56.7811,-0.6537
1905-03-22,55.9972,-1.3806
1905-03-23,56.7151,1.282
1905-03-24,58.0704,2.3897
1905-03-25,57.792,-0.4794
1905-03-27,57.5649,-0.393
1905-03-28,57.2353,-0.5726
1905-03-29,57.6528,0.7294
1905-03-30,58.0411,0.6735
1905-03-31,58.6198,0.9971
1905-04-01,59.096,0.8124
1905-04-03,59.4329,0.5701
1905-04-04,59.5648,0.2219
1905-04-05,60.1948,1.0577
1905-04-06,60.627,0.718
1905-04-07,60.8908,0.4351
1905-04-08,60.3999,-0.8062
1905-04-10,60.2168,-0.3031
1905-04-11,60.019,-0.3285
1905-04-12,60.5391,0.8666
1905-04-13,60.9713,0.7139
1905-04-14,61.3523,0.6249
1905-04-15,60.8908,-0.7522
1905-04-17,61.1032,0.3488
1905-04-18,60.5098,-0.9711
1905-04-19,61.1252,1.017
1905-04-20,59.3011,-2.9842
1905-04-24,58.5832,-1.2106
1905-04-25,59.2278,1.1003
1905-04-26,59.5282,0.5072
1905-04-27,57.5283,-3.3596
1905-04-28,57.0448,-0.8405
1905-04-29,55.7335,-2.2987
1905-05-01,56.3342,1.0778
1905-05-02,56.9715,1.1313
1905-05-03,56.0485,-1.6201
1905-05-04,54.7079,-2.3919
1905-05-05,56.2756,2.8656
1905-05-06,55.7994,-0.8462
1905-05-08,54.5907,-2.1662
1905-05-09,55.5137,1.6908
1905-05-10,55.924,0.7391
1905-05-11,56.5173,1.0609
1905-05-12,57.1766,1.1665
1905-05-13,56.7371,-0.7687
1905-05-15,56.7444,0.0129
1905-05-16,56.3269,-0.7358
1905-05-17,56.1511,-0.3121
1905-05-18,54.6713,-2.6354
1905-05-19,54.1145,-1.0185
1905-05-20,53.6384,-0.8798
1905-05-22,52.2831,-2.5267
1905-05-23,52.4296,0.2802
1905-05-24,54.0266,3.046
1905-05-25,53.4113,-1.1389
1905-05-26,53.4845,0.137
1905-05-27,53.4113,-0.1369
1905-05-29,54.2977,1.6596
1905-05-31,54.4442,0.2698
1905-06-01,53.6017,-1.5475
1905-06-02,53.7043,0.1914
1905-06-03,53.7922,0.1637
1905-06-05,53.8508,0.1089
1905-06-06,53.1329,-1.3331
1905-06-07,53.4332,0.5652
1905-06-08,53.5138,0.1508
1905-06-09,53.675,0.3012
1905-06-10,54.7079,1.9244
1905-06-12,54.6566,-0.0938
1905-06-13,54.1731,-0.8846
1905-06-14,54.2903,0.2163
1905-06-15,54.0339,-0.4723
1905-06-16,54.1805,0.2713
1905-06-17,53.7409,-0.8114
1905-06-19,53.9753,0.4362
1905-06-20,54.5248,1.0181
1905-06-21,55.0815,1.021
1905-06-22,55.4551,0.6783
1905-06-23,55.5137,0.1057
1905-06-24,55.4478,-0.1187
1905-06-26,56.7371,2.3253
1905-06-27,56.7371,0
1905-06-28,56.9789,0.4262
1905-06-29,56.5466,-0.7587
1905-06-30,56.3122,-0.4145
1905-07-01,56.7591,0.7936
1905-07-03,57.6528,1.5745
1905-07-05,57.6162,-0.0635
1905-07-06,58.1143,0.8645
1905-07-07,58.2682,0.2648
1905-07-08,58.2169,-0.088
1905-07-10,58.2169,0
1905-07-11,57.1547,-1.8246
1905-07-12,57.9385,1.3714
1905-07-13,57.8213,-0.2023
1905-07-14,57.5503,-0.4687
1905-07-15,57.6382,0.1527
1905-07-17,57.9458,0.5337
1905-07-18,57.9458,0
1905-07-19,58.0631,0.2024
1905-07-20,58.3121,0.4288
1905-07-21,58.0924,-0.3768
1905-07-22,57.1766,-1.5765
1905-07-24,57.6455,0.8201
1905-07-25,57.4037,-0.4195
1905-07-26,57.6235,0.3829
1905-07-27,58.0704,0.7756
1905-07-28,58.9421,1.5011
1905-07-29,59.074,0.2238
1905-07-31,59.8505,1.3145
1905-08-01,59.5941,-0.4284
1905-08-02,59.5648,-0.0492
1905-08-03,59.7992,0.3935
1905-08-04,59.997,0.3308
1905-08-05,59.8871,-0.1832
1905-08-07,60.2168,0.5505
1905-08-08,59.997,-0.365
1905-08-09,59.9457,-0.0855
1905-08-10,60.0923,0.2446
1905-08-11,60.2168,0.2072
1905-08-12,60.0776,-0.2312
1905-08-14,60.1582,0.1342
1905-08-15,60.3267,0.2801
1905-08-16,60.3999,0.1213
1905-08-17,60.6051,0.3397
1905-08-18,60.0923,-0.8461
1905-08-19,60.1728,0.134
1905-08-21,60.2607,0.1461
1905-08-22,60.1435,-0.1945
1905-08-23,60.671,0.8771
1905-08-24,60.5171,-0.2537
1905-08-25,60.3413,-0.2905
1905-08-26,60.5171,0.2913
1905-08-28,60.2314,-0.4721
1905-08-29,60.649,0.6933
1905-08-30,60.1069,-0.8938
1905-08-31,59.0667,-1.7306
1905-09-01,58.3561,-1.203
1905-09-02,58.3927,0.0627
1905-09-05,59.1399,1.2796
1905-09-06,57.814,-2.242
1905-09-07,57.5796,-0.4054
1905-09-08,58.444,1.5012
1905-09-09,57.8872,-0.9527
1905-09-11,57.9165,0.0506
1905-09-12,58.7004,1.3535
1905-09-13,58.1876,-0.8736
1905-09-14,58.6857,0.856
1905-09-15,58.9861,0.5119
1905-09-16,59.4183,0.7327
1905-09-18,59.6161,0.3329
1905-09-19,59.1692,-0.7496
1905-09-20,59.6674,0.842
1905-09-21,59.9018,0.3928
1905-09-22,60.0043,0.1711
1905-09-23,59.9091,-0.1587
1905-09-25,59.3743,-0.8927
1905-09-26,59.5575,0.3086
1905-09-27,59.4329,-0.2092
1905-09-28,59.2791,-0.2588
1905-09-29,59.6234,0.5808
1905-09-30,59.997,0.6266
1905-10-02,60.1948,0.3297
1905-10-03,60.5245,0.5477
1905-10-04,60.3487,-0.2905
1905-10-05,60.6417,0.4855
1905-10-06,60.4732,-0.2779
1905-10-07,60.0849,-0.6421
1905-10-09,59.8139,-0.451
1905-10-10,60.0849,0.4531
1905-10-11,59.2132,-1.4508
1905-10-12,59.3084,0.1608
1905-10-13,59.7333,0.7164
1905-10-14,59.682,-0.0859
1905-10-16,59.6893,0.0122
1905-10-17,59.6527,-0.0613
1905-10-18,59.3084,-0.5772
1905-10-19,59.6381,0.5559
1905-10-20,60.2681,1.0564
1905-10-21,60.6783,0.6806
1905-10-23,60.7003,0.0363
1905-10-24,60.6856,-0.0242
1905-10-25,60.5538,-0.2172
1905-10-26,60.1289,-0.7017
1905-10-27,60.0483,-0.134
1905-10-28,59.7113,-0.5612
1905-10-30,60.312,1.006
1905-10-31,61.3669,1.7491
1905-11-01,61.638,0.4418
1905-11-02,61.4768,-0.2615
1905-11-03,61.3742,-0.1669
1905-11-04,60.7516,-1.0144
1905-11-06,61.0373,0.4703
1905-11-08,60.1948,-1.3803
1905-11-09,59.748,-0.7423
1905-11-10,60.4878,1.2382
1905-11-11,60.2534,-0.3875
1905-11-13,59.2132,-1.7264
1905-11-14,59.8285,1.0391
1905-11-15,60.6344,1.347
1905-11-16,60.4146,-0.3625
1905-11-17,61.6746,2.0856
1905-11-18,61.9237,0.4039
1905-11-20,62.4291,0.8162
1905-11-21,62.8833,0.7275
1905-11-22,63.0811,0.3146
1905-11-23,62.9493,-0.2089
1905-11-24,62.8613,-0.1398
1905-11-25,63.6891,1.3169
1905-11-27,65.5132,2.8641
1905-11-28,65.7623,0.3802
1905-11-29,65.8502,0.1337
1905-12-01,65.6524,-0.3004
1905-12-02,65.5645,-0.1339
1905-12-04,65.6085,0.0671
1905-12-05,66.5315,1.4068
1905-12-06,66.5974,0.0991
1905-12-07,67.667,1.6061
1905-12-08,68.275,0.8985
1905-12-09,68.0113,-0.3862
1905-12-11,68.5607,0.8078
1905-12-12,69.6888,1.6454
1905-12-13,70.0918,0.5783
1905-12-14,69.9379,-0.2196
1905-12-15,70.3628,0.6075
1905-12-16,70.3921,0.0416
1905-12-18,70.1137,-0.3955
1905-12-19,70.0625,-0.073
1905-12-20,69.3079,-1.077
1905-12-21,69.0076,-0.4333
1905-12-22,69.1761,0.2442
1905-12-23,69.6302,0.6564
1905-12-26,70.209,0.8312
1905-12-27,68.8904,-1.8781
1905-12-28,69.8647,1.4143
1905-12-29,70.7364,1.2477
1905-12-30,70.4727,-0.3728
1906-01-02,69.5936,-1.2474
1906-01-03,70.0551,0.6631
1906-01-04,69.1834,-1.2443
1906-01-05,70.3921,1.7471
1906-01-06,71.1247,1.0407
1906-01-08,71.8133,0.9682
1906-01-09,71.6814,-0.1837
1906-01-10,71.8572,0.2453
1906-01-11,72.5678,0.9889
1906-01-12,73.4396,1.2014
1906-01-13,73.1026,-0.4589
1906-01-15,73.8425,1.0121
1906-01-16,73.8498,0.0099
1906-01-17,74.4798,0.8531
1906-01-18,74.912,0.5803
1906-01-19,75.4541,0.7236
1906-01-20,75.249,-0.2718
1906-01-22,74.9926,-0.3407
1906-01-23,75.0878,0.1269
1906-01-24,75.1098,0.0293
1906-01-25,75.2051,0.1269
1906-01-26,75.3809,0.2338
1906-01-27,74.619,-1.0107
1906-01-29,72.7583,-2.4936
1906-01-30,72.0184,-1.0169
1906-01-31,73.7619,2.4209
1906-02-01,74.3919,0.8541
1906-02-02,74.5091,0.1575
1906-02-03,73.0879,-1.9074
1906-02-05,73.2931,0.2808
1906-02-06,73.5421,0.3397
1906-02-07,72.9634,-0.7869
1906-02-08,72.8902,-0.1003
1906-02-09,73.2052,0.4322
1906-02-10,73.0806,-0.1702
1906-02-13,73.315,0.3207
1906-02-14,72.7217,-0.8092
1906-02-15,71.7034,-1.4003
1906-02-16,71.2858,-0.5824
1906-02-17,70.6998,-0.822
1906-02-19,71.2858,0.8289
1906-02-20,71.11,-0.2466
1906-02-21,70.5093,-0.8447
1906-02-23,70.8829,0.5299
1906-02-24,70.9635,0.1137
1906-02-26,71.3371,0.5265
1906-02-27,70.6485,-0.9653
1906-02-28,68.8171,-2.5923
1906-03-01,68.7365,-0.1171
1906-03-02,68.7585,0.032
1906-03-03,68.7512,-0.0106
1906-03-05,68.0552,-1.0123
1906-03-06,68.8611,1.1842
1906-03-07,68.927,0.0957
1906-03-08,69.3665,0.6376
1906-03-09,70.6412,1.8376
1906-03-10,70.5679,-0.1038
1906-03-12,70.6192,0.0727
1906-03-13,71.0294,0.5809
1906-03-14,70.6485,-0.5363
1906-03-15,70.1723,-0.674
1906-03-16,69.8354,-0.4801
1906-03-17,69.6669,-0.2413
1906-03-19,68.1651,-2.1557
1906-03-20,69.1174,1.397
1906-03-21,69.1394,0.0318
1906-03-22,69.5643,0.6146
1906-03-23,69.6376,0.1054
1906-03-24,69.4251,-0.3052
1906-03-26,70.5093,1.5617
1906-03-27,70.1943,-0.4467
1906-03-28,70.795,0.8558
1906-03-29,70.6412,-0.2172
1906-03-30,70.7657,0.1762
1906-03-31,71.0221,0.3623
1906-04-02,71.6741,0.918
1906-04-03,71.9305,0.3577
1906-04-04,71.4104,-0.7231
1906-04-05,71.0587,-0.4925
1906-04-06,71.1247,0.0929
1906-04-07,70.7364,-0.5459
1906-04-09,70.2749,-0.6524
1906-04-10,69.6302,-0.9174
1906-04-11,70.6485,1.4624
1906-04-12,70.3408,-0.4355
1906-04-13,70.6998,0.5104
1906-04-14,71.0734,0.5284
1906-04-16,71.0661,-0.0103
1906-04-17,70.9415,-0.1753
1906-04-18,70.0844,-1.2082
1906-04-19,69.0295,-1.5052
1906-04-20,69.8061,1.125
1906-04-21,69.7768,-0.042
1906-04-23,68.4655,-1.8793
1906-04-24,68.568,0.1497
1906-04-25,68.1431,-0.6197
1906-04-26,67.7183,-0.6234
1906-04-27,65.8722,-2.7261
1906-04-28,64.9785,-1.3567
1906-04-30,66.3191,2.0631
1906-05-01,64.4876,-2.7616
1906-05-02,63.8503,-0.9883
1906-05-03,63.3302,-0.8146
1906-05-04,65.2568,3.0422
1906-05-05,65.7477,0.7523
1906-05-07,66.5022,1.1476
1906-05-08,67.4545,1.432
1906-05-09,68.0259,0.8471
1906-05-10,68.2823,0.3769
1906-05-11,68.4288,0.2146
1906-05-12,68.2237,-0.2997
1906-05-14,67.982,-0.3543
1906-05-15,68.1724,0.2801
1906-05-16,68.6926,0.7631
1906-05-17,68.1651,-0.7679
1906-05-18,67.9453,-0.3225
1906-05-19,67.8941,-0.0754
1906-05-21,67.5424,-0.518
1906-05-22,67.5058,-0.0542
1906-05-23,67.5131,0.0108
1906-05-24,67.9527,0.6511
1906-05-25,68.4362,0.7115
1906-05-26,68.2384,-0.289
1906-05-28,68.3409,0.1502
1906-05-29,68.634,0.4289
1906-05-31,68.6779,0.064
1906-06-01,68.8684,0.2774
1906-06-02,69.1394,0.3935
1906-06-04,69.7328,0.8583
1906-06-05,69.6229,-0.1576
1906-06-06,69.7475,0.179
1906-06-07,69.6815,-0.0946
1906-06-08,69.2273,-0.6518
1906-06-09,68.8537,-0.5397
1906-06-11,69.1394,0.4149
1906-06-12,68.9343,-0.2966
1906-06-13,68.59,-0.4995
1906-06-14,68.0626,-0.7689
1906-06-15,67.5791,-0.7104
1906-06-16,66.678,-1.3334
1906-06-18,66.4143,-0.3955
1906-06-19,66.9784,0.8494
1906-06-20,67.3959,0.6233
1906-06-21,66.3337,-1.5761
1906-06-22,66.6267,0.4417
1906-06-23,65.8209,-1.2094
1906-06-25,65.2129,-0.9237
1906-06-26,65.4766,0.4044
1906-06-27,64.2532,-1.8685
1906-06-28,64.9785,1.1288
1906-06-29,63.9455,-1.5898
1906-06-30,63.7404,-0.3207
1906-07-02,63.0884,-1.0229
1906-07-03,63.4694,0.6039
1906-07-05,63.4254,-0.0693
1906-07-06,64.3118,1.3975
1906-07-07,64.4437,0.2051
1906-07-09,64.3704,-0.1137
1906-07-10,63.9236,-0.6941
1906-07-11,63.2716,-1.02
1906-07-12,62.7808,-0.7757
1906-07-13,62.3998,-0.6069
1906-07-14,62.561,0.2583
1906-07-16,63.3302,1.2295
1906-07-17,63.6672,0.5321
1906-07-18,63.3961,-0.4258
1906-07-19,63.8869,0.7742
1906-07-20,64.5536,1.0436
1906-07-21,64.8393,0.4426
1906-07-23,64.8979,0.0904
1906-07-24,64.5536,-0.5305
1906-07-25,65.6304,1.6681
1906-07-26,65.9528,0.4912
1906-07-27,66.9637,1.5328
1906-07-28,67.2494,0.4266
1906-07-30,67.1908,-0.0871
1906-07-31,67.6963,0.7523
1906-08-01,68.6559,1.4175
1906-08-02,68.3995,-0.3735
1906-08-03,67.7183,-0.9959
1906-08-04,67.1542,-0.833
1906-08-06,68.0186,1.2872
1906-08-07,68.1065,0.1292
1906-08-08,67.4692,-0.9357
1906-08-09,67.1762,-0.4343
1906-08-10,67.3373,0.2398
1906-08-11,67.4179,0.1197
1906-08-13,67.7842,0.5433
1906-08-14,67.9087,0.1837
1906-08-15,68.0845,0.2589
1906-08-16,67.8281,-0.3766
1906-08-17,68.4069,0.8533
1906-08-18,69.8427,2.0989
1906-08-20,70.2969,0.6503
1906-08-21,70.0332,-0.3751
1906-08-22,69.6595,-0.5336
1906-08-23,69.8573,0.284
1906-08-24,70.3775,0.7447
1906-08-25,70.3848,0.0104
1906-08-27,69.7328,-0.9263
1906-08-28,68.8684,-1.2396
1906-08-29,69.513,0.936
1906-08-30,69.0881,-0.6113
1906-08-31,68.8684,-0.318
1906-09-01,69.1687,0.436
1906-09-04,68.3556,-1.1755
1906-09-05,68.6926,0.493
1906-09-06,69.3226,0.9171
1906-09-07,69.0222,-0.4333
1906-09-08,69.2273,0.2972
1906-09-10,69.264,0.053
1906-09-11,68.5167,-1.0789
1906-09-12,69.872,1.9781
1906-09-13,69.7914,-0.1154
1906-09-14,70.2456,0.6508
1906-09-15,69.9819,-0.3754
1906-09-17,70.0551,0.1046
1906-09-18,70.209,0.2197
1906-09-19,69.9379,-0.3861
1906-09-20,70.3775,0.6286
1906-09-21,70.3262,-0.0729
1906-09-22,69.9599,-0.5209
1906-09-24,70.2676,0.4398
1906-09-25,69.3592,-1.2928
1906-09-26,69.4618,0.1479
1906-09-27,69.4251,-0.0528
1906-09-28,69.579,0.2217
1906-09-29,69.4764,-0.1475
1906-10-01,70.1577,0.9806
1906-10-02,69.9013,-0.3655
1906-10-03,69.7548,-0.2096
1906-10-04,69.3445,-0.5882
1906-10-05,69.9452,0.8663
1906-10-06,70.2383,0.419
1906-10-08,70.7144,0.6778
1906-10-09,70.8756,0.228
1906-10-10,70.6998,-0.248
1906-10-11,70.8023,0.145
1906-10-12,70.7511,-0.0723
1906-10-13,70.3555,-0.5591
1906-10-15,70.165,-0.2708
1906-10-16,70.4287,0.3758
1906-10-17,70.165,-0.3744
1906-10-18,70.0698,-0.1357
1906-10-19,69.4251,-0.9201
1906-10-20,67.9527,-2.1208
1906-10-22,69.2859,1.962
1906-10-23,69.2054,-0.1162
1906-10-24,68.7512,-0.6563
1906-10-25,68.2164,-0.7779
1906-10-26,68.2457,0.043
1906-10-27,68.4728,0.3328
1906-10-29,68.7512,0.4066
1906-10-30,68.6266,-0.1812
1906-10-31,68.0626,-0.8218
1906-11-01,68.7145,0.9578
1906-11-02,69.0662,0.5118
1906-11-03,68.9856,-0.1167
1906-11-05,69.3006,0.4566
1906-11-07,68.8098,-0.7082
1906-11-08,68.5534,-0.3726
1906-11-09,68.3995,-0.2245
1906-11-10,68.3629,-0.0535
1906-11-12,67.6743,-1.0073
1906-11-13,68.1724,0.736
1906-11-14,68.8684,1.0209
1906-11-15,69.0442,0.2553
1906-11-16,69.4178,0.5411
1906-11-17,69.7401,0.4643
1906-11-19,69.535,-0.2941
1906-11-20,69.6229,0.1264
1906-11-21,69.828,0.2946
1906-11-22,69.7768,-0.0733
1906-11-23,69.8354,0.084
1906-11-24,69.2786,-0.7973
1906-11-26,69.4251,0.2115
1906-11-27,69.6302,0.2954
1906-11-28,69.7914,0.2315
1906-11-30,69.6815,-0.1575
1906-12-01,69.7108,0.042
1906-12-03,69.85,0.1997
1906-12-04,69.7621,-0.1258
1906-12-05,69.7914,0.042
1906-12-06,69.4618,-0.4723
1906-12-07,69.8134,0.5062
1906-12-08,69.7328,-0.1155
1906-12-10,70.0185,0.4097
1906-12-11,70.2456,0.3243
1906-12-12,69.8573,-0.5528
1906-12-13,68.9343,-1.3213
1906-12-14,69.4618,0.7652
1906-12-15,69.9306,0.6749
1906-12-17,69.2273,-1.0057
1906-12-18,68.5241,-1.0158
1906-12-19,68.2091,-0.4597
1906-12-20,68.7219,0.7518
1906-12-21,69.2933,0.8315
1906-12-22,68.4581,-1.2053
1906-12-24,68.0845,-0.5457
1906-12-26,68.2237,0.2045
1906-12-27,69.1101,1.2993
1906-12-28,69.0662,-0.0635
1906-12-29,68.59,-0.6895
1906-12-31,69.1174,0.7689
1907-01-02,69.0442,-0.1059
1907-01-03,69.1174,0.106
1907-01-04,70.3115,1.7276
1907-01-05,70.4507,0.198
1907-01-07,70.5972,0.2079
1907-01-08,70.0698,-0.7471
1907-01-09,70.3775,0.4391
1907-01-10,70.2456,-0.1874
1907-01-11,69.9819,-0.3754
1907-01-12,70.165,0.2616
1907-01-14,70.0185,-0.2088
1907-01-15,69.8573,-0.2302
1907-01-16,69.1614,-0.9962
1907-01-17,69.1101,-0.0742
1907-01-18,67.8501,-1.8232
1907-01-19,67.8208,-0.0432
1907-01-21,68.3336,0.7561
1907-01-22,68.612,0.4074
1907-01-23,68.7878,0.2562
1907-01-24,68.883,0.1384
1907-01-25,68.1285,-1.0953
1907-01-26,67.9234,-0.301
1907-01-28,67.3153,-0.8953
1907-01-29,67.2201,-0.1414
1907-01-30,66.4949,-1.0788
1907-01-31,67.1762,1.0246
1907-02-01,66.363,-1.2105
1907-02-02,66.2824,-0.1215
1907-02-04,66.2971,0.0222
1907-02-05,67.1029,1.2154
1907-02-06,66.993,-0.1638
1907-02-07,67.6523,0.9841
1907-02-08,67.7329,0.1191
1907-02-09,67.4912,-0.3568
1907-02-11,68.0845,0.8791
1907-02-13,68.4142,0.4843
1907-02-14,67.9307,-0.7067
1907-02-15,68.1798,0.3667
1907-02-16,68.2677,0.1289
1907-02-18,67.9893,-0.4078
1907-02-19,67.601,-0.5711
1907-02-20,67.4765,-0.1842
1907-02-21,67.3007,-0.2605
1907-02-25,66.1725,-1.6764
1907-02-26,66.3777,0.3101
1907-02-27,65.7477,-0.9491
1907-02-28,66.3264,0.8802
1907-03-01,66.0187,-0.4639
1907-03-02,65.6524,-0.5548
1907-03-04,64.4657,-1.8076
1907-03-05,63.3229,-1.7727
1907-03-06,63.9382,0.9717
1907-03-07,63.3815,-0.8707
1907-03-08,62.4218,-1.5142
1907-03-09,62.1874,-0.3755
1907-03-11,62.7808,0.9542
1907-03-12,63.3888,0.9684
1907-03-13,60.8908,-3.9408
1907-03-14,55.8434,-8.2893
1907-03-15,59.5795,6.6903
1907-03-16,61.3083,2.9017
1907-03-18,60.1655,-1.864
1907-03-19,59.7406,-0.7062
1907-03-20,59.2938,-0.7479
1907-03-21,60.0483,1.2725
1907-03-22,58.8982,-1.9153
1907-03-23,57.6968,-2.0398
1907-03-25,55.228,-4.2789
1907-03-26,56.9789,3.1703
1907-03-27,56.6932,-0.5014
1907-03-28,57.2939,1.0596
1907-03-29,58.715,2.4804
1907-04-01,60.29,2.6824
1907-04-02,59.9531,-0.5588
1907-04-03,60.0263,0.1221
1907-04-04,60.8981,1.4524
1907-04-05,61.5061,0.9984
1907-04-06,61.6966,0.3097
1907-04-08,61.7991,0.1661
1907-04-09,62.0482,0.4031
1907-04-10,62.1068,0.0944
1907-04-11,61.6746,-0.6959
1907-04-12,61.4255,-0.4039
1907-04-13,60.2388,-1.9319
1907-04-15,59.6307,-1.0095
1907-04-16,60.6856,1.7691
1907-04-17,60.7223,0.0605
1907-04-18,60.8541,0.2171
1907-04-19,60.8834,0.0481
1907-04-20,60.8761,-0.012
1907-04-22,62.1215,2.0458
1907-04-23,61.9969,-0.2006
1907-04-24,61.4915,-0.8152
1907-04-25,61.4475,-0.0716
1907-04-26,61.1765,-0.441
1907-04-27,61.4988,0.5268
1907-04-29,61.8065,0.5003
1907-04-30,61.7552,-0.083
1907-05-01,61.4402,-0.5101
1907-05-02,61.953,0.8346
1907-05-03,62.2826,0.532
1907-05-04,61.9017,-0.6116
1907-05-06,61.7625,-0.2249
1907-05-07,61.1984,-0.9133
1907-05-08,61.1545,-0.0717
1907-05-09,61.008,-0.2396
1907-05-10,60.8468,-0.2642
1907-05-11,60.693,-0.2528
1907-05-13,61.2131,0.8569
1907-05-14,61.1105,-0.1676
1907-05-15,61.4182,0.5035
1907-05-16,61.1105,-0.501
1907-05-17,60.8761,-0.3836
1907-05-18,60.5904,-0.4693
1907-05-20,59.1839,-2.3213
1907-05-21,57.7041,-2.5003
1907-05-22,58.1143,0.7109
1907-05-23,57.9019,-0.3655
1907-05-24,58.2022,0.5186
1907-05-25,57.8726,-0.5663
1907-05-27,56.6272,-2.152
1907-05-28,56.6419,0.026
1907-05-29,57.3378,1.2286
1907-05-31,57.2133,-0.2171
1907-06-01,57.0887,-0.2178
1907-06-03,56.7005,-0.68
1907-06-04,57.9532,2.2093
1907-06-05,57.5942,-0.6195
1907-06-06,57.748,0.267
1907-06-07,58.129,0.6598
1907-06-08,58.5465,0.7182
1907-06-10,58.5685,0.0376
1907-06-11,57.9825,-1.0005
1907-06-12,57.9239,-0.1011
1907-06-13,57.5942,-0.5692
1907-06-14,57.1473,-0.7759
1907-06-15,56.8909,-0.4487
1907-06-17,57.0668,0.3092
1907-06-18,57.2206,0.2695
1907-06-19,57.206,-0.0255
1907-06-20,57.0375,-0.2945
1907-06-21,56.7225,-0.5523
1907-06-22,56.7298,0.0129
1907-06-24,57.0887,0.6326
1907-06-25,58.2608,2.0531
1907-06-26,58.1949,-0.1131
1907-06-27,58.7663,0.9819
1907-06-28,58.6052,-0.2741
1907-06-29,58.8689,0.45
1907-07-01,59.5355,1.1323
1907-07-02,59.2645,-0.4552
1907-07-03,59.6161,0.5933
1907-07-05,59.9604,0.5775
1907-07-06,60.4512,0.8185
1907-07-08,60.4512,0
1907-07-09,59.7553,-1.1512
1907-07-10,59.074,-1.1401
1907-07-11,59.052,-0.0372
1907-07-12,59.1253,0.1241
1907-07-13,59.6747,0.9292
1907-07-15,59.4842,-0.3192
1907-07-16,59.7113,0.3818
1907-07-17,58.8982,-1.3617
1907-07-18,59.1692,0.4601
1907-07-19,59.4549,0.4829
1907-07-20,59.5795,0.2096
1907-07-22,59.4183,-0.2706
1907-07-23,59.3231,-0.1602
1907-07-24,59.5721,0.4197
1907-07-25,59.4183,-0.2582
1907-07-26,59.5209,0.1727
1907-07-27,59.4916,-0.0492
1907-07-29,58.6784,-1.3669
1907-07-30,58.5026,-0.2996
1907-07-31,57.7774,-1.2396
1907-08-01,57.4037,-0.6468
1907-08-02,57.7774,0.651
1907-08-03,57.4917,-0.4945
1907-08-05,56.7078,-1.3635
1907-08-06,56.0778,-1.111
1907-08-07,54.8764,-2.1424
1907-08-08,55.1548,0.5073
1907-08-09,54.7372,-0.7571
1907-08-10,53.7043,-1.887
1907-08-12,52.1439,-2.9055
1907-08-13,53.0157,1.6719
1907-08-14,51.0085,-3.786
1907-08-15,51.5139,0.9908
1907-08-16,50.7594,-1.4647
1907-08-17,50.8107,0.1011
1907-08-19,50.9132,0.2017
1907-08-20,51.2868,0.7338
1907-08-21,50.7301,-1.0855
1907-08-22,51.5506,1.6174
1907-08-23,50.7447,-1.5633
1907-08-24,50.7301,-0.0288
1907-08-26,51.5945,1.7039
1907-08-27,51.4773,-0.2272
1907-08-28,51.9901,0.9962
1907-08-29,52.1439,0.2958
1907-08-30,52.9498,1.5455
1907-09-03,53.8508,1.7016
1907-09-04,53.2867,-1.0475
1907-09-05,53.9094,1.1686
1907-09-06,54.1292,0.4077
1907-09-07,53.8874,-0.4467
1907-09-09,53.7995,-0.1631
1907-09-10,52.5102,-2.3965
1907-09-11,51.9828,-1.0044
1907-09-12,51.1769,-1.5503
1907-09-13,51.0524,-0.2433
1907-09-14,50.0341,-1.9946
1907-09-16,49.9169,-0.2342
1907-09-17,50.6715,1.5117
1907-09-18,50.5836,-0.1735
1907-09-19,51.133,1.0861
1907-09-20,51.3528,0.4299
1907-09-21,51.6092,0.4993
1907-09-23,50.9352,-1.306
1907-09-24,51.1476,0.417
1907-09-25,50.8619,-0.5586
1907-09-26,50.5543,-0.6048
1907-09-27,49.6093,-1.8693
1907-09-28,49.199,-0.8271
1907-09-30,49.6093,0.834
1907-10-01,49.7777,0.3395
1907-10-02,49.536,-0.4856
1907-10-03,49.7704,0.4732
1907-10-04,49.6386,-0.2648
1907-10-05,49.3089,-0.6642
1907-10-07,49.492,0.3713
1907-10-08,49.1184,-0.7549
1907-10-09,47.9903,-2.2967
1907-10-10,47.983,-0.0152
1907-10-11,46.5252,-3.0382
1907-10-12,45.6681,-1.8422
1907-10-14,45.5216,-0.3208
1907-10-15,45.4849,-0.0806
1907-10-16,44.2908,-2.6253
1907-10-17,44.3421,0.1158
1907-10-18,43.3165,-2.3129
1907-10-19,42.9649,-0.8117
1907-10-21,44.5472,3.6828
1907-10-22,43.3019,-2.7955
1907-10-23,42.6426,-1.5226
1907-10-24,42.6206,-0.0516
1907-10-25,42.7085,0.2062
1907-10-26,42.7158,0.0171
1907-10-28,42.584,-0.3086
1907-10-29,41.9247,-1.5482
1907-10-30,42.7964,2.0792
1907-10-31,42.269,-1.2323
1907-11-01,42.1664,-0.2427
1907-11-02,42.0419,-0.2953
1907-11-04,42.8404,1.8993
1907-11-06,42.3056,-1.2484
1907-11-07,41.3093,-2.355
1907-11-08,41.5217,0.5142
1907-11-09,41.3752,-0.3528
1907-11-11,41.6683,0.7084
1907-11-12,40.9284,-1.7757
1907-11-13,40.5621,-0.895
1907-11-14,39.8222,-1.8241
1907-11-15,38.8259,-2.5019
1907-11-16,39.4779,1.6793
1907-11-18,40.3277,2.1526
1907-11-19,39.1556,-2.9064
1907-11-20,38.9578,-0.5052
1907-11-21,39.0237,0.1692
1907-11-22,38.8845,-0.3567
1907-11-23,40.3057,3.6549
1907-11-25,39.2874,-2.5264
1907-11-26,40.3277,2.6479
1907-11-27,40.694,0.9083
1907-11-29,42.1298,3.5283
1907-11-30,42.7891,1.5649
1907-12-02,44.0564,2.9617
1907-12-03,43.5656,-1.114
1907-12-04,44.0344,1.0761
1907-12-05,44.8036,1.7468
1907-12-06,45.2505,0.9975
1907-12-07,44.6938,-1.2303
1907-12-09,43.7487,-2.1146
1907-12-10,42.8623,-2.0261
1907-12-11,42.6499,-0.4955
1907-12-12,42.6133,-0.0858
1907-12-13,41.9686,-1.5129
1907-12-14,41.9979,0.0698
1907-12-16,41.7781,-0.5234
1907-12-17,41.6463,-0.3155
1907-12-18,42.2763,1.5127
1907-12-19,42.5473,0.641
1907-12-20,43.2066,1.5496
1907-12-21,43.5583,0.814
1907-12-23,42.6426,-2.1022
1907-12-24,42.4887,-0.3609
1907-12-26,42.1957,-0.6896
1907-12-27,42.9649,1.8229
1907-12-28,43.0968,0.307
1907-12-30,43.5656,1.0878
1907-12-31,43.0382,-1.2106
1908-01-02,43.6682,1.4638
1908-01-03,44.4081,1.6944
1908-01-04,44.5912,0.4123
1908-01-06,45.2359,1.4458
1908-01-07,44.9941,-0.5345
1908-01-08,45.2359,0.5374
1908-01-09,46.5178,2.8338
1908-01-10,46.1589,-0.7715
1908-01-11,47.0819,1.9996
1908-01-13,47.602,1.1047
1908-01-14,48.232,1.3235
1908-01-15,47.939,-0.6075
1908-01-16,47.0233,-1.9101
1908-01-17,47.2724,0.5297
1908-01-18,47.2138,-0.124
1908-01-20,46.2907,-1.9551
1908-01-21,46.3054,0.0318
1908-01-22,45.4922,-1.7562
1908-01-23,45.0088,-1.0626
1908-01-24,44.9135,-0.2117
1908-01-25,45.2432,0.7341
1908-01-27,45.4629,0.4856
1908-01-28,45.8073,0.7575
1908-01-29,45.4776,-0.7198
1908-01-30,45.6534,0.3866
1908-01-31,45.9318,0.6098
1908-02-01,45.2945,-1.3875
1908-02-03,45.2871,-0.0163
1908-02-04,45.5216,0.5178
1908-02-05,44.7011,-1.8024
1908-02-06,44.7963,0.213
1908-02-07,44.5179,-0.6215
1908-02-08,43.8806,-1.4316
1908-02-10,43.0748,-1.8363
1908-02-11,43.3019,0.5272
1908-02-13,42.9429,-0.8291
1908-02-14,43.7561,1.8937
1908-02-15,43.3458,-0.9377
1908-02-17,43.1334,-0.49
1908-02-18,43.1041,-0.0679
1908-02-19,43.2799,0.4078
1908-02-20,43.7194,1.0155
1908-02-21,44.1004,0.8715
1908-02-24,43.9539,-0.3322
1908-02-25,43.8953,-0.1333
1908-02-26,43.9392,0.1
1908-02-27,44.0711,0.3002
1908-02-28,44.7377,1.5126
1908-02-29,44.3494,-0.8679
1908-03-02,44.7524,0.9087
1908-03-03,44.6645,-0.1964
1908-03-04,44.8256,0.3607
1908-03-05,44.8989,0.1635
1908-03-06,45.1846,0.6363
1908-03-07,46.32,2.5128
1908-03-09,46.635,0.6801
1908-03-10,46.5178,-0.2513
1908-03-11,46.7889,0.5828
1908-03-12,46.9794,0.4071
1908-03-13,47.7266,1.5905
1908-03-14,48.4298,1.4734
1908-03-16,47.7852,-1.331
1908-03-17,48.1881,0.8431
1908-03-18,47.668,-1.0793
1908-03-19,48.1808,1.0758
1908-03-20,48.6496,0.973
1908-03-21,49.2723,1.28
1908-03-23,50.0488,1.5759
1908-03-24,50.6055,1.1123
1908-03-25,51.2209,1.2161
1908-03-26,50.8619,-0.7009
1908-03-27,51.1183,0.5041
1908-03-28,50.3198,-1.5621
1908-03-30,50.2832,-0.0727
1908-03-31,49.4554,-1.6463
1908-04-01,49.6972,0.4889
1908-04-02,49.6825,-0.0296
1908-04-03,49.243,-0.8846
1908-04-04,49.1917,-0.1042
1908-04-06,49.1111,-0.1638
1908-04-07,49.4334,0.6563
1908-04-08,49.6752,0.4891
1908-04-09,50.2832,1.224
1908-04-10,50.3711,0.1748
1908-04-11,50.1587,-0.4217
1908-04-13,49.9389,-0.4382
1908-04-14,50.1953,0.5134
1908-04-15,49.8217,-0.7443
1908-04-16,50.1367,0.6323
1908-04-20,49.7704,-0.7306
1908-04-21,50.0488,0.5594
1908-04-22,50.0928,0.0879
1908-04-23,50.6202,1.0528
1908-04-24,51.2868,1.3169
1908-04-25,51.2282,-0.1143
1908-04-27,51.133,-0.1858
1908-04-28,51.448,0.616
1908-04-29,51.492,0.0855
1908-04-30,50.9499,-1.0528
1908-05-01,51.2209,0.5319
1908-05-02,51.3161,0.1859
1908-05-04,51.1183,-0.3855
1908-05-05,51.7337,1.2039
1908-05-06,52.078,0.6655
1908-05-07,51.9461,-0.2533
1908-05-08,52.2025,0.4936
1908-05-09,52.5835,0.7299
1908-05-11,53.0889,0.9611
1908-05-12,52.9644,-0.2345
1908-05-13,53.5431,1.0926
1908-05-14,54.1731,1.1766
1908-05-15,54.4881,0.5815
1908-05-16,54.62,0.2421
1908-05-18,55.0302,0.751
1908-05-19,54.0486,-1.7837
1908-05-20,54.0852,0.0677
1908-05-21,54.3636,0.5147
1908-05-22,54.012,-0.6468
1908-05-23,53.0596,-1.7633
1908-05-25,53.5065,0.8423
1908-05-26,53.0377,-0.8762
1908-05-27,53.2135,0.3315
1908-05-28,52.8545,-0.6746
1908-05-29,53.3014,0.8455
1908-06-01,54.4881,2.2264
1908-06-02,54.2317,-0.4706
1908-06-03,54.1292,-0.189
1908-06-04,53.2281,-1.6647
1908-06-05,53.5944,0.6882
1908-06-06,53.968,0.6971
1908-06-08,53.7556,-0.3936
1908-06-09,53.4113,-0.6405
1908-06-10,53.7702,0.672
1908-06-11,53.7849,0.0273
1908-06-12,53.3453,-0.8173
1908-06-13,53.4039,0.1099
1908-06-15,53.4259,0.0412
1908-06-16,53.8288,0.7541
1908-06-17,53.5651,-0.4899
1908-06-18,53.8801,0.5881
1908-06-19,53.2208,-1.2236
1908-06-20,53.2648,0.0827
1908-06-22,52.5322,-1.3754
1908-06-23,52.5249,-0.0139
1908-06-24,52.6714,0.2789
1908-06-25,52.9864,0.598
1908-06-26,52.9937,0.0138
1908-06-27,52.9058,-0.1659
1908-06-29,53.4113,0.9555
1908-06-30,53.1768,-0.439
1908-07-01,53.3014,0.2343
1908-07-02,53.382,0.1512
1908-07-03,53.5651,0.343
1908-07-06,54.576,1.8872
1908-07-07,54.8251,0.4564
1908-07-08,55.5504,1.3229
1908-07-09,55.9459,0.712
1908-07-10,55.4038,-0.969
1908-07-11,55.1914,-0.3834
1908-07-13,55.7188,0.9556
1908-07-14,56.3122,1.065
1908-07-15,56.2023,-0.1952
1908-07-16,56.2683,0.1174
1908-07-17,56.4661,0.3515
1908-07-18,57.3451,1.5567
1908-07-20,57.6894,0.6004
1908-07-21,57.5942,-0.165
1908-07-22,57.9678,0.6487
1908-07-23,58.2828,0.5434
1908-07-24,57.5429,-1.2695
1908-07-25,58.3414,1.3877
1908-07-27,57.9458,-0.6781
1908-07-28,58.1363,0.3288
1908-07-29,58.2096,0.1261
1908-07-30,58.3195,0.1888
1908-07-31,58.8542,0.9168
1908-08-01,59.0227,0.2863
1908-08-03,59.389,0.6206
1908-08-04,60.1655,1.3075
1908-08-05,60.1216,-0.073
1908-08-06,61.3889,2.1079
1908-08-07,61.8724,0.7876
1908-08-08,62.1874,0.5091
1908-08-10,62.561,0.6008
1908-08-11,61.8504,-1.1359
1908-08-12,62.0409,0.308
1908-08-13,61.323,-1.1571
1908-08-14,60.1289,-1.9472
1908-08-15,59.7846,-0.5726
1908-08-17,60.5171,1.2252
1908-08-18,60.8028,0.4721
1908-08-19,60.4439,-0.5903
1908-08-20,60.4878,0.0726
1908-08-21,60.1802,-0.5085
1908-08-22,60.2827,0.1703
1908-08-24,60.0043,-0.4618
1908-08-25,60.0923,0.1467
1908-08-26,60.5464,0.7557
1908-08-27,61.4182,1.4399
1908-08-28,61.6087,0.3102
1908-08-29,61.9456,0.5468
1908-08-31,62.0189,0.1183
1908-09-01,61.9383,-0.13
1908-09-02,61.3596,-0.9343
1908-09-03,60.4878,-1.4208
1908-09-04,61.2058,1.187
1908-09-08,61.2937,0.1436
1908-09-09,61.2497,-0.0718
1908-09-10,60.7662,-0.7894
1908-09-11,60.0703,-1.1452
1908-09-12,60.3853,0.5244
1908-09-14,60.4219,0.0606
1908-09-15,59.6454,-1.2851
1908-09-16,58.759,-1.4861
1908-09-17,57.8726,-1.5085
1908-09-18,58.4953,1.076
1908-09-19,57.6235,-1.4904
1908-09-21,56.9056,-1.2458
1908-09-22,56.4587,-0.7853
1908-09-23,57.7774,2.3357
1908-09-24,58.3048,0.9128
1908-09-25,58.7443,0.7538
1908-09-26,58.0557,-1.1722
1908-09-28,58.2975,0.4165
1908-09-29,58.0411,-0.4398
1908-09-30,58.5539,0.8835
1908-10-01,58.2389,-0.538
1908-10-02,58.9934,1.2955
1908-10-03,59.4842,0.832
1908-10-05,59.0154,-0.7881
1908-10-06,59.2864,0.4592
1908-10-07,59.5795,0.4944
1908-10-08,59.1033,-0.7993
1908-10-09,59.074,-0.0496
1908-10-10,59.1546,0.1364
1908-10-12,59.6967,0.9164
1908-10-13,59.4916,-0.3436
1908-10-14,59.7333,0.4063
1908-10-15,59.8139,0.1349
1908-10-16,59.9311,0.1959
1908-10-17,59.5941,-0.5623
1908-10-19,59.5282,-0.1106
1908-10-20,60.2241,1.169
1908-10-21,60.671,0.7421
1908-10-22,60.6783,0.012
1908-10-23,60.3926,-0.4708
1908-10-24,60.4219,0.0485
1908-10-26,60.2314,-0.3153
1908-10-27,61.2058,1.6178
1908-10-28,60.5977,-0.9935
1908-10-29,60.9127,0.5198
1908-10-30,60.7442,-0.2766
1908-10-31,60.4585,-0.4703
1908-11-02,60.7296,0.4484
1908-11-04,62.1727,2.3763
1908-11-05,62.8613,1.1076
1908-11-06,63.9382,1.7131
1908-11-07,64.2972,0.5615
1908-11-09,64.0774,-0.3419
1908-11-10,64.1287,0.0801
1908-11-11,63.799,-0.5141
1908-11-12,64.1873,0.6086
1908-11-13,64.744,0.8673
1908-11-14,64.5316,-0.3281
1908-11-16,64.2312,-0.4655
1908-11-17,64.2386,0.0115
1908-11-18,63.6379,-0.9351
1908-11-19,63.5133,-0.1958
1908-11-20,63.506,-0.0115
1908-11-21,63.1397,-0.5768
1908-11-23,63.1251,-0.0231
1908-11-24,64.18,1.6711
1908-11-25,63.843,-0.5251
1908-11-27,64.18,0.5279
1908-11-28,64.1946,0.0227
1908-11-30,63.9529,-0.3765
1908-12-01,64.1946,0.3779
1908-12-02,64.2239,0.0456
1908-12-03,63.4254,-1.2433
1908-12-04,63.9236,0.7855
1908-12-05,63.4987,-0.6647
1908-12-07,63.2789,-0.3461
1908-12-08,63.7478,0.741
1908-12-09,64.0408,0.4596
1908-12-10,63.9895,-0.0801
1908-12-11,63.4474,-0.8472
1908-12-12,63.3448,-0.1617
1908-12-14,62.4951,-1.3414
1908-12-15,62.3779,-0.1875
1908-12-16,62.9126,0.8572
1908-12-17,61.5281,-2.2007
1908-12-18,61.4695,-0.0952
1908-12-19,61.323,-0.2383
1908-12-21,61.1398,-0.2987
1908-12-22,61.953,1.3301
1908-12-23,62.6196,1.076
1908-12-24,62.7661,0.234
1908-12-28,63.7111,1.5056
1908-12-29,63.1617,-0.8623
1908-12-30,62.9346,-0.3596
1908-12-31,63.1104,0.2793
1909-01-02,63.1983,0.1393
1909-01-04,62.4584,-1.1708
1909-01-05,62.1581,-0.4808
1909-01-06,62.3705,0.3417
1909-01-07,63.6965,2.126
1909-01-08,63.1617,-0.8396
1909-01-09,62.5317,-0.9974
1909-01-11,62.4731,-0.0937
1909-01-12,62.3046,-0.2697
1909-01-13,61.9749,-0.5292
1909-01-14,62.0995,0.201
1909-01-15,61.887,-0.3422
1909-01-16,62.4951,0.9826
1909-01-18,62.1141,-0.6096
1909-01-19,62.3486,0.3775
1909-01-20,62.0922,-0.4112
1909-01-21,62.7954,1.1325
1909-01-22,62.7954,0
1909-01-23,62.876,0.1284
1909-01-25,62.898,0.035
1909-01-26,62.7734,-0.1981
1909-01-27,62.832,0.0934
1909-01-28,62.3412,-0.7811
1909-01-29,61.9896,-0.564
1909-01-30,61.6013,-0.6264
1909-02-01,61.8577,0.4162
1909-02-02,62.2899,0.6987
1909-02-03,62.0262,-0.4233
1909-02-04,62.0409,0.0237
1909-02-05,62.1654,0.2007
1909-02-06,62.0042,-0.2593
1909-02-08,62.7148,1.1461
1909-02-09,62.7075,-0.0116
1909-02-10,62.8247,0.1869
1909-02-11,63.1617,0.5364
1909-02-15,63.528,0.5799
1909-02-16,63.3082,-0.346
1909-02-17,62.9493,-0.5669
1909-02-18,62.0922,-1.3616
1909-02-19,61.7772,-0.5073
1909-02-20,60.671,-1.7906
1909-02-23,58.5392,-3.5137
1909-02-24,59.66,1.9146
1909-02-25,59.0227,-1.0682
1909-02-26,59.5868,0.9557
1909-02-27,59.9604,0.627
1909-03-01,60.5977,1.0629
1909-03-02,61.008,0.6771
1909-03-03,60.4952,-0.8405
1909-03-04,59.9164,-0.9568
1909-03-05,60.1435,0.379
1909-03-06,60.2241,0.134
1909-03-08,60.2168,-0.0121
1909-03-09,59.8066,-0.6812
1909-03-10,59.9091,0.1714
1909-03-11,59.997,0.1467
1909-03-12,60.0923,0.1588
1909-03-13,60.0923,0
1909-03-15,59.9824,-0.1829
1909-03-16,60.5464,0.9403
1909-03-17,60.8468,0.4961
1909-03-18,60.6637,-0.3009
1909-03-19,60.3633,-0.4952
1909-03-20,60.312,-0.085
1909-03-22,61.008,1.154
1909-03-23,60.7589,-0.4083
1909-03-24,61.0373,0.4582
1909-03-25,60.964,-0.1201
1909-03-26,61.2424,0.4567
1909-03-27,62.0702,1.3517
1909-03-29,62.4951,0.6845
1909-03-30,62.4804,-0.0235
1909-03-31,63.0884,0.9731
1909-04-01,62.539,-0.8708
1909-04-02,62.539,0
1909-04-03,62.9566,0.6677
1909-04-05,63.6745,1.1403
1909-04-06,63.5939,-0.1266
1909-04-07,63.6598,0.1036
1909-04-08,64.3045,1.0127
1909-04-12,64.5462,0.3759
1909-04-13,64.1433,-0.6242
1909-04-14,64.0481,-0.1484
1909-04-15,63.8503,-0.3088
1909-04-16,63.4108,-0.6883
1909-04-17,64.2093,1.2592
1909-04-19,64.3265,0.1825
1909-04-20,64.3631,0.0569
1909-04-21,64.2093,-0.239
1909-04-22,64.5389,0.5133
1909-04-23,64.2166,-0.4994
1909-04-24,64.5536,0.5248
1909-04-26,64.1946,-0.5561
1909-04-27,64.0554,-0.2168
1909-04-28,64.5609,0.7892
1909-04-29,64.4876,-0.1135
1909-04-30,64.6781,0.2954
1909-05-01,64.7001,0.034
1909-05-03,65.0224,0.4981
1909-05-04,65.3594,0.5183
1909-05-05,65.4327,0.1121
1909-05-06,66.026,0.9067
1909-05-07,66.9564,1.4091
1909-05-08,67.0736,0.175
1909-05-10,66.6194,-0.6772
1909-05-11,66.8465,0.3409
1909-05-12,66.7293,-0.1753
1909-05-13,66.5095,-0.3294
1909-05-14,66.6121,0.1543
1909-05-15,66.5315,-0.121
1909-05-17,66.5461,0.0219
1909-05-18,66.9271,0.5725
1909-05-19,66.9637,0.0547
1909-05-20,66.5755,-0.5797
1909-05-21,66.7732,0.297
1909-05-22,67.037,0.3951
1909-05-24,67.2201,0.2731
1909-05-25,67.0882,-0.1962
1909-05-26,66.7952,-0.4367
1909-05-27,67.1395,0.5155
1909-05-28,67.5278,0.5783
1909-06-01,67.6743,0.2169
1909-06-02,67.8648,0.2815
1909-06-03,68.905,1.5328
1909-06-04,68.9783,0.1064
1909-06-05,69.198,0.3185
1909-06-07,68.8391,-0.5187
1909-06-08,68.8464,0.0106
1909-06-09,68.6999,-0.2128
1909-06-10,68.7512,0.0747
1909-06-11,68.8464,0.1385
1909-06-12,68.8977,0.0745
1909-06-14,69.0002,0.1488
1909-06-15,67.8501,-1.6668
1909-06-16,67.6303,-0.3239
1909-06-17,66.7806,-1.2564
1909-06-18,66.9124,0.1974
1909-06-19,66.7952,-0.1752
1909-06-21,65.6817,-1.667
1909-06-22,65.9528,0.4127
1909-06-23,66.8758,1.3995
1909-06-24,67.2934,0.6244
1909-06-25,67.037,-0.381
1909-06-26,66.9417,-0.1422
1909-06-28,67.0956,0.2299
1909-06-29,67.9966,1.3429
1909-06-30,67.601,-0.5818
1909-07-01,68.0919,0.7262
1909-07-02,68.231,0.2043
1909-07-06,68.2237,-0.0107
1909-07-07,68.2457,0.0322
1909-07-08,68.1578,-0.1288
1909-07-09,68.0552,-0.1505
1909-07-10,68.1138,0.0861
1909-07-12,68.4215,0.4517
1909-07-13,67.9966,-0.621
1909-07-14,68.1724,0.2585
1909-07-15,68.4581,0.4191
1909-07-16,68.927,0.6849
1909-07-17,69.0002,0.1062
1909-07-19,69.1028,0.1487
1909-07-20,69.3592,0.371
1909-07-21,68.883,-0.6866
1909-07-22,69.0002,0.1701
1909-07-23,68.4142,-0.8493
1909-07-24,69.0955,0.9958
1909-07-26,68.8757,-0.3181
1909-07-27,69.2347,0.5212
1909-07-28,69.5204,0.4127
1909-07-29,69.8207,0.432
1909-07-30,70.4507,0.9023
1909-07-31,70.9049,0.6447
1909-08-02,71.4397,0.7542
1909-08-03,71.8939,0.6358
1909-08-04,71.7913,-0.1427
1909-08-05,71.11,-0.949
1909-08-06,72.0111,1.2672
1909-08-07,72.1429,0.183
1909-08-09,72.0624,-0.1116
1909-08-10,72.0624,0
1909-08-11,72.5385,0.6607
1909-08-12,72.6045,0.091
1909-08-13,72.414,-0.2624
1909-08-14,72.7143,0.4147
1909-08-16,72.0477,-0.9167
1909-08-17,72.4579,0.5693
1909-08-18,71.8939,-0.7784
1909-08-19,71.5789,-0.4381
1909-08-20,71.425,-0.215
1909-08-21,71.9598,0.7488
1909-08-23,72.4433,0.6719
1909-08-24,72.5678,0.1719
1909-08-25,72.1649,-0.5552
1909-08-26,70.5459,-2.2435
1909-08-27,71.1906,0.9139
1909-08-28,70.8976,-0.4116
1909-08-30,72.0257,1.5912
1909-08-31,71.7181,-0.4271
1909-09-01,71.425,-0.4087
1909-09-02,71.8792,0.6359
1909-09-03,72.1356,0.3567
1909-09-07,71.3591,-1.0764
1909-09-08,71.0954,-0.3695
1909-09-09,70.2236,-1.2262
1909-09-10,71.2199,1.4188
1909-09-11,70.4654,-1.0594
1909-09-13,70.4507,-0.0209
1909-09-14,71.0075,0.7903
1909-09-15,72.0038,1.4031
1909-09-16,72.5678,0.7833
1909-09-17,72.6411,0.101
1909-09-18,72.5825,-0.0807
1909-09-20,73.0586,0.6559
1909-09-21,73.1978,0.1905
1909-09-22,72.6191,-0.7906
1909-09-23,72.5825,-0.0504
1909-09-24,72.6484,0.0908
1909-09-27,72.7583,0.1513
1909-09-28,73.3443,0.8054
1909-09-29,73.2125,-0.1797
1909-09-30,72.9268,-0.3902
1909-10-01,73.5202,0.8137
1909-10-02,73.6227,0.1394
1909-10-04,73.3956,-0.3085
1909-10-05,72.5385,-1.1678
1909-10-06,72.3261,-0.2928
1909-10-07,73.1685,1.1647
1909-10-08,71.8426,-1.8121
1909-10-09,71.7913,-0.0714
1909-10-11,71.0221,-1.0714
1909-10-13,70.9049,-0.165
1909-10-14,71.8353,1.3122
1909-10-15,72.2089,0.5201
1909-10-16,72.2602,0.071
1909-10-18,72.3627,0.1418
1909-10-19,71.9012,-0.6378
1909-10-20,71.806,-0.1324
1909-10-21,71.8719,0.0918
1909-10-22,70.9269,-1.3148
1909-10-23,70.1064,-1.1568
1909-10-25,70.9342,1.1808
1909-10-26,70.48,-0.6403
1909-10-27,71.088,0.8627
1909-10-28,71.8133,1.0203
1909-10-29,72.5019,0.9589
1909-10-30,72.5752,0.1011
1909-11-01,72.8462,0.3734
1909-11-03,73.4249,0.7944
1909-11-04,73.5788,0.2096
1909-11-05,73.1099,-0.6373
1909-11-06,72.7656,-0.4709
1909-11-08,72.8242,0.0805
1909-11-09,72.2821,-0.7444
1909-11-10,72.3627,0.1115
1909-11-11,72.3554,-0.0101
1909-11-12,72.3554,0
1909-11-13,72.6411,0.3949
1909-11-15,72.751,0.1513
1909-11-16,72.6777,-0.1008
1909-11-17,72.9121,0.3225
1909-11-18,73.5055,0.8139
1909-11-19,73.6447,0.1894
1909-11-20,73.2711,-0.5073
1909-11-22,72.5092,-1.0398
1909-11-23,72.0477,-0.6365
1909-11-24,71.8133,-0.3253
1909-11-26,72.3261,0.7141
1909-11-27,71.6521,-0.9319
1909-11-29,70.2456,-1.963
1909-11-30,70.3408,0.1355
1909-12-01,70.9708,0.8956
1909-12-02,70.8097,-0.227
1909-12-03,71.3957,0.8276
1909-12-04,71.8499,0.6362
1909-12-06,71.4397,-0.5709
1909-12-07,71.9964,0.7793
1909-12-08,71.8865,-0.1526
1909-12-09,72.2968,0.5708
1909-12-10,72.0917,-0.2837
1909-12-11,72.1356,0.0609
1909-12-13,72.5239,0.5383
1909-12-14,72.2162,-0.4243
1909-12-15,72.2821,0.0913
1909-12-16,72.2382,-0.0607
1909-12-17,72.4213,0.2535
1909-12-18,72.5532,0.1821
1909-12-20,72.4067,-0.2019
1909-12-21,72.4286,0.0302
1909-12-22,72.414,-0.0202
1909-12-23,72.2015,-0.2935
1909-12-24,72.2382,0.0508
1909-12-27,71.9964,-0.3347
1909-12-28,72.2528,0.3561
1909-12-29,72.729,0.6591
1909-12-30,72.6557,-0.1008
1909-12-31,72.5605,-0.131
1910-01-03,72.0404,-0.7168
1910-01-04,72.0111,-0.0407
1910-01-05,71.1027,-1.2615
1910-01-06,71.5129,0.5769
1910-01-07,71.5496,0.0513
1910-01-08,71.6961,0.2048
1910-01-10,71.132,-0.7868
1910-01-11,70.795,-0.4738
1910-01-12,70.2163,-0.8174
1910-01-13,70.4434,0.3234
1910-01-14,68.634,-2.5686
1910-01-15,69.1907,0.8111
1910-01-17,68.6779,-0.7411
1910-01-18,68.8024,0.1813
1910-01-19,67.6523,-1.6716
1910-01-20,68.3409,1.0179
1910-01-21,69.1614,1.2006
1910-01-22,69.242,0.1165
1910-01-24,68.1871,-1.5235
1910-01-25,66.4143,-2.5999
1910-01-26,67.9014,2.2391
1910-01-27,67.1175,-1.1545
1910-01-28,67.33,0.3166
1910-01-29,67.7036,0.5549
1910-01-31,67.33,-0.5518
1910-02-01,66.9051,-0.6311
1910-02-02,66.2238,-1.0183
1910-02-03,64.0994,-3.2079
1910-02-04,64.2972,0.3086
1910-02-05,64.7514,0.7064
1910-02-07,62.5244,-3.4393
1910-02-08,62.2899,-0.3751
1910-02-09,63.9675,2.6932
1910-02-10,64.3558,0.607
1910-02-11,65.2495,1.3887
1910-02-14,65.6744,0.6512
1910-02-15,65.3667,-0.4685
1910-02-16,65.9967,0.9638
1910-02-17,66.407,0.6217
1910-02-18,66.6048,0.2979
1910-02-19,66.7659,0.2419
1910-02-21,66.4436,-0.4827
1910-02-23,66.385,-0.0882
1910-02-24,66.8245,0.662
1910-02-25,66.8905,0.0988
1910-02-26,66.3996,-0.7339
1910-02-28,66.9124,0.7723
1910-03-01,67.2274,0.4708
1910-03-02,67.8501,0.9263
1910-03-03,67.8428,-0.0108
1910-03-04,68.004,0.2376
1910-03-05,68.1138,0.1615
1910-03-07,69.1174,1.4734
1910-03-08,69.2713,0.2227
1910-03-09,69.0808,-0.275
1910-03-10,68.8024,-0.403
1910-03-11,67.8574,-1.3735
1910-03-12,67.9673,0.162
1910-03-14,68.2017,0.3449
1910-03-15,67.3373,-1.2674
1910-03-16,66.9198,-0.62
1910-03-17,67.4985,0.8648
1910-03-18,67.916,0.6185
1910-03-19,67.4985,-0.6147
1910-03-21,67.6377,0.2062
1910-03-22,67.6596,0.0324
1910-03-23,66.8831,-1.1477
1910-03-24,66.8905,0.0111
1910-03-28,65.7257,-1.7414
1910-03-29,66.0846,0.5461
1910-03-30,65.5425,-0.8203
1910-03-31,65.7184,0.2684
1910-04-01,65.7184,0
1910-04-02,65.7184,0
1910-04-04,65.7477,0.0446
1910-04-05,66.6341,1.3482
1910-04-06,66.7806,0.2199
1910-04-07,66.5828,-0.2962
1910-04-08,65.5865,-1.4963
1910-04-09,65.462,-0.1898
1910-04-11,66.7366,1.9471
1910-04-12,66.6048,-0.1975
1910-04-13,67.4692,1.2978
1910-04-14,67.6596,0.2822
1910-04-15,67.4252,-0.3464
1910-04-16,67.8501,0.6302
1910-04-18,67.1542,-1.0256
1910-04-19,67.2348,0.12
1910-04-20,66.2018,-1.5364
1910-04-21,66.3117,0.166
1910-04-22,65.9088,-0.6076
1910-04-23,65.9967,0.1334
1910-04-25,65.0004,-1.5096
1910-04-26,65.0737,0.1128
1910-04-27,64.5975,-0.7318
1910-04-28,63.213,-2.1433
1910-04-29,63.8576,1.0197
1910-04-30,63.147,-1.1128
1910-05-02,62.6416,-0.8004
1910-05-03,62.0629,-0.9238
1910-05-04,63.3009,1.9948
1910-05-05,63.9675,1.0531
1910-05-06,63.3741,-0.9277
1910-05-07,63.528,0.2428
1910-05-09,64.4876,1.5105
1910-05-10,64.9272,0.6817
1910-05-11,65.0004,0.1127
1910-05-12,64.8466,-0.2366
1910-05-13,64.9931,0.2259
1910-05-14,65.2935,0.4622
1910-05-16,65.0371,-0.3927
1910-05-17,64.9199,-0.1802
1910-05-18,64.6561,-0.4063
1910-05-19,64.9858,0.5099
1910-05-20,65.4473,0.7102
1910-05-21,65.6817,0.3582
1910-05-23,65.0297,-0.9927
1910-05-24,65.2422,0.3268
1910-05-25,64.9565,-0.4379
1910-05-26,64.5682,-0.5978
1910-05-27,64.3631,-0.3176
1910-05-31,63.235,-1.7527
1910-06-01,62.7734,-0.73
1910-06-02,62.4511,-0.5134
1910-06-03,60.5831,-2.9911
1910-06-04,60.8468,0.4353
1910-06-06,60.1069,-1.216
1910-06-07,61.9017,2.986
1910-06-08,61.9383,0.0591
1910-06-09,62.1874,0.4022
1910-06-10,61.1398,-1.6846
1910-06-11,61.0885,-0.0839
1910-06-13,61.4475,0.5877
1910-06-14,61.7405,0.4768
1910-06-15,61.4182,-0.522
1910-06-16,61.6233,0.3339
1910-06-17,61.7259,0.1665
1910-06-18,61.8504,0.2017
1910-06-20,62.3266,0.7699
1910-06-21,62.4804,0.2468
1910-06-22,63.2057,1.1608
1910-06-23,63.0079,-0.3129
1910-06-24,62.2167,-1.2557
1910-06-25,62.4511,0.3767
1910-06-27,60.9054,-2.4751
1910-06-28,60.9054,0
1910-06-29,59.7773,-1.8522
1910-06-30,59.4696,-0.5147
1910-07-01,59.8066,0.5667
1910-07-05,58.7736,-1.7272
1910-07-06,58.8029,0.0499
1910-07-07,59.0886,0.4859
1910-07-08,59.2132,0.2109
1910-07-09,59.4769,0.4453
1910-07-11,59.389,-0.1478
1910-07-12,58.7077,-1.1472
1910-07-13,59.1839,0.8111
1910-07-14,59.6381,0.7674
1910-07-15,59.5502,-0.1474
1910-07-16,59.3963,-0.2584
1910-07-18,59.2571,-0.2344
1910-07-19,59.4989,0.4081
1910-07-20,59.726,0.3817
1910-07-21,58.0264,-2.8457
1910-07-22,56.9789,-1.8052
1910-07-23,56.5247,-0.7971
1910-07-25,55.5797,-1.6718
1910-07-26,53.9314,-2.9657
1910-07-27,55.5357,2.9747
1910-07-28,57.206,3.0076
1910-07-29,56.825,-0.666
1910-07-30,56.0265,-1.4052
1910-08-01,55.7775,-0.4444
1910-08-02,56.9129,2.0356
1910-08-03,56.51,-0.7079
1910-08-04,56.4368,-0.1295
1910-08-05,56.8323,0.7008
1910-08-06,57.2792,0.7863
1910-08-08,57.2353,-0.0766
1910-08-09,58.0924,1.4975
1910-08-10,58.0191,-0.1262
1910-08-11,57.7114,-0.5303
1910-08-12,58.3488,1.1045
1910-08-13,58.6418,0.5022
1910-08-15,58.4367,-0.3498
1910-08-16,59.367,1.592
1910-08-17,59.6381,0.4567
1910-08-18,59.2278,-0.688
1910-08-19,58.8322,-0.6679
1910-08-20,58.9275,0.162
1910-08-22,58.2169,-1.2059
1910-08-23,58.3707,0.2642
1910-08-24,57.8433,-0.9035
1910-08-25,57.5722,-0.4687
1910-08-26,58.0777,0.878
1910-08-27,58.0118,-0.1135
1910-08-29,58.3634,0.6061
1910-08-30,58.3048,-0.1004
1910-08-31,58.3707,0.113
1910-09-01,57.5649,-1.3805
1910-09-02,57.6382,0.1273
1910-09-06,57.3964,-0.4195
1910-09-07,57.455,0.1021
1910-09-08,57.4257,-0.051
1910-09-09,57.4623,0.0637
1910-09-10,57.5576,0.1658
1910-09-12,57.9678,0.7127
1910-09-13,58.3927,0.733
1910-09-14,58.1656,-0.3889
1910-09-15,57.4184,-1.2846
1910-09-16,57.5429,0.2168
1910-09-17,57.6162,0.1274
1910-09-19,57.4917,-0.2161
1910-09-20,57.4111,-0.1402
1910-09-21,57.9971,1.0207
1910-09-22,57.9312,-0.1136
1910-09-23,57.6162,-0.5437
1910-09-24,57.5136,-0.1781
1910-09-26,58.0118,0.8662
1910-09-27,57.8799,-0.2274
1910-09-28,57.8433,-0.0632
1910-09-29,57.9239,0.1393
1910-09-30,58.4,0.8219
1910-10-01,58.5685,0.2885
1910-10-03,59.1033,0.9131
1910-10-04,59.5868,0.8181
1910-10-05,59.1619,-0.7131
1910-10-06,59.6747,0.8668
1910-10-07,59.6893,0.0245
1910-10-08,59.7113,0.0369
1910-10-10,60.0043,0.4907
1910-10-11,60.3487,0.574
1910-10-13,61.5794,2.0393
1910-10-14,61.9969,0.678
1910-10-15,62.4658,0.7563
1910-10-17,62.7295,0.4222
1910-10-18,63.0152,0.4554
1910-10-19,62.3486,-1.0578
1910-10-20,63.0005,1.0456
1910-10-21,62.5244,-0.7557
1910-10-22,62.9566,0.6913
1910-10-24,62.2753,-1.0822
1910-10-25,61.9823,-0.4705
1910-10-26,61.9676,-0.0237
1910-10-27,62.6416,1.0877
1910-10-28,62.5976,-0.0702
1910-10-29,62.2387,-0.5733
1910-10-31,62.0995,-0.2237
1910-11-01,62.3412,0.3892
1910-11-02,62.5976,0.4113
1910-11-03,62.8907,0.4682
1910-11-04,62.7368,-0.2447
1910-11-05,62.8687,0.2102
1910-11-07,62.7808,-0.1398
1910-11-09,61.7479,-1.6452
1910-11-10,61.1691,-0.9374
1910-11-11,61.1911,0.036
1910-11-12,61.2058,0.024
1910-11-14,61.8284,1.0172
1910-11-15,62.1801,0.5688
1910-11-16,62.4218,0.3887
1910-11-17,61.953,-0.751
1910-11-18,62.3559,0.6503
1910-11-19,62.561,0.3289
1910-11-21,62.1947,-0.5855
1910-11-22,62.1508,-0.0706
1910-11-23,62.3046,0.2475
1910-11-25,62.5024,0.3175
1910-11-26,62.4877,-0.0235
1910-11-28,61.008,-2.368
1910-11-29,61.257,0.4081
1910-11-30,60.4512,-1.3154
1910-12-01,59.6527,-1.3209
1910-12-02,59.0447,-1.0192
1910-12-03,59.1692,0.2109
1910-12-05,59.3377,0.2848
1910-12-06,58.3707,-1.6297
1910-12-07,58.9421,0.9789
1910-12-08,58.9714,0.0497
1910-12-09,59.3377,0.6211
1910-12-10,59.7333,0.6667
1910-12-12,59.3084,-0.7113
1910-12-13,59.1692,-0.2347
1910-12-14,59.682,0.8667
1910-12-15,59.5428,-0.2332
1910-12-16,59.4842,-0.0984
1910-12-17,59.6527,0.2833
1910-12-19,60.1875,0.8965
1910-12-20,59.9238,-0.4381
1910-12-21,60.0263,0.1711
1910-12-22,59.6454,-0.6346
1910-12-23,59.5795,-0.1105
1910-12-27,58.9348,-1.0821
1910-12-28,59.0813,0.2486
1910-12-29,59.8945,1.3764
1910-12-30,59.6381,-0.4281
1910-12-31,59.6014,-0.0615
1911-01-03,60.1509,0.922
1911-01-04,60.2607,0.1825
1911-01-05,60.1362,-0.2066
1911-01-06,60.3926,0.4264
1911-01-07,60.6197,0.376
1911-01-09,60.4439,-0.29
1911-01-10,59.9824,-0.7635
1911-01-11,59.8505,-0.2199
1911-01-12,60.1069,0.4284
1911-01-13,60.7735,1.109
1911-01-14,60.8541,0.1326
1911-01-16,60.4073,-0.7342
1911-01-17,61.0812,1.1156
1911-01-18,61.0373,-0.0719
1911-01-19,61.1838,0.24
1911-01-20,61.3889,0.3352
1911-01-21,61.1911,-0.3222
1911-01-23,61.0739,-0.1915
1911-01-24,61.3742,0.4917
1911-01-25,61.1252,-0.4057
1911-01-26,61.2937,0.2757
1911-01-27,61.5501,0.4183
1911-01-28,61.4548,-0.1548
1911-01-30,62.2167,1.2398
1911-01-31,62.2167,0
1911-02-01,62.5097,0.4709
1911-02-02,62.9786,0.7501
1911-02-03,62.7075,-0.4305
1911-02-04,63.0152,0.4907
1911-02-06,62.8833,-0.2093
1911-02-07,62.9053,0.035
1911-02-08,62.6196,-0.4542
1911-02-09,62.7588,0.2223
1911-02-10,62.5756,-0.2919
1911-02-11,62.6855,0.1756
1911-02-14,62.6123,-0.1168
1911-02-15,62.5683,-0.0703
1911-02-16,61.909,-1.0537
1911-02-17,62.3339,0.6863
1911-02-18,62.4877,0.2467
1911-02-20,62.7002,0.3401
1911-02-21,62.6929,-0.0116
1911-02-23,62.7808,0.1402
1911-02-24,61.7772,-1.5986
1911-02-25,61.7772,0
1911-02-27,61.909,0.2133
1911-02-28,62.2826,0.6035
1911-03-01,61.9237,-0.5762
1911-03-02,60.5538,-2.2122
1911-03-03,60.3047,-0.4114
1911-03-04,59.9238,-0.6316
1911-03-06,60.4146,0.819
1911-03-07,60.6637,0.4123
1911-03-08,60.4073,-0.4227
1911-03-09,60.3413,-0.1093
1911-03-10,60.4659,0.2065
1911-03-11,60.356,-0.1818
1911-03-13,60.8028,0.7403
1911-03-14,61.5208,1.1809
1911-03-15,61.6013,0.1309
1911-03-16,61.3376,-0.4281
1911-03-17,60.9127,-0.6927
1911-03-18,61.0592,0.2405
1911-03-20,61.6306,0.9358
1911-03-21,61.5574,-0.1188
1911-03-22,61.3303,-0.3689
1911-03-23,61.323,-0.0119
1911-03-24,61.0959,-0.3703
1911-03-25,61.1178,0.0358
1911-03-27,61.3083,0.3117
1911-03-28,61.5354,0.3704
1911-03-29,61.2277,-0.5
1911-03-30,61.4328,0.335
1911-03-31,61.0006,-0.7035
1911-04-01,61.0959,0.1562
1911-04-03,61.0446,-0.084
1911-04-04,61.0373,-0.012
1911-04-05,60.8175,-0.3601
1911-04-06,60.7516,-0.1084
1911-04-07,60.7223,-0.0482
1911-04-08,60.8468,0.205
1911-04-10,60.8614,0.024
1911-04-11,60.671,-0.3128
1911-04-12,60.7223,0.0846
1911-04-13,60.6637,-0.0965
1911-04-17,60.4805,-0.302
1911-04-18,59.748,-1.2111
1911-04-19,60.0043,0.429
1911-04-20,59.9677,-0.061
1911-04-21,59.9531,-0.0243
1911-04-22,59.5721,-0.6355
1911-04-24,60.1582,0.9838
1911-04-25,60.2168,0.0974
1911-04-26,60.3047,0.146
1911-04-27,60.3999,0.1579
1911-04-28,61.0299,1.043
1911-04-29,61.279,0.4082
1911-05-01,61.638,0.5858
1911-05-02,61.3083,-0.5349
1911-05-03,61.4402,0.2151
1911-05-04,60.9201,-0.8465
1911-05-05,60.9127,-0.0121
1911-05-06,60.8321,-0.1323
1911-05-08,60.7149,-0.1927
1911-05-09,60.693,-0.0361
1911-05-10,60.5098,-0.3018
1911-05-11,60.8321,0.5326
1911-05-12,60.7442,-0.1445
1911-05-13,60.5684,-0.2894
1911-05-15,60.5904,0.0363
1911-05-16,61.9969,2.3213
1911-05-17,62.5683,0.9217
1911-05-18,63.1251,0.8899
1911-05-19,62.8394,-0.4526
1911-05-20,63.0591,0.3496
1911-05-22,63.235,0.2789
1911-05-23,63.1837,-0.0811
1911-05-24,62.8394,-0.5449
1911-05-25,62.7222,-0.1865
1911-05-26,62.9566,0.3737
1911-05-27,63.0079,0.0815
1911-05-29,63.2936,0.4534
1911-05-31,62.6709,-0.9838
1911-06-01,62.8467,0.2805
1911-06-02,63.1251,0.443
1911-06-03,63.1324,0.0116
1911-06-05,63.2569,0.1972
1911-06-06,63.1837,-0.1157
1911-06-07,63.3668,0.2898
1911-06-08,63.2276,-0.2197
1911-06-09,63.0152,-0.3359
1911-06-10,63.2569,0.3836
1911-06-12,63.5133,0.4053
1911-06-13,63.6891,0.2768
1911-06-14,63.7478,0.0922
1911-06-15,63.4621,-0.4482
1911-06-16,63.4474,-0.0232
1911-06-17,63.4987,0.0809
1911-06-19,63.7771,0.4384
1911-06-20,63.4547,-0.5055
1911-06-21,63.4474,-0.0115
1911-06-22,63.1031,-0.5427
1911-06-23,63.2423,0.2206
1911-06-24,63.5573,0.4981
1911-06-26,63.2789,-0.438
1911-06-27,63.2643,-0.0231
1911-06-28,63.0445,-0.3474
1911-06-29,63.235,0.3022
1911-06-30,62.9859,-0.3939
1911-07-01,62.9493,-0.0581
1911-07-03,62.7368,-0.3376
1911-07-05,62.4731,-0.4203
1911-07-06,62.854,0.6097
1911-07-07,63.1617,0.4895
1911-07-08,63.191,0.0464
1911-07-10,63.2057,0.0233
1911-07-11,63.2789,0.1158
1911-07-12,63.1251,-0.2431
1911-07-13,63.1617,0.058
1911-07-14,62.9859,-0.2783
1911-07-15,63.0225,0.0581
1911-07-17,62.7954,-0.3603
1911-07-18,63.2716,0.7583
1911-07-19,63.3229,0.0811
1911-07-20,63.2423,-0.1273
1911-07-21,63.3448,0.1621
1911-07-22,63.3302,-0.023
1911-07-24,63.1617,-0.2661
1911-07-25,62.4072,-1.1946
1911-07-26,63.191,1.2559
1911-07-27,62.9419,-0.3942
1911-07-28,62.8027,-0.2212
1911-07-29,62.9273,0.1984
1911-07-31,63.0152,0.1397
1911-08-01,62.6123,-0.6394
1911-08-02,62.1215,-0.7839
1911-08-03,61.8284,-0.4718
1911-08-04,60.7662,-1.718
1911-08-05,60.5464,-0.3617
1911-08-07,60.9127,0.605
1911-08-08,60.4585,-0.7457
1911-08-09,59.9604,-0.8239
1911-08-10,59.6527,-0.5132
1911-08-11,59.1253,-0.8841
1911-08-12,58.8982,-0.3841
1911-08-14,59.5648,1.1318
1911-08-15,59.5428,-0.0369
1911-08-16,58.737,-1.3533
1911-08-17,58.6418,-0.1621
1911-08-18,59.2352,1.0119
1911-08-19,59.6161,0.643
1911-08-21,58.9788,-1.069
1911-08-22,59.074,0.1614
1911-08-23,59.0081,-0.1116
1911-08-24,58.4074,-1.018
1911-08-25,57.9678,-0.7526
1911-08-26,57.8213,-0.2527
1911-08-28,58.0997,0.4815
1911-08-29,57.9678,-0.227
1911-08-30,57.8726,-0.1642
1911-08-31,58.0557,0.3164
1911-09-01,57.9971,-0.1009
1911-09-05,58.4367,0.758
1911-09-06,58.8103,0.6393
1911-09-07,58.3341,-0.8097
1911-09-08,57.9385,-0.6782
1911-09-09,57.6308,-0.5311
1911-09-11,57.7187,0.1525
1911-09-12,57.9239,0.3555
1911-09-13,57.2939,-1.0876
1911-09-14,57.2353,-0.1023
1911-09-15,57.0521,-0.3201
1911-09-16,57.7774,1.2713
1911-09-18,57.6235,-0.2664
1911-09-19,56.9569,-1.1568
1911-09-20,56.4148,-0.9518
1911-09-21,55.3306,-1.9218
1911-09-22,54.3196,-1.8272
1911-09-23,53.9314,-0.7147
1911-09-25,53.4332,-0.9238
1911-09-26,53.7189,0.5347
1911-09-27,53.8508,0.2455
1911-09-28,54.979,2.095
1911-09-29,55.0522,0.1331
1911-09-30,55.902,1.5436
1911-10-02,56.2243,0.5765
1911-10-03,56.0558,-0.2997
1911-10-04,55.7848,-0.4834
1911-10-05,56.1877,0.7222
1911-10-06,56.0412,-0.2607
1911-10-07,56.0632,0.0393
1911-10-09,56.0558,-0.0132
1911-10-10,56.2976,0.4314
1911-10-11,56.5173,0.3902
1911-10-13,57.0961,1.0241
1911-10-14,57.6235,0.9237
1911-10-16,57.3891,-0.4068
1911-10-17,57.2206,-0.2936
1911-10-18,56.9715,-0.4353
1911-10-19,56.8763,-0.1671
1911-10-20,57.2206,0.6053
1911-10-21,56.9569,-0.4608
1911-10-23,56.9715,0.0256
1911-10-24,56.9056,-0.1157
1911-10-25,56.9349,0.0515
1911-10-26,56.51,-0.7463
1911-10-27,54.8105,-3.0074
1911-10-28,55.2061,0.7218
1911-10-30,54.9863,-0.3981
1911-10-31,55.5211,0.9726
1911-11-01,56.9129,2.5068
1911-11-02,57.1913,0.4892
1911-11-03,57.2792,0.1537
1911-11-04,57.4184,0.243
1911-11-06,57.8726,0.791
1911-11-08,57.2426,-1.0886
1911-11-09,58.9128,2.9178
1911-11-10,59.345,0.7336
1911-11-11,59.0081,-0.5677
1911-11-13,58.5905,-0.7077
1911-11-14,58.5465,-0.0751
1911-11-15,58.3927,-0.2627
1911-11-16,58.5392,0.2509
1911-11-17,59.3963,1.4641
1911-11-18,59.4256,0.0493
1911-11-20,59.0374,-0.6533
1911-11-21,59.748,1.2036
1911-11-22,59.682,-0.1105
1911-11-23,59.9677,0.4787
1911-11-24,59.682,-0.4764
1911-11-25,59.726,0.0737
1911-11-27,59.5941,-0.2208
1911-11-28,59.704,0.1844
1911-11-29,59.3157,-0.6504
1911-12-01,58.8322,-0.8151
1911-12-02,59.1033,0.4608
1911-12-04,59.0007,-0.1736
1911-12-05,58.8322,-0.2856
1911-12-06,58.4733,-0.61
1911-12-07,58.1217,-0.6013
1911-12-08,58.0118,-0.1891
1911-12-09,58.1729,0.2777
1911-12-11,58.8469,1.1586
1911-12-12,58.9202,0.1246
1911-12-13,59.7113,1.3427
1911-12-14,59.7846,0.1228
1911-12-15,60.0483,0.4411
1911-12-16,60.4219,0.6222
1911-12-18,59.9897,-0.7153
1911-12-19,60.2681,0.4641
1911-12-20,60.29,0.0363
1911-12-21,60.2314,-0.0972
1911-12-22,60.1509,-0.1337
1911-12-26,60.1289,-0.0366
1911-12-27,59.9531,-0.2924
1911-12-28,59.5575,-0.6598
1911-12-29,59.7626,0.3444
1911-12-30,59.8359,0.1227
1912-01-02,60.334,0.8324
1912-01-03,60.0849,-0.4129
1912-01-04,60.0996,0.0245
1912-01-05,60.0337,-0.1097
1912-01-06,60.1728,0.2317
1912-01-08,60.1582,-0.0243
1912-01-09,59.5428,-1.023
1912-01-10,59.9824,0.7383
1912-01-11,59.8066,-0.2931
1912-01-12,60.0703,0.4409
1912-01-13,59.8945,-0.2927
1912-01-15,59.6893,-0.3426
1912-01-16,59.7992,0.1841
1912-01-17,59.8359,0.0614
1912-01-18,59.7699,-0.1103
1912-01-19,60.041,0.4536
1912-01-20,60.3047,0.4392
1912-01-22,60.0556,-0.4131
1912-01-23,59.9824,-0.1219
1912-01-24,59.8725,-0.1832
1912-01-25,59.9531,0.1346
1912-01-26,59.9238,-0.0489
1912-01-27,59.5355,-0.648
1912-01-29,59.5355,0
1912-01-30,59.5355,0
1912-01-31,58.7443,-1.329
1912-02-01,58.9714,0.3866
1912-02-02,58.9788,0.0125
1912-02-03,58.8982,-0.1367
1912-02-05,58.8469,-0.0871
1912-02-06,58.9421,0.1618
1912-02-07,59.0593,0.1988
1912-02-08,59.1912,0.2233
1912-02-09,59.096,-0.1608
1912-02-10,58.715,-0.6447
1912-02-13,59.074,0.6114
1912-02-14,59.2132,0.2356
1912-02-15,59.3817,0.2846
1912-02-16,59.1546,-0.3824
1912-02-17,59.2278,0.1237
1912-02-19,59.3743,0.2474
1912-02-20,59.4476,0.1235
1912-02-21,59.1766,-0.4559
1912-02-23,59.5355,0.6065
1912-02-24,59.4623,-0.123
1912-02-26,59.3231,-0.2341
1912-02-27,59.367,0.074
1912-02-28,59.7553,0.6541
1912-02-29,59.6307,-0.2085
1912-03-01,60.1216,0.8232
1912-03-02,60.041,-0.1341
1912-03-04,60.5098,0.7808
1912-03-05,60.6783,0.2785
1912-03-06,60.5464,-0.2174
1912-03-07,61.0812,0.8833
1912-03-08,61.1691,0.1439
1912-03-09,61.1252,-0.0718
1912-03-11,60.8981,-0.3715
1912-03-12,61.1471,0.4089
1912-03-13,61.5061,0.5871
1912-03-14,62.3559,1.3817
1912-03-15,62.3779,0.0353
1912-03-16,61.909,-0.7517
1912-03-18,62.5244,0.994
1912-03-19,62.6489,0.1991
1912-03-20,63.4181,1.2278
1912-03-21,63.6745,0.4043
1912-03-22,64.1726,0.7823
1912-03-23,64.7514,0.9019
1912-03-25,64.8612,0.1696
1912-03-26,64.9199,0.0905
1912-03-27,64.8173,-0.158
1912-03-28,64.5316,-0.4408
1912-03-29,64.6342,0.159
1912-03-30,64.6635,0.0453
1912-04-01,65.2349,0.8837
1912-04-02,65.0664,-0.2583
1912-04-03,65.0371,-0.045
1912-04-04,65.5792,0.8335
1912-04-06,65.9381,0.5473
1912-04-08,66.0846,0.2222
1912-04-09,66.4436,0.5432
1912-04-10,66.1286,-0.4741
1912-04-11,65.8575,-0.41
1912-04-12,65.3301,-0.8008
1912-04-13,65.2861,-0.0674
1912-04-15,65.7184,0.6622
1912-04-16,65.3594,-0.5463
1912-04-17,65.4253,0.1008
1912-04-18,65.3594,-0.1007
1912-04-19,65.3154,-0.0673
1912-04-20,65.3374,0.0337
1912-04-22,64.9931,-0.527
1912-04-23,65.6231,0.9693
1912-04-24,65.4693,-0.2344
1912-04-25,66.2458,1.1861
1912-04-26,66.6121,0.5529
1912-04-27,66.5242,-0.132
1912-04-29,66.2678,-0.3854
1912-04-30,66.1506,-0.1769
1912-05-01,66.1725,0.0331
1912-05-02,66.2238,0.0775
1912-05-03,65.1689,-1.5929
1912-05-04,65.0297,-0.2136
1912-05-06,64.1653,-1.3292
1912-05-07,64.2312,0.1027
1912-05-08,64.3631,0.2054
1912-05-09,64.766,0.626
1912-05-10,65.1763,0.6335
1912-05-11,65.6231,0.6855
1912-05-13,65.5865,-0.0558
1912-05-14,65.8063,0.3351
1912-05-15,65.6231,-0.2784
1912-05-16,65.3667,-0.3907
1912-05-17,65.4546,0.1345
1912-05-18,66.1652,1.0856
1912-05-20,66.1799,0.0222
1912-05-21,66.2824,0.1549
1912-05-22,65.9088,-0.5636
1912-05-23,65.7623,-0.2223
1912-05-24,66.1139,0.5347
1912-05-25,66.2018,0.133
1912-05-27,65.9381,-0.3983
1912-05-28,66.0407,0.1556
1912-05-29,65.5865,-0.6878
1912-05-31,64.473,-1.6978
1912-06-01,64.7001,0.3522
1912-06-03,64.8979,0.3057
1912-06-04,65.4107,0.7902
1912-06-05,66.2385,1.2655
1912-06-06,66.4216,0.2764
1912-06-07,66.2018,-0.3309
1912-06-08,66.2604,0.0885
1912-06-10,66.3337,0.1106
1912-06-11,65.8209,-0.7731
1912-06-12,65.8868,0.1001
1912-06-13,65.8942,0.0112
1912-06-14,65.4913,-0.6114
1912-06-15,65.5865,0.1454
1912-06-17,65.777,0.2905
1912-06-18,65.711,-0.1003
1912-06-19,65.9821,0.4126
1912-06-20,66.5681,0.8881
1912-06-21,66.4875,-0.1211
1912-06-22,66.407,-0.1211
1912-06-24,65.9747,-0.651
1912-06-25,65.8282,-0.2221
1912-06-26,66.6634,1.2688
1912-06-27,66.4216,-0.3627
1912-06-28,66.7293,0.4633
1912-06-29,66.6048,-0.1866
1912-07-01,66.9198,0.4729
1912-07-02,67.1688,0.3721
1912-07-03,67.1102,-0.0872
1912-07-05,65.6378,-2.194
1912-07-06,66.1725,0.8146
1912-07-08,65.3008,-1.3173
1912-07-09,65.2495,-0.0786
1912-07-10,64.5975,-0.9992
1912-07-11,64.5096,-0.1361
1912-07-12,64.4437,-0.1022
1912-07-13,64.5096,0.1023
1912-07-15,64.6781,0.2612
1912-07-16,64.9858,0.4757
1912-07-17,65.3301,0.5298
1912-07-18,65.5279,0.3028
1912-07-19,65.7623,0.3577
1912-07-20,65.711,-0.078
1912-07-22,65.7477,0.0559
1912-07-23,65.4766,-0.4123
1912-07-24,65.5279,0.0783
1912-07-25,65.9308,0.6149
1912-07-26,65.5645,-0.5556
1912-07-27,65.5279,-0.0558
1912-07-29,65.1763,-0.5366
1912-07-30,65.3301,0.236
1912-07-31,65.7184,0.5944
1912-08-01,66.2751,0.8471
1912-08-02,66.048,-0.3427
1912-08-03,65.8795,-0.2551
1912-08-05,65.9528,0.1113
1912-08-06,65.8136,-0.2111
1912-08-07,66.0187,0.3116
1912-08-08,65.9308,-0.1331
1912-08-09,66.07,0.2111
1912-08-10,66.3191,0.377
1912-08-12,66.4582,0.2097
1912-08-13,66.9051,0.6725
1912-08-14,67.2348,0.4928
1912-08-15,66.8831,-0.5231
1912-08-16,66.9564,0.1096
1912-08-17,66.8025,-0.2299
1912-08-19,66.8318,0.0439
1912-08-20,67.1762,0.5153
1912-08-21,67.1175,-0.0874
1912-08-22,66.7439,-0.5566
1912-08-23,66.9124,0.2525
1912-08-24,66.9564,0.0658
1912-08-26,67.0589,0.1531
1912-08-27,67.4399,0.5682
1912-08-28,67.1469,-0.4345
1912-08-29,67.1249,-0.0328
1912-08-30,67.0809,-0.0655
1912-09-03,66.385,-1.0374
1912-09-04,66.4875,0.1544
1912-09-05,66.9051,0.6281
1912-09-06,66.7952,-0.1643
1912-09-07,66.993,0.2961
1912-09-09,66.8172,-0.2624
1912-09-10,66.7586,-0.0877
1912-09-11,66.2092,-0.823
1912-09-12,66.3191,0.166
1912-09-13,66.3117,-0.0112
1912-09-14,66.385,0.1105
1912-09-16,66.4216,0.0551
1912-09-17,67.0663,0.9706
1912-09-18,67.1395,0.1091
1912-09-19,67.1469,0.011
1912-09-20,67.5937,0.6654
1912-09-21,67.9746,0.5635
1912-09-23,68.1871,0.3126
1912-09-24,68.4435,0.376
1912-09-25,68.4069,-0.0535
1912-09-26,68.4362,0.0428
1912-09-27,68.5754,0.2034
1912-09-28,68.8611,0.4166
1912-09-30,68.9709,0.1595
1912-10-01,68.7878,-0.2655
1912-10-02,68.4948,-0.4259
1912-10-03,68.949,0.6631
1912-10-04,68.6413,-0.4463
1912-10-05,68.8171,0.2561
1912-10-07,68.8098,-0.0106
1912-10-08,68.949,0.2023
1912-10-09,68.6266,-0.4676
1912-10-10,68.8171,0.2776
1912-10-11,67.8501,-1.4052
1912-10-14,67.6889,-0.2376
1912-10-15,67.9307,0.3572
1912-10-16,68.6413,1.0461
1912-10-17,68.5094,-0.1922
1912-10-18,68.5754,0.0963
1912-10-19,68.4655,-0.1603
1912-10-21,67.623,-1.2305
1912-10-22,67.6963,0.1084
1912-10-23,67.1029,-0.8766
1912-10-24,67.0882,-0.0219
1912-10-25,66.5974,-0.7316
1912-10-26,66.7659,0.253
1912-10-28,66.9857,0.3292
1912-10-29,66.1872,-1.192
1912-10-30,66.2311,0.0663
1912-10-31,66.4509,0.3319
1912-11-01,66.3044,-0.2205
1912-11-04,66.1432,-0.2431
1912-11-06,67.352,1.8275
1912-11-07,67.1542,-0.2937
1912-11-08,66.8905,-0.3927
1912-11-09,66.2018,-1.0296
1912-11-11,65.6231,-0.8741
1912-11-12,66.0041,0.5806
1912-11-13,65.9015,-0.1554
1912-11-14,66.2238,0.4891
1912-11-15,65.9967,-0.3429
1912-11-16,66.048,0.0777
1912-11-18,65.9088,-0.2108
1912-11-19,65.9674,0.0889
1912-11-20,66.1506,0.2777
1912-11-21,66.9784,1.2514
1912-11-22,66.6707,-0.4594
1912-11-23,66.3117,-0.5385
1912-11-25,65.8356,-0.718
1912-11-26,66.1799,0.523
1912-11-27,66.385,0.3099
1912-11-29,66.8538,0.7062
1912-11-30,66.9564,0.1535
1912-12-02,66.5535,-0.6017
1912-12-03,66.1945,-0.5394
1912-12-04,65.1982,-1.5051
1912-12-05,64.3778,-1.2583
1912-12-06,64.3192,-0.091
1912-12-07,64.3485,0.0456
1912-12-09,63.0225,-2.0607
1912-12-10,63.0152,-0.0116
1912-12-11,62.4511,-0.8952
1912-12-12,63.0372,0.9385
1912-12-13,63.1324,0.151
1912-12-14,62.8394,-0.4641
1912-12-16,63.1617,0.5129
1912-12-17,63.1544,-0.0116
1912-12-18,62.7515,-0.638
1912-12-19,63.5719,1.3074
1912-12-20,64.3558,1.2331
1912-12-21,64.2605,-0.1481
1912-12-23,63.8943,-0.5699
1912-12-24,63.9968,0.1604
1912-12-26,63.9748,-0.0344
1912-12-27,63.9162,-0.0916
1912-12-28,63.8357,-0.1259
1912-12-30,63.9236,0.1377
1912-12-31,64.3704,0.699
1913-01-02,64.7733,0.6259
1913-01-03,64.0628,-1.0969
1913-01-04,64.2898,0.3543
1913-01-06,63.8796,-0.638
1913-01-07,64.4803,0.9404
1913-01-08,64.473,-0.0113
1913-01-09,64.8832,0.6362
1913-01-10,64.6488,-0.3613
1913-01-11,64.2312,-0.646
1913-01-13,62.9712,-1.9617
1913-01-14,62.2387,-1.1632
1913-01-15,62.6123,0.6003
1913-01-16,62.8174,0.3276
1913-01-17,62.7148,-0.1633
1913-01-18,62.8174,0.1636
1913-01-20,59.7406,-4.898
1913-01-21,60.4878,1.2507
1913-01-22,61.0519,0.9326
1913-01-23,60.7589,-0.4799
1913-01-24,60.2314,-0.8682
1913-01-25,60.3413,0.1825
1913-01-27,60.4585,0.1942
1913-01-28,60.8981,0.7271
1913-01-29,60.7442,-0.2527
1913-01-30,61.3889,1.0613
1913-01-31,61.3303,-0.0955
1913-02-01,61.2717,-0.0955
1913-02-03,60.9933,-0.4544
1913-02-04,61.0812,0.1441
1913-02-05,60.8395,-0.3957
1913-02-06,60.7589,-0.1325
1913-02-07,61.1398,0.6269
1913-02-08,61.1984,0.0958
1913-02-10,60.7516,-0.7301
1913-02-11,60.1948,-0.9165
1913-02-13,59.5868,-1.0101
1913-02-14,59.9164,0.5531
1913-02-15,59.6454,-0.4523
1913-02-17,59.0227,-1.044
1913-02-18,58.4733,-0.9308
1913-02-19,58.9275,0.7768
1913-02-20,58.7517,-0.2983
1913-02-21,58.5539,-0.3367
1913-02-24,58.0631,-0.8382
1913-02-25,57.6675,-0.6813
1913-02-26,58.6418,1.6895
1913-02-27,59.0154,0.6371
1913-02-28,58.8396,-0.2979
1913-03-01,59.0593,0.3734
1913-03-03,59.5795,0.8808
1913-03-04,59.1253,-0.7623
1913-03-05,59.8432,1.2142
1913-03-06,59.5795,-0.4407
1913-03-07,59.0447,-0.8976
1913-03-08,58.3707,-1.1415
1913-03-10,58.0704,-0.5145
1913-03-11,58.5685,0.8578
1913-03-12,58.2096,-0.6128
1913-03-13,58.5539,0.5915
1913-03-14,58.466,-0.1501
1913-03-15,58.4074,-0.1002
1913-03-17,58.0631,-0.5895
1913-03-18,57.6382,-0.7318
1913-03-19,57.3378,-0.5212
1913-03-20,57.3232,-0.0255
1913-03-24,57.8067,0.8435
1913-03-25,58.7517,1.6348
1913-03-26,58.8322,0.137
1913-03-27,58.444,-0.6598
1913-03-28,58.9788,0.9151
1913-03-29,59.4183,0.7452
1913-03-31,59.2791,-0.2343
1913-04-01,60.0117,1.2358
1913-04-02,59.8945,-0.1953
1913-04-03,60.1875,0.4892
1913-04-04,60.942,1.2536
1913-04-05,60.5684,-0.613
1913-04-07,60.3267,-0.3991
1913-04-08,60.7442,0.6921
1913-04-09,60.5025,-0.3979
1913-04-10,60.5391,0.0605
1913-04-11,60.1728,-0.6051
1913-04-12,60.1875,0.0244
1913-04-14,60.1509,-0.0608
1913-04-15,59.4036,-1.2424
1913-04-16,59.3963,-0.0123
1913-04-17,59.5428,0.2466
1913-04-18,59.3743,-0.283
1913-04-19,59.3377,-0.0616
1913-04-21,59.8725,0.9013
1913-04-22,59.6747,-0.3304
1913-04-23,59.5209,-0.2577
1913-04-24,59.1619,-0.6031
1913-04-25,58.4,-1.2878
1913-04-26,58.1729,-0.3889
1913-04-28,58.107,-0.1133
1913-04-29,57.4257,-1.1725
1913-04-30,57.5356,0.1914
1913-05-01,58.3268,1.3751
1913-05-02,58.1217,-0.3516
1913-05-03,58.0997,-0.0379
1913-05-05,58.5685,0.8069
1913-05-06,58.0264,-0.9256
1913-05-07,58.2535,0.3914
1913-05-08,58.1656,-0.1509
1913-05-09,58.0411,-0.214
1913-05-10,57.8506,-0.3282
1913-05-12,57.5649,-0.4939
1913-05-13,57.9019,0.5854
1913-05-14,57.6675,-0.4048
1913-05-15,57.5136,-0.2669
1913-05-16,57.748,0.4076
1913-05-17,57.6601,-0.1522
1913-05-19,57.6748,0.0255
1913-05-20,57.9165,0.4191
1913-05-21,57.8799,-0.0632
1913-05-22,58.2389,0.6202
1913-05-23,58.2389,0
1913-05-24,58.5172,0.4779
1913-05-26,58.4,-0.2003
1913-05-27,58.0337,-0.6272
1913-05-28,57.4917,-0.9339
1913-05-29,57.4184,-0.1275
1913-06-02,56.6052,-1.4163
1913-06-03,56.173,-0.7635
1913-06-04,55.4331,-1.3172
1913-06-05,54.9936,-0.7928
1913-06-06,55.0962,0.1866
1913-06-07,54.9277,-0.3058
1913-06-09,54.1365,-1.4404
1913-06-10,52.9937,-2.111
1913-06-11,52.8252,-0.318
1913-06-12,54.4149,3.0094
1913-06-13,54.6347,0.4039
1913-06-14,55.3233,1.2604
1913-06-16,54.6347,-1.2447
1913-06-17,54.8764,0.4424
1913-06-18,55.565,1.2548
1913-06-19,55.2427,-0.58
1913-06-20,54.8764,-0.6631
1913-06-21,54.2317,-1.1748
1913-06-23,54.4515,0.4053
1913-06-24,55.0962,1.184
1913-06-25,55.2207,0.226
1913-06-26,54.891,-0.5971
1913-06-27,54.7226,-0.3068
1913-06-28,55.1474,0.7763
1913-06-30,54.8617,-0.5181
1913-07-01,55.2573,0.7211
1913-07-02,55.5577,0.5436
1913-07-03,55.5504,-0.0131
1913-07-07,55.4331,-0.2112
1913-07-08,55.3233,-0.1981
1913-07-09,55.1108,-0.3841
1913-07-10,55.3159,0.3722
1913-07-11,55.2354,-0.1455
1913-07-12,55.3965,0.2917
1913-07-14,55.1108,-0.5157
1913-07-15,55.2427,0.2393
1913-07-16,56.0485,1.4587
1913-07-17,55.8068,-0.4312
1913-07-18,56.4807,1.2076
1913-07-19,56.3635,-0.2075
1913-07-21,57.2572,1.5856
1913-07-22,57.206,-0.0894
1913-07-23,57.0228,-0.3202
1913-07-24,57.6162,1.0406
1913-07-25,57.4037,-0.3688
1913-07-26,57.4843,0.1404
1913-07-28,57.9165,0.7519
1913-07-29,57.8213,-0.1644
1913-07-30,57.5722,-0.4308
1913-07-31,57.4917,-0.1398
1913-08-01,57.2939,-0.344
1913-08-02,57.3305,0.0639
1913-08-04,57.6894,0.626
1913-08-05,58.2535,0.9778
1913-08-06,57.9898,-0.4527
1913-08-07,58.2462,0.4421
1913-08-08,58.107,-0.239
1913-08-09,57.9898,-0.2017
1913-08-11,58.4074,0.7201
1913-08-12,59.1033,1.1915
1913-08-13,59.2864,0.3098
1913-08-14,58.9421,-0.5807
1913-08-15,58.2389,-1.193
1913-08-16,58.4953,0.4403
1913-08-18,58.4953,0
1913-08-19,58.5758,0.1376
1913-08-20,58.8762,0.5128
1913-08-21,58.7077,-0.2862
1913-08-22,58.6564,-0.0874
1913-08-23,58.6711,0.0251
1913-08-25,58.8249,0.2621
1913-08-26,58.8176,-0.0124
1913-08-27,58.715,-0.1744
1913-08-28,59.5795,1.4724
1913-08-29,59.9311,0.5901
1913-09-02,59.2938,-1.0634
1913-09-03,58.8249,-0.7908
1913-09-04,58.8029,-0.0374
1913-09-05,59.4329,1.0714
1913-09-06,59.6307,0.3328
1913-09-08,59.6234,-0.0122
1913-09-09,59.704,0.1352
1913-09-10,60.1582,0.7608
1913-09-11,60.1948,0.0608
1913-09-12,60.7662,0.9493
1913-09-13,61.1178,0.5786
1913-09-15,60.6637,-0.743
1913-09-16,60.8321,0.2776
1913-09-17,60.3487,-0.7946
1913-09-18,60.4585,0.1819
1913-09-19,60.4952,0.0607
1913-09-20,60.4878,-0.0122
1913-09-22,60.8102,0.533
1913-09-23,60.5977,-0.3494
1913-09-24,60.1655,-0.7132
1913-09-25,60.2095,0.0731
1913-09-26,60.041,-0.2799
1913-09-27,60.0337,-0.0122
1913-09-29,59.5062,-0.8787
1913-09-30,58.8762,-1.0587
1913-10-01,59.1839,0.5226
1913-10-02,59.6527,0.7921
1913-10-03,59.1839,-0.7859
1913-10-04,59.0374,-0.2475
1913-10-06,58.4733,-0.9555
1913-10-07,58.5246,0.0877
1913-10-08,57.9971,-0.9013
1913-10-09,58.0704,0.1264
1913-10-10,57.9239,-0.2523
1913-10-11,57.3525,-0.9865
1913-10-14,56.8763,-0.8303
1913-10-15,57.0301,0.2704
1913-10-16,56.4734,-0.9762
1913-10-17,56.6785,0.3632
1913-10-18,57.14,0.8142
1913-10-20,57.184,0.077
1913-10-21,58.3121,1.9728
1913-10-22,57.8872,-0.7287
1913-10-23,57.433,-0.7846
1913-10-24,57.5869,0.268
1913-10-25,57.5649,-0.0382
1913-10-27,58.151,1.0182
1913-10-28,57.8286,-0.5544
1913-10-29,57.9678,0.2407
1913-10-30,57.5796,-0.6697
1913-10-31,57.3598,-0.3817
1913-11-01,57.4477,0.1532
1913-11-03,56.9642,-0.8416
1913-11-05,57.2206,0.4501
1913-11-06,56.6492,-0.9986
1913-11-07,56.4368,-0.3749
1913-11-08,56.195,-0.4284
1913-11-10,55.6309,-1.0038
1913-11-11,55.9386,0.5531
1913-11-12,56.3782,0.7859
1913-11-13,56.3049,-0.13
1913-11-14,56.5906,0.5074
1913-11-15,56.5613,-0.0518
1913-11-17,56.4587,-0.1814
1913-11-18,56.5906,0.2336
1913-11-19,56.3635,-0.4013
1913-11-20,56.0265,-0.5979
1913-11-21,55.8068,-0.3921
1913-11-22,55.7775,-0.0525
1913-11-24,55.7555,-0.0394
1913-11-25,56.3049,0.9854
1913-11-26,56.173,-0.2343
1913-11-28,55.8287,-0.6129
1913-11-29,55.6309,-0.3543
1913-12-01,55.5064,-0.2238
1913-12-02,55.8434,0.6071
1913-12-03,56.2829,0.787
1913-12-04,56.4148,0.2344
1913-12-05,56.3269,-0.1558
1913-12-06,55.9459,-0.6764
1913-12-08,56.3122,0.6547
1913-12-09,55.6529,-1.1708
1913-12-10,55.7994,0.2632
1913-12-11,55.8654,0.1183
1913-12-12,55.3745,-0.8787
1913-12-13,55.5943,0.3969
1913-12-15,55.1401,-0.817
1913-12-16,55.4478,0.558
1913-12-17,55.5137,0.1189
1913-12-18,55.5137,0
1913-12-19,56.195,1.2273
1913-12-20,56.8543,1.1732
1913-12-22,57.184,0.5799
1913-12-23,57.2206,0.064
1913-12-24,57.3891,0.2945
1913-12-26,57.7627,0.651
1913-12-27,57.6528,-0.1903
1913-12-29,57.4917,-0.2794
1913-12-30,57.3305,-0.2804
1913-12-31,57.7114,0.6644
1914-01-02,57.5722,-0.2412
1914-01-03,57.455,-0.2036
1914-01-05,57.8726,0.7268
1914-01-06,58.0631,0.3292
1914-01-07,57.9971,-0.1137
1914-01-08,57.7334,-0.4547
1914-01-09,57.9165,0.3171
1914-01-10,57.9825,0.114
1914-01-12,58.085,0.1768
1914-01-13,58.3268,0.4163
1914-01-14,59.074,1.2811
1914-01-15,59.3011,0.3844
1914-01-16,59.1985,-0.173
1914-01-17,59.1692,-0.0495
1914-01-19,59.4916,0.5449
1914-01-20,59.345,-0.2464
1914-01-21,60.0117,1.1234
1914-01-22,60.5538,0.9033
1914-01-23,60.5831,0.0484
1914-01-24,60.2021,-0.6289
1914-01-26,60.7149,0.8518
1914-01-27,60.5684,-0.2413
1914-01-28,60.1582,-0.6773
1914-01-29,59.8652,-0.487
1914-01-30,60.6563,1.3215
1914-01-31,60.693,0.0605
1914-02-02,60.4732,-0.3622
1914-02-03,60.942,0.7752
1914-02-04,60.7296,-0.3485
1914-02-05,60.693,-0.0603
1914-02-06,60.3194,-0.6156
1914-02-07,60.4439,0.2064
1914-02-09,60.3926,-0.0849
1914-02-10,60.334,-0.097
1914-02-11,60.4366,0.1701
1914-02-13,60.6856,0.412
1914-02-14,60.8688,0.3019
1914-02-16,60.5098,-0.5898
1914-02-17,60.4219,-0.1453
1914-02-18,60.5757,0.2545
1914-02-19,60.5464,-0.0484
1914-02-20,60.6417,0.1574
1914-02-21,60.4512,-0.3141
1914-02-24,60.3194,-0.218
1914-02-25,59.5648,-1.251
1914-02-26,59.682,0.1968
1914-02-27,60.0703,0.6506
1914-02-28,60.2607,0.317
1914-03-02,59.8212,-0.7293
1914-03-03,59.8652,0.0736
1914-03-04,60.2095,0.5751
1914-03-05,59.8871,-0.5355
1914-03-06,59.4256,-0.7706
1914-03-07,59.5428,0.1972
1914-03-09,59.6014,0.0984
1914-03-10,60.0263,0.7129
1914-03-11,59.7553,-0.4515
1914-03-12,59.4842,-0.4537
1914-03-13,59.8066,0.542
1914-03-14,60.0263,0.3674
1914-03-16,59.8359,-0.3172
1914-03-17,60.3047,0.7835
1914-03-18,60.3047,0
1914-03-19,60.4659,0.2673
1914-03-20,61.1178,1.0781
1914-03-21,60.8175,-0.4913
1914-03-23,60.942,0.2047
1914-03-24,60.8761,-0.1081
1914-03-25,60.4878,-0.6379
1914-03-26,60.2974,-0.3148
1914-03-27,59.9457,-0.5833
1914-03-28,59.8139,-0.2199
1914-03-30,59.8066,-0.0122
1914-03-31,60.356,0.9186
1914-04-01,60.4073,0.085
1914-04-02,60.4146,0.0121
1914-04-03,60.1509,-0.4365
1914-04-04,60.1216,-0.0487
1914-04-06,60.2021,0.1339
1914-04-07,60.2021,0
1914-04-08,60.0117,-0.3163
1914-04-09,59.748,-0.4394
1914-04-11,59.5575,-0.3188
1914-04-13,59.3743,-0.3076
1914-04-14,59.0081,-0.6168
1914-04-15,58.6052,-0.6828
1914-04-16,58.5319,-0.1251
1914-04-17,58.4,-0.2253
1914-04-18,58.5026,0.1757
1914-04-20,57.7847,-1.2271
1914-04-21,58.129,0.5958
1914-04-22,58.2535,0.2142
1914-04-23,57.6748,-0.9934
1914-04-24,56.7884,-1.5369
1914-04-25,56.3855,-0.7095
1914-04-27,57.0082,1.1044
1914-04-28,57.7187,1.2463
1914-04-29,57.5869,-0.2283
1914-04-30,57.9605,0.6488
1914-05-01,58.6857,1.2512
1914-05-02,58.4806,-0.3495
1914-05-04,58.5246,0.0752
1914-05-05,58.5246,0
1914-05-06,58.444,-0.1377
1914-05-07,58.4953,0.0878
1914-05-08,57.9898,-0.8642
1914-05-09,58.2828,0.5053
1914-05-11,58.6271,0.5907
1914-05-12,58.6784,0.0875
1914-05-13,58.6418,-0.0624
1914-05-14,59.3743,1.2491
1914-05-15,59.4183,0.0741
1914-05-16,59.2059,-0.3575
1914-05-18,59.6014,0.668
1914-05-19,59.8212,0.3688
1914-05-20,59.6747,-0.2449
1914-05-21,59.2571,-0.6998
1914-05-22,59.2278,-0.0494
1914-05-23,59.6307,0.6803
1914-05-25,59.5062,-0.2088
1914-05-26,59.5209,0.0247
1914-05-27,59.748,0.3815
1914-05-28,59.7406,-0.0124
1914-05-29,59.7553,0.0246
1914-06-01,59.3231,-0.7233
1914-06-02,58.9714,-0.5929
1914-06-03,59.2059,0.3977
1914-06-04,59.4623,0.4331
1914-06-05,59.4769,0.0246
1914-06-06,59.6893,0.3571
1914-06-08,59.8066,0.1965
1914-06-09,59.9311,0.2082
1914-06-10,59.9531,0.0367
1914-06-11,59.7846,-0.2811
1914-06-12,59.8945,0.1838
1914-06-13,59.7553,-0.2324
1914-06-15,59.6747,-0.1349
1914-06-16,59.5428,-0.221
1914-06-17,59.3597,-0.3075
1914-06-18,59.5209,0.2716
1914-06-19,59.5795,0.0985
1914-06-20,59.7186,0.2335
1914-06-22,59.7626,0.0737
1914-06-23,59.4769,-0.4781
1914-06-24,58.7736,-1.1825
1914-06-25,58.0924,-1.159
1914-06-26,58.6491,0.9583
1914-06-27,58.6857,0.0624
1914-06-29,58.6052,-0.1372
1914-06-30,59.0886,0.8248
1914-07-01,58.8469,-0.409
1914-07-02,59.074,0.3859
1914-07-03,59.5355,0.7812
1914-07-06,59.6307,0.1599
1914-07-07,59.7773,0.2458
1914-07-08,59.9164,0.2327
1914-07-09,59.7846,-0.22
1914-07-10,59.5575,-0.3799
1914-07-11,59.5209,-0.0615
1914-07-13,59.2352,-0.48
1914-07-14,59.4183,0.3091
1914-07-15,58.8542,-0.9494
1914-07-16,58.9202,0.1121
1914-07-17,58.9055,-0.0249
1914-07-18,59.0227,0.199
1914-07-20,58.9055,-0.1986
1914-07-21,59.1619,0.4353
1914-07-22,59.2132,0.0867
1914-07-23,58.9861,-0.3835
1914-07-24,58.3927,-1.006
1914-07-25,58.3634,-0.0502
1914-07-27,57.9239,-0.753
1914-07-28,55.88,-3.5286
1914-07-29,56.2023,0.5768
1914-07-30,52.3197,-6.9083
1914-12-12,54.62,4.3966
1914-12-14,56.76,3.918
1914-12-15,55.07,-2.9774
1914-12-16,55.35,0.5084
1914-12-17,55.36,0.0181
1914-12-18,55.09,-0.4877
1914-12-19,55.2,0.1997
1914-12-21,54.46,-1.3406
1914-12-22,54.42,-0.0734
1914-12-23,53.46,-1.7641
1914-12-24,53.17,-0.5425
1914-12-26,53.34,0.3197
1914-12-28,54.55,2.2685
1914-12-29,54.58,0.055
1914-12-30,54.55,-0.055
1914-12-31,54.58,0.055
1915-01-02,54.63,0.0916
1915-01-04,55.44,1.4827
1915-01-05,55.5,0.1082
1915-01-06,55.4,-0.1802
1915-01-07,56.08,1.2274
1915-01-08,56.55,0.8381
1915-01-09,56.54,-0.0177
1915-01-11,57.37,1.468
1915-01-12,57.44,0.122
1915-01-13,57.35,-0.1567
1915-01-14,57.51,0.279
1915-01-15,57.9,0.6781
1915-01-16,57.19,-1.2263
1915-01-18,58.12,1.6262
1915-01-19,58.11,-0.0172
1915-01-20,58.42,0.5335
1915-01-21,58.51,0.1541
1915-01-22,58.21,-0.5127
1915-01-23,58.52,0.5326
1915-01-25,58.06,-0.7861
1915-01-26,58.24,0.31
1915-01-27,57.07,-2.0089
1915-01-28,57.25,0.3154
1915-01-29,56.54,-1.2402
1915-01-30,57.16,1.0966
1915-02-01,55.59,-2.7467
1915-02-02,57.26,3.0041
1915-02-03,56.9,-0.6287
1915-02-04,56.83,-0.123
1915-02-05,56.16,-1.179
1915-02-06,56.33,0.3027
1915-02-08,56.31,-0.0355
1915-02-09,56.85,0.959
1915-02-10,57.05,0.3518
1915-02-11,57.83,1.3672
1915-02-13,57.2,-1.0894
1915-02-15,57.02,-0.3147
1915-02-16,56.64,-0.6664
1915-02-17,55.7,-1.6596
1915-02-18,55.53,-0.3052
1915-02-19,55.38,-0.2701
1915-02-20,55.2,-0.325
1915-02-23,54.4,-1.4493
1915-02-24,54.22,-0.3309
1915-02-25,54.61,0.7193
1915-02-26,55.02,0.7508
1915-02-27,55.18,0.2908
1915-03-01,55.29,0.1993
1915-03-02,55.66,0.6692
1915-03-03,55.88,0.3953
1915-03-04,56,0.2147
1915-03-05,56.51,0.9107
1915-03-06,56.41,-0.177
1915-03-08,56.98,1.0105
1915-03-09,56.88,-0.1755
1915-03-10,56.66,-0.3868
1915-03-11,56.86,0.353
1915-03-12,56.66,-0.3517
1915-03-13,56.35,-0.5471
1915-03-15,56.7,0.6211
1915-03-16,56.59,-0.194
1915-03-17,56.67,0.1414
1915-03-18,56.57,-0.1765
1915-03-19,56.98,0.7248
1915-03-20,57.4,0.7371
1915-03-22,58.1,1.2195
1915-03-23,59.1,1.7212
1915-03-24,59.26,0.2707
1915-03-25,59.25,-0.0169
1915-03-26,59.51,0.4388
1915-03-27,59.6,0.1512
1915-03-29,60.13,0.8893
1915-03-30,61.3,1.9458
1915-03-31,60.83,-0.7667
1915-04-01,61.05,0.3617
1915-04-03,61.49,0.7207
1915-04-05,62.29,1.301
1915-04-06,62.78,0.7866
1915-04-07,62.55,-0.3664
1915-04-08,63.15,0.9592
1915-04-09,65.02,2.9612
1915-04-10,65.15,0.1999
1915-04-12,64.66,-0.7521
1915-04-13,65.54,1.361
1915-04-14,66.14,0.9155
1915-04-15,67.42,1.9353
1915-04-16,69.36,2.8775
1915-04-17,69.6,0.346
1915-04-19,67.86,-2.5
1915-04-20,68.64,1.1494
1915-04-21,68.43,-0.3059
1915-04-22,68.2,-0.3361
1915-04-23,68.65,0.6598
1915-04-24,69.64,1.4421
1915-04-26,68.97,-0.9621
1915-04-27,68.9,-0.1015
1915-04-28,70.22,1.9158
1915-04-29,70.95,1.0396
1915-04-30,71.78,1.1698
1915-05-01,71.51,-0.3761
1915-05-03,69.54,-2.7549
1915-05-04,69.58,0.0575
1915-05-05,67.53,-2.9462
1915-05-06,68.23,1.0366
1915-05-07,65.13,-4.5435
1915-05-08,62.77,-3.6235
1915-05-10,62.06,-1.1311
1915-05-11,64.64,4.1573
1915-05-12,64.46,-0.2785
1915-05-13,63.01,-2.2495
1915-05-14,60.38,-4.1739
1915-05-15,61.93,2.5671
1915-05-17,63.41,2.3898
1915-05-18,62.7,-1.1197
1915-05-19,63.08,0.6061
1915-05-20,63.68,0.9512
1915-05-21,64.88,1.8844
1915-05-22,65.5,0.9556
1915-05-24,65.46,-0.0611
1915-05-25,64.79,-1.0235
1915-05-26,64.42,-0.5711
1915-05-27,64.95,0.8227
1915-05-28,65.01,0.0924
1915-05-29,64.67,-0.523
1915-06-01,64.86,0.2938
1915-06-02,65.72,1.3259
1915-06-03,67.75,3.0889
1915-06-04,67.71,-0.059
1915-06-05,68.56,1.2554
1915-06-07,69.21,0.9481
1915-06-08,68.92,-0.419
1915-06-09,67.27,-2.3941
1915-06-10,69.02,2.6015
1915-06-11,70.55,2.2167
1915-06-12,71.12,0.8079
1915-06-14,70.93,-0.2672
1915-06-15,71.05,0.1692
1915-06-16,71.3,0.3519
1915-06-17,71.16,-0.1964
1915-06-18,70.98,-0.253
1915-06-19,71.16,0.2536
1915-06-21,71.83,0.9415
1915-06-22,71.9,0.0975
1915-06-23,71.28,-0.8623
1915-06-24,69.78,-2.1044
1915-06-25,70.23,0.6449
1915-06-26,70.71,0.6835
1915-06-28,70.74,0.0424
1915-06-29,70.08,-0.933
1915-06-30,70.06,-0.0285
1915-07-01,69.85,-0.2997
1915-07-02,69.98,0.1861
1915-07-03,69.56,-0.6002
1915-07-06,69.87,0.4457
1915-07-07,68.85,-1.4599
1915-07-08,68.65,-0.2905
1915-07-09,67.88,-1.1216
1915-07-10,68.38,0.7366
1915-07-12,70.05,2.4422
1915-07-13,70.26,0.2998
1915-07-14,70.8,0.7686
1915-07-15,71.5,0.9887
1915-07-16,71.78,0.3916
1915-07-17,71.85,0.0975
1915-07-19,70.84,-1.4057
1915-07-20,71,0.2259
1915-07-21,72.05,1.4789
1915-07-22,73.82,2.4566
1915-07-23,74.1,0.3793
1915-07-24,74.18,0.108
1915-07-26,74.6,0.5662
1915-07-27,74.83,0.3083
1915-07-28,75.53,0.9355
1915-07-29,75.79,0.3442
1915-07-30,75.53,-0.3431
1915-07-31,75.34,-0.2516
1915-08-02,76.46,1.4866
1915-08-03,76.71,0.327
1915-08-04,77.33,0.8082
1915-08-05,77.21,-0.1552
1915-08-06,77.21,0
1915-08-07,76.71,-0.6476
1915-08-09,77.7,1.2906
1915-08-10,77.86,0.2059
1915-08-11,77.45,-0.5266
1915-08-12,78.14,0.8909
1915-08-13,78.38,0.3071
1915-08-14,78.82,0.5614
1915-08-16,81.28,3.121
1915-08-17,81.78,0.6152
1915-08-18,81.86,0.0978
1915-08-19,80.31,-1.8935
1915-08-20,79.31,-1.2452
1915-08-21,76.76,-3.2152
1915-08-23,76.88,0.1563
1915-08-24,79.07,2.8486
1915-08-25,80.65,1.9982
1915-08-26,81.12,0.5828
1915-08-27,81.88,0.9369
1915-08-28,81.95,0.0855
1915-08-30,81.7,-0.3051
1915-08-31,81.2,-0.612
1915-09-01,81.79,0.7266
1915-09-02,81.03,-0.9292
1915-09-03,80.7,-0.4073
1915-09-04,80.9,0.2478
1915-09-07,81.02,0.1483
1915-09-08,81.16,0.1728
1915-09-09,81.88,0.8871
1915-09-10,80.96,-1.1236
1915-09-11,80.4,-0.6917
1915-09-13,81.4,1.2438
1915-09-14,81.51,0.1351
1915-09-15,81.91,0.4907
1915-09-16,81.71,-0.2442
1915-09-17,82.54,1.0158
1915-09-18,83.27,0.8844
1915-09-20,84.26,1.1889
1915-09-21,84.83,0.6765
1915-09-22,85.88,1.2378
1915-09-23,85.55,-0.3843
1915-09-24,86.48,1.0871
1915-09-25,86.81,0.3816
1915-09-27,89.2,2.7531
1915-09-28,89.73,0.5942
1915-09-29,89.9,0.1895
1915-09-30,90.58,0.7564
1915-10-01,90.88,0.3312
1915-10-02,91.98,1.2104
1915-10-04,90.98,-1.0872
1915-10-05,89.16,-2.0004
1915-10-06,88.23,-1.0431
1915-10-07,90.2,2.2328
1915-10-08,90.5,0.3326
1915-10-09,90.63,0.1436
1915-10-11,92.37,1.9199
1915-10-13,93.63,1.3641
1915-10-14,92.76,-0.9292
1915-10-15,92.56,-0.2156
1915-10-16,93.34,0.8427
1915-10-18,94.61,1.3606
1915-10-19,93.38,-1.3001
1915-10-20,94.61,1.3172
1915-10-21,95.35,0.7822
1915-10-22,96.46,1.1641
1915-10-23,96.11,-0.3628
1915-10-25,95.88,-0.2393
1915-10-26,95.81,-0.073
1915-10-27,94.72,-1.1377
1915-10-28,93.34,-1.4569
1915-10-29,95.34,2.1427
1915-10-30,96.02,0.7132
1915-11-01,95.16,-0.8956
1915-11-03,94.76,-0.4203
1915-11-04,96.06,1.3719
1915-11-05,94.81,-1.3013
1915-11-06,94.18,-0.6645
1915-11-08,92.8,-1.4653
1915-11-09,91.08,-1.8534
1915-11-10,92.18,1.2077
1915-11-11,93.64,1.5839
1915-11-12,94.71,1.1427
1915-11-13,95.33,0.6546
1915-11-15,95.05,-0.2937
1915-11-16,96.33,1.3467
1915-11-17,96.18,-0.1557
1915-11-18,95.48,-0.7278
1915-11-19,95.27,-0.2199
1915-11-20,95.02,-0.2624
1915-11-22,95.45,0.4525
1915-11-23,95.87,0.44
1915-11-24,97.18,1.3664
1915-11-26,97.28,0.1029
1915-11-27,97.07,-0.2159
1915-11-29,97.56,0.5048
1915-11-30,96.71,-0.8713
1915-12-01,95.9,-0.8376
1915-12-02,94.78,-1.1679
1915-12-03,95.91,1.1922
1915-12-04,96.78,0.9071
1915-12-06,97.86,1.1159
1915-12-07,97.71,-0.1533
1915-12-08,98.45,0.7573
1915-12-09,97.18,-1.29
1915-12-10,96.13,-1.0805
1915-12-11,96.51,0.3953
1915-12-13,95.96,-0.5699
1915-12-14,98.3,2.4385
1915-12-15,98.18,-0.1221
1915-12-16,96.57,-1.6398
1915-12-17,97.4,0.8595
1915-12-18,97.57,0.1745
1915-12-20,97.7,0.1332
1915-12-21,97.66,-0.0409
1915-12-22,97.98,0.3277
1915-12-23,98.25,0.2756
1915-12-24,98.36,0.112
1915-12-27,99.21,0.8642
1915-12-28,99.16,-0.0504
1915-12-29,97.96,-1.2102
1915-12-30,98.2,0.245
1915-12-31,99.15,0.9674
1916-01-03,98.81,-0.3429
1916-01-04,97.72,-1.1031
1916-01-05,97.41,-0.3172
1916-01-06,96.44,-0.9958
1916-01-07,97.34,0.9332
1916-01-08,97.52,0.1849
1916-01-10,95.69,-1.8765
1916-01-11,94.07,-1.693
1916-01-12,95.31,1.3182
1916-01-13,94.71,-0.6295
1916-01-14,96.47,1.8583
1916-01-15,96.55,0.0829
1916-01-17,96.63,0.0829
1916-01-18,96.16,-0.4864
1916-01-19,95.25,-0.9463
1916-01-20,93.6,-1.7323
1916-01-21,94.78,1.2607
1916-01-22,94.65,-0.1372
1916-01-24,93.87,-0.8241
1916-01-25,94.24,0.3942
1916-01-26,93.49,-0.7958
1916-01-27,92.99,-0.5348
1916-01-28,93.25,0.2796
1916-01-29,91.93,-1.4155
1916-01-31,90.58,-1.4685
1916-02-01,91.93,1.4904
1916-02-02,93.69,1.9145
1916-02-03,94.4,0.7578
1916-02-04,93.19,-1.2818
1916-02-05,93.39,0.2146
1916-02-07,94.96,1.6811
1916-02-08,94.91,-0.0527
1916-02-09,95.86,1.0009
1916-02-10,96.1,0.2504
1916-02-11,96.15,0.052
1916-02-14,95.28,-0.9048
1916-02-15,95.26,-0.021
1916-02-16,94.5,-0.7978
1916-02-17,94.11,-0.4127
1916-02-18,94.35,0.255
1916-02-19,94.77,0.4452
1916-02-21,94.36,-0.4326
1916-02-23,94.35,-0.0106
1916-02-24,93.37,-1.0387
1916-02-25,93.85,0.5141
1916-02-26,92.78,-1.1401
1916-02-28,90.89,-2.0371
1916-02-29,91.03,0.154
1916-03-01,90.69,-0.3735
1916-03-02,90.52,-0.1875
1916-03-03,91.71,1.3146
1916-03-04,91.48,-0.2508
1916-03-06,92.93,1.585
1916-03-07,92.58,-0.3766
1916-03-08,92.58,0
1916-03-09,93.5,0.9937
1916-03-10,93.11,-0.4171
1916-03-11,92.9,-0.2255
1916-03-13,94.75,1.9914
1916-03-14,95.4,0.686
1916-03-15,95.76,0.3774
1916-03-16,96.08,0.3342
1916-03-17,96,-0.0833
1916-03-18,95.76,-0.25
1916-03-20,93.6,-2.2556
1916-03-21,93.58,-0.0214
1916-03-22,93.97,0.4168
1916-03-23,93.76,-0.2235
1916-03-24,93.65,-0.1173
1916-03-25,93.23,-0.4485
1916-03-27,93.57,0.3647
1916-03-28,93.81,0.2565
1916-03-29,93.36,-0.4797
1916-03-30,92.73,-0.6748
1916-03-31,93.25,0.5608
1916-04-01,93.69,0.4718
1916-04-03,94.13,0.4696
1916-04-04,93.97,-0.17
1916-04-05,94.12,0.1596
1916-04-06,94.46,0.3612
1916-04-07,93.38,-1.1433
1916-04-08,93.31,-0.075
1916-04-10,94.22,0.9752
1916-04-11,93.77,-0.4776
1916-04-12,93.28,-0.5226
1916-04-13,91.28,-2.1441
1916-04-14,91.63,0.3834
1916-04-15,91.48,-0.1637
1916-04-17,91.08,-0.4373
1916-04-18,90.65,-0.4721
1916-04-19,88.46,-2.4159
1916-04-20,88.11,-0.3957
1916-04-22,84.96,-3.5751
1916-04-24,87,2.4011
1916-04-25,88.12,1.2874
1916-04-26,87.23,-1.01
1916-04-27,88.78,1.7769
1916-04-28,89.65,0.98
1916-04-29,89.78,0.145
1916-05-01,90.3,0.5792
1916-05-02,89.02,-1.4175
1916-05-03,88.61,-0.4606
1916-05-04,87.71,-1.0157
1916-05-05,88.51,0.9121
1916-05-06,90.51,2.2596
1916-05-08,90.36,-0.1657
1916-05-09,89.71,-0.7193
1916-05-10,89.78,0.078
1916-05-11,90.08,0.3342
1916-05-12,90.94,0.9547
1916-05-13,91.71,0.8467
1916-05-15,92.43,0.7851
1916-05-16,92.01,-0.4544
1916-05-17,91.51,-0.5434
1916-05-18,92.05,0.5901
1916-05-19,91.76,-0.315
1916-05-20,91.81,0.0545
1916-05-22,92.06,0.2723
1916-05-23,92.1,0.0434
1916-05-24,92.37,0.2932
1916-05-25,92.62,0.2707
1916-05-26,92.29,-0.3563
1916-05-27,91.62,-0.726
1916-05-29,91.95,0.3602
1916-05-31,91.8,-0.1631
1916-06-01,91.87,0.0763
1916-06-02,91.22,-0.7075
1916-06-03,91.53,0.3398
1916-06-05,92.19,0.7211
1916-06-06,91.73,-0.499
1916-06-07,91.84,0.1199
1916-06-08,92.01,0.1851
1916-06-09,92.78,0.8369
1916-06-10,92.7,-0.0862
1916-06-12,93.61,0.9817
1916-06-13,93.19,-0.4487
1916-06-14,93.33,0.1502
1916-06-15,93.33,0
1916-06-16,92.49,-0.9
1916-06-17,91.9,-0.6379
1916-06-19,90,-2.0675
1916-06-20,90.57,0.6333
1916-06-21,90.03,-0.5962
1916-06-22,89.54,-0.5443
1916-06-23,88.88,-0.7371
1916-06-24,89.26,0.4275
1916-06-26,87.68,-1.7701
1916-06-27,88.43,0.8554
1916-06-28,88.29,-0.1583
1916-06-29,89.51,1.3818
1916-06-30,89.58,0.0782
1916-07-01,88.93,-0.7256
1916-07-03,89.37,0.4948
1916-07-05,90.53,1.298
1916-07-06,90.4,-0.1436
1916-07-07,89.71,-0.7633
1916-07-08,89.51,-0.2229
1916-07-10,88.6,-1.0166
1916-07-11,87.63,-1.0948
1916-07-12,87.63,0
1916-07-13,86.42,-1.3808
1916-07-14,86.95,0.6133
1916-07-15,87.36,0.4715
1916-07-17,87.15,-0.2404
1916-07-18,87.25,0.1147
1916-07-19,88.1,0.9742
1916-07-20,89,1.0216
1916-07-21,89.03,0.0337
1916-07-22,89.75,0.8087
1916-07-24,89.1,-0.7242
1916-07-25,88.83,-0.303
1916-07-26,88.13,-0.788
1916-07-27,88,-0.1475
1916-07-28,88.35,0.3977
1916-07-29,88.79,0.498
1916-07-31,89.25,0.5181
1916-08-01,89.05,-0.2241
1916-08-02,88.34,-0.7973
1916-08-03,88.83,0.5547
1916-08-04,88.41,-0.4728
1916-08-05,88.55,0.1584
1916-08-07,88.88,0.3727
1916-08-08,88.15,-0.8213
1916-08-09,90.26,2.3936
1916-08-10,90.05,-0.2327
1916-08-11,90.32,0.2998
1916-08-12,90.5,0.1993
1916-08-14,90.75,0.2762
1916-08-15,91.48,0.8044
1916-08-16,91.91,0.47
1916-08-17,92.08,0.185
1916-08-18,92.08,0
1916-08-19,91.93,-0.1629
1916-08-21,93.25,1.4359
1916-08-22,93.83,0.622
1916-08-23,93.61,-0.2345
1916-08-24,93.66,0.0534
1916-08-25,92.9,-0.8114
1916-08-26,92.91,0.0108
1916-08-28,92.49,-0.4521
1916-08-29,91.63,-0.9298
1916-08-30,91.32,-0.3383
1916-08-31,92.25,1.0184
1916-09-01,91.19,-1.1491
1916-09-02,92.29,1.2063
1916-09-05,93.36,1.1594
1916-09-06,94.51,1.2318
1916-09-07,94.59,0.0846
1916-09-08,94.63,0.0423
1916-09-09,95.53,0.9511
1916-09-11,95.74,0.2198
1916-09-12,96.65,0.9505
1916-09-13,97.71,1.0967
1916-09-14,98.84,1.1565
1916-09-15,98.39,-0.4553
1916-09-16,98,-0.3964
1916-09-18,98.51,0.5204
1916-09-19,98.57,0.0609
1916-09-20,98.47,-0.1015
1916-09-21,99.55,1.0968
1916-09-22,100.77,1.2255
1916-09-23,101.3,0.526
1916-09-25,100.89,-0.4047
1916-09-26,101.39,0.4956
1916-09-27,101.85,0.4537
1916-09-28,103.11,1.2371
1916-09-29,103.73,0.6013
1916-09-30,102.9,-0.8002
1916-10-02,103.01,0.1069
1916-10-03,103.45,0.4271
1916-10-04,103.41,-0.0387
1916-10-05,104.15,0.7156
1916-10-06,102.85,-1.2482
1916-10-07,103.4,0.5348
1916-10-09,100.23,-3.0658
1916-10-10,101.35,1.1174
1916-10-11,99.98,-1.3518
1916-10-13,98.94,-1.0402
1916-10-14,98.98,0.0404
1916-10-16,101.42,2.4651
1916-10-17,102.42,0.986
1916-10-18,102.35,-0.0683
1916-10-19,102.55,0.1954
1916-10-20,103.68,1.1019
1916-10-21,103.88,0.1929
1916-10-23,105.17,1.2418
1916-10-24,105.15,-0.019
1916-10-25,104.57,-0.5516
1916-10-26,104.56,-0.0096
1916-10-27,105.28,0.6886
1916-10-28,104.83,-0.4274
1916-10-30,104.3,-0.5056
1916-10-31,104.61,0.2972
1916-11-01,105.9,1.2332
1916-11-02,105.7,-0.1889
1916-11-03,106.28,0.5487
1916-11-04,105.93,-0.3293
1916-11-06,107.21,1.2083
1916-11-08,106.83,-0.3544
1916-11-09,107.68,0.7957
1916-11-10,107.65,-0.0279
1916-11-11,106.72,-0.8639
1916-11-13,105.63,-1.0214
1916-11-14,107.04,1.3348
1916-11-15,107.72,0.6353
1916-11-16,108.48,0.7055
1916-11-17,109.62,1.0509
1916-11-18,110.13,0.4652
1916-11-20,110.1,-0.0272
1916-11-21,110.15,0.0454
1916-11-22,108.65,-1.3618
1916-11-23,107.48,-1.0769
1916-11-24,109.07,1.4793
1916-11-25,109.95,0.8068
1916-11-27,108.23,-1.5643
1916-11-28,107.01,-1.1272
1916-11-29,105.97,-0.9719
1916-12-01,106.17,0.1887
1916-12-02,106.81,0.6028
1916-12-04,106.2,-0.5711
1916-12-05,106.43,0.2166
1916-12-06,106.76,0.3101
1916-12-07,106.43,-0.3091
1916-12-08,106.51,0.0752
1916-12-09,105.68,-0.7793
1916-12-11,104.67,-0.9557
1916-12-12,100.35,-4.1273
1916-12-13,102.61,2.2521
1916-12-14,98.23,-4.2686
1916-12-15,97.93,-0.3054
1916-12-16,99.11,1.2049
1916-12-18,98.07,-1.0493
1916-12-19,97.76,-0.3161
1916-12-20,95.26,-2.5573
1916-12-21,90.16,-5.3538
1916-12-22,95.09,5.4681
1916-12-23,94.6,-0.5153
1916-12-26,96.1,1.5856
1916-12-27,95.63,-0.4891
1916-12-28,94.01,-1.694
1916-12-29,95,1.0531
1917-01-02,96.15,1.2105
1917-01-03,99.18,3.1513
1917-01-04,97.15,-2.0468
1917-01-05,96.16,-1.019
1917-01-06,96.75,0.6136
1917-01-08,96.4,-0.3618
1917-01-09,97.64,1.2863
1917-01-10,95.7,-1.9869
1917-01-11,96.02,0.3344
1917-01-12,95.75,-0.2812
1917-01-13,95.13,-0.6475
1917-01-15,95.59,0.4835
1917-01-16,97.55,2.0504
1917-01-17,96.6,-0.9739
1917-01-18,97.5,0.9317
1917-01-19,97.35,-0.1538
1917-01-20,97.97,0.6369
1917-01-22,96.6,-1.3984
1917-01-23,96.26,-0.352
1917-01-24,96.66,0.4155
1917-01-25,97.41,0.7759
1917-01-26,97.36,-0.0513
1917-01-27,96.71,-0.6676
1917-01-29,95.78,-0.9616
1917-01-30,95.83,0.0522
1917-01-31,95.43,-0.4174
1917-02-01,88.52,-7.2409
1917-02-02,87.01,-1.7058
1917-02-03,89.97,3.4019
1917-02-05,92.03,2.2897
1917-02-06,92.81,0.8475
1917-02-07,92.19,-0.668
1917-02-08,90.94,-1.3559
1917-02-09,90.2,-0.8137
1917-02-10,91.56,1.5078
1917-02-13,92.37,0.8847
1917-02-14,91.86,-0.5521
1917-02-15,91.65,-0.2286
1917-02-16,91.81,0.1746
1917-02-17,92.7,0.9694
1917-02-19,93.66,1.0356
1917-02-20,94.91,1.3346
1917-02-21,93.97,-0.9904
1917-02-23,92.56,-1.5005
1917-02-24,92.22,-0.3673
1917-02-26,93.35,1.2253
1917-02-27,92.68,-0.7177
1917-02-28,91.56,-1.2085
1917-03-01,91.1,-0.5024
1917-03-02,92.82,1.888
1917-03-03,93.63,0.8727
1917-03-05,95.04,1.5059
1917-03-06,95.3,0.2736
1917-03-07,95.3,0
1917-03-08,95.28,-0.021
1917-03-09,96.46,1.2385
1917-03-10,96.78,0.3317
1917-03-12,95.03,-1.8082
1917-03-13,95.05,0.021
1917-03-14,95.16,0.1157
1917-03-15,95.63,0.4939
1917-03-16,95.65,0.0209
1917-03-17,96.22,0.5959
1917-03-19,96.97,0.7795
1917-03-20,98.2,1.2684
1917-03-21,97.61,-0.6008
1917-03-22,96.78,-0.8503
1917-03-23,97.27,0.5063
1917-03-24,97.73,0.4729
1917-03-26,96.32,-1.4428
1917-03-27,96.46,0.1453
1917-03-28,97.01,0.5702
1917-03-29,96.75,-0.268
1917-03-30,96.72,-0.031
1917-03-31,95.41,-1.3544
1917-04-02,97.06,1.7294
1917-04-03,96.34,-0.7418
1917-04-04,95.83,-0.5294
1917-04-05,94.61,-1.2731
1917-04-07,93.1,-1.596
1917-04-09,92.41,-0.7411
1917-04-10,91.2,-1.3094
1917-04-11,92.82,1.7763
1917-04-12,93.1,0.3017
1917-04-13,93.18,0.0859
1917-04-14,93.76,0.6225
1917-04-16,92.21,-1.6532
1917-04-17,91.87,-0.3687
1917-04-18,91.63,-0.2612
1917-04-19,91.83,0.2183
1917-04-20,90.84,-1.0781
1917-04-21,90.98,0.1541
1917-04-23,90.96,-0.022
1917-04-24,90.66,-0.3298
1917-04-25,92.98,2.559
1917-04-26,93.06,0.086
1917-04-27,93.1,0.043
1917-04-28,92.65,-0.4834
1917-04-30,93.23,0.626
1917-05-01,93.42,0.2038
1917-05-02,92.48,-1.0062
1917-05-03,90.98,-1.622
1917-05-04,90.45,-0.5825
1917-05-05,90.2,-0.2764
1917-05-07,91.2,1.1086
1917-05-08,90.22,-1.0746
1917-05-09,89.08,-1.2636
1917-05-10,90.41,1.493
1917-05-11,89.77,-0.7079
1917-05-12,89.62,-0.1671
1917-05-14,90.78,1.2944
1917-05-15,90.19,-0.6499
1917-05-16,92.26,2.2952
1917-05-17,92.75,0.5311
1917-05-18,91.96,-0.8518
1917-05-19,92.37,0.4458
1917-05-21,93.47,1.1909
1917-05-22,94.09,0.6633
1917-05-23,94.26,0.1807
1917-05-24,95.2,0.9972
1917-05-25,96.76,1.6387
1917-05-26,97.58,0.8475
1917-05-28,97.2,-0.3894
1917-05-29,97.41,0.216
1917-05-31,97.38,-0.0308
1917-06-01,97.89,0.5237
1917-06-02,97.59,-0.3065
1917-06-04,97,-0.6046
1917-06-06,98.43,1.4742
1917-06-07,98.16,-0.2743
1917-06-08,98.58,0.4279
1917-06-09,99.08,0.5072
1917-06-11,97.86,-1.2313
1917-06-12,97.52,-0.3474
1917-06-13,98.31,0.8101
1917-06-14,97.95,-0.3662
1917-06-15,97.22,-0.7453
1917-06-16,96.95,-0.2777
1917-06-18,94.89,-2.1248
1917-06-19,95.36,0.4953
1917-06-20,94.78,-0.6082
1917-06-21,95.77,1.0445
1917-06-22,96.63,0.898
1917-06-23,97.6,1.0038
1917-06-25,97.57,-0.0307
1917-06-26,96.81,-0.7789
1917-06-27,95.98,-0.8573
1917-06-28,95.41,-0.5939
1917-06-29,95.38,-0.0314
1917-06-30,95.87,0.5137
1917-07-02,95.23,-0.6676
1917-07-03,95.31,0.084
1917-07-05,93.57,-1.8256
1917-07-06,93.9,0.3527
1917-07-07,94.28,0.4047
1917-07-09,93.64,-0.6788
1917-07-10,93.1,-0.5767
1917-07-11,94.14,1.1171
1917-07-12,93.64,-0.5311
1917-07-13,92.33,-1.399
1917-07-14,92.57,0.2599
1917-07-16,91.38,-1.2855
1917-07-17,91.95,0.6238
1917-07-18,91.05,-0.9788
1917-07-19,90.48,-0.626
1917-07-20,91.59,1.2268
1917-07-21,92.61,1.1137
1917-07-23,91.61,-1.0798
1917-07-24,91.26,-0.3821
1917-07-25,91.24,-0.0219
1917-07-26,91.42,0.1973
1917-07-27,91.75,0.361
1917-07-28,92.11,0.3924
1917-07-30,92.13,0.0217
1917-07-31,91.75,-0.4125
1917-08-01,92.26,0.5559
1917-08-02,92.87,0.6612
1917-08-03,92.96,0.0969
1917-08-06,93.85,0.9574
1917-08-07,93.3,-0.586
1917-08-08,91.47,-1.9614
1917-08-09,92.23,0.8309
1917-08-10,91.9,-0.3578
1917-08-11,91.81,-0.0979
1917-08-13,92.65,0.9149
1917-08-14,91.69,-1.0362
1917-08-15,92.1,0.4472
1917-08-16,91.44,-0.7166
1917-08-17,91.61,0.1859
1917-08-18,91.42,-0.2074
1917-08-20,91.27,-0.1641
1917-08-21,90.75,-0.5697
1917-08-22,89.16,-1.7521
1917-08-23,88.15,-1.1328
1917-08-24,88.91,0.8622
1917-08-25,89.06,0.1687
1917-08-27,88.4,-0.7411
1917-08-28,86.12,-2.5792
1917-08-29,85.95,-0.1974
1917-08-30,84.51,-1.6754
1917-08-31,83.4,-1.3135
1917-09-04,81.2,-2.6379
1917-09-05,83.66,3.0296
1917-09-06,83.42,-0.2869
1917-09-07,83.49,0.0839
1917-09-08,83.18,-0.3713
1917-09-10,83.88,0.8415
1917-09-11,83.51,-0.4411
1917-09-12,82.19,-1.5806
1917-09-13,83.14,1.1559
1917-09-14,83.44,0.3608
1917-09-15,83.04,-0.4794
1917-09-17,81.55,-1.7943
1917-09-18,81.63,0.0981
1917-09-19,84.01,2.9156
1917-09-20,84.82,0.9642
1917-09-21,85.23,0.4834
1917-09-22,84.53,-0.8213
1917-09-24,85.7,1.3841
1917-09-25,86.02,0.3734
1917-09-26,84.61,-1.6392
1917-09-27,84.6,-0.0118
1917-09-28,83.46,-1.3475
1917-09-29,83.81,0.4194
1917-10-01,83.58,-0.2744
1917-10-02,83.49,-0.1077
1917-10-03,82.45,-1.2457
1917-10-04,80.62,-2.2195
1917-10-05,81.75,1.4016
1917-10-06,81.35,-0.4893
1917-10-08,80.48,-1.0695
1917-10-09,79.26,-1.5159
1917-10-10,77.32,-2.4476
1917-10-11,77.83,0.6596
1917-10-15,75.13,-3.4691
1917-10-16,77.08,2.5955
1917-10-17,76.11,-1.2584
1917-10-18,77.85,2.2862
1917-10-19,78.21,0.4624
1917-10-20,79.8,2.033
1917-10-22,79.06,-0.9273
1917-10-23,78.5,-0.7083
1917-10-24,78.3,-0.2548
1917-10-25,77.68,-0.7918
1917-10-26,77.35,-0.4248
1917-10-27,78.91,2.0168
1917-10-29,76.28,-3.3329
1917-10-30,75.53,-0.9832
1917-10-31,74.5,-1.3637
1917-11-01,71.41,-4.1477
1917-11-02,72.52,1.5544
1917-11-03,72.32,-0.2758
1917-11-05,69.93,-3.3048
1917-11-07,71.54,2.3023
1917-11-08,68.58,-4.1375
1917-11-09,69.36,1.1374
1917-11-10,70.3,1.3552
1917-11-12,70.65,0.4979
1917-11-13,70.35,-0.4246
1917-11-14,69.15,-1.7058
1917-11-15,69.1,-0.0723
1917-11-16,69.75,0.9407
1917-11-17,70.41,0.9462
1917-11-19,71.51,1.5623
1917-11-20,72.8,1.8039
1917-11-21,73.57,1.0577
1917-11-22,72.95,-0.8427
1917-11-23,74.23,1.7546
1917-11-24,73.51,-0.97
1917-11-26,74.03,0.7074
1917-11-27,73.8,-0.3107
1917-11-28,73.25,-0.7453
1917-11-30,72.65,-0.8191
1917-12-01,72.86,0.2891
1917-12-03,72.55,-0.4255
1917-12-04,70.72,-2.5224
1917-12-05,71.68,1.3575
1917-12-06,71.01,-0.9347
1917-12-07,70.29,-1.0139
1917-12-08,70.31,0.0285
1917-12-10,70.49,0.256
1917-12-11,68.78,-2.4259
1917-12-12,67.3,-2.1518
1917-12-13,66.96,-0.5052
1917-12-14,68.65,2.5239
1917-12-15,67.53,-1.6315
1917-12-17,67.08,-0.6664
1917-12-18,67.31,0.3429
1917-12-19,65.95,-2.0205
1917-12-20,67.13,1.7892
1917-12-21,68.25,1.6684
1917-12-22,68.23,-0.0293
1917-12-24,69.29,1.5536
1917-12-26,68.33,-1.3855
1917-12-27,70.49,3.1611
1917-12-28,72.13,2.3266
1917-12-29,72.45,0.4436
1917-12-31,74.38,2.6639
1918-01-02,76.68,3.0922
1918-01-03,76.18,-0.6521
1918-01-04,75.56,-0.8139
1918-01-05,73.75,-2.3954
1918-01-07,74.86,1.5051
1918-01-08,74.63,-0.3072
1918-01-09,75.61,1.3131
1918-01-10,76.33,0.9523
1918-01-11,75,-1.7424
1918-01-12,74.48,-0.6933
1918-01-14,73.48,-1.3426
1918-01-15,73.38,-0.1361
1918-01-16,74.6,1.6626
1918-01-17,74.48,-0.1609
1918-01-18,74.55,0.094
1918-01-19,74.89,0.4561
1918-01-21,76.11,1.6291
1918-01-22,75.75,-0.473
1918-01-23,75.43,-0.4224
1918-01-24,75.92,0.6496
1918-01-25,76.5,0.764
1918-01-26,76.44,-0.0784
1918-01-29,77.13,0.9027
1918-01-30,76.98,-0.1945
1918-01-31,79.8,3.6633
1918-02-01,79.28,-0.6516
1918-02-02,79.77,0.6181
1918-02-05,79.28,-0.6143
1918-02-06,78.93,-0.4415
1918-02-07,77.78,-1.457
1918-02-08,78.44,0.8485
1918-02-09,78.98,0.6884
1918-02-13,78.73,-0.3165
1918-02-14,78.71,-0.0254
1918-02-15,79.96,1.5881
1918-02-16,80.08,0.1501
1918-02-18,81.53,1.8107
1918-02-19,82.08,0.6746
1918-02-20,81.28,-0.9747
1918-02-21,80.53,-0.9227
1918-02-23,79.88,-0.8072
1918-02-25,79.17,-0.8888
1918-02-26,80.65,1.8694
1918-02-27,80.5,-0.186
1918-02-28,80.39,-0.1366
1918-03-01,79.93,-0.5722
1918-03-02,78.98,-1.1885
1918-03-04,79.01,0.038
1918-03-05,79.5,0.6202
1918-03-06,79.2,-0.3774
1918-03-07,79.53,0.4167
1918-03-08,79.5,-0.0377
1918-03-09,79.71,0.2642
1918-03-11,79.78,0.0878
1918-03-12,78.67,-1.3913
1918-03-13,78.68,0.0127
1918-03-14,79.13,0.5719
1918-03-15,79.06,-0.0885
1918-03-16,78.98,-0.1012
1918-03-18,77.93,-1.3295
1918-03-19,78.13,0.2566
1918-03-20,78.14,0.0128
1918-03-21,78.71,0.7295
1918-03-22,77.71,-1.2705
1918-03-23,76.24,-1.8916
1918-03-25,76.45,0.2754
1918-03-26,76.49,0.0523
1918-03-27,76.72,0.3007
1918-03-28,76.41,-0.4041
1918-03-30,76.72,0.4057
1918-04-01,77.16,0.5735
1918-04-02,76.69,-0.6091
1918-04-03,77.01,0.4173
1918-04-04,77.42,0.5324
1918-04-05,77.03,-0.5037
1918-04-06,77.95,1.1943
1918-04-08,77.69,-0.3335
1918-04-09,77.4,-0.3733
1918-04-10,76.85,-0.7106
1918-04-11,75.58,-1.6526
1918-04-12,76.25,0.8865
1918-04-13,76.01,-0.3148
1918-04-15,77.51,1.9734
1918-04-16,77.21,-0.387
1918-04-17,76.89,-0.4145
1918-04-18,78.11,1.5867
1918-04-19,78.6,0.6273
1918-04-20,79.73,1.4377
1918-04-22,79.42,-0.3888
1918-04-23,78.3,-1.4102
1918-04-24,78.01,-0.3704
1918-04-25,77.88,-0.1666
1918-04-26,78.23,0.4494
1918-04-27,77.86,-0.473
1918-04-29,77.79,-0.0899
1918-04-30,77.51,-0.3599
1918-05-01,78.16,0.8386
1918-05-02,78.9,0.9468
1918-05-03,78.64,-0.3295
1918-05-04,78.59,-0.0636
1918-05-06,79.36,0.9798
1918-05-07,80.51,1.4491
1918-05-08,80.32,-0.236
1918-05-09,81.3,1.2201
1918-05-10,81.29,-0.0123
1918-05-11,81.82,0.652
1918-05-13,82.16,0.4155
1918-05-14,82.21,0.0609
1918-05-15,84.04,2.226
1918-05-16,84.03,-0.0119
1918-05-17,83.5,-0.6307
1918-05-18,83.35,-0.1796
1918-05-20,82.47,-1.0558
1918-05-21,82.87,0.485
1918-05-22,82.22,-0.7844
1918-05-23,82.21,-0.0122
1918-05-24,81.58,-0.7663
1918-05-25,81.16,-0.5148
1918-05-27,78.65,-3.0927
1918-05-28,78.42,-0.2924
1918-05-29,78.44,0.0255
1918-05-31,78.08,-0.4589
1918-06-01,77.93,-0.1921
1918-06-03,78.55,0.7956
1918-06-04,79.6,1.3367
1918-06-05,79.54,-0.0754
1918-06-06,78.95,-0.7418
1918-06-07,78.53,-0.532
1918-06-08,79.16,0.8022
1918-06-10,78.93,-0.2906
1918-06-11,79.1,0.2154
1918-06-12,79.76,0.8344
1918-06-13,80.53,0.9654
1918-06-14,80.61,0.0993
1918-06-15,81.21,0.7443
1918-06-17,80.61,-0.7388
1918-06-18,80.98,0.459
1918-06-19,80.93,-0.0617
1918-06-20,81.83,1.1121
1918-06-21,81.65,-0.22
1918-06-22,81.95,0.3674
1918-06-24,82.5,0.6711
1918-06-25,82.4,-0.1212
1918-06-26,83.02,0.7524
1918-06-27,82.78,-0.2891
1918-06-28,82.58,-0.2416
1918-06-29,82.68,0.1211
1918-07-01,81.81,-1.0522
1918-07-02,81.98,0.2078
1918-07-03,82.49,0.6221
1918-07-05,82.96,0.5698
1918-07-06,83.2,0.2893
1918-07-08,82.6,-0.7212
1918-07-09,82.76,0.1937
1918-07-10,82.09,-0.8096
1918-07-11,81.09,-1.2182
1918-07-12,81.23,0.1726
1918-07-13,81.15,-0.0985
1918-07-15,80.58,-0.7024
1918-07-16,81.71,1.4023
1918-07-17,81.45,-0.3182
1918-07-18,82.92,1.8048
1918-07-19,82.31,-0.7356
1918-07-20,82.29,-0.0243
1918-07-22,81.22,-1.3003
1918-07-23,80.51,-0.8742
1918-07-24,80.93,0.5217
1918-07-25,81.28,0.4325
1918-07-26,81.51,0.283
1918-07-27,81.49,-0.0245
1918-07-29,81.1,-0.4786
1918-07-30,80.79,-0.3822
1918-07-31,81.23,0.5446
1918-08-01,80.71,-0.6402
1918-08-02,80.76,0.062
1918-08-03,80.9,0.1734
1918-08-05,81.57,0.8282
1918-08-06,81.13,-0.5394
1918-08-07,80.97,-0.1972
1918-08-08,81.13,0.1976
1918-08-09,81.65,0.6409
1918-08-10,82.04,0.4776
1918-08-12,81.58,-0.5607
1918-08-13,81.68,0.1226
1918-08-14,81.7,0.0245
1918-08-15,81.58,-0.1469
1918-08-16,81.77,0.2329
1918-08-17,81.51,-0.318
1918-08-19,81.63,0.1472
1918-08-20,81.92,0.3553
1918-08-21,81.91,-0.0122
1918-08-22,81.61,-0.3663
1918-08-23,82.15,0.6617
1918-08-24,82.83,0.8278
1918-08-26,82.93,0.1207
1918-08-27,83.01,0.0965
1918-08-28,83.18,0.2048
1918-08-29,82.73,-0.541
1918-08-30,82.46,-0.3264
1918-08-31,82.84,0.4608
1918-09-03,83.84,1.2071
1918-09-04,83.61,-0.2743
1918-09-05,83.63,0.0239
1918-09-06,82.56,-1.2794
1918-09-07,82.91,0.4239
1918-09-09,81.8,-1.3388
1918-09-10,81.33,-0.5746
1918-09-11,80.46,-1.0697
1918-09-13,80.29,-0.2113
1918-09-14,81.49,1.4946
1918-09-16,81.48,-0.0123
1918-09-17,81.8,0.3927
1918-09-18,81.92,0.1467
1918-09-19,81.64,-0.3418
1918-09-20,81.96,0.392
1918-09-21,82.33,0.4514
1918-09-23,82.44,0.1336
1918-09-24,82.8,0.4367
1918-09-25,82.64,-0.1932
1918-09-26,82.84,0.242
1918-09-27,84.03,1.4365
1918-09-28,83.85,-0.2142
1918-09-30,84.68,0.9899
1918-10-01,83.95,-0.8621
1918-10-02,84.45,0.5956
1918-10-03,84.95,0.5921
1918-10-04,85.31,0.4238
1918-10-05,84.87,-0.5158
1918-10-07,84.35,-0.6127
1918-10-08,84.3,-0.0593
1918-10-09,83.36,-1.1151
1918-10-10,84.15,0.9477
1918-10-11,84.83,0.8081
1918-10-14,86.35,1.7918
1918-10-15,86.21,-0.1621
1918-10-16,86.63,0.4872
1918-10-17,88.27,1.8931
1918-10-18,89.07,0.9063
1918-10-19,88.88,-0.2133
1918-10-21,88.15,-0.8213
1918-10-22,87.79,-0.4084
1918-10-23,87.1,-0.786
1918-10-24,87.1,0
1918-10-25,86.52,-0.6659
1918-10-26,87.7,1.3638
1918-10-28,87.28,-0.4789
1918-10-29,86.39,-1.0197
1918-10-30,84.08,-2.6739
1918-10-31,85.51,1.7008
1918-11-01,85.53,0.0234
1918-11-02,85.23,-0.3508
1918-11-04,85.74,0.5984
1918-11-06,86.62,1.0264
1918-11-07,87.61,1.1429
1918-11-08,87.66,0.0571
1918-11-09,88.06,0.4563
1918-11-12,86.56,-1.7034
1918-11-13,86.12,-0.5083
1918-11-14,85.53,-0.6851
1918-11-15,86.15,0.7249
1918-11-16,85.35,-0.9286
1918-11-18,85.01,-0.3984
1918-11-19,84.68,-0.3882
1918-11-20,84.33,-0.4133
1918-11-21,83.84,-0.5811
1918-11-22,82.6,-1.479
1918-11-23,81.83,-0.9322
1918-11-25,79.87,-2.3952
1918-11-26,81.43,1.9532
1918-11-27,80.16,-1.5596
1918-11-29,80.93,0.9606
1918-11-30,81.13,0.2471
1918-12-02,81.13,0
1918-12-03,82.46,1.6393
1918-12-04,82.45,-0.0121
1918-12-05,82.89,0.5337
1918-12-06,82.45,-0.5308
1918-12-07,82.71,0.3153
1918-12-09,83.41,0.8463
1918-12-10,84.5,1.3068
1918-12-11,84.27,-0.2722
1918-12-12,83.53,-0.8781
1918-12-13,82.65,-1.0535
1918-12-14,82.96,0.3751
1918-12-16,83.23,0.3255
1918-12-17,83.41,0.2163
1918-12-18,83.01,-0.4796
1918-12-19,82.4,-0.7349
1918-12-20,81.72,-0.8252
1918-12-21,81.89,0.208
1918-12-23,81.51,-0.464
1918-12-24,80.59,-1.1287
1918-12-26,80.44,-0.1861
1918-12-27,81.17,0.9075
1918-12-28,81.55,0.4682
1918-12-30,80.78,-0.9442
1918-12-31,82.2,1.7579
1919-01-02,82.6,0.4866
1919-01-03,83.35,0.908
1919-01-04,83.05,-0.3599
1919-01-06,82.45,-0.7225
1919-01-07,82.44,-0.0121
1919-01-08,82.6,0.1941
1919-01-09,82.76,0.1937
1919-01-10,82.3,-0.5558
1919-01-11,81.66,-0.7776
1919-01-13,81.79,0.1592
1919-01-14,82,0.2568
1919-01-15,82.4,0.4878
1919-01-16,82.2,-0.2427
1919-01-17,81.35,-1.0341
1919-01-18,80.93,-0.5163
1919-01-20,80.14,-0.9762
1919-01-21,79.88,-0.3244
1919-01-22,80,0.1502
1919-01-23,80.2,0.25
1919-01-24,81.75,1.9327
1919-01-25,81.33,-0.5138
1919-01-27,81.47,0.1721
1919-01-28,81.6,0.1596
1919-01-29,80.56,-1.2745
1919-01-30,80.94,0.4717
1919-01-31,80.61,-0.4077
1919-02-01,80.55,-0.0744
1919-02-03,80.91,0.4469
1919-02-04,81.08,0.2101
1919-02-05,80.7,-0.4687
1919-02-06,79.68,-1.2639
1919-02-07,79.35,-0.4142
1919-02-08,79.15,-0.252
1919-02-10,79.65,0.6317
1919-02-11,80.25,0.7533
1919-02-13,81.07,1.0218
1919-02-14,81.2,0.1604
1919-02-15,81.96,0.936
1919-02-17,82.55,0.7199
1919-02-18,81.92,-0.7632
1919-02-19,82.58,0.8057
1919-02-20,82.93,0.4238
1919-02-21,84.21,1.5435
1919-02-24,84.62,0.4869
1919-02-25,84.61,-0.0118
1919-02-26,85.6,1.1701
1919-02-27,85.68,0.0935
1919-02-28,84.81,-1.0154
1919-03-01,84.04,-0.9079
1919-03-03,85.58,1.8325
1919-03-04,85.1,-0.5609
1919-03-05,84.24,-1.0106
1919-03-06,85.64,1.6619
1919-03-07,86.23,0.6889
1919-03-08,87.27,1.2061
1919-03-10,87.43,0.1833
1919-03-11,88.1,0.7663
1919-03-12,88.3,0.227
1919-03-13,88.18,-0.1359
1919-03-14,87.87,-0.3516
1919-03-15,87.68,-0.2162
1919-03-17,88.41,0.8326
1919-03-18,87.87,-0.6108
1919-03-19,88.26,0.4438
1919-03-20,87.81,-0.5099
1919-03-21,89.05,1.4121
1919-03-22,88.66,-0.438
1919-03-24,87.97,-0.7783
1919-03-26,86.83,-1.2959
1919-03-27,87.65,0.9444
1919-03-28,88.86,1.3805
1919-03-29,88.88,0.0225
1919-03-31,88.85,-0.0338
1919-04-01,88.84,-0.0113
1919-04-02,89.3,0.5178
1919-04-03,88.91,-0.4367
1919-04-04,89.59,0.7648
1919-04-05,89.65,0.067
1919-04-07,90.18,0.5912
1919-04-08,90.59,0.4546
1919-04-09,91.01,0.4636
1919-04-10,90.11,-0.9889
1919-04-11,90.11,0
1919-04-12,89.61,-0.5549
1919-04-14,90.48,0.9709
1919-04-15,91.47,1.0942
1919-04-16,91.07,-0.4373
1919-04-17,90.88,-0.2086
1919-04-19,91.67,0.8693
1919-04-21,92.21,0.5891
1919-04-22,92.24,0.0325
1919-04-23,92.36,0.1301
1919-04-24,91.65,-0.7687
1919-04-25,92.09,0.4801
1919-04-26,92.48,0.4235
1919-04-28,93.17,0.7461
1919-04-29,93.51,0.3649
1919-04-30,92.88,-0.6737
1919-05-01,93.26,0.4091
1919-05-02,94.3,1.1152
1919-05-03,94.78,0.509
1919-05-05,94.92,0.1477
1919-05-07,96.16,1.3064
1919-05-08,97.65,1.5495
1919-05-09,98.61,0.9831
1919-05-10,98.19,-0.4259
1919-05-12,98.53,0.3463
1919-05-13,99.23,0.7104
1919-05-14,100.37,1.1488
1919-05-15,99.45,-0.9166
1919-05-16,99.92,0.4726
1919-05-17,100.1,0.1801
1919-05-19,99.16,-0.9391
1919-05-20,99.88,0.7261
1919-05-21,99.65,-0.2303
1919-05-22,99.88,0.2308
1919-05-23,100.47,0.5907
1919-05-24,101.6,1.1247
1919-05-26,103.8,2.1654
1919-05-27,103.58,-0.2119
1919-05-28,104,0.4055
1919-05-29,105.5,1.4423
1919-06-02,106.92,1.346
1919-06-03,103.83,-2.89
1919-06-04,105.66,1.7625
1919-06-05,107.55,1.7888
1919-06-06,107.46,-0.0837
1919-06-07,107.55,0.0838
1919-06-09,107.35,-0.186
1919-06-10,105.43,-1.7885
1919-06-11,105.16,-0.2561
1919-06-12,105.05,-0.1046
1919-06-13,102.85,-2.0942
1919-06-14,102.78,-0.0681
1919-06-16,99.56,-3.1329
1919-06-17,103.28,3.7364
1919-06-18,105.08,1.7428
1919-06-19,104.49,-0.5615
1919-06-20,106.13,1.5695
1919-06-21,106.45,0.3015
1919-06-23,106.09,-0.3382
1919-06-24,104.58,-1.4233
1919-06-25,104.91,0.3155
1919-06-26,105.63,0.6863
1919-06-27,106.66,0.9751
1919-06-28,107.14,0.45
1919-06-30,106.98,-0.1493
1919-07-01,108.13,1.075
1919-07-02,108.56,0.3977
1919-07-03,109.9,1.2343
1919-07-07,109.41,-0.4459
1919-07-08,109.97,0.5118
1919-07-09,110.46,0.4456
1919-07-10,110,-0.4164
1919-07-11,109.92,-0.0727
1919-07-12,110.71,0.7187
1919-07-14,112.23,1.373
1919-07-15,111.66,-0.5079
1919-07-16,111.47,-0.1702
1919-07-17,110.65,-0.7356
1919-07-18,110.69,0.0362
1919-07-21,107.24,-3.1168
1919-07-22,109.34,1.9582
1919-07-23,110.73,1.2713
1919-07-24,109.98,-0.6773
1919-07-25,110.03,0.0455
1919-07-26,111.1,0.9725
1919-07-28,110.94,-0.144
1919-07-29,109.72,-1.0997
1919-07-30,108.91,-0.7382
1919-07-31,107.16,-1.6068
1919-08-01,107.99,0.7745
1919-08-04,102.82,-4.7875
1919-08-05,102.4,-0.4085
1919-08-06,105.78,3.3008
1919-08-07,100.8,-4.7079
1919-08-08,101.88,1.0714
1919-08-09,104.33,2.4048
1919-08-11,103.94,-0.3738
1919-08-12,105.1,1.116
1919-08-13,104.28,-0.7802
1919-08-14,102.86,-1.3617
1919-08-15,102.25,-0.593
1919-08-18,99.7,-2.4939
1919-08-19,100.58,0.8826
1919-08-20,98.46,-2.1078
1919-08-21,99.47,1.0258
1919-08-22,100.84,1.3773
1919-08-23,101.44,0.595
1919-08-25,101.63,0.1873
1919-08-26,103.29,1.6334
1919-08-27,101.91,-1.336
1919-08-28,103.01,1.0794
1919-08-29,104.75,1.6892
1919-09-02,106.26,1.4415
1919-09-03,108.55,2.1551
1919-09-04,108.27,-0.2579
1919-09-05,106.96,-1.2099
1919-09-06,106.33,-0.589
1919-09-08,106.51,0.1693
1919-09-09,108.3,1.6806
1919-09-11,107.68,-0.5725
1919-09-12,107.1,-0.5386
1919-09-13,108.3,1.1204
1919-09-15,108.39,0.0831
1919-09-16,108.81,0.3875
1919-09-17,107.55,-1.158
1919-09-18,106.78,-0.7159
1919-09-19,105.84,-0.8803
1919-09-20,104.99,-0.8031
1919-09-22,106.3,1.2477
1919-09-23,106.89,0.555
1919-09-24,106.83,-0.0561
1919-09-25,107.3,0.44
1919-09-26,108.66,1.2675
1919-09-27,110.06,1.2884
1919-09-29,110.32,0.2362
1919-09-30,111.42,0.9971
1919-10-01,111.12,-0.2693
1919-10-02,111.19,0.063
1919-10-03,108.9,-2.0595
1919-10-04,110.26,1.2489
1919-10-06,112.04,1.6144
1919-10-07,112.55,0.4552
1919-10-08,113.55,0.8885
1919-10-09,113.4,-0.1321
1919-10-10,114.42,0.8995
1919-10-11,114.39,-0.0262
1919-10-14,112.41,-1.7309
1919-10-15,112.88,0.4181
1919-10-16,112.51,-0.3278
1919-10-17,112.98,0.4177
1919-10-18,113.2,0.1947
1919-10-20,115.43,1.97
1919-10-21,115.62,0.1646
1919-10-22,117.62,1.7298
1919-10-23,114.88,-2.3295
1919-10-24,115.57,0.6006
1919-10-25,112.73,-2.4574
1919-10-27,114.88,1.9072
1919-10-28,116.3,1.2361
1919-10-29,117.43,0.9716
1919-10-30,117.33,-0.0852
1919-10-31,118.92,1.3552
1919-11-01,118.63,-0.2439
1919-11-03,119.62,0.8345
1919-11-05,118.48,-0.953
1919-11-06,117.78,-0.5908
1919-11-07,117.18,-0.5094
1919-11-08,115.54,-1.3996
1919-11-10,112.93,-2.259
1919-11-11,110.75,-1.9304
1919-11-12,107.15,-3.2506
1919-11-13,110.69,3.3038
1919-11-14,110.49,-0.1807
1919-11-15,109.81,-0.6154
1919-11-17,109.09,-0.6557
1919-11-18,107.45,-1.5033
1919-11-19,106.15,-1.2099
1919-11-20,108.19,1.9218
1919-11-21,107.73,-0.4252
1919-11-22,108.42,0.6405
1919-11-24,108.86,0.4058
1919-11-25,109.02,0.147
1919-11-26,107.5,-1.3942
1919-11-28,103.72,-3.5163
1919-11-29,103.6,-0.1157
1919-12-01,104.03,0.4151
1919-12-02,104.41,0.3653
1919-12-03,105.75,1.2834
1919-12-04,107.97,2.0993
1919-12-05,107.42,-0.5094
1919-12-06,107.39,-0.0279
1919-12-08,107.83,0.4097
1919-12-09,106.85,-0.9088
1919-12-10,107.01,0.1497
1919-12-11,105.01,-1.869
1919-12-12,103.73,-1.2189
1919-12-13,105.61,1.8124
1919-12-15,105.05,-0.5303
1919-12-16,106.61,1.485
1919-12-17,107.26,0.6097
1919-12-18,103.78,-3.2445
1919-12-19,104.63,0.819
1919-12-20,104.55,-0.0765
1919-12-22,103.55,-0.9565
1919-12-23,103.79,0.2318
1919-12-24,103.95,0.1542
1919-12-26,105.63,1.6162
1919-12-27,106.08,0.426
1919-12-29,105.18,-0.8484
1919-12-30,105.46,0.2662
1919-12-31,107.23,1.6784
1920-01-02,108.76,1.4268
1920-01-03,109.88,1.0298
1920-01-05,108.85,-0.9374
1920-01-06,107.36,-1.3689
1920-01-07,107.55,0.177
1920-01-08,107.24,-0.2882
1920-01-09,106.59,-0.6061
1920-01-10,106.33,-0.2439
1920-01-12,104.22,-1.9844
1920-01-13,104.53,0.2974
1920-01-14,102,-2.4204
1920-01-15,103.62,1.5882
1920-01-16,101.94,-1.6213
1920-01-17,102.43,0.4807
1920-01-19,102.72,0.2831
1920-01-20,103.48,0.7399
1920-01-21,102.62,-0.8311
1920-01-22,102.36,-0.2534
1920-01-23,101.9,-0.4494
1920-01-24,102.65,0.736
1920-01-26,103.74,1.0619
1920-01-27,104.15,0.3952
1920-01-28,103.96,-0.1824
1920-01-29,103.6,-0.3463
1920-01-30,104.21,0.5888
1920-01-31,103.82,-0.3742
1920-02-02,103.01,-0.7802
1920-02-03,99.96,-2.9609
1920-02-04,97.23,-2.7311
1920-02-05,95.5,-1.7793
1920-02-06,95.75,0.2618
1920-02-07,96.13,0.3969
1920-02-09,95.73,-0.4161
1920-02-10,92.12,-3.771
1920-02-11,90.66,-1.5849
1920-02-13,92.66,2.206
1920-02-14,94.21,1.6728
1920-02-16,92.6,-1.7089
1920-02-17,93.56,1.0367
1920-02-18,94.44,0.9406
1920-02-19,94.15,-0.3071
1920-02-20,95.57,1.5082
1920-02-21,95.63,0.0628
1920-02-24,92.98,-2.7711
1920-02-25,89.98,-3.2265
1920-02-26,91.37,1.5448
1920-02-27,91.18,-0.2079
1920-02-28,91.31,0.1426
1920-03-01,92.4,1.1937
1920-03-02,91.68,-0.7792
1920-03-03,91.95,0.2945
1920-03-04,94.22,2.4687
1920-03-05,94.58,0.3821
1920-03-06,94.55,-0.0317
1920-03-08,97.38,2.9931
1920-03-09,97.11,-0.2773
1920-03-10,99.46,2.4199
1920-03-11,99.8,0.3418
1920-03-12,98.55,-1.2525
1920-03-13,99.31,0.7712
1920-03-15,100.55,1.2486
1920-03-16,100.39,-0.1591
1920-03-17,102.11,1.7133
1920-03-18,103.98,1.8314
1920-03-19,103.66,-0.3078
1920-03-20,103.56,-0.0965
1920-03-22,104.17,0.589
1920-03-23,103.55,-0.5952
1920-03-24,100.33,-3.1096
1920-03-25,101.54,1.206
1920-03-26,103.63,2.0583
1920-03-27,103.4,-0.2219
1920-03-29,102.23,-1.1315
1920-03-30,102.45,0.2152
1920-03-31,102.81,0.3514
1920-04-01,102.66,-0.1459
1920-04-05,102.98,0.3117
1920-04-06,104.32,1.3012
1920-04-07,105.45,1.0832
1920-04-08,105.65,0.1897
1920-04-09,105.38,-0.2556
1920-04-10,105.23,-0.1423
1920-04-12,103.94,-1.2259
1920-04-13,104.61,0.6446
1920-04-14,105.18,0.5449
1920-04-15,104.41,-0.7321
1920-04-16,104.73,0.3065
1920-04-17,104.45,-0.2674
1920-04-19,101.87,-2.4701
1920-04-20,99.48,-2.3461
1920-04-21,95.93,-3.5686
1920-04-22,97.15,1.2718
1920-04-23,95.46,-1.7396
1920-04-24,95.76,0.3143
1920-04-26,97.2,1.5038
1920-04-27,96.41,-0.8128
1920-04-28,94.75,-1.7218
1920-04-29,93.16,-1.6781
1920-04-30,93.54,0.4079
1920-05-03,94.03,0.5238
1920-05-04,94.27,0.2552
1920-05-05,94.41,0.1485
1920-05-06,94.17,-0.2542
1920-05-07,93.45,-0.7646
1920-05-08,94.75,1.3911
1920-05-10,93.33,-1.4987
1920-05-11,92.52,-0.8679
1920-05-12,91.29,-1.3294
1920-05-13,90.8,-0.5368
1920-05-14,91.35,0.6057
1920-05-15,91.9,0.6021
1920-05-17,91.24,-0.7182
1920-05-18,91.21,-0.0329
1920-05-19,87.36,-4.221
1920-05-20,88.16,0.9158
1920-05-21,88.2,0.0454
1920-05-22,88.4,0.2268
1920-05-24,87.57,-0.9389
1920-05-25,90.24,3.049
1920-05-26,90.01,-0.2549
1920-05-27,91.01,1.111
1920-05-28,91.81,0.879
1920-05-29,92.06,0.2723
1920-06-01,90.2,-2.0204
1920-06-02,90.65,0.4989
1920-06-03,90.9,0.2758
1920-06-04,91.9,1.1001
1920-06-05,92.25,0.3808
1920-06-07,91.13,-1.2141
1920-06-08,91.46,0.3621
1920-06-09,92.2,0.8091
1920-06-10,91.92,-0.3037
1920-06-11,93.06,1.2402
1920-06-12,93.2,0.1504
1920-06-14,91.75,-1.5558
1920-06-15,91.68,-0.0763
1920-06-16,91.75,0.0764
1920-06-17,91.37,-0.4142
1920-06-18,92,0.6895
1920-06-19,91.92,-0.087
1920-06-21,91.32,-0.6527
1920-06-22,90.16,-1.2703
1920-06-23,90.83,0.7431
1920-06-24,90.88,0.055
1920-06-25,90.95,0.077
1920-06-26,90.88,-0.077
1920-06-28,90.45,-0.4732
1920-06-29,90.36,-0.0995
1920-06-30,90.76,0.4427
1920-07-01,91.26,0.5509
1920-07-02,92.2,1.03
1920-07-06,93,0.8677
1920-07-07,94.04,1.1183
1920-07-08,94.51,0.4998
1920-07-09,94.43,-0.0846
1920-07-10,94.2,-0.2436
1920-07-12,92.08,-2.2505
1920-07-13,91.58,-0.543
1920-07-14,91.2,-0.4149
1920-07-15,90.26,-1.0307
1920-07-16,89.95,-0.3435
1920-07-17,90.24,0.3224
1920-07-19,90.21,-0.0332
1920-07-20,90.68,0.521
1920-07-21,90.45,-0.2536
1920-07-22,90.74,0.3206
1920-07-23,89.63,-1.2233
1920-07-24,89.85,0.2455
1920-07-26,87.66,-2.4374
1920-07-27,87.68,0.0228
1920-07-28,86.96,-0.8212
1920-07-29,87.89,1.0695
1920-07-30,86.86,-1.1719
1920-07-31,86.85,-0.0115
1920-08-02,84.95,-2.1877
1920-08-03,85.54,0.6945
1920-08-04,85.58,0.0468
1920-08-05,84.06,-1.7761
1920-08-06,84.56,0.5948
1920-08-07,84.1,-0.544
1920-08-09,83.24,-1.0226
1920-08-10,83.2,-0.0481
1920-08-11,84.83,1.9591
1920-08-12,84.75,-0.0943
1920-08-13,85.89,1.3451
1920-08-14,85.57,-0.3726
1920-08-16,85.07,-0.5843
1920-08-17,83.9,-1.3753
1920-08-18,84.01,0.1311
1920-08-19,85.31,1.5474
1920-08-20,86.22,1.0667
1920-08-21,86.86,0.7423
1920-08-23,85.78,-1.2434
1920-08-24,87.29,1.7603
1920-08-25,86.93,-0.4124
1920-08-26,87.22,0.3336
1920-08-27,86.81,-0.4701
1920-08-28,86.6,-0.2419
1920-08-30,86.43,-0.1963
1920-08-31,86.16,-0.3124
1920-09-01,86.34,0.2089
1920-09-02,87.22,1.0192
1920-09-03,88.05,0.9516
1920-09-07,88.21,0.1817
1920-09-08,87.13,-1.2244
1920-09-09,88.33,1.3773
1920-09-10,87.98,-0.3962
1920-09-11,86.98,-1.1366
1920-09-13,86.96,-0.023
1920-09-14,87.64,0.782
1920-09-15,87.82,0.2054
1920-09-16,88.63,0.9223
1920-09-17,89.95,1.4893
1920-09-18,89.81,-0.1556
1920-09-20,88.88,-1.0355
1920-09-21,87.96,-1.0351
1920-09-22,87.45,-0.5798
1920-09-23,86.47,-1.1206
1920-09-24,85.9,-0.6592
1920-09-25,86.35,0.5239
1920-09-27,83.82,-2.9299
1920-09-28,84.53,0.8471
1920-09-29,83.83,-0.8281
1920-09-30,82.95,-1.0497
1920-10-01,84,1.2658
1920-10-02,84.5,0.5952
1920-10-04,85.25,0.8876
1920-10-05,85.56,0.3636
1920-10-06,85.6,0.0468
1920-10-07,85.23,-0.4322
1920-10-08,84.4,-0.9738
1920-10-09,84.42,0.0237
1920-10-11,84,-0.4975
1920-10-13,84.39,0.4643
1920-10-14,85.22,0.9835
1920-10-15,85.4,0.2112
1920-10-16,84.96,-0.5152
1920-10-18,84.31,-0.7651
1920-10-19,84.6,0.344
1920-10-20,85.26,0.7801
1920-10-21,84.65,-0.7155
1920-10-22,85.06,0.4843
1920-10-23,85.57,0.5996
1920-10-25,85.73,0.187
1920-10-26,85.61,-0.14
1920-10-27,84.92,-0.806
1920-10-28,84.61,-0.365
1920-10-29,85.08,0.5555
1920-10-30,84.95,-0.1528
1920-11-01,85.48,0.6239
1920-11-03,84.99,-0.5732
1920-11-04,84.45,-0.6354
1920-11-05,83.48,-1.1486
1920-11-06,82.86,-0.7427
1920-11-08,81.51,-1.6293
1920-11-09,79.94,-1.9261
1920-11-10,80.62,0.8506
1920-11-11,79.95,-0.8311
1920-11-12,77.56,-2.9894
1920-11-13,76.9,-0.851
1920-11-15,76.63,-0.3511
1920-11-16,76.65,0.0261
1920-11-17,75.21,-1.8787
1920-11-18,74.36,-1.1302
1920-11-19,73.12,-1.6676
1920-11-20,74.03,1.2445
1920-11-22,77.15,4.2145
1920-11-23,77.2,0.0648
1920-11-24,76.65,-0.7124
1920-11-26,75.53,-1.4612
1920-11-27,75.46,-0.0927
1920-11-29,76.18,0.9541
1920-11-30,76.04,-0.1838
1920-12-01,76.5,0.6049
1920-12-02,77.3,1.0458
1920-12-03,77.08,-0.2846
1920-12-04,77.63,0.7135
1920-12-06,76.73,-1.1593
1920-12-07,76.73,0
1920-12-08,75.49,-1.6161
1920-12-09,74.22,-1.6823
1920-12-10,73.29,-1.253
1920-12-11,72.06,-1.6783
1920-12-13,70.48,-2.1926
1920-12-14,72.29,2.5681
1920-12-15,71.28,-1.3972
1920-12-16,70.6,-0.954
1920-12-17,70.26,-0.4816
1920-12-18,69.55,-1.0105
1920-12-20,68.52,-1.4809
1920-12-21,66.75,-2.5832
1920-12-22,67.02,0.4045
1920-12-23,69.63,3.8944
1920-12-24,68.91,-1.034
1920-12-27,68.01,-1.3061
1920-12-28,67.96,-0.0735
1920-12-29,69.2,1.8246
1920-12-30,70.03,1.1994
1920-12-31,71.95,2.7417
1921-01-03,72.67,1.0007
1921-01-04,72.76,0.1238
1921-01-05,73.13,0.5085
1921-01-06,74.31,1.6136
1921-01-07,75.21,1.2111
1921-01-08,74.8,-0.5451
1921-01-10,76,1.6043
1921-01-11,76.14,0.1842
1921-01-12,75.88,-0.3415
1921-01-13,74.43,-1.9109
1921-01-14,74.48,0.0672
1921-01-15,75.14,0.8861
1921-01-17,75.21,0.0932
1921-01-18,75.4,0.2526
1921-01-19,76.76,1.8037
1921-01-20,76.08,-0.8859
1921-01-21,74.65,-1.8796
1921-01-22,74.91,0.3483
1921-01-24,74.77,-0.1869
1921-01-25,74.98,0.2809
1921-01-26,75.19,0.2801
1921-01-27,75.71,0.6916
1921-01-28,76.23,0.6868
1921-01-29,76.34,0.1443
1921-01-31,76.13,-0.2751
1921-02-01,75.48,-0.8538
1921-02-02,74.98,-0.6624
1921-02-03,74.34,-0.8536
1921-02-04,74.74,0.5381
1921-02-05,75.05,0.4148
1921-02-07,74.8,-0.3331
1921-02-08,75.54,0.9893
1921-02-09,75.48,-0.0794
1921-02-10,75.59,0.1457
1921-02-11,75.59,0
1921-02-14,76.41,1.0848
1921-02-15,76.9,0.6413
1921-02-16,77.14,0.3121
1921-02-17,76.4,-0.9593
1921-02-18,76.28,-0.1571
1921-02-19,75.93,-0.4588
1921-02-21,75.1,-1.0931
1921-02-23,75.66,0.7457
1921-02-24,74.66,-1.3217
1921-02-25,75.23,0.7635
1921-02-26,75.46,0.3057
1921-02-28,74.98,-0.6361
1921-03-01,74.71,-0.3601
1921-03-02,75.19,0.6425
1921-03-03,75.23,0.0532
1921-03-04,75.11,-0.1595
1921-03-05,75.25,0.1864
1921-03-07,75.26,0.0133
1921-03-08,74.91,-0.4651
1921-03-09,74.6,-0.4138
1921-03-10,73.6,-1.3405
1921-03-11,72.25,-1.8342
1921-03-12,72.76,0.7059
1921-03-14,72.99,0.3161
1921-03-15,73.87,1.2056
1921-03-16,75.2,1.8005
1921-03-17,75.44,0.3191
1921-03-18,76.3,1.14
1921-03-19,76.56,0.3408
1921-03-21,76.03,-0.6923
1921-03-22,76.6,0.7497
1921-03-23,77.78,1.5405
1921-03-24,77.39,-0.5014
1921-03-26,77.13,-0.336
1921-03-28,76.19,-1.2187
1921-03-29,77.13,1.2338
1921-03-30,76.26,-1.128
1921-03-31,75.76,-0.6557
1921-04-01,75.72,-0.0528
1921-04-02,75.27,-0.5943
1921-04-04,75.16,-0.1461
1921-04-05,76.16,1.3305
1921-04-06,76.58,0.5515
1921-04-07,76.16,-0.5484
1921-04-08,75.61,-0.7222
1921-04-09,75.73,0.1587
1921-04-11,76.15,0.5546
1921-04-12,76.28,0.1707
1921-04-13,75.93,-0.4588
1921-04-14,75.06,-1.1458
1921-04-15,76.18,1.4921
1921-04-16,76.33,0.1969
1921-04-18,76.15,-0.2358
1921-04-19,76.1,-0.0657
1921-04-20,76.08,-0.0263
1921-04-21,76.54,0.6046
1921-04-22,77.63,1.4241
1921-04-23,78.15,0.6698
1921-04-25,78.55,0.5118
1921-04-26,78.86,0.3947
1921-04-27,78.11,-0.9511
1921-04-28,78.77,0.845
1921-04-29,78.57,-0.2539
1921-04-30,78.84,0.3436
1921-05-02,79.65,1.0274
1921-05-03,79.23,-0.5273
1921-05-04,79.61,0.4796
1921-05-05,80.03,0.5276
1921-05-06,79.68,-0.4373
1921-05-07,79.48,-0.251
1921-05-09,78.81,-0.843
1921-05-10,78.61,-0.2538
1921-05-11,77.98,-0.8014
1921-05-12,77.6,-0.4873
1921-05-13,77.57,-0.0387
1921-05-14,77.19,-0.4899
1921-05-16,77.23,0.0518
1921-05-17,77.65,0.5438
1921-05-18,77.51,-0.1803
1921-05-19,76.96,-0.7096
1921-05-20,76.07,-1.1564
1921-05-21,75.65,-0.5521
1921-05-23,75.86,0.2776
1921-05-24,74.43,-1.8851
1921-05-25,74.26,-0.2284
1921-05-26,74.81,0.7406
1921-05-27,74.31,-0.6684
1921-05-31,73.44,-1.1708
1921-06-01,73.51,0.0953
1921-06-02,73.06,-0.6122
1921-06-03,72.37,-0.9444
1921-06-04,72.55,0.2487
1921-06-06,71.18,-1.8884
1921-06-07,71.56,0.5339
1921-06-08,71.03,-0.7406
1921-06-09,69.85,-1.6613
1921-06-10,69.92,0.1002
1921-06-11,69.7,-0.3146
1921-06-13,70.03,0.4735
1921-06-14,70.05,0.0286
1921-06-15,69,-1.4989
1921-06-16,68.16,-1.2174
1921-06-17,67.57,-0.8656
1921-06-18,67.25,-0.4736
1921-06-20,64.9,-3.4944
1921-06-21,66.25,2.0801
1921-06-22,66.23,-0.0302
1921-06-23,65.36,-1.3136
1921-06-24,66.2,1.2852
1921-06-25,67.85,2.4924
1921-06-27,67.03,-1.2085
1921-06-28,67.63,0.8951
1921-06-29,68.73,1.6265
1921-06-30,68.45,-0.4074
1921-07-01,68.35,-0.1461
1921-07-05,67.71,-0.9364
1921-07-06,69.86,3.1753
1921-07-07,69.72,-0.2004
1921-07-08,68.35,-1.965
1921-07-09,68.54,0.278
1921-07-11,68.69,0.2189
1921-07-12,68.7,0.0146
1921-07-13,68.65,-0.0728
1921-07-14,67.85,-1.1653
1921-07-15,67.25,-0.8843
1921-07-16,67.44,0.2825
1921-07-18,67.87,0.6376
1921-07-19,68.24,0.5452
1921-07-20,68.21,-0.044
1921-07-21,68.11,-0.1466
1921-07-22,68.27,0.2349
1921-07-23,69.23,1.4062
1921-07-25,69.8,0.8233
1921-07-26,69.2,-0.8596
1921-07-27,69.18,-0.0289
1921-07-28,68.18,-1.4455
1921-07-29,68.37,0.2787
1921-07-30,68.86,0.7167
1921-08-01,69.68,1.1908
1921-08-02,69.95,0.3875
1921-08-03,69.71,-0.3431
1921-08-04,69.5,-0.3012
1921-08-05,68.61,-1.2806
1921-08-06,68.56,-0.0729
1921-08-08,68.63,0.1021
1921-08-09,68,-0.918
1921-08-10,66.71,-1.8971
1921-08-11,66.42,-0.4347
1921-08-12,66.88,0.6926
1921-08-13,66.75,-0.1944
1921-08-15,66.02,-1.0936
1921-08-16,65.27,-1.136
1921-08-17,66.09,1.2563
1921-08-18,65.96,-0.1967
1921-08-19,65.34,-0.94
1921-08-20,65.09,-0.3826
1921-08-22,64.5,-0.9064
1921-08-23,64.38,-0.186
1921-08-24,63.9,-0.7456
1921-08-25,63.91,0.0156
1921-08-26,65.54,2.5505
1921-08-27,65.56,0.0305
1921-08-29,66.18,0.9457
1921-08-30,67.8,2.4479
1921-08-31,67.11,-1.0177
1921-09-01,66.83,-0.4172
1921-09-02,68,1.7507
1921-09-06,69.12,1.6471
1921-09-07,69.49,0.5353
1921-09-08,69.15,-0.4893
1921-09-09,70.58,2.068
1921-09-10,71.92,1.8986
1921-09-12,70.68,-1.7241
1921-09-13,71.72,1.4714
1921-09-14,71.68,-0.0558
1921-09-15,70.68,-1.3951
1921-09-16,70.95,0.382
1921-09-17,70.83,-0.1691
1921-09-19,70.06,-1.0871
1921-09-20,69.43,-0.8992
1921-09-21,69.45,0.0288
1921-09-22,70.25,1.1519
1921-09-23,70.9,0.9253
1921-09-24,70.81,-0.1269
1921-09-26,70.65,-0.226
1921-09-27,70.3,-0.4954
1921-09-28,70.14,-0.2276
1921-09-29,71.19,1.497
1921-09-30,71.08,-0.1545
1921-10-01,71.68,0.8441
1921-10-03,71.61,-0.0977
1921-10-04,70.95,-0.9217
1921-10-05,70.46,-0.6906
1921-10-06,70.42,-0.0568
1921-10-07,70.66,0.3408
1921-10-08,71.17,0.7218
1921-10-10,70.95,-0.3091
1921-10-11,71.06,0.155
1921-10-13,70.9,-0.2252
1921-10-14,70.15,-1.0578
1921-10-15,70.09,-0.0855
1921-10-17,69.46,-0.8988
1921-10-18,69.81,0.5039
1921-10-19,70.21,0.573
1921-10-20,70.77,0.7976
1921-10-21,71,0.325
1921-10-22,71.11,0.1549
1921-10-24,71.81,0.9844
1921-10-25,72.22,0.571
1921-10-26,72.27,0.0692
1921-10-27,72.78,0.7057
1921-10-28,73.8,1.4015
1921-10-29,73.93,0.1762
1921-10-31,73.21,-0.9739
1921-11-01,73.44,0.3142
1921-11-02,73.52,0.1089
1921-11-03,73.98,0.6257
1921-11-04,73.94,-0.0541
1921-11-05,73.91,-0.0406
1921-11-07,74.2,0.3924
1921-11-09,75.75,2.0889
1921-11-10,75.61,-0.1848
1921-11-12,76.46,1.1242
1921-11-14,75.5,-1.2556
1921-11-15,75.8,0.3974
1921-11-16,77.13,1.7546
1921-11-17,77.07,-0.0778
1921-11-18,76.94,-0.1687
1921-11-19,77.06,0.156
1921-11-21,76.69,-0.4801
1921-11-22,76.21,-0.6259
1921-11-23,76.34,0.1706
1921-11-25,77.31,1.2706
1921-11-26,77.85,0.6985
1921-11-28,78.01,0.2055
1921-11-29,77.76,-0.3205
1921-11-30,77.3,-0.5916
1921-12-01,78.12,1.0608
1921-12-02,78.73,0.7808
1921-12-03,79,0.3429
1921-12-05,78.93,-0.0886
1921-12-06,79.36,0.5448
1921-12-07,79.19,-0.2142
1921-12-08,78.8,-0.4925
1921-12-09,79.6,1.0152
1921-12-10,80.16,0.7035
1921-12-12,80.63,0.5863
1921-12-13,80.69,0.0744
1921-12-14,81.04,0.4338
1921-12-15,81.5,0.5676
1921-12-16,80.95,-0.6748
1921-12-17,80.57,-0.4694
1921-12-19,80.31,-0.3227
1921-12-20,80.3,-0.0125
1921-12-21,79.02,-1.594
1921-12-22,78.76,-0.329
1921-12-23,79.31,0.6983
1921-12-24,79.61,0.3783
1921-12-27,80.69,1.3566
1921-12-28,80.8,0.1363
1921-12-29,80.34,-0.5693
1921-12-30,80.8,0.5726
1921-12-31,81.1,0.3713
1922-01-03,78.91,-2.7004
1922-01-04,79.61,0.8871
1922-01-05,78.68,-1.1682
1922-01-06,78.96,0.3559
1922-01-07,79.12,0.2026
1922-01-09,78.87,-0.316
1922-01-10,78.59,-0.355
1922-01-11,80.03,1.8323
1922-01-12,79.96,-0.0875
1922-01-13,80.82,1.0755
1922-01-14,81.23,0.5073
1922-01-16,81.36,0.16
1922-01-17,81.9,0.6637
1922-01-18,82.33,0.525
1922-01-19,81.91,-0.5101
1922-01-20,82.95,1.2697
1922-01-21,82.53,-0.5063
1922-01-23,82.29,-0.2908
1922-01-24,82.43,0.1701
1922-01-25,82.57,0.1698
1922-01-26,81.54,-1.2474
1922-01-27,81.34,-0.2453
1922-01-28,81.75,0.5041
1922-01-30,81.33,-0.5138
1922-01-31,81.3,-0.0369
1922-02-01,81.68,0.4674
1922-02-02,82.86,1.4447
1922-02-03,82.93,0.0845
1922-02-04,83.61,0.82
1922-02-06,83.7,0.1076
1922-02-07,83.38,-0.3823
1922-02-08,82.74,-0.7676
1922-02-09,83.6,1.0394
1922-02-10,83.05,-0.6579
1922-02-11,82.96,-0.1084
1922-02-14,83.81,1.0246
1922-02-15,84.09,0.3341
1922-02-16,83.98,-0.1308
1922-02-17,83.88,-0.1191
1922-02-18,84.28,0.4769
1922-02-20,84.85,0.6763
1922-02-21,85.81,1.1314
1922-02-23,85.36,-0.5244
1922-02-24,85.18,-0.2109
1922-02-25,83.33,-2.1719
1922-02-27,84.58,1.5001
1922-02-28,85.46,1.0404
1922-03-01,85.33,-0.1521
1922-03-02,86.03,0.8203
1922-03-03,86.46,0.4998
1922-03-04,85.91,-0.6361
1922-03-06,86.3,0.454
1922-03-07,86.9,0.6952
1922-03-08,86.73,-0.1956
1922-03-09,86.95,0.2537
1922-03-10,87.18,0.2645
1922-03-11,87.93,0.8603
1922-03-13,87.56,-0.4208
1922-03-14,87.92,0.4111
1922-03-15,87.3,-0.7052
1922-03-16,88.11,0.9278
1922-03-17,88.46,0.3972
1922-03-18,88.47,0.0113
1922-03-20,88.28,-0.2148
1922-03-21,88.11,-0.1926
1922-03-22,87.26,-0.9647
1922-03-23,86.9,-0.4126
1922-03-24,87.4,0.5754
1922-03-25,87.08,-0.3661
1922-03-27,86.6,-0.5512
1922-03-28,87.2,0.6928
1922-03-29,87.9,0.8028
1922-03-30,88.87,1.1035
1922-03-31,89.05,0.2025
1922-04-01,89.08,0.0337
1922-04-03,90.05,1.0889
1922-04-04,89.3,-0.8329
1922-04-05,90.67,1.5342
1922-04-06,90.8,0.1434
1922-04-07,90.8,0
1922-04-08,90.63,-0.1872
1922-04-10,91.11,0.5296
1922-04-11,91.91,0.8781
1922-04-12,91.77,-0.1523
1922-04-13,92.48,0.7737
1922-04-15,93.06,0.6272
1922-04-17,92.75,-0.3331
1922-04-18,91.15,-1.7251
1922-04-19,92.52,1.503
1922-04-20,92.43,-0.0973
1922-04-21,93.21,0.8439
1922-04-22,93.46,0.2682
1922-04-24,93,-0.4922
1922-04-25,92.72,-0.3011
1922-04-26,91.96,-0.8197
1922-04-27,91.1,-0.9352
1922-04-28,91.93,0.9111
1922-04-29,92.74,0.8811
1922-05-01,93.35,0.6578
1922-05-02,93.64,0.3107
1922-05-03,93.81,0.1815
1922-05-04,93.18,-0.6716
1922-05-05,93.18,0
1922-05-06,93.59,0.44
1922-05-08,92.84,-0.8014
1922-05-09,92.57,-0.2908
1922-05-10,91.58,-1.0695
1922-05-11,91.5,-0.0874
1922-05-12,92.5,1.0929
1922-05-13,92.93,0.4649
1922-05-15,92.08,-0.9147
1922-05-16,92.63,0.5973
1922-05-17,93.71,1.1659
1922-05-18,93.91,0.2134
1922-05-19,94.8,0.9477
1922-05-20,94.65,-0.1582
1922-05-22,94.86,0.2219
1922-05-23,94.66,-0.2108
1922-05-24,94.7,0.0423
1922-05-25,94.36,-0.359
1922-05-26,95.05,0.7312
1922-05-27,95.47,0.4419
1922-05-29,96.41,0.9846
1922-05-31,95.63,-0.809
1922-06-01,96.03,0.4183
1922-06-02,96.36,0.3436
1922-06-03,96.31,-0.0519
1922-06-05,95.98,-0.3426
1922-06-06,95.59,-0.4063
1922-06-07,95.15,-0.4603
1922-06-08,95.11,-0.042
1922-06-09,93.6,-1.5876
1922-06-10,93.2,-0.4274
1922-06-12,90.73,-2.6502
1922-06-13,92.04,1.4438
1922-06-14,93.08,1.1299
1922-06-15,91.25,-1.9661
1922-06-16,91.11,-0.1534
1922-06-17,91.45,0.3732
1922-06-19,91.95,0.5467
1922-06-20,93.51,1.6966
1922-06-21,93.02,-0.524
1922-06-22,93.15,0.1398
1922-06-23,93.07,-0.0859
1922-06-24,93.16,0.0967
1922-06-26,93.48,0.3435
1922-06-27,92.47,-1.0804
1922-06-28,92.24,-0.2487
1922-06-29,92.06,-0.1951
1922-06-30,92.93,0.945
1922-07-01,92.9,-0.0323
1922-07-03,92.92,0.0215
1922-07-05,92.97,0.0538
1922-07-06,93.97,1.0756
1922-07-07,94.63,0.7024
1922-07-08,93.53,-1.1624
1922-07-10,93.9,0.3956
1922-07-11,94.17,0.2875
1922-07-12,94.88,0.754
1922-07-13,94.65,-0.2424
1922-07-14,94.96,0.3275
1922-07-15,95.35,0.4107
1922-07-17,95.26,-0.0944
1922-07-18,96.53,1.3332
1922-07-19,96.69,0.1658
1922-07-20,96.76,0.0724
1922-07-21,96.13,-0.6511
1922-07-22,95.78,-0.3641
1922-07-24,94.64,-1.1902
1922-07-25,95.69,1.1095
1922-07-26,94.84,-0.8883
1922-07-27,96.36,1.6027
1922-07-28,96.69,0.3425
1922-07-29,96.83,0.1448
1922-07-31,97.05,0.2272
1922-08-01,96.25,-0.8243
1922-08-02,96.51,0.2701
1922-08-03,96.81,0.3108
1922-08-04,97.11,0.3099
1922-08-05,97.03,-0.0824
1922-08-07,97.37,0.3504
1922-08-08,97.07,-0.3081
1922-08-09,96.93,-0.1442
1922-08-10,96.51,-0.4333
1922-08-11,96.82,0.3212
1922-08-12,97.04,0.2272
1922-08-14,96.21,-0.8553
1922-08-15,96.9,0.7172
1922-08-16,97.41,0.5263
1922-08-17,97.93,0.5338
1922-08-18,98.6,0.6842
1922-08-19,99.01,0.4158
1922-08-21,99.71,0.707
1922-08-22,100.75,1.043
1922-08-23,100.32,-0.4268
1922-08-24,99.71,-0.6081
1922-08-25,99.82,0.1103
1922-08-26,100.05,0.2304
1922-08-28,99.21,-0.8396
1922-08-29,100.7,1.5019
1922-08-30,100.75,0.0497
1922-08-31,100.78,0.0298
1922-09-01,101.28,0.4961
1922-09-02,101.29,0.0099
1922-09-05,101.67,0.3752
1922-09-06,100.6,-1.0524
1922-09-07,101.05,0.4473
1922-09-08,101.22,0.1682
1922-09-09,101.68,0.4545
1922-09-11,102.05,0.3639
1922-09-12,101.88,-0.1666
1922-09-13,101.1,-0.7656
1922-09-14,100.79,-0.3066
1922-09-15,100.99,0.1984
1922-09-16,100.43,-0.5545
1922-09-18,98.88,-1.5434
1922-09-19,99.93,1.0619
1922-09-20,100.14,0.2101
1922-09-21,98.37,-1.7675
1922-09-22,98.55,0.183
1922-09-23,99.1,0.5581
1922-09-25,98.9,-0.2018
1922-09-26,98.45,-0.455
1922-09-27,96.81,-1.6658
1922-09-28,96.58,-0.2376
1922-09-29,97.12,0.5591
1922-09-30,96.3,-0.8443
1922-10-02,97.67,1.4226
1922-10-03,98.9,1.2593
1922-10-04,99.93,1.0415
1922-10-05,100.34,0.4103
1922-10-06,100.81,0.4684
1922-10-07,100.5,-0.3075
1922-10-09,102.26,1.7512
1922-10-10,101.55,-0.6943
1922-10-11,101.72,0.1674
1922-10-13,102.6,0.8651
1922-10-14,103.43,0.809
1922-10-16,102.76,-0.6478
1922-10-17,102.6,-0.1557
1922-10-18,102,-0.5848
1922-10-19,101.21,-0.7745
1922-10-20,102.01,0.7904
1922-10-21,101.95,-0.0588
1922-10-23,100.11,-1.8048
1922-10-24,100.1,-0.01
1922-10-25,99.55,-0.5495
1922-10-26,98,-1.557
1922-10-27,98.76,0.7755
1922-10-28,98.68,-0.081
1922-10-30,96.9,-1.8038
1922-10-31,96.11,-0.8153
1922-11-01,96.23,0.1249
1922-11-02,98.5,2.3589
1922-11-03,99.29,0.802
1922-11-04,99.06,-0.2316
1922-11-06,98.45,-0.6158
1922-11-08,99.53,1.097
1922-11-09,98.98,-0.5526
1922-11-10,97.5,-1.4953
1922-11-11,95.88,-1.6615
1922-11-13,95.37,-0.5319
1922-11-14,93.61,-1.8454
1922-11-15,95.11,1.6024
1922-11-16,94.72,-0.4101
1922-11-17,95.09,0.3906
1922-11-18,95.36,0.2839
1922-11-20,95.82,0.4824
1922-11-21,95.59,-0.24
1922-11-22,94.29,-1.36
1922-11-23,94.08,-0.2227
1922-11-24,94.1,0.0213
1922-11-25,92.78,-1.4028
1922-11-27,92.03,-0.8084
1922-11-28,93.85,1.9776
1922-11-29,94.65,0.8524
1922-12-01,95.73,1.141
1922-12-02,95.91,0.188
1922-12-04,95.1,-0.8445
1922-12-05,95.03,-0.0736
1922-12-06,96.75,1.81
1922-12-07,96.91,0.1654
1922-12-08,97.88,1.0009
1922-12-09,97.72,-0.1635
1922-12-11,97.85,0.133
1922-12-12,97.75,-0.1022
1922-12-13,98.28,0.5422
1922-12-14,98.19,-0.0916
1922-12-15,98.03,-0.1629
1922-12-16,98.13,0.102
1922-12-18,97.64,-0.4993
1922-12-19,98.23,0.6043
1922-12-20,97.52,-0.7228
1922-12-21,97.88,0.3692
1922-12-22,98.62,0.756
1922-12-26,99.04,0.4259
1922-12-27,99.22,0.1817
1922-12-28,98.14,-1.0885
1922-12-29,98.17,0.0306
1922-12-30,98.73,0.5704
1923-01-02,98.77,0.0405
1923-01-03,99.42,0.6581
1923-01-04,98.57,-0.855
1923-01-05,98.88,0.3145
1923-01-06,97.77,-1.1226
1923-01-08,98.06,0.2966
1923-01-09,97.23,-0.8464
1923-01-10,97.29,0.0617
1923-01-11,98.12,0.8531
1923-01-12,98.63,0.5198
1923-01-13,99.09,0.4664
1923-01-15,98.04,-1.0596
1923-01-16,96.96,-1.1016
1923-01-17,97.05,0.0928
1923-01-18,98.09,1.0716
1923-01-19,97.85,-0.2447
1923-01-20,97.61,-0.2453
1923-01-22,97.25,-0.3688
1923-01-23,97.43,0.1851
1923-01-24,97.16,-0.2771
1923-01-25,97.79,0.6484
1923-01-26,98.15,0.3681
1923-01-27,98,-0.1528
1923-01-29,98.26,0.2653
1923-01-30,97.75,-0.519
1923-01-31,97.43,-0.3274
1923-02-01,97.71,0.2874
1923-02-02,98.7,1.0132
1923-02-03,99.33,0.6383
1923-02-05,100.03,0.7047
1923-02-06,101.01,0.9797
1923-02-07,101.05,0.0396
1923-02-08,101.05,0
1923-02-09,100.82,-0.2276
1923-02-10,101.7,0.8728
1923-02-13,102.16,0.4523
1923-02-14,101.85,-0.3034
1923-02-15,102.57,0.7069
1923-02-16,103.23,0.6435
1923-02-17,103.21,-0.0194
1923-02-19,102.96,-0.2422
1923-02-20,103.56,0.5828
1923-02-21,103.59,0.029
1923-02-23,103.27,-0.3089
1923-02-24,102.85,-0.4067
1923-02-26,102.4,-0.4375
1923-02-27,102.79,0.3809
1923-02-28,103.9,1.0799
1923-03-01,104.23,0.3176
1923-03-02,104.65,0.403
1923-03-03,104.51,-0.1338
1923-03-05,104.77,0.2488
1923-03-06,104.79,0.0191
1923-03-07,105.23,0.4199
1923-03-08,104.7,-0.5037
1923-03-09,104.48,-0.2101
1923-03-10,103.82,-0.6317
1923-03-12,104.22,0.3853
1923-03-13,104.79,0.5469
1923-03-14,105.28,0.4676
1923-03-15,104.74,-0.5129
1923-03-16,103.93,-0.7733
1923-03-17,104.89,0.9237
1923-03-19,105.36,0.4481
1923-03-20,105.38,0.019
1923-03-21,105.23,-0.1423
1923-03-22,105.09,-0.133
1923-03-23,103.98,-1.0562
1923-03-24,103.28,-0.6732
1923-03-26,102.36,-0.8908
1923-03-27,103.03,0.6546
1923-03-28,103.45,0.4076
1923-03-29,102.77,-0.6573
1923-03-31,102.75,-0.0195
1923-04-02,101.51,-1.2068
1923-04-03,101.6,0.0887
1923-04-04,101.4,-0.1969
1923-04-05,102.36,0.9467
1923-04-06,102.7,0.3322
1923-04-07,102.56,-0.1363
1923-04-09,102.11,-0.4388
1923-04-10,101.86,-0.2448
1923-04-11,101.08,-0.7658
1923-04-12,101.71,0.6233
1923-04-13,101.81,0.0983
1923-04-14,102.09,0.275
1923-04-16,101.76,-0.3232
1923-04-17,102.14,0.3734
1923-04-18,102.24,0.0979
1923-04-19,102.58,0.3326
1923-04-20,101.38,-1.1698
1923-04-21,101.1,-0.2762
1923-04-23,100.73,-0.366
1923-04-24,101.08,0.3475
1923-04-25,101.36,0.277
1923-04-26,101.37,0.0099
1923-04-27,101.16,-0.2072
1923-04-28,100.63,-0.5239
1923-04-30,98.38,-2.2359
1923-05-01,97.4,-0.9961
1923-05-02,98.05,0.6674
1923-05-03,96.3,-1.7848
1923-05-04,96.6,0.3115
1923-05-05,96.73,0.1346
1923-05-07,95.41,-1.3646
1923-05-08,96.54,1.1844
1923-05-09,98.19,1.7091
1923-05-10,97.61,-0.5907
1923-05-11,96.45,-1.1884
1923-05-12,95.4,-1.0886
1923-05-14,96.91,1.5828
1923-05-15,95.95,-0.9906
1923-05-16,95.53,-0.4377
1923-05-17,95.41,-0.1256
1923-05-18,95.07,-0.3564
1923-05-19,94.7,-0.3892
1923-05-21,92.77,-2.038
1923-05-22,93.58,0.8731
1923-05-23,93.9,0.342
1923-05-24,96.03,2.2684
1923-05-25,96.65,0.6456
1923-05-26,97.48,0.8588
1923-05-28,97.25,-0.2359
1923-05-29,97.66,0.4216
1923-05-31,97.53,-0.1331
1923-06-01,95.36,-2.225
1923-06-02,95.75,0.409
1923-06-04,96.14,0.4073
1923-06-05,96.29,0.156
1923-06-06,97.24,0.9866
1923-06-07,97.17,-0.072
1923-06-08,96.66,-0.5249
1923-06-09,97.1,0.4552
1923-06-11,97.22,0.1236
1923-06-12,95.97,-1.2857
1923-06-13,95.79,-0.1876
1923-06-14,95.44,-0.3654
1923-06-15,94.86,-0.6077
1923-06-16,94.73,-0.137
1923-06-18,92.64,-2.2063
1923-06-19,92.76,0.1295
1923-06-20,90.81,-2.1022
1923-06-21,92.26,1.5967
1923-06-22,93.55,1.3982
1923-06-23,93.3,-0.2672
1923-06-25,91.48,-1.9507
1923-06-26,90.11,-1.4976
1923-06-27,88.66,-1.6091
1923-06-28,89.38,0.8121
1923-06-29,88.4,-1.0964
1923-06-30,87.85,-0.6222
1923-07-02,88.95,1.2521
1923-07-03,87.87,-1.2142
1923-07-05,87.9,0.0341
1923-07-06,88.65,0.8532
1923-07-07,89.41,0.8573
1923-07-09,89.26,-0.1678
1923-07-10,88.44,-0.9187
1923-07-11,87.8,-0.7237
1923-07-12,87.64,-0.1822
1923-07-13,89.07,1.6317
1923-07-14,89.4,0.3705
1923-07-16,89.22,-0.2013
1923-07-17,89.5,0.3138
1923-07-18,90.01,0.5698
1923-07-19,91.35,1.4887
1923-07-20,91.72,0.405
1923-07-21,91.39,-0.3598
1923-07-23,91.58,0.2079
1923-07-24,90.16,-1.5506
1923-07-25,90.87,0.7875
1923-07-26,91.06,0.2091
1923-07-27,88.37,-2.9541
1923-07-28,87.33,-1.1769
1923-07-30,88.11,0.8932
1923-07-31,86.91,-1.3619
1923-08-01,87.96,1.2081
1923-08-02,88.2,0.2729
1923-08-04,87.2,-1.1338
1923-08-06,88.51,1.5023
1923-08-07,89.55,1.175
1923-08-08,88.63,-1.0274
1923-08-09,88.67,0.0451
1923-08-11,89.11,0.4962
1923-08-13,88.95,-0.1796
1923-08-14,89.6,0.7307
1923-08-15,90.23,0.7031
1923-08-16,90.86,0.6982
1923-08-17,91.64,0.8585
1923-08-18,92.32,0.742
1923-08-20,91.71,-0.6607
1923-08-21,92.18,0.5125
1923-08-22,92.13,-0.0542
1923-08-23,92.04,-0.0977
1923-08-24,91.92,-0.1304
1923-08-25,91.59,-0.359
1923-08-27,92.48,0.9717
1923-08-28,93.2,0.7785
1923-08-29,93.7,0.5365
1923-08-30,93.4,-0.3202
1923-08-31,93.46,0.0642
1923-09-01,93.22,-0.2568
1923-09-04,92.25,-1.0405
1923-09-05,92.98,0.7913
1923-09-06,93,0.0215
1923-09-07,92.84,-0.172
1923-09-08,92.93,0.0969
1923-09-10,93.31,0.4089
1923-09-11,93.61,0.3215
1923-09-12,92.05,-1.6665
1923-09-13,89.93,-2.3031
1923-09-14,89.63,-0.3336
1923-09-15,89.05,-0.6471
1923-09-17,89.41,0.4043
1923-09-18,88.49,-1.029
1923-09-19,89.17,0.7684
1923-09-20,88.16,-1.1327
1923-09-21,88.07,-0.1021
1923-09-22,88.54,0.5337
1923-09-24,89.21,0.7567
1923-09-25,87.94,-1.4236
1923-09-26,88.53,0.6709
1923-09-27,88.53,0
1923-09-28,87.97,-0.6326
1923-09-29,87.89,-0.0909
1923-10-01,88.06,0.1934
1923-10-02,88.09,0.0341
1923-10-03,90.45,2.6791
1923-10-04,89.93,-0.5749
1923-10-05,89.41,-0.5782
1923-10-06,89.29,-0.1342
1923-10-08,88.56,-0.8176
1923-10-09,88.06,-0.5646
1923-10-10,87.54,-0.5905
1923-10-11,87.16,-0.4341
1923-10-13,87.13,-0.0344
1923-10-15,88.06,1.0674
1923-10-16,86.91,-1.3059
1923-10-17,87.56,0.7479
1923-10-18,87.46,-0.1142
1923-10-19,87.51,0.0572
1923-10-20,87.83,0.3657
1923-10-22,87.48,-0.3985
1923-10-23,87.37,-0.1257
1923-10-24,87.13,-0.2747
1923-10-25,86.43,-0.8034
1923-10-26,86.01,-0.4859
1923-10-27,85.76,-0.2907
1923-10-29,86.2,0.5131
1923-10-30,85.91,-0.3364
1923-10-31,88.53,3.0497
1923-11-01,88.41,-0.1355
1923-11-02,88.91,0.5655
1923-11-03,89.63,0.8098
1923-11-05,89.36,-0.3012
1923-11-07,89.48,0.1343
1923-11-08,90.75,1.4193
1923-11-09,91.14,0.4298
1923-11-10,91.39,0.2743
1923-11-12,91.08,-0.3392
1923-11-13,90.75,-0.3623
1923-11-14,90.44,-0.3416
1923-11-15,90.87,0.4755
1923-11-16,90.33,-0.5943
1923-11-17,89.65,-0.7528
1923-11-19,91.35,1.8963
1923-11-20,91.26,-0.0985
1923-11-21,92.17,0.9972
1923-11-22,91.83,-0.3689
1923-11-23,92.13,0.3267
1923-11-24,92.6,0.5101
1923-11-26,92.88,0.3024
1923-11-27,92.61,-0.2907
1923-11-28,92.41,-0.216
1923-11-30,92.34,-0.0757
1923-12-01,93.15,0.8772
1923-12-03,92.64,-0.5475
1923-12-04,92.68,0.0432
1923-12-05,92.81,0.1403
1923-12-06,92.94,0.1401
1923-12-07,93.8,0.9253
1923-12-08,93.85,0.0533
1923-12-10,93.86,0.0107
1923-12-11,93.65,-0.2237
1923-12-12,94.11,0.4912
1923-12-13,94.7,0.6269
1923-12-14,94.93,0.2429
1923-12-15,95.23,0.316
1923-12-17,95.26,0.0315
1923-12-18,93.66,-1.6796
1923-12-19,93.63,-0.032
1923-12-20,94,0.3952
1923-12-21,93.51,-0.5213
1923-12-22,93.63,0.1283
1923-12-24,94.42,0.8437
1923-12-26,95.61,1.2603
1923-12-27,94.98,-0.6589
1923-12-28,95.12,0.1474
1923-12-29,95.23,0.1156
1923-12-31,95.52,0.3045
1924-01-02,95.65,0.1361
1924-01-03,94.88,-0.805
1924-01-04,95.4,0.5481
1924-01-05,96.26,0.9015
1924-01-07,96.54,0.2909
1924-01-08,96.77,0.2382
1924-01-09,97.04,0.279
1924-01-10,97.23,0.1958
1924-01-11,97.46,0.2366
1924-01-12,97.25,-0.2155
1924-01-14,95.68,-1.6144
1924-01-15,96.09,0.4285
1924-01-16,96.65,0.5828
1924-01-17,96.42,-0.238
1924-01-18,96.28,-0.1452
1924-01-19,96.6,0.3324
1924-01-21,97.28,0.7039
1924-01-22,97.23,-0.0514
1924-01-23,97.73,0.5142
1924-01-24,98.59,0.88
1924-01-25,99.81,1.2374
1924-01-26,100,0.1904
1924-01-28,99.35,-0.65
1924-01-29,99.16,-0.1912
1924-01-30,99.4,0.242
1924-01-31,100.66,1.2676
1924-02-01,100.7,0.0397
1924-02-02,100.84,0.139
1924-02-04,101.08,0.238
1924-02-05,101.08,0
1924-02-06,101.31,0.2275
1924-02-07,100.99,-0.3159
1924-02-08,100.2,-0.7823
1924-02-09,100.88,0.6786
1924-02-11,100.91,0.0297
1924-02-13,99.81,-1.0901
1924-02-14,100.05,0.2405
1924-02-15,96.63,-3.4183
1924-02-16,98.06,1.4799
1924-02-18,96.33,-1.7642
1924-02-19,96.97,0.6644
1924-02-20,96.58,-0.4022
1924-02-21,97.4,0.849
1924-02-23,97.88,0.4928
1924-02-25,97.16,-0.7356
1924-02-26,96.45,-0.7308
1924-02-27,96.75,0.311
1924-02-28,97.69,0.9716
1924-02-29,97.22,-0.4811
1924-03-01,97.49,0.2777
1924-03-03,97.1,-0.4
1924-03-04,97.5,0.4119
1924-03-05,97.55,0.0513
1924-03-06,98.45,0.9226
1924-03-07,98.61,0.1625
1924-03-08,98.25,-0.3651
1924-03-10,97.21,-1.0585
1924-03-11,97.81,0.6172
1924-03-12,97.58,-0.2351
1924-03-13,98.25,0.6866
1924-03-14,98.86,0.6209
1924-03-15,98.02,-0.8497
1924-03-17,96.6,-1.4487
1924-03-18,96.89,0.3002
1924-03-19,96.8,-0.0929
1924-03-20,95.88,-0.9504
1924-03-21,95.87,-0.0104
1924-03-22,95.72,-0.1565
1924-03-24,95.58,-0.1463
1924-03-25,94.12,-1.5275
1924-03-26,93.67,-0.4781
1924-03-27,92.9,-0.822
1924-03-28,92.54,-0.3875
1924-03-29,92.28,-0.281
1924-03-31,93.01,0.7911
1924-04-01,93.5,0.5268
1924-04-02,94.5,1.0695
1924-04-03,94.33,-0.1799
1924-04-04,94.69,0.3816
1924-04-05,94.05,-0.6759
1924-04-07,93.03,-1.0845
1924-04-08,92.85,-0.1935
1924-04-09,92.24,-0.657
1924-04-10,90.86,-1.4961
1924-04-11,91.71,0.9355
1924-04-12,90.78,-1.0141
1924-04-14,89.91,-0.9584
1924-04-15,90.52,0.6785
1924-04-16,90.78,0.2872
1924-04-17,91.34,0.6169
1924-04-19,91.13,-0.2299
1924-04-21,89.18,-2.1398
1924-04-22,89.22,0.0449
1924-04-23,90.43,1.3562
1924-04-24,90.44,0.0111
1924-04-25,91.51,1.1831
1924-04-26,92.02,0.5573
1924-04-28,90.99,-1.1193
1924-04-29,90.65,-0.3737
1924-04-30,90.63,-0.0221
1924-05-01,92.12,1.644
1924-05-02,91.68,-0.4776
1924-05-03,91.93,0.2727
1924-05-05,92.23,0.3263
1924-05-06,92.24,0.0108
1924-05-07,92.47,0.2493
1924-05-08,92.04,-0.465
1924-05-09,91.4,-0.6953
1924-05-10,90.55,-0.93
1924-05-12,89.48,-1.1817
1924-05-13,89.69,0.2347
1924-05-14,88.77,-1.0258
1924-05-15,89.18,0.4619
1924-05-16,89.78,0.6728
1924-05-17,89.33,-0.5012
1924-05-19,89.81,0.5373
1924-05-20,88.33,-1.6479
1924-05-21,89.35,1.1548
1924-05-22,90.1,0.8394
1924-05-23,90.04,-0.0666
1924-05-24,90.66,0.6886
1924-05-26,90.6,-0.0662
1924-05-27,90.15,-0.4967
1924-05-28,89.9,-0.2773
1924-05-29,89.9,0
1924-06-02,90.15,0.2781
1924-06-03,91.23,1.198
1924-06-04,90.72,-0.559
1924-06-05,90.41,-0.3417
1924-06-06,89.18,-1.3605
1924-06-07,89.52,0.3813
1924-06-09,90.15,0.7038
1924-06-10,90.53,0.4215
1924-06-11,92,1.6238
1924-06-12,92.19,0.2065
1924-06-13,92.68,0.5315
1924-06-14,92.85,0.1834
1924-06-16,93.8,1.0232
1924-06-17,93.57,-0.2452
1924-06-18,93.52,-0.0534
1924-06-19,93.79,0.2887
1924-06-20,93.48,-0.3305
1924-06-21,93.53,0.0535
1924-06-23,92.65,-0.9409
1924-06-24,93.13,0.5181
1924-06-25,93.67,0.5798
1924-06-26,94.71,1.1103
1924-06-27,95.33,0.6546
1924-06-28,95.55,0.2308
1924-06-30,96.37,0.8582
1924-07-01,96.45,0.083
1924-07-02,96.38,-0.0726
1924-07-03,96.48,0.1038
1924-07-05,96.43,-0.0518
1924-07-07,96.91,0.4978
1924-07-08,97.56,0.6707
1924-07-09,97.4,-0.164
1924-07-10,96.65,-0.77
1924-07-11,97.38,0.7553
1924-07-12,97.6,0.2259
1924-07-14,97.5,-0.1025
1924-07-15,97.4,-0.1026
1924-07-16,96.85,-0.5647
1924-07-17,96.85,0
1924-07-18,97.4,0.5679
1924-07-19,98.09,0.7084
1924-07-21,99.02,0.9481
1924-07-22,99.36,0.3434
1924-07-23,99.4,0.0403
1924-07-24,99.36,-0.0402
1924-07-25,99.6,0.2415
1924-07-26,100.36,0.7631
1924-07-28,101.09,0.7274
1924-07-29,100.87,-0.2176
1924-07-30,101.16,0.2875
1924-07-31,102.14,0.9688
1924-08-01,102.12,-0.0196
1924-08-02,102.89,0.754
1924-08-04,103.28,0.379
1924-08-05,102.52,-0.7359
1924-08-06,102.57,0.0488
1924-08-07,102.3,-0.2632
1924-08-08,101.79,-0.4985
1924-08-09,102.08,0.2849
1924-08-11,102.2,0.1176
1924-08-12,101.51,-0.6751
1924-08-13,101.6,0.0887
1924-08-14,102.86,1.2402
1924-08-15,104.01,1.118
1924-08-16,104.62,0.5865
1924-08-18,104.99,0.3537
1924-08-19,105.38,0.3715
1924-08-20,105.57,0.1803
1924-08-21,104.83,-0.701
1924-08-22,103.89,-0.8967
1924-08-23,103.51,-0.3658
1924-08-25,103.53,0.0193
1924-08-26,103.58,0.0483
1924-08-27,103.23,-0.3379
1924-08-28,102.67,-0.5425
1924-08-29,104.14,1.4318
1924-08-30,105.16,0.9795
1924-09-02,104.95,-0.1997
1924-09-03,104.02,-0.8861
1924-09-04,102.77,-1.2017
1924-09-05,101.07,-1.6542
1924-09-06,100.76,-0.3067
1924-09-08,101.26,0.4962
1924-09-09,101.98,0.711
1924-09-10,101.13,-0.8335
1924-09-11,101.79,0.6526
1924-09-12,101.91,0.1179
1924-09-13,101.97,0.0589
1924-09-15,101.38,-0.5786
1924-09-16,101.75,0.365
1924-09-17,103.49,1.7101
1924-09-18,103.42,-0.0676
1924-09-19,103.63,0.2031
1924-09-20,103.85,0.2123
1924-09-22,103.25,-0.5778
1924-09-23,104.16,0.8814
1924-09-24,104.68,0.4992
1924-09-25,104.13,-0.5254
1924-09-26,103.98,-0.1441
1924-09-27,103.93,-0.0481
1924-09-29,102.96,-0.9333
1924-09-30,103.16,0.1943
1924-10-01,104.08,0.8918
1924-10-02,103.63,-0.4324
1924-10-03,102.64,-0.9553
1924-10-04,102.85,0.2046
1924-10-06,102.58,-0.2625
1924-10-07,102.38,-0.195
1924-10-08,102.06,-0.3126
1924-10-09,102.6,0.5291
1924-10-10,101.38,-1.1891
1924-10-11,101.33,-0.0493
1924-10-14,99.18,-2.1218
1924-10-15,100.11,0.9377
1924-10-16,100.16,0.0499
1924-10-17,100.86,0.6989
1924-10-18,101.76,0.8923
1924-10-20,101.14,-0.6093
1924-10-21,101.85,0.702
1924-10-22,101.96,0.108
1924-10-23,102.18,0.2158
1924-10-24,102.53,0.3425
1924-10-25,102.04,-0.4779
1924-10-27,101.73,-0.3038
1924-10-28,102.45,0.7078
1924-10-29,102.41,-0.039
1924-10-30,103,0.5761
1924-10-31,104.06,1.0291
1924-11-01,104.17,0.1057
1924-11-03,103.89,-0.2688
1924-11-05,105.11,1.1743
1924-11-06,104.06,-0.999
1924-11-07,104.86,0.7688
1924-11-08,105.53,0.6389
1924-11-10,105.91,0.3601
1924-11-11,107.58,1.5768
1924-11-12,108.14,0.5205
1924-11-13,108.58,0.4069
1924-11-14,108.96,0.35
1924-11-15,108.68,-0.257
1924-11-17,109.51,0.7637
1924-11-18,110.73,1.1141
1924-11-19,110.24,-0.4425
1924-11-20,110.5,0.2358
1924-11-21,109.63,-0.7873
1924-11-22,109.55,-0.073
1924-11-24,109.81,0.2373
1924-11-25,110.08,0.2459
1924-11-26,110.15,0.0636
1924-11-28,111.1,0.8625
1924-11-29,111.38,0.252
1924-12-01,110.44,-0.844
1924-12-02,110.71,0.2445
1924-12-03,110.83,0.1084
1924-12-04,111.56,0.6587
1924-12-05,111.26,-0.2689
1924-12-06,111.1,-0.1438
1924-12-08,111.3,0.18
1924-12-09,112.11,0.7278
1924-12-10,111.07,-0.9277
1924-12-11,110.84,-0.2071
1924-12-12,111.96,1.0105
1924-12-13,112.76,0.7145
1924-12-15,113.4,0.5676
1924-12-16,113.73,0.291
1924-12-17,114.35,0.5452
1924-12-18,115.17,0.7171
1924-12-19,116.13,0.8336
1924-12-20,116.41,0.2411
1924-12-22,116.84,0.3694
1924-12-23,115.78,-0.9072
1924-12-24,116.74,0.8292
1924-12-26,118.59,1.5847
1924-12-27,119.18,0.4975
1924-12-29,118.63,-0.4615
1924-12-30,118.02,-0.5142
1924-12-31,120.51,2.1098
1925-01-02,121.25,0.6141
1925-01-03,122.2,0.7835
1925-01-05,119.46,-2.2422
1925-01-06,121.13,1.398
1925-01-07,121.18,0.0413
1925-01-08,121.61,0.3548
1925-01-09,122.32,0.5838
1925-01-10,122.16,-0.1308
1925-01-12,123.21,0.8595
1925-01-13,123.56,0.2841
1925-01-14,122.97,-0.4775
1925-01-15,121.38,-1.293
1925-01-16,121.71,0.2719
1925-01-17,123.13,1.1667
1925-01-19,122.35,-0.6335
1925-01-20,121.74,-0.4986
1925-01-21,122.11,0.3039
1925-01-22,123.6,1.2202
1925-01-23,123.09,-0.4126
1925-01-24,122.98,-0.0894
1925-01-26,121.9,-0.8782
1925-01-27,121.53,-0.3035
1925-01-28,121.98,0.3703
1925-01-29,122.44,0.3771
1925-01-30,123.49,0.8576
1925-01-31,123.22,-0.2186
1925-02-02,120.46,-2.2399
1925-02-03,120.08,-0.3155
1925-02-04,120.56,0.3997
1925-02-05,120.83,0.224
1925-02-06,121.48,0.5379
1925-02-07,121.5,0.0165
1925-02-09,122.37,0.716
1925-02-10,121.73,-0.523
1925-02-11,121.23,-0.4107
1925-02-13,121.73,0.4124
1925-02-14,120.86,-0.7147
1925-02-16,117.96,-2.3995
1925-02-17,118.48,0.4408
1925-02-18,120.07,1.342
1925-02-19,119.71,-0.2998
1925-02-20,121.64,1.6122
1925-02-21,121.85,0.1726
1925-02-24,121.48,-0.3037
1925-02-25,122.15,0.5515
1925-02-26,122.86,0.5813
1925-02-27,122.24,-0.5046
1925-02-28,122.71,0.3845
1925-03-02,123.93,0.9942
1925-03-03,125.25,1.0651
1925-03-04,123.26,-1.5888
1925-03-05,124.81,1.2575
1925-03-06,125.68,0.6971
1925-03-07,124.98,-0.557
1925-03-09,124.33,-0.5201
1925-03-10,122.62,-1.3754
1925-03-11,123.26,0.5219
1925-03-12,124.6,1.0871
1925-03-13,123.25,-1.0835
1925-03-14,124.16,0.7383
1925-03-16,120.76,-2.7384
1925-03-17,118.53,-1.8466
1925-03-18,118.25,-0.2362
1925-03-19,119.38,0.9556
1925-03-20,120.91,1.2816
1925-03-21,119.6,-1.0835
1925-03-23,116.82,-2.3244
1925-03-24,116.78,-0.0342
1925-03-25,118.71,1.6527
1925-03-26,116.78,-1.6258
1925-03-27,117.48,0.5994
1925-03-28,116.3,-1.0044
1925-03-30,115,-1.1178
1925-03-31,116.75,1.5217
1925-04-01,118.07,1.1306
1925-04-02,117.61,-0.3896
1925-04-03,117.4,-0.1786
1925-04-04,118.25,0.724
1925-04-06,119.43,0.9979
1925-04-07,118.78,-0.5443
1925-04-08,118.9,0.101
1925-04-09,119.06,0.1346
1925-04-11,119.33,0.2268
1925-04-13,120.18,0.7123
1925-04-14,121.54,1.1316
1925-04-15,121.11,-0.3538
1925-04-16,120.67,-0.3633
1925-04-17,121.41,0.6132
1925-04-18,122.02,0.5024
1925-04-20,121.23,-0.6474
1925-04-21,119.53,-1.4023
1925-04-22,120.52,0.8282
1925-04-23,120.82,0.2489
1925-04-24,119.74,-0.8939
1925-04-25,119.75,0.0084
1925-04-27,119.46,-0.2422
1925-04-28,120,0.452
1925-04-29,120.4,0.3333
1925-04-30,120.01,-0.3239
1925-05-01,121.1,0.9083
1925-05-02,121.96,0.7102
1925-05-04,122.86,0.7379
1925-05-05,123.63,0.6267
1925-05-06,124.32,0.5581
1925-05-07,125.16,0.6757
1925-05-08,124.74,-0.3356
1925-05-09,124.64,-0.0802
1925-05-11,124.14,-0.4012
1925-05-12,124.45,0.2497
1925-05-13,124.21,-0.1928
1925-05-14,124.16,-0.0403
1925-05-15,126,1.482
1925-05-16,126.5,0.3968
1925-05-18,127.09,0.4664
1925-05-19,128.38,1.015
1925-05-20,128.68,0.2337
1925-05-21,128.7,0.0155
1925-05-22,128.95,0.1943
1925-05-23,128.85,-0.0775
1925-05-25,127.78,-0.8304
1925-05-26,128.43,0.5087
1925-05-27,129.13,0.545
1925-05-28,129.6,0.364
1925-05-29,129.95,0.2701
1925-06-01,129.69,-0.2001
1925-06-02,130.42,0.5629
1925-06-03,130.41,-0.0077
1925-06-04,128.89,-1.1656
1925-06-05,128.98,0.0698
1925-06-06,128.85,-0.1008
1925-06-08,127.12,-1.3426
1925-06-09,127.21,0.0708
1925-06-10,126.75,-0.3616
1925-06-11,127.85,0.8679
1925-06-12,128.38,0.4145
1925-06-13,129.38,0.7789
1925-06-15,128.43,-0.7343
1925-06-16,129.66,0.9577
1925-06-17,129.8,0.108
1925-06-18,128.88,-0.7088
1925-06-19,129.26,0.2948
1925-06-20,129.16,-0.0774
1925-06-22,128.25,-0.7046
1925-06-23,127.17,-0.8421
1925-06-24,127.8,0.4954
1925-06-25,128.28,0.3756
1925-06-26,129.17,0.6938
1925-06-27,129.73,0.4335
1925-06-29,129.23,-0.3854
1925-06-30,131.01,1.3774
1925-07-01,131.76,0.5725
1925-07-02,131.53,-0.1746
1925-07-03,131.52,-0.0076
1925-07-06,132.31,0.6007
1925-07-07,132.7,0.2948
1925-07-08,133.07,0.2788
1925-07-09,131.83,-0.9318
1925-07-10,131.33,-0.3793
1925-07-11,131.43,0.0761
1925-07-13,131.71,0.213
1925-07-14,132.95,0.9415
1925-07-15,133.4,0.3385
1925-07-16,133.5,0.075
1925-07-17,134,0.3745
1925-07-18,134.68,0.5075
1925-07-20,135,0.2376
1925-07-21,134.93,-0.0519
1925-07-22,133.87,-0.7856
1925-07-23,135.33,1.0906
1925-07-24,135.58,0.1847
1925-07-25,135.63,0.0369
1925-07-27,136.5,0.6415
1925-07-28,135.62,-0.6447
1925-07-29,134.48,-0.8406
1925-07-30,134.16,-0.238
1925-07-31,133.81,-0.2609
1925-08-01,134.55,0.553
1925-08-03,135.81,0.9365
1925-08-04,136.38,0.4197
1925-08-05,135.73,-0.4766
1925-08-06,135.71,-0.0147
1925-08-07,137.4,1.2453
1925-08-08,137.98,0.4221
1925-08-10,137.41,-0.4131
1925-08-11,137.8,0.2838
1925-08-12,137.48,-0.2322
1925-08-13,138.6,0.8147
1925-08-14,139.51,0.6566
1925-08-15,140.2,0.4946
1925-08-17,141.56,0.97
1925-08-18,142.6,0.7347
1925-08-19,141.82,-0.547
1925-08-20,141.66,-0.1128
1925-08-21,142.63,0.6847
1925-08-22,142.87,0.1683
1925-08-24,142.76,-0.077
1925-08-25,143.18,0.2942
1925-08-26,141.88,-0.9079
1925-08-27,141.54,-0.2396
1925-08-28,141.13,-0.2897
1925-08-29,141.26,0.0921
1925-08-31,141.18,-0.0566
1925-09-01,139.78,-0.9916
1925-09-02,137.22,-1.8314
1925-09-03,139.91,1.9604
1925-09-04,140.88,0.6933
1925-09-05,141.3,0.2981
1925-09-08,140.86,-0.3114
1925-09-09,142.4,1.0933
1925-09-10,143.83,1.0042
1925-09-11,145.38,1.0777
1925-09-12,145.95,0.3921
1925-09-14,146.63,0.4659
1925-09-15,143.89,-1.8686
1925-09-16,145.87,1.3761
1925-09-17,146.46,0.4045
1925-09-18,147.16,0.4779
1925-09-19,147.73,0.3873
1925-09-21,146.11,-1.0966
1925-09-22,145.74,-0.2532
1925-09-23,146.02,0.1921
1925-09-24,143.98,-1.3971
1925-09-25,145.56,1.0974
1925-09-26,144.26,-0.8931
1925-09-28,144.15,-0.0763
1925-09-29,145.06,0.6313
1925-09-30,143.46,-1.103
1925-10-01,144.77,0.9131
1925-10-02,146.13,0.9394
1925-10-03,146.65,0.3558
1925-10-05,146.81,0.1091
1925-10-06,145.11,-1.158
1925-10-07,145.6,0.3377
1925-10-08,146.75,0.7898
1925-10-09,147.2,0.3066
1925-10-10,147.43,0.1563
1925-10-13,147.4,-0.0203
1925-10-14,148.96,1.0583
1925-10-15,149.18,0.1477
1925-10-16,149.56,0.2547
1925-10-17,147.89,-1.1166
1925-10-19,148.53,0.4328
1925-10-20,150.29,1.1849
1925-10-21,151.61,0.8783
1925-10-22,152.13,0.343
1925-10-23,153.29,0.7625
1925-10-24,153.47,0.1174
1925-10-26,153.6,0.0847
1925-10-27,152.92,-0.4427
1925-10-28,155.25,1.5237
1925-10-29,154.88,-0.2383
1925-10-30,155.65,0.4972
1925-10-31,156.52,0.5589
1925-11-02,157.88,0.8689
1925-11-04,158.05,0.1077
1925-11-05,157.67,-0.2404
1925-11-06,159.39,1.0909
1925-11-07,158.48,-0.5709
1925-11-09,157.43,-0.6625
1925-11-10,151.6,-3.7032
1925-11-11,154.18,1.7018
1925-11-12,155.47,0.8367
1925-11-13,157.76,1.473
1925-11-14,156.36,-0.8874
1925-11-16,153.11,-2.0785
1925-11-17,153.48,0.2417
1925-11-18,150.35,-2.0394
1925-11-19,152.27,1.277
1925-11-20,152.45,0.1182
1925-11-21,151.08,-0.8987
1925-11-23,148.6,-1.6415
1925-11-24,148.18,-0.2826
1925-11-25,151.04,1.9301
1925-11-27,152.7,1.099
1925-11-28,151.78,-0.6025
1925-11-30,151.08,-0.4612
1925-12-01,152.11,0.6818
1925-12-02,152.88,0.5062
1925-12-03,153.8,0.6018
1925-12-04,154.6,0.5202
1925-12-05,154.63,0.0194
1925-12-07,154.21,-0.2716
1925-12-08,153.84,-0.2399
1925-12-09,152.57,-0.8255
1925-12-10,153.71,0.7472
1925-12-11,154.21,0.3253
1925-12-12,154.65,0.2853
1925-12-14,154.7,0.0323
1925-12-15,154.07,-0.4072
1925-12-16,152.88,-0.7724
1925-12-17,152.78,-0.0654
1925-12-18,152.67,-0.072
1925-12-19,153.21,0.3537
1925-12-21,152.35,-0.5613
1925-12-22,153.91,1.024
1925-12-23,155.98,1.3449
1925-12-24,157.01,0.6603
1925-12-28,156.87,-0.0892
1925-12-29,155.83,-0.663
1925-12-30,155.81,-0.0128
1925-12-31,156.66,0.5455
1926-01-02,158.54,1.2001
1926-01-04,158.75,0.1325
1926-01-05,157.6,-0.7244
1926-01-06,158,0.2538
1926-01-07,158.93,0.5886
1926-01-08,158.76,-0.107
1926-01-09,159.1,0.2142
1926-01-11,157.58,-0.9554
1926-01-12,157.39,-0.1206
1926-01-13,158.31,0.5845
1926-01-14,156.9,-0.8907
1926-01-15,155.1,-1.1472
1926-01-16,155.23,0.0838
1926-01-18,155.98,0.4832
1926-01-19,153.81,-1.3912
1926-01-20,155.04,0.7997
1926-01-21,153.2,-1.1868
1926-01-22,154.26,0.6919
1926-01-23,155.16,0.5834
1926-01-25,155.28,0.0773
1926-01-26,154.63,-0.4186
1926-01-27,156.46,1.1835
1926-01-28,157.2,0.473
1926-01-29,157.35,0.0954
1926-01-30,157.44,0.0572
1926-02-01,156.83,-0.3874
1926-02-02,157.95,0.7141
1926-02-03,159.4,0.918
1926-02-04,160.53,0.7089
1926-02-05,159.98,-0.3426
1926-02-06,159.99,0.0063
1926-02-08,159.1,-0.5563
1926-02-09,160.31,0.7605
1926-02-10,161.58,0.7922
1926-02-11,162.31,0.4518
1926-02-13,162.08,-0.1417
1926-02-15,158.3,-2.3322
1926-02-16,158.88,0.3664
1926-02-17,160.05,0.7364
1926-02-18,161.09,0.6498
1926-02-19,160.92,-0.1055
1926-02-20,160.93,0.0062
1926-02-23,158.83,-1.3049
1926-02-24,158.55,-0.1763
1926-02-25,156.54,-1.2677
1926-02-26,154.68,-1.1882
1926-02-27,154.45,-0.1487
1926-03-01,150.9,-2.2985
1926-03-02,147.06,-2.5447
1926-03-03,144.44,-1.7816
1926-03-04,150.76,4.3755
1926-03-05,150.4,-0.2388
1926-03-06,149.86,-0.359
1926-03-08,150.1,0.1601
1926-03-09,151.27,0.7795
1926-03-10,153.13,1.2296
1926-03-11,153,-0.0849
1926-03-12,153.03,0.0196
1926-03-13,150.07,-1.9343
1926-03-15,150.65,0.3865
1926-03-16,149.88,-0.5111
1926-03-17,149.28,-0.4003
1926-03-18,146.32,-1.9829
1926-03-19,145.11,-0.827
1926-03-20,144.8,-0.2136
1926-03-22,146.32,1.0497
1926-03-23,143.86,-1.6812
1926-03-24,140.31,-2.4677
1926-03-25,140.81,0.3564
1926-03-26,141.76,0.6747
1926-03-27,139.02,-1.9328
1926-03-29,135.49,-2.5392
1926-03-30,135.2,-0.214
1926-03-31,140.46,3.8905
1926-04-01,140.35,-0.0783
1926-04-03,140.39,0.0285
1926-04-05,141.08,0.4915
1926-04-06,142.43,0.9569
1926-04-07,141.97,-0.323
1926-04-08,140.67,-0.9157
1926-04-09,140.95,0.199
1926-04-10,139.93,-0.7237
1926-04-12,136.53,-2.4298
1926-04-13,138.9,1.7359
1926-04-14,136.36,-1.8287
1926-04-15,137.08,0.528
1926-04-16,136.27,-0.5909
1926-04-17,136.83,0.4109
1926-04-19,136.91,0.0585
1926-04-20,137.47,0.409
1926-04-21,139.91,1.7749
1926-04-22,141.11,0.8577
1926-04-23,142.55,1.0205
1926-04-24,144.83,1.5994
1926-04-26,142.93,-1.3119
1926-04-27,143.15,0.1539
1926-04-28,144.55,0.978
1926-04-29,144.43,-0.083
1926-04-30,143.71,-0.4985
1926-05-01,143.4,-0.2157
1926-05-03,140.53,-2.0014
1926-05-04,141.38,0.6049
1926-05-05,141.49,0.0778
1926-05-06,142.13,0.4523
1926-05-07,140.1,-1.4283
1926-05-08,140.23,0.0928
1926-05-10,138.87,-0.9698
1926-05-11,139.05,0.1296
1926-05-12,139.78,0.525
1926-05-13,139.45,-0.2361
1926-05-14,138.84,-0.4374
1926-05-15,138.02,-0.5906
1926-05-17,137.97,-0.0362
1926-05-18,137.53,-0.3189
1926-05-19,137.16,-0.269
1926-05-20,138.66,1.0936
1926-05-21,140.27,1.1611
1926-05-22,140.41,0.0998
1926-05-24,141.16,0.5341
1926-05-25,141.2,0.0283
1926-05-26,141.64,0.3116
1926-05-27,142.43,0.5578
1926-05-28,143.43,0.7021
1926-06-01,142.3,-0.7878
1926-06-02,143.55,0.8784
1926-06-03,145.03,1.031
1926-06-04,145.28,0.1724
1926-06-05,145.36,0.0551
1926-06-07,145.56,0.1376
1926-06-08,145.4,-0.1099
1926-06-09,145.56,0.11
1926-06-10,145.95,0.2679
1926-06-11,147.21,0.8633
1926-06-12,148.61,0.951
1926-06-14,150.13,1.0228
1926-06-15,149.37,-0.5062
1926-06-16,151.31,1.2988
1926-06-17,153.44,1.4077
1926-06-18,151.92,-0.9906
1926-06-19,153.33,0.9281
1926-06-21,154.03,0.4565
1926-06-22,153.54,-0.3181
1926-06-23,151.45,-1.3612
1926-06-24,151.87,0.2773
1926-06-25,150.8,-0.7045
1926-06-26,150.68,-0.0796
1926-06-28,151.08,0.2655
1926-06-29,152.61,1.0127
1926-06-30,153.04,0.2818
1926-07-01,153.01,-0.0196
1926-07-02,154.15,0.745
1926-07-06,154.37,0.1427
1926-07-07,155.05,0.4405
1926-07-08,155.66,0.3934
1926-07-09,153.74,-1.2335
1926-07-10,155.06,0.8586
1926-07-12,155.58,0.3354
1926-07-13,156.83,0.8034
1926-07-14,157.12,0.1849
1926-07-15,155.84,-0.8147
1926-07-16,157.81,1.2641
1926-07-17,158.81,0.6337
1926-07-19,158.94,0.0819
1926-07-20,157.63,-0.8242
1926-07-21,156.41,-0.774
1926-07-22,155.58,-0.5307
1926-07-23,155.43,-0.0964
1926-07-24,154.59,-0.5404
1926-07-26,155.71,0.7245
1926-07-27,156.73,0.6551
1926-07-28,159.33,1.6589
1926-07-29,160.58,0.7845
1926-07-30,160.18,-0.2491
1926-07-31,160.47,0.181
1926-08-02,161.84,0.8537
1926-08-03,163.4,0.9639
1926-08-04,163.23,-0.104
1926-08-05,163.34,0.0674
1926-08-06,164.16,0.502
1926-08-07,165.21,0.6396
1926-08-09,166.14,0.5629
1926-08-10,162.89,-1.9562
1926-08-11,161.68,-0.7428
1926-08-12,163.28,0.9896
1926-08-13,164.85,0.9615
1926-08-14,166.64,1.0858
1926-08-16,166.1,-0.3241
1926-08-17,164.14,-1.18
1926-08-18,164.41,0.1645
1926-08-19,162.43,-1.2043
1926-08-20,162.06,-0.2278
1926-08-21,162.78,0.4443
1926-08-23,163.41,0.387
1926-08-24,161.46,-1.1933
1926-08-25,160.41,-0.6503
1926-08-26,161.18,0.48
1926-08-27,161.36,0.1117
1926-08-28,161.88,0.3223
1926-08-30,161.83,-0.0309
1926-08-31,162.51,0.4202
1926-09-01,163.93,0.8738
1926-09-02,163.23,-0.427
1926-09-03,163.75,0.3186
1926-09-07,166.1,1.4351
1926-09-08,165.05,-0.6321
1926-09-09,164.94,-0.0666
1926-09-10,163.35,-0.964
1926-09-11,162.16,-0.7285
1926-09-13,158.97,-1.9672
1926-09-14,160.57,1.0065
1926-09-15,159.35,-0.7598
1926-09-16,158.71,-0.4016
1926-09-17,156.74,-1.2413
1926-09-18,157.86,0.7146
1926-09-20,156.26,-1.0136
1926-09-21,157.56,0.8319
1926-09-22,156.65,-0.5776
1926-09-23,156.96,0.1979
1926-09-24,158.65,1.0767
1926-09-25,159.27,0.3908
1926-09-27,158.42,-0.5337
1926-09-28,158.01,-0.2588
1926-09-29,157.71,-0.1899
1926-09-30,158.19,0.3044
1926-10-01,159.69,0.9482
1926-10-02,159.64,-0.0313
1926-10-04,156.78,-1.7915
1926-10-05,154.86,-1.2246
1926-10-06,153.99,-0.5618
1926-10-07,152.5,-0.9676
1926-10-08,153.39,0.5836
1926-10-09,151.18,-1.4408
1926-10-11,149.35,-1.2105
1926-10-13,150.78,0.9575
1926-10-14,152.1,0.8754
1926-10-15,147.95,-2.7285
1926-10-16,146.85,-0.7435
1926-10-18,148.2,0.9193
1926-10-19,145.66,-1.7139
1926-10-20,146.73,0.7346
1926-10-21,149.38,1.806
1926-10-22,148.51,-0.5824
1926-10-23,149.56,0.707
1926-10-25,148.78,-0.5215
1926-10-26,149.35,0.3831
1926-10-27,151.87,1.6873
1926-10-28,151.45,-0.2766
1926-10-29,150.76,-0.4556
1926-10-30,150.38,-0.2521
1926-11-01,150.51,0.0864
1926-11-03,151.23,0.4784
1926-11-04,152.76,1.0117
1926-11-05,152.88,0.0786
1926-11-06,153.03,0.0981
1926-11-08,154.78,1.1436
1926-11-09,154.82,0.0258
1926-11-10,153.41,-0.9107
1926-11-11,154.66,0.8148
1926-11-12,155,0.2198
1926-11-13,154.58,-0.271
1926-11-15,155,0.2717
1926-11-16,156.53,0.9871
1926-11-17,155.15,-0.8816
1926-11-18,154.51,-0.4125
1926-11-19,152.86,-1.0679
1926-11-20,153.95,0.7131
1926-11-22,155.01,0.6885
1926-11-23,155.83,0.529
1926-11-24,155.73,-0.0642
1926-11-26,157.37,1.0531
1926-11-27,156.43,-0.5973
1926-11-29,155.93,-0.3196
1926-11-30,156.55,0.3976
1926-12-01,157.31,0.4855
1926-12-02,158,0.4386
1926-12-03,158.5,0.3165
1926-12-04,159.05,0.347
1926-12-06,159.3,0.1572
1926-12-07,158.86,-0.2762
1926-12-08,158.35,-0.321
1926-12-09,158.94,0.3726
1926-12-10,159.61,0.4215
1926-12-11,159.89,0.1754
1926-12-13,160.01,0.0751
1926-12-14,160.65,0.4
1926-12-15,160.63,-0.0124
1926-12-16,159.32,-0.8155
1926-12-17,160.66,0.8411
1926-12-18,161.86,0.7469
1926-12-20,160.75,-0.6858
1926-12-21,160.46,-0.1804
1926-12-22,160.29,-0.1059
1926-12-23,160.22,-0.0437
1926-12-24,160.46,0.1498
1926-12-27,159.32,-0.7105
1926-12-28,157.19,-1.3369
1926-12-29,157.5,0.1972
1926-12-30,156.65,-0.5397
1926-12-31,157.2,0.3511
1927-01-03,155.16,-1.2977
1927-01-04,155.53,0.2385
1927-01-05,155.54,0.0064
1927-01-06,155.16,-0.2443
1927-01-07,155.53,0.2385
1927-01-08,155.85,0.2057
1927-01-10,156.56,0.4556
1927-01-11,155.68,-0.5621
1927-01-12,155.5,-0.1156
1927-01-13,155.45,-0.0322
1927-01-14,154.91,-0.3474
1927-01-15,154.99,0.0516
1927-01-17,153.91,-0.6968
1927-01-18,154.11,0.1299
1927-01-19,155.53,0.9214
1927-01-20,155.16,-0.2379
1927-01-21,155.51,0.2256
1927-01-22,155.17,-0.2186
1927-01-24,154.43,-0.4769
1927-01-25,152.73,-1.1008
1927-01-26,153.36,0.4125
1927-01-27,153.13,-0.15
1927-01-28,153.86,0.4767
1927-01-29,155.18,0.8579
1927-01-31,156.41,0.7926
1927-02-01,156.26,-0.0959
1927-02-02,154.8,-0.9343
1927-02-03,154.94,0.0904
1927-02-04,154.51,-0.2775
1927-02-05,154.33,-0.1165
1927-02-07,154.31,-0.013
1927-02-08,154.86,0.3564
1927-02-09,155.29,0.2777
1927-02-10,155.53,0.1545
1927-02-11,156.05,0.3343
1927-02-14,157.56,0.9676
1927-02-15,157.61,0.0317
1927-02-16,157.41,-0.1269
1927-02-17,157.97,0.3558
1927-02-18,158.56,0.3735
1927-02-19,158.71,0.0946
1927-02-21,158.8,0.0567
1927-02-23,160.43,1.0264
1927-02-24,160.11,-0.1995
1927-02-25,160.68,0.356
1927-02-26,160.83,0.0934
1927-02-28,161.96,0.7026
1927-03-01,161.42,-0.3334
1927-03-02,159.07,-1.4558
1927-03-03,160.89,1.1442
1927-03-04,159.68,-0.7521
1927-03-05,159.23,-0.2818
1927-03-07,158.62,-0.3831
1927-03-08,158.84,0.1387
1927-03-09,159.86,0.6422
1927-03-10,160.87,0.6318
1927-03-11,160.18,-0.4289
1927-03-12,160.73,0.3434
1927-03-14,161.43,0.4355
1927-03-15,160.03,-0.8672
1927-03-16,161.61,0.9873
1927-03-17,161.78,0.1052
1927-03-18,160.68,-0.6799
1927-03-19,160.56,-0.0747
1927-03-21,160.81,0.1557
1927-03-22,158.41,-1.4924
1927-03-23,158.85,0.2778
1927-03-24,160.3,0.9128
1927-03-25,160.21,-0.0561
1927-03-26,160.55,0.2122
1927-03-28,161.01,0.2865
1927-03-29,160.62,-0.2422
1927-03-30,159.66,-0.5977
1927-03-31,160.08,0.2631
1927-04-01,160.71,0.3936
1927-04-02,160.66,-0.0311
1927-04-04,161.7,0.6473
1927-04-05,162.68,0.6061
1927-04-06,162.69,0.0061
1927-04-07,162.5,-0.1168
1927-04-08,162.52,0.0123
1927-04-09,162.69,0.1046
1927-04-11,163.61,0.5655
1927-04-12,163.38,-0.1406
1927-04-13,164.17,0.4835
1927-04-14,164.78,0.3716
1927-04-16,165.59,0.4916
1927-04-18,165.48,-0.0664
1927-04-19,165.93,0.2719
1927-04-20,166.1,0.1025
1927-04-21,166.66,0.3371
1927-04-22,167.36,0.42
1927-04-23,166.8,-0.3346
1927-04-25,163.73,-1.8405
1927-04-26,165.12,0.849
1927-04-27,165.23,0.0666
1927-04-28,163.53,-1.0289
1927-04-29,164.64,0.6788
1927-04-30,164.21,-0.2612
1927-05-02,164.55,0.2071
1927-05-03,165.85,0.79
1927-05-04,168.05,1.3265
1927-05-05,167.75,-0.1785
1927-05-06,167.85,0.0596
1927-05-07,167.94,0.0536
1927-05-09,168.15,0.125
1927-05-10,168.25,0.0595
1927-05-11,167.58,-0.3982
1927-05-12,167.06,-0.3103
1927-05-13,168.15,0.6525
1927-05-14,168.46,0.1844
1927-05-16,166.68,-1.0566
1927-05-17,168.09,0.8459
1927-05-18,168.98,0.5295
1927-05-19,170.29,0.7752
1927-05-20,171.75,0.8574
1927-05-21,172.06,0.1805
1927-05-23,171.67,-0.2267
1927-05-24,171.06,-0.3553
1927-05-25,171.51,0.2631
1927-05-26,171.31,-0.1166
1927-05-27,172.15,0.4903
1927-05-28,172.56,0.2382
1927-05-31,172.96,0.2318
1927-06-01,171.98,-0.5666
1927-06-02,171.88,-0.0581
1927-06-03,169.65,-1.2974
1927-06-04,170.16,0.3006
1927-06-06,171.13,0.5701
1927-06-07,170.18,-0.5551
1927-06-08,170.22,0.0235
1927-06-09,170.85,0.3701
1927-06-10,170.21,-0.3746
1927-06-11,170.63,0.2468
1927-06-14,167.63,-1.7582
1927-06-15,168.78,0.686
1927-06-16,170.26,0.8769
1927-06-17,170.15,-0.0646
1927-06-18,169.85,-0.1763
1927-06-20,169.5,-0.2061
1927-06-21,169.87,0.2183
1927-06-22,169.5,-0.2178
1927-06-23,167.82,-0.9912
1927-06-24,168.04,0.1311
1927-06-25,168.04,0
1927-06-27,165.73,-1.3747
1927-06-28,166.4,0.4043
1927-06-29,166.53,0.0781
1927-06-30,166.23,-0.1801
1927-07-01,168.06,1.1009
1927-07-02,169.29,0.7319
1927-07-05,170.95,0.9806
1927-07-06,172.27,0.7722
1927-07-07,171.96,-0.18
1927-07-08,171.5,-0.2675
1927-07-09,171.98,0.2799
1927-07-11,172.65,0.3896
1927-07-12,173.11,0.2664
1927-07-13,173.19,0.0462
1927-07-14,174.38,0.6871
1927-07-15,174.87,0.281
1927-07-16,174.93,0.0343
1927-07-18,175.4,0.2687
1927-07-19,177.02,0.9236
1927-07-20,177.83,0.4576
1927-07-21,177.75,-0.045
1927-07-22,177.83,0.045
1927-07-23,178.11,0.1575
1927-07-25,179.28,0.6569
1927-07-26,179.72,0.2454
1927-07-27,180.09,0.2059
1927-07-28,180.73,0.3554
1927-07-29,181.4,0.3707
1927-07-30,182.61,0.667
1927-08-01,184.21,0.8762
1927-08-02,185.55,0.7274
1927-08-03,183.56,-1.0725
1927-08-04,184.64,0.5884
1927-08-05,182.87,-0.9586
1927-08-06,182.51,-0.1969
1927-08-08,180.27,-1.2273
1927-08-09,182.05,0.9874
1927-08-10,182.2,0.0824
1927-08-11,180,-1.2075
1927-08-12,177.13,-1.5944
1927-08-13,179.34,1.2477
1927-08-15,181.93,1.4442
1927-08-16,183.36,0.786
1927-08-17,184.3,0.5127
1927-08-18,184.15,-0.0814
1927-08-19,185.1,0.5159
1927-08-20,185.8,0.3782
1927-08-22,187.32,0.8181
1927-08-23,187.49,0.0908
1927-08-24,188.07,0.3093
1927-08-25,187.5,-0.3031
1927-08-26,188.81,0.6987
1927-08-27,189.3,0.2595
1927-08-29,190,0.3698
1927-08-30,190.63,0.3316
1927-08-31,189.79,-0.4406
1927-09-01,191.56,0.9326
1927-09-02,192.83,0.663
1927-09-03,191.26,-0.8142
1927-09-06,196.91,2.9541
1927-09-07,197.75,0.4266
1927-09-08,196.92,-0.4197
1927-09-09,194.6,-1.1781
1927-09-10,195.86,0.6475
1927-09-12,194,-0.9497
1927-09-13,196.81,1.4485
1927-09-14,198,0.6046
1927-09-15,198.97,0.4899
1927-09-16,198.85,-0.0603
1927-09-17,197.7,-0.5783
1927-09-19,196.38,-0.6677
1927-09-20,196.97,0.3004
1927-09-21,196.26,-0.3605
1927-09-22,194.65,-0.8203
1927-09-23,195.42,0.3956
1927-09-24,196.83,0.7215
1927-09-26,194.64,-1.1126
1927-09-27,195.38,0.3802
1927-09-28,194.11,-0.65
1927-09-29,194.8,0.3555
1927-09-30,197.59,1.4322
1927-10-01,198.36,0.3897
1927-10-03,199.78,0.7159
1927-10-04,198.88,-0.4505
1927-10-05,199.22,0.171
1927-10-06,199.22,0
1927-10-07,197.5,-0.8634
1927-10-08,190.29,-3.6506
1927-10-10,189.03,-0.6621
1927-10-11,189.29,0.1375
1927-10-13,190.45,0.6128
1927-10-14,190.02,-0.2258
1927-10-15,190.18,0.0842
1927-10-17,186.81,-1.772
1927-10-18,187.32,0.273
1927-10-19,184.48,-1.5161
1927-10-20,183,-0.8023
1927-10-21,181.43,-0.8579
1927-10-22,179.78,-0.9094
1927-10-24,181.43,0.9178
1927-10-25,185.31,2.1386
1927-10-26,184.78,-0.286
1927-10-27,183.96,-0.4438
1927-10-28,181.68,-1.2394
1927-10-29,180.32,-0.7486
1927-10-31,181.73,0.7819
1927-11-01,181.65,-0.044
1927-11-02,184.61,1.6295
1927-11-03,186.5,1.0238
1927-11-04,187.49,0.5308
1927-11-05,188.47,0.5227
1927-11-07,190.57,1.1142
1927-11-09,189.31,-0.6612
1927-11-10,190.7,0.7342
1927-11-11,193.34,1.3844
1927-11-12,194.11,0.3983
1927-11-14,195.91,0.9273
1927-11-15,195.37,-0.2756
1927-11-16,194.53,-0.43
1927-11-17,195.47,0.4832
1927-11-18,196.68,0.619
1927-11-19,196.83,0.0763
1927-11-21,194.9,-0.9805
1927-11-22,196.2,0.667
1927-11-23,197.1,0.4587
1927-11-25,196.88,-0.1116
1927-11-26,196.97,0.0457
1927-11-28,194.8,-1.1017
1927-11-29,196.95,1.1037
1927-11-30,198.21,0.6398
1927-12-01,196.58,-0.8224
1927-12-02,196.75,0.0865
1927-12-03,197.34,0.2999
1927-12-05,196.96,-0.1926
1927-12-06,196.44,-0.264
1927-12-07,195.43,-0.5142
1927-12-08,193.58,-0.9466
1927-12-09,196.19,1.3483
1927-12-10,196.38,0.0968
1927-12-12,197.35,0.4939
1927-12-13,198.05,0.3547
1927-12-14,196.74,-0.6614
1927-12-15,197.09,0.1779
1927-12-16,198.93,0.9336
1927-12-17,199.95,0.5127
1927-12-19,200.93,0.4901
1927-12-20,200.93,0
1927-12-21,200.63,-0.1493
1927-12-22,200.62,-0.005
1927-12-23,200.81,0.0947
1927-12-24,200.3,-0.254
1927-12-27,200.32,0.01
1927-12-28,198.6,-0.8586
1927-12-29,199.96,0.6848
1927-12-30,200.7,0.3701
1927-12-31,202.4,0.847
1928-01-03,203.35,0.4694
1928-01-04,202.24,-0.5459
1928-01-05,199.61,-1.3004
1928-01-06,201.45,0.9218
1928-01-07,201.97,0.2581
1928-01-09,199.63,-1.1586
1928-01-10,197.52,-1.057
1928-01-11,197.43,-0.0456
1928-01-12,198.35,0.466
1928-01-13,199.51,0.5848
1928-01-14,197.96,-0.7769
1928-01-16,195.41,-1.2881
1928-01-17,195.35,-0.0307
1928-01-18,194.5,-0.4351
1928-01-19,196.24,0.8946
1928-01-20,198.06,0.9274
1928-01-21,198.46,0.202
1928-01-23,199.72,0.6349
1928-01-24,201.01,0.6459
1928-01-25,198.58,-1.2089
1928-01-26,199.6,0.5136
1928-01-27,200.31,0.3557
1928-01-28,198.87,-0.7189
1928-01-30,197.57,-0.6537
1928-01-31,198.59,0.5163
1928-02-01,197.98,-0.3072
1928-02-02,199.2,0.6162
1928-02-03,196.3,-1.4558
1928-02-04,196.53,0.1172
1928-02-06,196.63,0.0509
1928-02-07,196.85,0.1119
1928-02-08,197.86,0.5131
1928-02-09,199.35,0.7531
1928-02-10,199.02,-0.1655
1928-02-11,199.16,0.0703
1928-02-14,197.93,-0.6176
1928-02-15,197.59,-0.1718
1928-02-16,196.3,-0.6529
1928-02-17,192.48,-1.946
1928-02-18,191.8,-0.3533
1928-02-20,191.33,-0.245
1928-02-21,192.81,0.7735
1928-02-23,193.09,0.1452
1928-02-24,193.15,0.0311
1928-02-25,193.08,-0.0362
1928-02-27,192.12,-0.4972
1928-02-28,193.94,0.9473
1928-02-29,194.78,0.4331
1928-03-01,194.81,0.0154
1928-03-02,194.53,-0.1437
1928-03-03,195.43,0.4627
1928-03-05,197.8,1.2127
1928-03-06,199.51,0.8645
1928-03-07,197.48,-1.0175
1928-03-08,198.26,0.395
1928-03-09,201.32,1.5434
1928-03-10,200.24,-0.5365
1928-03-12,203.33,1.5431
1928-03-13,202.31,-0.5016
1928-03-14,201.04,-0.6277
1928-03-15,202.91,0.9302
1928-03-16,204.7,0.8822
1928-03-17,204.03,-0.3273
1928-03-19,203.66,-0.1813
1928-03-20,205.23,0.7709
1928-03-21,206.78,0.7553
1928-03-22,206.67,-0.0532
1928-03-23,208.56,0.9145
1928-03-24,209.1,0.2589
1928-03-26,210.36,0.6026
1928-03-27,210.38,0.0095
1928-03-28,210.03,-0.1664
1928-03-29,210.76,0.3476
1928-03-30,214.45,1.7508
1928-03-31,213.35,-0.5129
1928-04-02,209.33,-1.8842
1928-04-03,209.95,0.2962
1928-04-04,209.82,-0.0619
1928-04-05,212.12,1.0962
1928-04-09,211.53,-0.2781
1928-04-10,209.23,-1.0873
1928-04-11,212.46,1.5438
1928-04-12,212.13,-0.1553
1928-04-13,216.93,2.2628
1928-04-14,215.15,-0.8205
1928-04-16,215.79,0.2975
1928-04-17,213.02,-1.2837
1928-04-18,213.36,0.1596
1928-04-19,214.07,0.3328
1928-04-20,210.9,-1.4808
1928-04-23,207.94,-1.4035
1928-04-24,208.85,0.4376
1928-04-25,208.96,0.0527
1928-04-26,210.18,0.5838
1928-04-27,212.25,0.9849
1928-04-28,212.55,0.1413
1928-04-30,211.63,-0.4328
1928-05-01,213.48,0.8742
1928-05-02,213.88,0.1874
1928-05-03,214.62,0.346
1928-05-04,217.66,1.4165
1928-05-07,219.51,0.8499
1928-05-08,220.09,0.2642
1928-05-09,218.71,-0.627
1928-05-10,218.43,-0.128
1928-05-11,220.74,1.0575
1928-05-14,220.88,0.0634
1928-05-15,219.52,-0.6157
1928-05-16,216.65,-1.3074
1928-05-17,218.76,0.9739
1928-05-18,217.64,-0.512
1928-05-21,214.33,-1.5209
1928-05-22,211.73,-1.2131
1928-05-23,215.45,1.757
1928-05-24,217.53,0.9654
1928-05-25,217.74,0.0965
1928-05-28,214.05,-1.6947
1928-05-29,217.28,1.509
1928-05-31,219.81,1.1644
1928-06-01,220.27,0.2093
1928-06-02,220.96,0.3133
1928-06-04,216.62,-1.9642
1928-06-05,217.8,0.5447
1928-06-06,215.51,-1.0514
1928-06-07,215.08,-0.1995
1928-06-08,211.51,-1.6598
1928-06-09,209.01,-1.182
1928-06-11,205.74,-1.5645
1928-06-12,202.65,-1.5019
1928-06-13,209.01,3.1384
1928-06-14,210.76,0.8373
1928-06-15,205.96,-2.2775
1928-06-16,205.75,-0.102
1928-06-18,201.96,-1.842
1928-06-19,202.01,0.0248
1928-06-20,204.49,1.2277
1928-06-21,204.15,-0.1663
1928-06-22,204.25,0.049
1928-06-23,203.3,-0.4651
1928-06-25,203.95,0.3197
1928-06-26,206.08,1.0444
1928-06-27,208.42,1.1355
1928-06-28,209.63,0.5806
1928-06-29,210.37,0.353
1928-06-30,210.55,0.0856
1928-07-02,208.21,-1.1114
1928-07-03,211.9,1.7722
1928-07-05,214.43,1.194
1928-07-06,212.49,-0.9047
1928-07-07,213.55,0.4988
1928-07-09,213.86,0.1452
1928-07-10,212.71,-0.5377
1928-07-11,206.43,-2.9524
1928-07-12,206.71,0.1356
1928-07-13,207.83,0.5418
1928-07-14,207.77,-0.0289
1928-07-16,205.1,-1.2851
1928-07-17,206.42,0.6436
1928-07-18,209.3,1.3952
1928-07-19,208.73,-0.2723
1928-07-20,209.95,0.5845
1928-07-21,208.79,-0.5525
1928-07-23,210.84,0.9818
1928-07-24,212,0.5502
1928-07-25,213.04,0.4906
1928-07-26,212.65,-0.1831
1928-07-27,215.66,1.4155
1928-07-28,215.89,0.1066
1928-07-30,216.62,0.3381
1928-07-31,216,-0.2862
1928-08-01,216.78,0.3611
1928-08-02,214.9,-0.8672
1928-08-03,216.15,0.5817
1928-08-04,216.67,0.2406
1928-08-06,218.04,0.6323
1928-08-07,218.06,0.0092
1928-08-08,215.19,-1.3162
1928-08-09,215.1,-0.0418
1928-08-10,214.91,-0.0883
1928-08-11,215.29,0.1768
1928-08-13,215.53,0.1115
1928-08-14,214.08,-0.6728
1928-08-15,219.4,2.4851
1928-08-16,221.34,0.8842
1928-08-17,222.41,0.4834
1928-08-18,223.61,0.5395
1928-08-20,225.77,0.966
1928-08-21,228.79,1.3376
1928-08-22,229.71,0.4021
1928-08-23,229.24,-0.2046
1928-08-24,233.68,1.9368
1928-08-25,234.98,0.5563
1928-08-27,234.83,-0.0638
1928-08-28,236.55,0.7324
1928-08-29,238.28,0.7313
1928-08-30,238.85,0.2392
1928-08-31,240.41,0.6531
1928-09-01,240.38,-0.0125
1928-09-04,240.25,-0.0541
1928-09-05,240.02,-0.0957
1928-09-06,239.06,-0.4
1928-09-07,241.72,1.1127
1928-09-08,241.11,-0.2524
1928-09-10,238.82,-0.9498
1928-09-11,241.05,0.9338
1928-09-12,241.48,0.1784
1928-09-13,240.2,-0.5301
1928-09-14,239.62,-0.2415
1928-09-15,240.02,0.1669
1928-09-17,241.25,0.5125
1928-09-18,240.11,-0.4725
1928-09-19,239.61,-0.2082
1928-09-20,239.08,-0.2212
1928-09-21,239.37,0.1213
1928-09-22,238.84,-0.2214
1928-09-24,240.13,0.5401
1928-09-25,240.41,0.1166
1928-09-26,239.4,-0.4201
1928-09-27,236.86,-1.061
1928-09-28,237.38,0.2195
1928-09-29,239.43,0.8636
1928-10-01,240.01,0.2422
1928-10-02,238.14,-0.7791
1928-10-03,237.75,-0.1638
1928-10-04,240,0.9464
1928-10-05,240.44,0.1833
1928-10-06,240.17,-0.1123
1928-10-08,239.55,-0.2582
1928-10-09,241.73,0.91
1928-10-10,246.53,1.9857
1928-10-11,247.69,0.4705
1928-10-13,249.13,0.5814
1928-10-15,249.85,0.289
1928-10-16,249.43,-0.1681
1928-10-17,250.87,0.5773
1928-10-18,251.88,0.4026
1928-10-19,256.59,1.8699
1928-10-20,253.75,-1.1068
1928-10-22,253.6,-0.0591
1928-10-23,256.04,0.9621
1928-10-24,257.03,0.3867
1928-10-25,256.48,-0.214
1928-10-26,251.44,-1.9651
1928-10-27,255.51,1.6187
1928-10-29,257.13,0.634
1928-10-30,253.7,-1.334
1928-10-31,252.16,-0.607
1928-11-01,255.23,1.2175
1928-11-02,254.38,-0.333
1928-11-03,254.16,-0.0865
1928-11-05,257.58,1.3456
1928-11-07,260.68,1.2035
1928-11-08,261.11,0.165
1928-11-09,263.05,0.743
1928-11-10,265.58,0.9618
1928-11-12,269.67,1.54
1928-11-13,269.89,0.0816
1928-11-14,268.6,-0.478
1928-11-15,269.42,0.3053
1928-11-16,276.66,2.6873
1928-11-17,277.48,0.2964
1928-11-19,278.78,0.4685
1928-11-20,283.9,1.8366
1928-11-21,280.53,-1.187
1928-11-22,290.34,3.497
1928-11-23,288.22,-0.7302
1928-11-26,291.16,1.0201
1928-11-27,292.39,0.4224
1928-11-28,295.62,1.1047
1928-11-30,293.38,-0.7577
1928-12-01,290.8,-0.8794
1928-12-03,289.23,-0.5399
1928-12-04,291.3,0.7157
1928-12-05,290.68,-0.2128
1928-12-06,279.79,-3.7464
1928-12-07,271.05,-3.1238
1928-12-08,257.33,-5.0618
1928-12-10,263.95,2.5726
1928-12-11,269.34,2.0421
1928-12-12,266.82,-0.9356
1928-12-13,266.88,0.0225
1928-12-14,272.26,2.0159
1928-12-15,270.72,-0.5656
1928-12-17,270.23,-0.181
1928-12-18,275.42,1.9206
1928-12-19,280.5,1.8445
1928-12-20,282.01,0.5383
1928-12-21,286.53,1.6028
1928-12-22,285.94,-0.2059
1928-12-24,287.89,0.682
1928-12-26,286.13,-0.6113
1928-12-27,290.95,1.6845
1928-12-28,296.52,1.9144
1928-12-29,297.28,0.2563
1928-12-31,300,0.915
1929-01-02,307.01,2.3367
1929-01-03,305.72,-0.4202
1929-01-04,304.75,-0.3173
1929-01-05,302.43,-0.7613
1929-01-07,297.7,-1.564
1929-01-08,296.98,-0.2419
1929-01-09,300.83,1.2964
1929-01-10,301.58,0.2493
1929-01-11,301.66,0.0265
1929-01-12,301.25,-0.1359
1929-01-14,304.06,0.9328
1929-01-15,297.66,-2.1048
1929-01-16,302.66,1.6798
1929-01-17,303.95,0.4262
1929-01-18,304.14,0.0625
1929-01-19,305.96,0.5984
1929-01-21,304.64,-0.4314
1929-01-22,307.06,0.7944
1929-01-23,310.33,1.0649
1929-01-24,309.39,-0.3029
1929-01-25,315.13,1.8553
1929-01-26,314.56,-0.1809
1929-01-28,314.04,-0.1653
1929-01-29,312.6,-0.4585
1929-01-30,312.6,0
1929-01-31,317.51,1.5707
1929-02-01,319.68,0.6834
1929-02-02,319.76,0.025
1929-02-04,319.05,-0.222
1929-02-05,322.06,0.9434
1929-02-06,317.18,-1.5152
1929-02-07,305.75,-3.6036
1929-02-08,301.53,-1.3802
1929-02-11,310.35,2.9251
1929-02-13,308.07,-0.7347
1929-02-14,306.49,-0.5129
1929-02-15,300.41,-1.9838
1929-02-16,295.85,-1.5179
1929-02-18,300.74,1.6529
1929-02-19,301.1,0.1197
1929-02-20,305.99,1.624
1929-02-21,310.06,1.3301
1929-02-25,311.24,0.3806
1929-02-26,311.25,0.0032
1929-02-27,314.53,1.0538
1929-02-28,317.41,0.9157
1929-03-01,321.18,1.1877
1929-03-02,319.12,-0.6414
1929-03-04,313.86,-1.6483
1929-03-05,310.2,-1.1661
1929-03-06,305.2,-1.6119
1929-03-07,308.99,1.2418
1929-03-08,311.59,0.8415
1929-03-09,311.61,0.0064
1929-03-11,305.75,-1.8806
1929-03-12,306.14,0.1276
1929-03-13,310.29,1.3556
1929-03-14,316.26,1.924
1929-03-15,319.7,1.0877
1929-03-16,320,0.0938
1929-03-18,317.59,-0.7531
1929-03-19,317.53,-0.0189
1929-03-20,316.44,-0.3433
1929-03-21,314.63,-0.572
1929-03-22,310.26,-1.3889
1929-03-23,306.21,-1.3054
1929-03-25,297.5,-2.8445
1929-03-26,296.51,-0.3328
1929-03-27,303.22,2.263
1929-03-28,308.85,1.8567
1929-04-01,300.4,-2.736
1929-04-02,303.49,1.0286
1929-04-03,300.35,-1.0346
1929-04-04,305.37,1.6714
1929-04-05,303.04,-0.763
1929-04-06,302.81,-0.0759
1929-04-08,301.49,-0.4359
1929-04-09,299.13,-0.7828
1929-04-10,300.67,0.5148
1929-04-11,304.09,1.1375
1929-04-12,305.43,0.4407
1929-04-13,304.41,-0.334
1929-04-15,302.43,-0.6504
1929-04-16,304.19,0.582
1929-04-17,309.91,1.8804
1929-04-18,311.87,0.6324
1929-04-19,310.58,-0.4136
1929-04-20,311.07,0.1578
1929-04-22,315.33,1.3695
1929-04-23,316.62,0.4091
1929-04-24,315.66,-0.3032
1929-04-25,314.28,-0.4372
1929-04-26,314.15,-0.0414
1929-04-27,315.68,0.487
1929-04-29,313.84,-0.5829
1929-04-30,319.29,1.7366
1929-05-01,320.13,0.2631
1929-05-02,321.52,0.4342
1929-05-03,325.56,1.2565
1929-05-04,327.08,0.4669
1929-05-06,326.16,-0.2813
1929-05-07,321.91,-1.303
1929-05-08,323.51,0.497
1929-05-09,321.17,-0.7233
1929-05-10,325.7,1.4105
1929-05-11,324.59,-0.3408
1929-05-13,316.49,-2.4955
1929-05-14,320.79,1.3587
1929-05-15,319.35,-0.4489
1929-05-16,320.09,0.2317
1929-05-17,321.38,0.403
1929-05-18,321.48,0.0311
1929-05-20,312.7,-2.7311
1929-05-21,314.09,0.4445
1929-05-22,300.83,-4.2217
1929-05-23,308.09,2.4133
1929-05-24,305.64,-0.7952
1929-05-25,304.33,-0.4286
1929-05-27,293.42,-3.5849
1929-05-28,298.87,1.8574
1929-05-29,296.76,-0.706
1929-05-31,297.41,0.219
1929-06-01,299.12,0.575
1929-06-03,304.2,1.6983
1929-06-04,310.57,2.094
1929-06-05,307.68,-0.9305
1929-06-06,307.72,0.013
1929-06-07,307.46,-0.0845
1929-06-08,305.12,-0.7611
1929-06-10,303.27,-0.6063
1929-06-11,306.64,1.1112
1929-06-12,306.68,0.013
1929-06-13,313.05,2.0771
1929-06-14,313.68,0.2012
1929-06-15,314.26,0.1849
1929-06-17,319.33,1.6133
1929-06-18,319.67,0.1065
1929-06-19,316.41,-1.0198
1929-06-20,317.73,0.4172
1929-06-21,320.68,0.9285
1929-06-22,322.23,0.4833
1929-06-24,321.15,-0.3352
1929-06-25,326.16,1.56
1929-06-26,328.6,0.7481
1929-06-27,328.91,0.0943
1929-06-28,331.65,0.8331
1929-06-29,333.79,0.6453
1929-07-01,335.22,0.4284
1929-07-02,340.28,1.5095
1929-07-03,341.99,0.5025
1929-07-05,344.27,0.6667
1929-07-06,344.66,0.1133
1929-07-08,346.55,0.5484
1929-07-09,345.57,-0.2828
1929-07-10,343.3,-0.6569
1929-07-11,343.04,-0.0757
1929-07-12,346.37,0.9707
1929-07-13,345.94,-0.1241
1929-07-15,341.93,-1.1592
1929-07-16,344.24,0.6756
1929-07-17,345.63,0.4038
1929-07-18,344.59,-0.3009
1929-07-19,345.2,0.177
1929-07-20,345.87,0.1941
1929-07-22,341.37,-1.3011
1929-07-23,345.48,1.204
1929-07-24,343.04,-0.7063
1929-07-25,344.67,0.4752
1929-07-26,345.47,0.2321
1929-07-27,343.73,-0.5037
1929-07-29,339.21,-1.315
1929-07-30,343.12,1.1527
1929-07-31,347.7,1.3348
1929-08-01,350.56,0.8225
1929-08-02,353.08,0.7188
1929-08-03,355.62,0.7194
1929-08-05,352.5,-0.8773
1929-08-06,351.39,-0.3149
1929-08-07,348.44,-0.8395
1929-08-08,352.1,1.0504
1929-08-09,337.99,-4.0074
1929-08-10,344.84,2.0267
1929-08-12,351.13,1.824
1929-08-13,354.03,0.8259
1929-08-14,354.86,0.2344
1929-08-15,354.42,-0.124
1929-08-16,361.49,1.9948
1929-08-17,360.7,-0.2185
1929-08-19,365.2,1.2476
1929-08-20,367.67,0.6763
1929-08-21,365.55,-0.5766
1929-08-22,369.95,1.2037
1929-08-23,374.61,1.2596
1929-08-24,375.44,0.2216
1929-08-26,374.46,-0.261
1929-08-27,373.79,-0.1789
1929-08-28,372.06,-0.4628
1929-08-29,376.18,1.1073
1929-08-30,380.33,1.1032
1929-09-03,381.17,0.2209
1929-09-04,379.61,-0.4093
1929-09-05,369.77,-2.5921
1929-09-06,376.29,1.7633
1929-09-07,377.56,0.3375
1929-09-09,374.93,-0.6966
1929-09-10,367.29,-2.0377
1929-09-11,370.91,0.9856
1929-09-12,366.35,-1.2294
1929-09-13,366.85,0.1365
1929-09-14,367.01,0.0436
1929-09-16,372.39,1.4659
1929-09-17,368.52,-1.0392
1929-09-18,370.9,0.6458
1929-09-19,369.97,-0.2507
1929-09-20,362.05,-2.1407
1929-09-21,361.16,-0.2458
1929-09-23,359,-0.5981
1929-09-24,352.61,-1.7799
1929-09-25,352.57,-0.0113
1929-09-26,355.95,0.9587
1929-09-27,344.87,-3.1128
1929-09-28,347.17,0.6669
1929-09-30,343.45,-1.0715
1929-10-01,342.57,-0.2562
1929-10-02,344.5,0.5634
1929-10-03,329.95,-4.2235
1929-10-04,325.17,-1.4487
1929-10-05,341.36,4.9789
1929-10-07,345.72,1.2772
1929-10-08,345,-0.2083
1929-10-09,346.66,0.4812
1929-10-10,352.86,1.7885
1929-10-11,352.69,-0.0482
1929-10-14,350.97,-0.4877
1929-10-15,347.24,-1.0628
1929-10-16,336.13,-3.1995
1929-10-17,341.86,1.7047
1929-10-18,333.29,-2.5069
1929-10-19,323.87,-2.8264
1929-10-21,320.91,-0.9139
1929-10-22,326.51,1.745
1929-10-23,305.85,-6.3275
1929-10-24,299.47,-2.086
1929-10-25,301.22,0.5844
1929-10-26,298.97,-0.747
1929-10-28,260.64,-12.8207
1929-10-29,230.07,-11.7288
1929-10-30,258.47,12.3441
1929-10-31,273.51,5.8189
1929-11-04,257.68,-5.7877
1929-11-06,232.13,-9.9154
1929-11-07,238.19,2.6106
1929-11-08,236.53,-0.6969
1929-11-11,220.39,-6.8237
1929-11-12,209.74,-4.8323
1929-11-13,198.69,-5.2684
1929-11-14,217.28,9.3563
1929-11-15,228.73,5.2697
1929-11-18,227.56,-0.5115
1929-11-19,234.02,2.8388
1929-11-20,241.23,3.0809
1929-11-21,248.49,3.0096
1929-11-22,245.74,-1.1067
1929-11-25,243.44,-0.9359
1929-11-26,235.35,-3.3232
1929-11-27,238.95,1.5296
1929-12-02,241.7,1.1509
1929-12-03,249.61,3.2727
1929-12-04,254.64,2.0151
1929-12-05,251.51,-1.2292
1929-12-06,260.12,3.4233
1929-12-07,263.46,1.284
1929-12-09,259.18,-1.6245
1929-12-10,262.2,1.1652
1929-12-11,258.44,-1.434
1929-12-12,243.14,-5.9201
1929-12-13,249.6,2.6569
1929-12-14,253.02,1.3702
1929-12-16,245.88,-2.8219
1929-12-17,249.58,1.5048
1929-12-18,246.84,-1.0978
1929-12-19,240.42,-2.6009
1929-12-20,230.89,-3.9639
1929-12-21,235.42,1.962
1929-12-23,232.65,-1.1766
1929-12-24,234.07,0.6104
1929-12-26,240.96,2.9436
1929-12-27,240.66,-0.1245
1929-12-28,238.43,-0.9266
1929-12-30,241.06,1.103
1929-12-31,248.48,3.0781
1930-01-02,244.2,-1.7225
1930-01-03,247.19,1.2244
1930-01-04,248.85,0.6715
1930-01-06,248.1,-0.3014
1930-01-07,246.5,-0.6449
1930-01-08,245.7,-0.3245
1930-01-09,249.68,1.6199
1930-01-10,250.03,0.1402
1930-01-11,248.71,-0.5279
1930-01-13,249.62,0.3659
1930-01-14,250.44,0.3285
1930-01-15,251.54,0.4392
1930-01-16,248.99,-1.0138
1930-01-17,246.33,-1.0683
1930-01-18,246.84,0.207
1930-01-20,247.31,0.1904
1930-01-21,249.58,0.9179
1930-01-22,250.19,0.2444
1930-01-23,253.52,1.331
1930-01-24,256.31,1.1005
1930-01-25,259.06,1.0729
1930-01-27,260.93,0.7218
1930-01-28,257.9,-1.1612
1930-01-29,262.18,1.6596
1930-01-30,263.28,0.4196
1930-01-31,267.14,1.4661
1930-02-01,268.41,0.4754
1930-02-03,266.54,-0.6967
1930-02-04,268.48,0.7278
1930-02-05,272.06,1.3334
1930-02-06,268.56,-1.2865
1930-02-07,267.82,-0.2755
1930-02-08,269.78,0.7318
1930-02-10,268.56,-0.4522
1930-02-11,271.05,0.9272
1930-02-13,272.27,0.4501
1930-02-14,271.52,-0.2755
1930-02-15,269.25,-0.836
1930-02-17,270.54,0.4791
1930-02-18,270.73,0.0702
1930-02-19,268.46,-0.8385
1930-02-20,263.41,-1.8811
1930-02-21,265.81,0.9111
1930-02-24,262.47,-1.2565
1930-02-25,262.8,0.1257
1930-02-26,269.06,2.382
1930-02-27,269.39,0.1226
1930-02-28,271.11,0.6385
1930-03-01,273.24,0.7857
1930-03-03,271.11,-0.7795
1930-03-04,273.51,0.8852
1930-03-05,270.59,-1.0676
1930-03-06,274.51,1.4487
1930-03-07,275.57,0.3861
1930-03-08,275.46,-0.0399
1930-03-10,276.85,0.5046
1930-03-11,276.25,-0.2167
1930-03-12,272.13,-1.4914
1930-03-13,273.47,0.4924
1930-03-14,271.34,-0.7789
1930-03-15,270.25,-0.4017
1930-03-17,274.26,1.4838
1930-03-18,277.27,1.0975
1930-03-19,277.88,0.22
1930-03-20,279.41,0.5506
1930-03-21,280.55,0.408
1930-03-22,276.43,-1.4685
1930-03-24,279.11,0.9695
1930-03-25,280.5,0.498
1930-03-26,283.22,0.9697
1930-03-27,281.63,-0.5614
1930-03-28,283.85,0.7883
1930-03-29,286.19,0.8244
1930-03-31,286.1,-0.0314
1930-04-01,287.11,0.353
1930-04-02,285.27,-0.6409
1930-04-03,285.77,0.1753
1930-04-04,288.35,0.9028
1930-04-05,289.96,0.5583
1930-04-07,290.19,0.0793
1930-04-08,288.36,-0.6306
1930-04-09,291.15,0.9675
1930-04-10,292.19,0.3572
1930-04-11,292.65,0.1574
1930-04-12,293.43,0.2665
1930-04-14,293.18,-0.0852
1930-04-15,293.26,0.0273
1930-04-16,292.2,-0.3615
1930-04-17,294.07,0.64
1930-04-21,288.23,-1.9859
1930-04-22,290.01,0.6176
1930-04-23,288.78,-0.4241
1930-04-24,286.18,-0.9003
1930-04-25,285.76,-0.1468
1930-04-26,285.46,-0.105
1930-04-28,276.94,-2.9847
1930-04-29,278.43,0.538
1930-04-30,279.23,0.2873
1930-05-01,274.59,-1.6617
1930-05-02,266.56,-2.9244
1930-05-03,258.31,-3.095
1930-05-05,259.68,0.5304
1930-05-06,268.81,3.5159
1930-05-07,263.69,-1.9047
1930-05-08,263.93,0.091
1930-05-09,267.29,1.2731
1930-05-10,272.01,1.7659
1930-05-12,270.16,-0.6801
1930-05-13,274.17,1.4843
1930-05-14,274.4,0.0839
1930-05-15,269.91,-1.6363
1930-05-16,271.52,0.5965
1930-05-17,272.41,0.3278
1930-05-19,265.87,-2.4008
1930-05-20,267.1,0.4626
1930-05-21,265.52,-0.5915
1930-05-22,266.89,0.516
1930-05-23,270.01,1.169
1930-05-24,271.33,0.4889
1930-05-26,272.14,0.2985
1930-05-27,272.43,0.1066
1930-05-28,273.84,0.5176
1930-05-29,275.07,0.4492
1930-06-02,274.45,-0.2254
1930-06-03,271.18,-1.1915
1930-06-04,272.44,0.4646
1930-06-05,268.59,-1.4132
1930-06-06,263.93,-1.735
1930-06-07,257.82,-2.315
1930-06-09,250.78,-2.7306
1930-06-10,257.29,2.5959
1930-06-11,249.08,-3.191
1930-06-12,247.18,-0.7628
1930-06-13,249.69,1.0155
1930-06-14,244.25,-2.1787
1930-06-16,230.05,-5.8137
1930-06-17,228.57,-0.6433
1930-06-18,218.84,-4.2569
1930-06-19,228.97,4.629
1930-06-20,221.92,-3.079
1930-06-21,215.3,-2.9831
1930-06-23,219.58,1.9879
1930-06-24,211.84,-3.5249
1930-06-25,215.58,1.7655
1930-06-26,220.58,2.3193
1930-06-27,218.78,-0.816
1930-06-28,219.12,0.1554
1930-06-30,226.34,3.295
1930-07-01,223.03,-1.4624
1930-07-02,225.25,0.9954
1930-07-03,222.46,-1.2386
1930-07-07,218.33,-1.8565
1930-07-08,219.08,0.3435
1930-07-09,222.04,1.3511
1930-07-10,227.39,2.4095
1930-07-11,224.86,-1.1126
1930-07-12,229.23,1.9434
1930-07-14,234.21,2.1725
1930-07-15,233.79,-0.1793
1930-07-16,235.63,0.787
1930-07-17,239.07,1.4599
1930-07-18,240.57,0.6274
1930-07-19,236.65,-1.6295
1930-07-21,229.29,-3.1101
1930-07-22,234.3,2.185
1930-07-23,239.33,2.1468
1930-07-24,235.51,-1.5961
1930-07-25,237.48,0.8365
1930-07-26,240.31,1.1917
1930-07-28,240.81,0.2081
1930-07-29,238.4,-1.0008
1930-07-30,231.08,-3.0705
1930-07-31,233.99,1.2593
1930-08-01,233.57,-0.1795
1930-08-02,234.5,0.3982
1930-08-04,238.16,1.5608
1930-08-05,238.47,0.1302
1930-08-06,234.38,-1.7151
1930-08-07,232.69,-0.7211
1930-08-08,222.82,-4.2417
1930-08-09,222.59,-0.1032
1930-08-11,224.13,0.6919
1930-08-12,217.24,-3.0741
1930-08-13,220.35,1.4316
1930-08-14,221.08,0.3313
1930-08-15,228.55,3.3789
1930-08-16,228.02,-0.2319
1930-08-18,227.79,-0.1009
1930-08-19,230.68,1.2687
1930-08-20,232.98,0.9971
1930-08-21,231.27,-0.734
1930-08-22,232.63,0.5881
1930-08-23,234.42,0.7695
1930-08-25,231.52,-1.2371
1930-08-26,235.47,1.7061
1930-08-27,237.93,1.0447
1930-08-28,237.79,-0.0588
1930-08-29,240.42,1.106
1930-09-02,240.42,0
1930-09-03,237.54,-1.1979
1930-09-04,236.04,-0.6315
1930-09-05,240.37,1.8344
1930-09-06,243.64,1.3604
1930-09-08,242.84,-0.3284
1930-09-09,244.29,0.5971
1930-09-10,245.09,0.3275
1930-09-11,242.88,-0.9017
1930-09-12,241.17,-0.7041
1930-09-13,240.34,-0.3442
1930-09-15,236.62,-1.5478
1930-09-16,237.22,0.2536
1930-09-17,237.74,0.2192
1930-09-18,234.18,-1.4974
1930-09-19,229.02,-2.2034
1930-09-20,229.85,0.3624
1930-09-22,222.78,-3.0759
1930-09-23,226.75,1.782
1930-09-24,222.1,-2.0507
1930-09-25,217.75,-1.9586
1930-09-26,213.27,-2.0574
1930-09-27,212.52,-0.3517
1930-09-29,208.14,-2.061
1930-09-30,204.9,-1.5566
1930-10-01,214.14,4.5095
1930-10-02,211.04,-1.4477
1930-10-03,214.18,1.4879
1930-10-04,211.1,-1.438
1930-10-06,202.76,-3.9507
1930-10-07,203.62,0.4241
1930-10-08,200.56,-1.5028
1930-10-09,192,-4.268
1930-10-10,198.5,3.3854
1930-10-11,193.05,-2.7456
1930-10-14,196.7,1.8907
1930-10-15,200.26,1.8099
1930-10-16,196.62,-1.8176
1930-10-17,187.37,-4.7045
1930-10-18,185.29,-1.1101
1930-10-20,193.32,4.3337
1930-10-21,186.4,-3.5796
1930-10-22,184.98,-0.7618
1930-10-23,188.1,1.6867
1930-10-24,195.09,3.7161
1930-10-25,193.34,-0.897
1930-10-27,195.09,0.9051
1930-10-28,194.95,-0.0718
1930-10-29,190.73,-2.1647
1930-10-30,188.07,-1.3946
1930-10-31,183.35,-2.5097
1930-11-01,184.89,0.8399
1930-11-03,185.39,0.2704
1930-11-05,179.81,-3.0099
1930-11-06,180.72,0.5061
1930-11-07,174.38,-3.5082
1930-11-08,173.14,-0.7111
1930-11-10,171.6,-0.8895
1930-11-11,173.3,0.9907
1930-11-12,177.33,2.3254
1930-11-13,180.38,1.72
1930-11-14,184.03,2.0235
1930-11-15,186.68,1.44
1930-11-17,180.5,-3.3105
1930-11-18,183.42,1.6177
1930-11-19,187.57,2.2626
1930-11-20,187.09,-0.2559
1930-11-21,190.3,1.7158
1930-11-22,188.04,-1.1876
1930-11-24,188.27,0.1223
1930-11-25,185.47,-1.4872
1930-11-26,183.11,-1.2724
1930-11-28,180.91,-1.2015
1930-11-29,183.39,1.3708
1930-12-01,185.48,1.1396
1930-12-02,186.82,0.7224
1930-12-03,184.11,-1.4506
1930-12-04,180.99,-1.6946
1930-12-05,181.11,0.0663
1930-12-06,178.37,-1.5129
1930-12-08,176.09,-1.2782
1930-12-09,176.5,0.2328
1930-12-10,173.98,-1.4278
1930-12-11,170.31,-2.1094
1930-12-12,168.68,-0.9571
1930-12-13,163.34,-3.1658
1930-12-15,163.34,0
1930-12-16,157.51,-3.5692
1930-12-17,165.6,5.1362
1930-12-18,166.71,0.6703
1930-12-19,168.99,1.3676
1930-12-20,169.42,0.2545
1930-12-22,162.42,-4.1317
1930-12-23,162.93,0.314
1930-12-24,165.2,1.3932
1930-12-26,161.18,-2.4334
1930-12-27,160.3,-0.546
1930-12-29,160.16,-0.0873
1930-12-30,163.09,1.8294
1930-12-31,164.58,0.9136
1931-01-02,169.84,3.196
1931-01-03,172.12,1.3424
1931-01-05,170.71,-0.8192
1931-01-06,172.66,1.1423
1931-01-07,171.86,-0.4633
1931-01-08,173.04,0.6866
1931-01-09,170.18,-1.6528
1931-01-10,171.71,0.899
1931-01-12,167.99,-2.1664
1931-01-13,165.95,-1.2144
1931-01-14,167.46,0.9099
1931-01-15,162.82,-2.7708
1931-01-16,164.94,1.3021
1931-01-17,162.89,-1.2429
1931-01-19,161.45,-0.884
1931-01-20,165.82,2.7067
1931-01-21,164.76,-0.6392
1931-01-22,168.46,2.2457
1931-01-23,171.84,2.0064
1931-01-24,169.8,-1.1872
1931-01-26,171.19,0.8186
1931-01-27,170.82,-0.2161
1931-01-28,166.84,-2.3299
1931-01-29,168.87,1.2167
1931-01-30,169.34,0.2783
1931-01-31,167.55,-1.057
1931-02-02,168.71,0.6923
1931-02-03,169.71,0.5927
1931-02-04,171.13,0.8367
1931-02-05,169.38,-1.0226
1931-02-06,169.88,0.2952
1931-02-07,172.9,1.7777
1931-02-09,177.72,2.7877
1931-02-10,181.2,1.9581
1931-02-11,181.88,0.3753
1931-02-13,180.99,-0.4893
1931-02-14,180.41,-0.3205
1931-02-16,182.88,1.3691
1931-02-17,179.55,-1.8209
1931-02-18,181.1,0.8633
1931-02-19,184.46,1.8553
1931-02-20,188.22,2.0384
1931-02-21,191.32,1.647
1931-02-24,194.36,1.589
1931-02-25,190.72,-1.8728
1931-02-26,192.23,0.7917
1931-02-27,190.34,-0.9832
1931-02-28,189.66,-0.3573
1931-03-02,184.38,-2.7839
1931-03-03,183.76,-0.3363
1931-03-04,180.96,-1.5237
1931-03-05,184.69,2.0612
1931-03-06,179.73,-2.6856
1931-03-07,183.85,2.2923
1931-03-09,185.38,0.8322
1931-03-10,183.63,-0.944
1931-03-11,181.91,-0.9367
1931-03-12,180.14,-0.973
1931-03-13,178.91,-0.6828
1931-03-14,180.76,1.034
1931-03-16,183.61,1.5767
1931-03-17,180.61,-1.6339
1931-03-18,183.95,1.8493
1931-03-19,186.56,1.4189
1931-03-20,187.72,0.6218
1931-03-21,185.24,-1.3211
1931-03-23,184.32,-0.4967
1931-03-24,186,0.9115
1931-03-25,184.2,-0.9677
1931-03-26,181.7,-1.3572
1931-03-27,177.3,-2.4216
1931-03-28,174.06,-1.8274
1931-03-30,172.56,-0.8618
1931-03-31,172.36,-0.1159
1931-04-01,170.82,-0.8935
1931-04-02,169.89,-0.5444
1931-04-04,172.43,1.4951
1931-04-06,169.72,-1.5717
1931-04-07,167.03,-1.585
1931-04-08,169.54,1.5027
1931-04-09,168.77,-0.4542
1931-04-10,168.72,-0.0296
1931-04-11,168.03,-0.409
1931-04-13,171.07,1.8092
1931-04-14,168.43,-1.5432
1931-04-15,164.66,-2.2383
1931-04-16,162.59,-1.2571
1931-04-17,160.23,-1.4515
1931-04-18,162.37,1.3356
1931-04-20,163.41,0.6405
1931-04-21,158.83,-2.8028
1931-04-22,156.37,-1.5488
1931-04-23,157.43,0.6779
1931-04-24,155.76,-1.0608
1931-04-25,151.98,-2.4268
1931-04-27,149.78,-1.4476
1931-04-28,147.95,-1.2218
1931-04-29,143.61,-2.9334
1931-04-30,151.19,5.2782
1931-05-01,145.58,-3.7106
1931-05-02,147.49,1.312
1931-05-04,150.5,2.0408
1931-05-05,148.99,-1.0033
1931-05-06,149.73,0.4967
1931-05-07,148.88,-0.5677
1931-05-08,154.41,3.7144
1931-05-09,151.31,-2.0076
1931-05-11,151.56,0.1652
1931-05-12,150.24,-0.8709
1931-05-13,149.63,-0.406
1931-05-14,146.64,-1.9983
1931-05-15,144.49,-1.4662
1931-05-16,142.95,-1.0658
1931-05-18,139.52,-2.3994
1931-05-19,138.86,-0.4731
1931-05-20,137.74,-0.8066
1931-05-21,139.54,1.3068
1931-05-22,139.49,-0.0358
1931-05-23,137.9,-1.1399
1931-05-25,132.87,-3.6476
1931-05-26,133.11,0.1806
1931-05-27,130.76,-1.7655
1931-05-28,131.81,0.803
1931-05-29,128.46,-2.5415
1931-06-01,122.77,-4.4294
1931-06-02,121.7,-0.8715
1931-06-03,130.37,7.1241
1931-06-04,134.73,3.3443
1931-06-05,133.33,-1.0391
1931-06-06,129.91,-2.5651
1931-06-08,135.91,4.6186
1931-06-09,132.97,-2.1632
1931-06-10,136.82,2.8954
1931-06-11,136.57,-0.1827
1931-06-12,136.98,0.3002
1931-06-13,137.03,0.0365
1931-06-15,135.26,-1.2917
1931-06-16,135.47,0.1553
1931-06-17,133.68,-1.3213
1931-06-18,130.56,-2.3339
1931-06-19,130.31,-0.1915
1931-06-20,138.96,6.638
1931-06-22,145.82,4.9367
1931-06-23,143.89,-1.3235
1931-06-24,151.6,5.3583
1931-06-25,150.36,-0.8179
1931-06-26,154.04,2.4475
1931-06-27,156.93,1.8761
1931-06-29,152.67,-2.7146
1931-06-30,150.18,-1.631
1931-07-01,152.66,1.6514
1931-07-02,151.48,-0.773
1931-07-03,155.26,2.4954
1931-07-06,152.8,-1.5844
1931-07-07,145.92,-4.5026
1931-07-08,143.83,-1.4323
1931-07-09,144.91,0.7509
1931-07-10,146.97,1.4216
1931-07-11,143.88,-2.1025
1931-07-13,142.43,-1.0078
1931-07-14,140.85,-1.1093
1931-07-15,137.86,-2.1228
1931-07-16,141.99,2.9958
1931-07-17,142.61,0.4367
1931-07-18,142.42,-0.1332
1931-07-20,144.48,1.4464
1931-07-21,146.7,1.5365
1931-07-22,142.52,-2.8494
1931-07-23,142.63,0.0772
1931-07-24,139.01,-2.538
1931-07-25,138.24,-0.5539
1931-07-27,139.64,1.0127
1931-07-28,141.53,1.3535
1931-07-29,136.19,-3.7731
1931-07-30,136.93,0.5434
1931-07-31,135.39,-1.1247
1931-08-01,136.65,0.9306
1931-08-03,137.5,0.622
1931-08-04,136.5,-0.7273
1931-08-05,134.1,-1.7582
1931-08-06,133.77,-0.2461
1931-08-07,135.13,1.0167
1931-08-08,134.94,-0.1406
1931-08-10,134.26,-0.5039
1931-08-11,140.16,4.3945
1931-08-12,137.63,-1.8051
1931-08-13,140.22,1.8819
1931-08-14,144.15,2.8027
1931-08-15,145.8,1.1446
1931-08-17,140.98,-3.3059
1931-08-18,141.26,0.1986
1931-08-19,141.72,0.3256
1931-08-20,141.93,0.1482
1931-08-21,138.6,-2.3462
1931-08-22,137.76,-0.6061
1931-08-24,137.62,-0.1016
1931-08-25,136.65,-0.7048
1931-08-26,139.93,2.4003
1931-08-27,138.66,-0.9076
1931-08-28,140.78,1.5289
1931-08-29,142.08,0.9234
1931-08-31,139.41,-1.8792
1931-09-01,140.13,0.5165
1931-09-02,137.31,-2.0124
1931-09-03,133.14,-3.0369
1931-09-04,132.62,-0.3906
1931-09-08,129.19,-2.5863
1931-09-09,128.43,-0.5883
1931-09-10,127.3,-0.8799
1931-09-11,128.23,0.7306
1931-09-12,123.85,-3.4157
1931-09-14,121.3,-2.0589
1931-09-15,120.59,-0.5853
1931-09-16,119.26,-1.1029
1931-09-17,121.76,2.0963
1931-09-18,115.08,-5.4862
1931-09-19,111.74,-2.9023
1931-09-21,110.83,-0.8144
1931-09-22,109.4,-1.2903
1931-09-23,115.99,6.0238
1931-09-24,107.79,-7.0696
1931-09-25,109.86,1.9204
1931-09-26,107.36,-2.2756
1931-09-28,104.39,-2.7664
1931-09-29,99.8,-4.397
1931-09-30,96.61,-3.1964
1931-10-01,95.66,-0.9833
1931-10-02,96.88,1.2754
1931-10-03,92.77,-4.2424
1931-10-05,86.48,-6.7802
1931-10-06,99.34,14.8705
1931-10-07,97.32,-2.0334
1931-10-08,105.79,8.7032
1931-10-09,104.46,-1.2572
1931-10-10,105.61,1.1009
1931-10-13,100.24,-5.0847
1931-10-14,97.27,-2.9629
1931-10-15,98.71,1.4804
1931-10-16,102.49,3.8294
1931-10-17,102.28,-0.2049
1931-10-19,103.45,1.1439
1931-10-20,108.65,5.0266
1931-10-21,108.39,-0.2393
1931-10-22,105.02,-3.1091
1931-10-23,108.88,3.6755
1931-10-24,109.7,0.7531
1931-10-26,106.37,-3.0356
1931-10-27,104.25,-1.993
1931-10-28,100.52,-3.5779
1931-10-29,100.66,0.1393
1931-10-30,103.97,3.2883
1931-10-31,105.43,1.4043
1931-11-02,104.5,-0.8821
1931-11-04,108.33,3.6651
1931-11-05,108.58,0.2308
1931-11-06,112.72,3.8129
1931-11-07,115.6,2.555
1931-11-09,116.79,1.0294
1931-11-10,113.98,-2.406
1931-11-11,112.01,-1.7284
1931-11-12,111.95,-0.0536
1931-11-13,107.33,-4.1268
1931-11-14,106.35,-0.9131
1931-11-16,104.76,-1.4951
1931-11-17,106.16,1.3364
1931-11-18,101.69,-4.2106
1931-11-19,101.25,-0.4327
1931-11-20,97.96,-3.2494
1931-11-21,97.42,-0.5512
1931-11-23,96.6,-0.8417
1931-11-24,98.61,2.0807
1931-11-25,94.15,-4.5229
1931-11-27,91.55,-2.7616
1931-11-28,90.02,-1.6712
1931-11-30,93.87,4.2768
1931-12-01,91.17,-2.8763
1931-12-02,87.9,-3.5867
1931-12-03,89.7,2.0478
1931-12-04,86.76,-3.2776
1931-12-05,90.14,3.8958
1931-12-07,90.11,-0.0333
1931-12-08,86.5,-4.0062
1931-12-09,84.14,-2.7283
1931-12-10,82.46,-1.9967
1931-12-11,79.63,-3.432
1931-12-12,78.93,-0.8791
1931-12-14,77.22,-2.1665
1931-12-15,78.6,1.7871
1931-12-16,76.49,-2.6845
1931-12-17,73.79,-3.5299
1931-12-18,80.69,9.3509
1931-12-19,80.75,0.0744
1931-12-21,78.08,-3.3065
1931-12-22,79.55,1.8827
1931-12-23,76.02,-4.4375
1931-12-24,75.84,-0.2368
1931-12-28,73.84,-2.6371
1931-12-29,75.84,2.7086
1931-12-30,77.14,1.7141
1931-12-31,77.9,0.9852
1932-01-02,74.62,-4.2105
1932-01-04,71.59,-4.0606
1932-01-05,71.24,-0.4889
1932-01-06,76.31,7.1168
1932-01-07,78.03,2.254
1932-01-08,81.8,4.8315
1932-01-09,79.98,-2.2249
1932-01-11,80.44,0.5751
1932-01-12,79.39,-1.3053
1932-01-13,84.36,6.2602
1932-01-14,85.35,1.1735
1932-01-15,85.88,0.621
1932-01-16,84.44,-1.6768
1932-01-18,81.45,-3.541
1932-01-19,81.1,-0.4297
1932-01-20,83.57,3.0456
1932-01-21,83.42,-0.1795
1932-01-22,78.81,-5.5263
1932-01-23,77.98,-1.0532
1932-01-25,78.66,0.872
1932-01-26,79.76,1.3984
1932-01-27,77.82,-2.4323
1932-01-28,76.73,-1.4007
1932-01-29,76.55,-0.2346
1932-01-30,76.19,-0.4703
1932-02-01,79.63,4.515
1932-02-02,77.82,-2.273
1932-02-03,78.26,0.5654
1932-02-04,77.66,-0.7667
1932-02-05,75,-3.4252
1932-02-06,74.45,-0.7333
1932-02-08,73.45,-1.3432
1932-02-09,72.38,-1.4568
1932-02-10,71.8,-0.8013
1932-02-11,78.6,9.4708
1932-02-13,85.82,9.1858
1932-02-15,82.18,-4.2414
1932-02-16,85.75,4.3441
1932-02-17,82.24,-4.0933
1932-02-18,85.13,3.5141
1932-02-19,85.98,0.9985
1932-02-20,83.59,-2.7797
1932-02-23,80.26,-3.9837
1932-02-24,82.73,3.0775
1932-02-25,82.05,-0.822
1932-02-26,82.09,0.0488
1932-02-27,82.02,-0.0853
1932-02-29,81.44,-0.7071
1932-03-01,81.87,0.528
1932-03-02,86.28,5.3866
1932-03-03,86.13,-0.1739
1932-03-04,86.11,-0.0232
1932-03-05,88.49,2.7639
1932-03-07,87.16,-1.503
1932-03-08,88.78,1.8587
1932-03-09,86.94,-2.0725
1932-03-10,86.25,-0.7937
1932-03-11,83.61,-3.0609
1932-03-12,84.52,1.0884
1932-03-14,81.12,-4.0227
1932-03-15,81.02,-0.1233
1932-03-16,79.11,-2.3574
1932-03-17,80.87,2.2248
1932-03-18,78.82,-2.5349
1932-03-19,78.09,-0.9262
1932-03-21,79.9,2.3178
1932-03-22,79.55,-0.438
1932-03-23,78.64,-1.1439
1932-03-24,77.99,-0.8266
1932-03-26,75.69,-2.9491
1932-03-28,75.09,-0.7927
1932-03-29,75.5,0.546
1932-03-30,77.15,2.1854
1932-03-31,73.28,-5.0162
1932-04-01,72.18,-1.5011
1932-04-02,71.3,-1.2192
1932-04-04,71.19,-0.1543
1932-04-05,68.07,-4.3826
1932-04-06,66.46,-2.3652
1932-04-07,66.2,-0.3912
1932-04-08,62.9,-4.9849
1932-04-09,64.48,2.5119
1932-04-11,62.04,-3.7841
1932-04-12,62.33,0.4674
1932-04-13,61.18,-1.845
1932-04-14,63.27,3.4161
1932-04-15,64.49,1.9282
1932-04-16,63.39,-1.7057
1932-04-18,60.85,-4.0069
1932-04-19,59.75,-1.8077
1932-04-20,59.46,-0.4854
1932-04-21,62.01,4.2886
1932-04-22,58.88,-5.0476
1932-04-23,59.22,0.5774
1932-04-25,58.92,-0.5066
1932-04-26,59.71,1.3408
1932-04-27,61.28,2.6294
1932-04-28,58.24,-4.9608
1932-04-29,55.93,-3.9663
1932-04-30,56.11,0.3218
1932-05-02,55.37,-1.3188
1932-05-03,54.15,-2.2034
1932-05-04,54.88,1.3481
1932-05-05,54.1,-1.4213
1932-05-06,59.01,9.0758
1932-05-07,58.04,-1.6438
1932-05-09,57.04,-1.7229
1932-05-10,57.68,1.122
1932-05-11,57.83,0.2601
1932-05-12,55.62,-3.8215
1932-05-13,53.46,-3.8835
1932-05-14,52.48,-1.8331
1932-05-16,53.96,2.8201
1932-05-17,54.04,0.1483
1932-05-18,52.81,-2.2761
1932-05-19,53.14,0.6249
1932-05-20,53.31,0.3199
1932-05-21,53.04,-0.5065
1932-05-23,52.98,-0.1131
1932-05-24,50.85,-4.0204
1932-05-25,49.1,-3.4415
1932-05-26,49.99,1.8126
1932-05-27,47.47,-5.041
1932-05-28,47.7,0.4845
1932-05-31,44.74,-6.2055
1932-06-01,44.93,0.4247
1932-06-02,47.25,5.1636
1932-06-03,48.4,2.4339
1932-06-04,50.88,5.124
1932-06-06,49.32,-3.066
1932-06-07,47.47,-3.751
1932-06-08,45.2,-4.782
1932-06-09,45.32,0.2655
1932-06-10,48.94,7.9876
1932-06-11,48.26,-1.3895
1932-06-13,48.11,-0.3108
1932-06-14,49,1.8499
1932-06-15,50.62,3.3061
1932-06-16,50.34,-0.5531
1932-06-17,47.56,-5.5224
1932-06-18,47.55,-0.021
1932-06-20,47.8,0.5258
1932-06-21,46.58,-2.5523
1932-06-22,46.27,-0.6655
1932-06-23,46.83,1.2103
1932-06-24,44.84,-4.2494
1932-06-25,44.76,-0.1784
1932-06-27,42.93,-4.0885
1932-06-28,43.18,0.5823
1932-06-29,43.66,1.1116
1932-06-30,42.84,-1.8781
1932-07-01,44.39,3.6181
1932-07-05,43.47,-2.0725
1932-07-06,44.08,1.4033
1932-07-07,41.81,-5.1497
1932-07-08,41.22,-1.4111
1932-07-09,41.63,0.9947
1932-07-11,42.99,3.2669
1932-07-12,42.68,-0.7211
1932-07-13,44.88,5.1546
1932-07-14,44.34,-1.2032
1932-07-15,45.47,2.5485
1932-07-16,45.29,-0.3959
1932-07-18,44.07,-2.6938
1932-07-19,43.79,-0.6354
1932-07-20,45.43,3.7451
1932-07-21,46.5,2.3553
1932-07-22,47.69,2.5591
1932-07-23,47.84,0.3145
1932-07-25,49.78,4.0552
1932-07-26,49.04,-1.4865
1932-07-27,51.34,4.69
1932-07-28,52.61,2.4737
1932-07-29,53.89,2.433
1932-07-30,54.26,0.6866
1932-08-01,54.94,1.2532
1932-08-02,53.16,-3.2399
1932-08-03,58.22,9.5184
1932-08-04,59.63,2.4218
1932-08-05,62.6,4.9807
1932-08-06,66.56,6.3259
1932-08-08,67.71,1.7278
1932-08-09,67.08,-0.9304
1932-08-10,69.39,3.4436
1932-08-11,68.9,-0.7062
1932-08-12,63.11,-8.4035
1932-08-13,63.19,0.1268
1932-08-15,66.51,5.254
1932-08-16,68.91,3.6085
1932-08-17,67.5,-2.0461
1932-08-18,67.93,0.637
1932-08-19,66.84,-1.6046
1932-08-20,67.18,0.5087
1932-08-22,70.87,5.4927
1932-08-23,72.13,1.7779
1932-08-24,73.55,1.9687
1932-08-25,73.31,-0.3263
1932-08-26,74.43,1.5278
1932-08-27,75.61,1.5854
1932-08-29,75.22,-0.5158
1932-08-30,74.3,-1.2231
1932-08-31,73.16,-1.5343
1932-09-01,73.67,0.6971
1932-09-02,76.77,4.208
1932-09-03,78.33,2.032
1932-09-06,77.28,-1.3405
1932-09-07,79.93,3.4291
1932-09-08,77.49,-3.0527
1932-09-09,76.19,-1.6776
1932-09-10,76.54,0.4594
1932-09-12,72.33,-5.5004
1932-09-13,69.85,-3.4287
1932-09-14,65.88,-5.6836
1932-09-15,67.94,3.1269
1932-09-16,67.1,-1.2364
1932-09-17,66.44,-0.9836
1932-09-19,65.06,-2.0771
1932-09-20,67.49,3.735
1932-09-21,75.16,11.3646
1932-09-22,72.71,-3.2597
1932-09-23,73.92,1.6641
1932-09-24,74.83,1.2311
1932-09-26,71.06,-5.0381
1932-09-27,71.49,0.6051
1932-09-28,73.52,2.8396
1932-09-29,71.53,-2.7067
1932-09-30,71.56,0.0419
1932-10-01,72.09,0.7406
1932-10-03,71.21,-1.2207
1932-10-04,71.16,-0.0702
1932-10-05,66.07,-7.1529
1932-10-06,66.28,0.3178
1932-10-07,62.67,-5.4466
1932-10-08,61.17,-2.3935
1932-10-10,58.47,-4.4139
1932-10-11,61.66,5.4558
1932-10-13,59.76,-3.0814
1932-10-14,63.84,6.8273
1932-10-15,64.22,0.5952
1932-10-17,62.69,-2.3824
1932-10-18,63.49,1.2761
1932-10-19,65.74,3.5439
1932-10-20,64.4,-2.0383
1932-10-21,61.01,-5.264
1932-10-22,60.85,-0.2623
1932-10-24,61.03,0.2958
1932-10-25,60.32,-1.1634
1932-10-26,61.36,1.7241
1932-10-27,61.86,0.8149
1932-10-28,63.09,1.9884
1932-10-29,62.09,-1.585
1932-10-31,61.9,-0.306
1932-11-01,60.22,-2.7141
1932-11-02,58.53,-2.8064
1932-11-03,58.28,-0.4271
1932-11-04,61.53,5.5765
1932-11-05,62.41,1.4302
1932-11-07,64.58,3.477
1932-11-09,61.67,-4.506
1932-11-10,65.54,6.2753
1932-11-11,68.03,3.7992
1932-11-12,68.04,0.0147
1932-11-14,65.57,-3.6302
1932-11-15,65.26,-0.4728
1932-11-16,63.24,-3.0953
1932-11-17,62.99,-0.3953
1932-11-18,62.96,-0.0476
1932-11-19,64.14,1.8742
1932-11-21,63.65,-0.764
1932-11-22,63.16,-0.7698
1932-11-23,59.47,-5.8423
1932-11-25,58.78,-1.1602
1932-11-26,58.89,0.1871
1932-11-28,59.17,0.4755
1932-11-29,58.77,-0.676
1932-11-30,56.35,-4.1177
1932-12-01,58.02,2.9636
1932-12-02,55.91,-3.6367
1932-12-03,55.83,-0.1431
1932-12-05,56.53,1.2538
1932-12-06,59.58,5.3954
1932-12-07,59.77,0.3189
1932-12-08,60.05,0.4685
1932-12-09,61.58,2.5479
1932-12-10,61.25,-0.5359
1932-12-12,61.48,0.3755
1932-12-13,60.35,-1.838
1932-12-14,61.93,2.6181
1932-12-15,61.16,-1.2433
1932-12-16,60.52,-1.0464
1932-12-17,60.11,-0.6775
1932-12-19,60.08,-0.0499
1932-12-20,58.78,-2.1638
1932-12-21,58.97,0.3232
1932-12-22,56.55,-4.1038
1932-12-23,56.8,0.4421
1932-12-24,57.98,2.0775
1932-12-27,57.6,-0.6554
1932-12-28,57.85,0.434
1932-12-29,59.12,2.1953
1932-12-30,60.26,1.9283
1932-12-31,59.93,-0.5476
1933-01-03,59.29,-1.0679
1933-01-04,62.35,5.1611
1933-01-05,62.25,-0.1604
1933-01-06,62.96,1.1406
1933-01-09,62.31,-1.0324
1933-01-10,64.35,3.274
1933-01-11,63.81,-0.8392
1933-01-12,63.09,-1.1283
1933-01-13,63.18,0.1427
1933-01-14,63.09,-0.1425
1933-01-16,61.62,-2.33
1933-01-17,61.75,0.211
1933-01-18,60.36,-2.251
1933-01-19,61.02,1.0934
1933-01-20,61.63,0.9997
1933-01-21,61.79,0.2596
1933-01-23,61.46,-0.5341
1933-01-24,61.3,-0.2603
1933-01-25,62.33,1.6803
1933-01-26,61.73,-0.9626
1933-01-27,61.43,-0.486
1933-01-28,60.71,-1.1721
1933-01-30,60.77,0.0988
1933-01-31,60.9,0.2139
1933-02-01,59.08,-2.9885
1933-02-02,58.03,-1.7773
1933-02-03,58.11,0.1379
1933-02-04,57.55,-0.9637
1933-02-06,58.07,0.9036
1933-02-07,58.38,0.5338
1933-02-08,58.87,0.8393
1933-02-09,60.09,2.0724
1933-02-10,59.11,-1.6309
1933-02-11,59.43,0.5414
1933-02-14,56.57,-4.8124
1933-02-15,56.71,0.2475
1933-02-16,55.49,-2.1513
1933-02-17,56.37,1.5859
1933-02-18,56.04,-0.5854
1933-02-20,54.26,-3.1763
1933-02-21,53.99,-0.4976
1933-02-23,51.94,-3.797
1933-02-24,53.84,3.6581
1933-02-25,50.93,-5.4049
1933-02-27,50.16,-1.5119
1933-02-28,51.39,2.4522
1933-03-01,52.54,2.2378
1933-03-02,52.54,0
1933-03-03,53.84,2.4743
1933-03-15,62.1,15.3418
1933-03-16,62.95,1.3688
1933-03-17,60.73,-3.5266
1933-03-18,60.56,-0.2799
1933-03-20,59.9,-1.0898
1933-03-21,57.58,-3.8731
1933-03-22,56.86,-1.2504
1933-03-23,58.06,2.1104
1933-03-24,57.93,-0.2239
1933-03-25,57.71,-0.3798
1933-03-27,56.53,-2.0447
1933-03-28,57.92,2.4589
1933-03-29,56.81,-1.9164
1933-03-30,56.49,-0.5633
1933-03-31,55.4,-1.9295
1933-04-01,55.66,0.4693
1933-04-03,55.69,0.0539
1933-04-04,56.09,0.7183
1933-04-05,57.5,2.5138
1933-04-06,58.8,2.2609
1933-04-07,58.78,-0.034
1933-04-08,59.3,0.8847
1933-04-10,62.11,4.7386
1933-04-11,61.15,-1.5456
1933-04-12,60.26,-1.4554
1933-04-13,62.69,4.0325
1933-04-15,62.88,0.3031
1933-04-17,61.59,-2.0515
1933-04-18,62.65,1.7211
1933-04-19,68.31,9.0343
1933-04-20,72.27,5.7971
1933-04-21,69.78,-3.4454
1933-04-22,72.24,3.5254
1933-04-24,73.69,2.0072
1933-04-25,72.45,-1.6827
1933-04-26,72.64,0.2622
1933-04-27,71.71,-1.2803
1933-04-28,73.1,1.9384
1933-04-29,77.66,6.238
1933-05-01,77.79,0.1674
1933-05-02,77.29,-0.6428
1933-05-03,77.37,0.1035
1933-05-04,79.16,2.3136
1933-05-05,79.78,0.7832
1933-05-06,77.61,-2.72
1933-05-08,76.63,-1.2627
1933-05-09,77.23,0.783
1933-05-10,80.78,4.5967
1933-05-11,82.48,2.1045
1933-05-12,82.14,-0.4122
1933-05-13,80.85,-1.5705
1933-05-15,79.7,-1.4224
1933-05-16,81.29,1.995
1933-05-17,82.64,1.6607
1933-05-18,82.57,-0.0847
1933-05-19,81.75,-0.9931
1933-05-20,80.21,-1.8838
1933-05-22,79.94,-0.3366
1933-05-23,83.06,3.9029
1933-05-24,84.29,1.4809
1933-05-25,83.73,-0.6644
1933-05-26,86.42,3.2127
1933-05-27,89.61,3.6913
1933-05-29,90.02,0.4575
1933-05-31,88.11,-2.1218
1933-06-01,89.1,1.1236
1933-06-02,92.21,3.4905
1933-06-03,90.02,-2.375
1933-06-05,91.89,2.0773
1933-06-06,91.9,0.0109
1933-06-07,92.98,1.1752
1933-06-08,93.52,0.5808
1933-06-09,94.29,0.8234
1933-06-10,94.42,0.1379
1933-06-12,96.75,2.4677
1933-06-13,94.79,-2.0258
1933-06-14,94.06,-0.7701
1933-06-15,88.87,-5.5178
1933-06-16,89.22,0.3938
1933-06-17,90.23,1.132
1933-06-19,95.99,6.3837
1933-06-20,95.23,-0.7917
1933-06-21,95.91,0.7141
1933-06-22,92.93,-3.1071
1933-06-23,95.53,2.7978
1933-06-24,95.67,0.1466
1933-06-26,98.49,2.9476
1933-06-27,98.74,0.2538
1933-06-28,97.74,-1.0128
1933-06-29,96.99,-0.7673
1933-06-30,98.14,1.1857
1933-07-01,100.92,2.8327
1933-07-03,103.77,2.824
1933-07-05,102.73,-1.0022
1933-07-06,104.98,2.1902
1933-07-07,105.35,0.3524
1933-07-08,105.15,-0.1898
1933-07-10,104.08,-1.0176
1933-07-11,103.08,-0.9608
1933-07-12,104.55,1.4261
1933-07-13,105.51,0.9182
1933-07-14,105.04,-0.4455
1933-07-15,106.1,1.0091
1933-07-17,108.27,2.0452
1933-07-18,108.67,0.3694
1933-07-19,103.58,-4.6839
1933-07-20,96.26,-7.067
1933-07-21,88.71,-7.8433
1933-07-22,88.42,-0.3269
1933-07-24,94.28,6.6275
1933-07-25,92.83,-1.538
1933-07-26,95.05,2.3915
1933-07-27,96.03,1.031
1933-07-28,94.54,-1.5516
1933-07-31,90.77,-3.9877
1933-08-01,92.7,2.1263
1933-08-02,94.84,2.3085
1933-08-03,94.1,-0.7803
1933-08-04,92.62,-1.5728
1933-08-07,92.55,-0.0756
1933-08-08,95.84,3.5548
1933-08-09,99.06,3.3598
1933-08-10,97.58,-1.494
1933-08-11,97.47,-0.1127
1933-08-14,96.53,-0.9644
1933-08-15,96.63,0.1036
1933-08-16,94.44,-2.2664
1933-08-17,99.3,5.1461
1933-08-18,98.32,-0.9869
1933-08-21,100.17,1.8816
1933-08-22,101.34,1.168
1933-08-23,100.38,-0.9473
1933-08-24,101.41,1.0261
1933-08-25,105.07,3.6091
1933-08-28,104.72,-0.3331
1933-08-29,103.59,-1.0791
1933-08-30,102.35,-1.197
1933-08-31,102.41,0.0586
1933-09-01,103.66,1.2206
1933-09-05,100.22,-3.3185
1933-09-06,100.33,0.1098
1933-09-07,99.2,-1.1263
1933-09-08,99.58,0.3831
1933-09-09,99.42,-0.1607
1933-09-11,103.59,4.1943
1933-09-12,102.84,-0.724
1933-09-13,103.65,0.7876
1933-09-14,104.66,0.9744
1933-09-15,102.63,-1.9396
1933-09-16,105.32,2.6211
1933-09-18,105.3,-0.019
1933-09-19,105.74,0.4179
1933-09-20,103.99,-1.655
1933-09-21,97.56,-6.1833
1933-09-22,99.06,1.5375
1933-09-23,99.78,0.7268
1933-09-25,98.03,-1.7539
1933-09-26,97.41,-0.6325
1933-09-27,93.18,-4.3425
1933-09-28,94.66,1.5883
1933-09-29,94.24,-0.4437
1933-09-30,94.82,0.6154
1933-10-02,92.99,-1.93
1933-10-03,93.55,0.6022
1933-10-04,98.6,5.3982
1933-10-05,98.05,-0.5578
1933-10-06,97.54,-0.5201
1933-10-07,98.2,0.6766
1933-10-09,99.72,1.5479
1933-10-10,98.77,-0.9527
1933-10-11,98.85,0.081
1933-10-13,95.36,-3.5306
1933-10-14,95.59,0.2412
1933-10-16,90.49,-5.3353
1933-10-17,92.67,2.4091
1933-10-18,88.95,-4.0142
1933-10-19,84.38,-5.1377
1933-10-20,86.63,2.6665
1933-10-21,83.64,-3.4515
1933-10-23,88.13,5.3682
1933-10-24,91.35,3.6537
1933-10-25,93.54,2.3974
1933-10-26,92.02,-1.625
1933-10-27,93.22,1.3041
1933-10-28,92.01,-1.298
1933-10-30,88.43,-3.8909
1933-10-31,88.16,-0.3053
1933-11-01,89.62,1.6561
1933-11-02,90.54,1.0266
1933-11-03,93.6,3.3797
1933-11-04,93.09,-0.5449
1933-11-06,92.5,-0.6338
1933-11-08,95.54,3.2865
1933-11-09,96.4,0.9001
1933-11-10,95.06,-1.39
1933-11-11,96.1,1.094
1933-11-13,95.98,-0.1249
1933-11-14,95.5,-0.5001
1933-11-15,94.36,-1.1937
1933-11-16,99.01,4.9279
1933-11-17,98.09,-0.9292
1933-11-18,98.67,0.5913
1933-11-20,101.28,2.6452
1933-11-21,100.29,-0.9775
1933-11-22,100.07,-0.2194
1933-11-23,98.59,-1.479
1933-11-24,99.52,0.9433
1933-11-25,99.28,-0.2412
1933-11-27,95.77,-3.5355
1933-11-28,96.23,0.4803
1933-11-29,98.14,1.9848
1933-12-01,98.89,0.7642
1933-12-02,99.07,0.182
1933-12-04,98.89,-0.1817
1933-12-05,101.99,3.1348
1933-12-06,101.28,-0.6961
1933-12-07,102.04,0.7504
1933-12-08,101.04,-0.98
1933-12-09,102.92,1.8606
1933-12-11,101.94,-0.9522
1933-12-12,101.64,-0.2943
1933-12-13,100.69,-0.9347
1933-12-14,101.44,0.7449
1933-12-15,99.95,-1.4688
1933-12-16,98.06,-1.8909
1933-12-18,97.2,-0.877
1933-12-19,97.25,0.0514
1933-12-20,95.28,-2.0257
1933-12-21,95.5,0.2309
1933-12-22,98.87,3.5288
1933-12-23,98.04,-0.8395
1933-12-26,96.3,-1.7748
1933-12-27,96.8,0.5192
1933-12-28,99.29,2.5723
1933-12-29,98.67,-0.6244
1933-12-30,99.9,1.2466
1934-01-02,100.36,0.4605
1934-01-03,99.09,-1.2654
1934-01-04,98.78,-0.3128
1934-01-05,97.23,-1.5691
1934-01-06,96.94,-0.2983
1934-01-08,96.73,-0.2166
1934-01-09,97.57,0.8684
1934-01-10,99.77,2.2548
1934-01-11,99.38,-0.3909
1934-01-12,98.73,-0.6541
1934-01-13,98.66,-0.0709
1934-01-15,103.19,4.5915
1934-01-16,103.4,0.2035
1934-01-17,103.5,0.0967
1934-01-18,103.3,-0.1932
1934-01-19,105.6,2.2265
1934-01-20,105.52,-0.0758
1934-01-22,105.09,-0.4075
1934-01-23,106.62,1.4559
1934-01-24,107.02,0.3752
1934-01-25,106.85,-0.1588
1934-01-26,106.38,-0.4399
1934-01-27,106.03,-0.329
1934-01-29,107.9,1.7637
1934-01-30,108.99,1.0102
1934-01-31,107.22,-1.624
1934-02-01,108.95,1.6135
1934-02-02,108.31,-0.5874
1934-02-03,109.41,1.0156
1934-02-05,110.74,1.2156
1934-02-06,110.24,-0.4515
1934-02-07,107.95,-2.0773
1934-02-08,108.45,0.4632
1934-02-09,106.09,-2.1761
1934-02-10,105.47,-0.5844
1934-02-13,106.1,0.5973
1934-02-14,106.78,0.6409
1934-02-15,108.3,1.4235
1934-02-16,108.61,0.2862
1934-02-17,109.07,0.4235
1934-02-19,107.53,-1.4119
1934-02-20,108.14,0.5673
1934-02-21,108.5,0.3329
1934-02-23,106.14,-2.1751
1934-02-24,104.77,-1.2907
1934-02-26,103.12,-1.5749
1934-02-27,103.67,0.5334
1934-02-28,103.46,-0.2026
1934-03-01,103.18,-0.2706
1934-03-02,105.79,2.5296
1934-03-03,105.56,-0.2174
1934-03-05,105.02,-0.5116
1934-03-06,103.84,-1.1236
1934-03-07,101.59,-2.1668
1934-03-08,103.21,1.5946
1934-03-09,102.44,-0.7461
1934-03-10,102.77,0.3221
1934-03-12,104.23,1.4206
1934-03-13,104,-0.2207
1934-03-14,103.54,-0.4423
1934-03-15,102.21,-1.2845
1934-03-16,102.72,0.499
1934-03-17,101.65,-1.0417
1934-03-19,99.68,-1.938
1934-03-20,101.01,1.3343
1934-03-21,99.33,-1.6632
1934-03-22,100.54,1.2182
1934-03-23,99.8,-0.736
1934-03-24,100.92,1.1222
1934-03-26,100.95,0.0297
1934-03-27,98.76,-2.1694
1934-03-28,99.02,0.2633
1934-03-29,100.31,1.3028
1934-03-31,101.85,1.5352
1934-04-02,101.96,0.108
1934-04-03,102.74,0.765
1934-04-04,103.19,0.438
1934-04-05,103.37,0.1744
1934-04-06,103.97,0.5804
1934-04-07,103.6,-0.3559
1934-04-09,103.54,-0.0579
1934-04-10,105.05,1.4584
1934-04-11,105.16,0.1047
1934-04-12,104.8,-0.3423
1934-04-13,104.98,0.1718
1934-04-14,105.04,0.0572
1934-04-16,103.57,-1.3995
1934-04-17,104.46,0.8593
1934-04-18,105.45,0.9477
1934-04-19,105.52,0.0664
1934-04-20,106.55,0.9761
1934-04-21,106.34,-0.1971
1934-04-23,105.92,-0.395
1934-04-24,105.31,-0.5759
1934-04-25,105.05,-0.2469
1934-04-26,103.56,-1.4184
1934-04-27,103.65,0.0869
1934-04-28,102.9,-0.7236
1934-04-30,100.49,-2.3421
1934-05-01,100.62,0.1294
1934-05-02,98.82,-1.7889
1934-05-03,98.94,0.1214
1934-05-04,99.29,0.3537
1934-05-05,98.2,-1.0978
1934-05-07,95.51,-2.7393
1934-05-08,97.16,1.7276
1934-05-09,95.71,-1.4924
1934-05-10,93.91,-1.8807
1934-05-11,93.18,-0.7773
1934-05-12,92.22,-1.0303
1934-05-14,91.81,-0.4446
1934-05-15,92.84,1.1219
1934-05-16,92.73,-0.1185
1934-05-17,95.98,3.5048
1934-05-18,95.17,-0.8439
1934-05-19,95.13,-0.042
1934-05-21,95.76,0.6623
1934-05-22,93.61,-2.2452
1934-05-23,92.86,-0.8012
1934-05-24,93.37,0.5492
1934-05-25,94.5,1.2102
1934-05-26,95.05,0.582
1934-05-28,95.56,0.5366
1934-05-29,95.32,-0.2512
1934-05-31,94,-1.3848
1934-06-01,91.79,-2.3511
1934-06-02,91.41,-0.414
1934-06-04,92.73,1.444
1934-06-05,94.66,2.0813
1934-06-06,94.77,0.1162
1934-06-07,94.72,-0.0528
1934-06-08,98.44,3.9274
1934-06-09,98.9,0.4673
1934-06-11,97.82,-1.092
1934-06-12,98.78,0.9814
1934-06-13,98.75,-0.0304
1934-06-14,97.15,-1.6203
1934-06-15,98.7,1.5955
1934-06-16,99.85,1.1651
1934-06-18,100.42,0.5709
1934-06-19,99.02,-1.3941
1934-06-20,98.25,-0.7776
1934-06-21,97.5,-0.7634
1934-06-22,95.93,-1.6103
1934-06-23,96.59,0.688
1934-06-25,95.79,-0.8282
1934-06-26,97.33,1.6077
1934-06-27,96.94,-0.4007
1934-06-28,97.14,0.2063
1934-06-29,95.75,-1.4309
1934-06-30,95.72,-0.0313
1934-07-02,94.8,-0.9611
1934-07-03,94.77,-0.0316
1934-07-05,96.44,1.7622
1934-07-06,97.32,0.9125
1934-07-07,97.15,-0.1747
1934-07-09,97.04,-0.1132
1934-07-10,98.07,1.0614
1934-07-11,98.67,0.6118
1934-07-12,98.32,-0.3547
1934-07-13,98.82,0.5085
1934-07-14,99.02,0.2024
1934-07-16,97.04,-1.9996
1934-07-17,96.79,-0.2576
1934-07-18,98.26,1.5188
1934-07-19,97.24,-1.0381
1934-07-20,94.74,-2.571
1934-07-21,94.62,-0.1267
1934-07-23,91.98,-2.7901
1934-07-24,91.01,-1.0546
1934-07-25,91.57,0.6153
1934-07-26,85.51,-6.6179
1934-07-27,87.84,2.7248
1934-07-28,88.72,1.0018
1934-07-30,88.17,-0.6199
1934-07-31,88.05,-0.1361
1934-08-01,90.57,2.862
1934-08-02,90.87,0.3312
1934-08-03,90.14,-0.8033
1934-08-04,88.43,-1.897
1934-08-06,88.11,-0.3619
1934-08-07,87.47,-0.7264
1934-08-08,88.97,1.7149
1934-08-09,91.34,2.6638
1934-08-10,89.66,-1.8393
1934-08-11,89.79,0.145
1934-08-13,91.8,2.2386
1934-08-14,91.12,-0.7407
1934-08-15,91,-0.1317
1934-08-16,91.69,0.7582
1934-08-17,91.12,-0.6217
1934-08-18,90.86,-0.2853
1934-08-20,90.44,-0.4622
1934-08-21,92.57,2.3552
1934-08-22,94.32,1.8905
1934-08-23,94.05,-0.2863
1934-08-24,95.48,1.5205
1934-08-25,95.71,0.2409
1934-08-27,94.46,-1.306
1934-08-28,94.19,-0.2858
1934-08-29,93.69,-0.5308
1934-08-30,92.76,-0.9926
1934-08-31,92.86,0.1078
1934-09-01,92.64,-0.2369
1934-09-04,92.3,-0.367
1934-09-05,93.65,1.4626
1934-09-06,91.82,-1.9541
1934-09-07,90.99,-0.9039
1934-09-08,90.83,-0.1758
1934-09-10,89.27,-1.7175
1934-09-11,89.25,-0.0224
1934-09-12,89.62,0.4146
1934-09-13,89.44,-0.2008
1934-09-14,86.83,-2.9182
1934-09-15,87.34,0.5874
1934-09-17,86.69,-0.7442
1934-09-18,87.37,0.7844
1934-09-19,89.34,2.2548
1934-09-20,89.35,0.0112
1934-09-21,91.1,1.9586
1934-09-22,91.08,-0.022
1934-09-24,90.45,-0.6917
1934-09-25,92.72,2.5097
1934-09-26,92.44,-0.302
1934-09-27,93.4,1.0385
1934-09-28,92.49,-0.9743
1934-09-29,92.63,0.1514
1934-10-01,90.41,-2.3966
1934-10-02,90.88,0.5199
1934-10-03,91.04,0.1761
1934-10-04,91.01,-0.033
1934-10-05,92.96,2.1426
1934-10-06,92.85,-0.1183
1934-10-08,92.5,-0.377
1934-10-09,91.71,-0.8541
1934-10-10,93.75,2.2244
1934-10-11,95.5,1.8667
1934-10-13,94.9,-0.6283
1934-10-15,94.16,-0.7798
1934-10-16,95.25,1.1576
1934-10-17,95.29,0.042
1934-10-18,95.34,0.0525
1934-10-19,94.9,-0.4615
1934-10-20,95.02,0.1264
1934-10-22,94.78,-0.2526
1934-10-23,94.65,-0.1372
1934-10-24,95.6,1.0037
1934-10-25,94.19,-1.4749
1934-10-26,93.01,-1.2528
1934-10-27,92.86,-0.1613
1934-10-29,92.53,-0.3554
1934-10-30,93.05,0.562
1934-10-31,93.36,0.3332
1934-11-01,93.46,0.1071
1934-11-02,94.42,1.0272
1934-11-03,94.95,0.5613
1934-11-05,96.06,1.169
1934-11-07,97.55,1.5511
1934-11-08,97.26,-0.2973
1934-11-09,99.02,1.8096
1934-11-10,99.21,0.1919
1934-11-13,99.19,-0.0202
1934-11-14,99.42,0.2319
1934-11-15,99.72,0.3018
1934-11-16,99.39,-0.3309
1934-11-17,99.45,0.0604
1934-11-19,99.89,0.4424
1934-11-20,99.9,0.01
1934-11-21,99.47,-0.4304
1934-11-22,99.93,0.4625
1934-11-23,101.62,1.6912
1934-11-24,102.4,0.7676
1934-11-26,103.08,0.6641
1934-11-27,102.38,-0.6791
1934-11-28,102.75,0.3614
1934-11-30,102.94,0.1849
1934-12-01,102.93,-0.0097
1934-12-03,101.92,-0.9812
1934-12-04,102.57,0.6378
1934-12-05,103.42,0.8287
1934-12-06,103.47,0.0483
1934-12-07,103.16,-0.2996
1934-12-08,102.83,-0.3199
1934-12-10,102.76,-0.0681
1934-12-11,100.81,-1.8976
1934-12-12,100.97,0.1587
1934-12-13,100.68,-0.2872
1934-12-14,100.69,0.0099
1934-12-15,100.84,0.149
1934-12-17,100.92,0.0793
1934-12-18,101,0.0793
1934-12-19,99.78,-1.2079
1934-12-20,99.59,-0.1904
1934-12-21,99.9,0.3113
1934-12-22,99.73,-0.1702
1934-12-24,100.69,0.9626
1934-12-26,100.35,-0.3377
1934-12-27,100.26,-0.0897
1934-12-28,103.15,2.8825
1934-12-29,103.9,0.7271
1934-12-31,104.04,0.1347
1935-01-02,104.51,0.4517
1935-01-03,105.14,0.6028
1935-01-04,104.69,-0.428
1935-01-05,105.56,0.831
1935-01-07,105.88,0.3031
1935-01-08,105.03,-0.8028
1935-01-09,105.05,0.019
1935-01-10,104.87,-0.1713
1935-01-11,103.35,-1.4494
1935-01-12,102.3,-1.016
1935-01-14,102.76,0.4497
1935-01-15,100.49,-2.209
1935-01-16,101.54,1.0449
1935-01-17,101.91,0.3644
1935-01-18,102.36,0.4416
1935-01-19,102.96,0.5862
1935-01-21,103.35,0.3788
1935-01-22,102.77,-0.5612
1935-01-23,102.88,0.107
1935-01-24,102.44,-0.4277
1935-01-25,102.86,0.41
1935-01-26,102.5,-0.35
1935-01-28,101.51,-0.9659
1935-01-29,100.69,-0.8078
1935-01-30,101,0.3079
1935-01-31,101.69,0.6832
1935-02-01,101.53,-0.1573
1935-02-02,102.2,0.6599
1935-02-04,101.56,-0.6262
1935-02-05,100.74,-0.8074
1935-02-06,100.23,-0.5063
1935-02-07,101,0.7682
1935-02-08,102.35,1.3366
1935-02-09,102.66,0.3029
1935-02-11,102.42,-0.2338
1935-02-13,102.69,0.2636
1935-02-14,103.05,0.3506
1935-02-15,104.67,1.5721
1935-02-16,104.54,-0.1242
1935-02-18,107.17,2.5158
1935-02-19,105.89,-1.1944
1935-02-20,104.97,-0.8688
1935-02-21,104.86,-0.1048
1935-02-23,103.25,-1.5354
1935-02-25,103.14,-0.1065
1935-02-26,102.24,-0.8726
1935-02-27,102.55,0.3032
1935-02-28,102.38,-0.1658
1935-03-01,103.27,0.8693
1935-03-02,103.22,-0.0484
1935-03-04,102.58,-0.62
1935-03-05,100.09,-2.4274
1935-03-06,100.22,0.1299
1935-03-07,101.17,0.9479
1935-03-08,101.58,0.4053
1935-03-09,101.18,-0.3938
1935-03-11,99.39,-1.7691
1935-03-12,97.66,-1.7406
1935-03-13,98.02,0.3686
1935-03-14,96.71,-1.3365
1935-03-15,98.21,1.551
1935-03-16,97.79,-0.4277
1935-03-18,97.01,-0.7976
1935-03-19,98.31,1.3401
1935-03-20,98.29,-0.0203
1935-03-21,99.72,1.4549
1935-03-22,100.68,0.9627
1935-03-23,99.84,-0.8343
1935-03-25,99.5,-0.3405
1935-03-26,98.97,-0.5327
1935-03-27,100.35,1.3944
1935-03-28,100.59,0.2392
1935-03-29,100.78,0.1889
1935-03-30,100.81,0.0298
1935-04-01,101.23,0.4166
1935-04-02,101,-0.2272
1935-04-03,100.39,-0.604
1935-04-04,101.13,0.7371
1935-04-05,102.53,1.3844
1935-04-06,103.04,0.4974
1935-04-08,102.65,-0.3785
1935-04-09,104.32,1.6269
1935-04-10,104.06,-0.2492
1935-04-11,104.03,-0.0288
1935-04-12,104.45,0.4037
1935-04-13,105.42,0.9287
1935-04-15,105.93,0.4838
1935-04-16,106.33,0.3776
1935-04-17,105.43,-0.8464
1935-04-18,107.97,2.4092
1935-04-20,109.76,1.6579
1935-04-22,110.27,0.4647
1935-04-23,110.06,-0.1904
1935-04-24,109.45,-0.5542
1935-04-25,110.47,0.9319
1935-04-26,110.37,-0.0905
1935-04-27,109.68,-0.6252
1935-04-29,109.91,0.2097
1935-04-30,109.45,-0.4185
1935-05-01,108.71,-0.6761
1935-05-02,108.84,0.1196
1935-05-03,110.49,1.516
1935-05-04,110.83,0.3077
1935-05-06,110.53,-0.2707
1935-05-07,109.79,-0.6695
1935-05-08,112.63,2.5868
1935-05-09,113.1,0.4173
1935-05-10,113.67,0.504
1935-05-11,114.08,0.3607
1935-05-13,114.23,0.1315
1935-05-14,114.18,-0.0438
1935-05-15,114.61,0.3766
1935-05-16,116.58,1.7189
1935-05-17,115.81,-0.6605
1935-05-18,114.58,-1.0621
1935-05-20,114.67,0.0785
1935-05-21,115.56,0.7761
1935-05-22,116.24,0.5884
1935-05-23,116.81,0.4904
1935-05-24,116.17,-0.5479
1935-05-25,115.9,-0.2324
1935-05-27,116.74,0.7248
1935-05-28,113.76,-2.5527
1935-05-29,111.85,-1.679
1935-05-31,110.65,-1.0729
1935-06-01,109.74,-0.8224
1935-06-03,111.45,1.5582
1935-06-04,113.58,1.9112
1935-06-05,113.92,0.2993
1935-06-06,113.54,-0.3336
1935-06-07,114.01,0.414
1935-06-08,114.72,0.6228
1935-06-10,115.89,1.0199
1935-06-11,117.08,1.0268
1935-06-12,117.14,0.0512
1935-06-13,117.89,0.6403
1935-06-14,119,0.9416
1935-06-15,119.17,0.1429
1935-06-17,118.67,-0.4196
1935-06-18,119.32,0.5477
1935-06-19,118.12,-1.0057
1935-06-20,117.24,-0.745
1935-06-21,119.48,1.9106
1935-06-22,120.75,1.0629
1935-06-24,120.04,-0.588
1935-06-25,118.73,-1.0913
1935-06-26,117.64,-0.918
1935-06-27,117.56,-0.068
1935-06-28,118.36,0.6805
1935-06-29,118.21,-0.1267
1935-07-01,118.82,0.516
1935-07-02,118.69,-0.1094
1935-07-03,118.81,0.1011
1935-07-05,120.61,1.515
1935-07-06,121.02,0.3399
1935-07-08,122.55,1.2643
1935-07-09,122.15,-0.3264
1935-07-10,122.69,0.4421
1935-07-11,121.93,-0.6194
1935-07-12,122.2,0.2214
1935-07-13,121.88,-0.2619
1935-07-15,121.72,-0.1313
1935-07-16,122.34,0.5094
1935-07-17,122.91,0.4659
1935-07-18,123.41,0.4068
1935-07-19,122.33,-0.8751
1935-07-20,122.69,0.2943
1935-07-22,124.1,1.1492
1935-07-23,124.14,0.0322
1935-07-24,124.6,0.3705
1935-07-25,123.8,-0.6421
1935-07-26,124.02,0.1777
1935-07-27,125.27,1.0079
1935-07-29,126.56,1.0298
1935-07-30,125.57,-0.7822
1935-07-31,126.23,0.5256
1935-08-01,125.85,-0.301
1935-08-02,124.93,-0.731
1935-08-03,125.9,0.7764
1935-08-05,126.07,0.135
1935-08-06,125.64,-0.3411
1935-08-07,125.61,-0.0239
1935-08-08,125.98,0.2946
1935-08-09,127.27,1.024
1935-08-10,127.94,0.5264
1935-08-12,128,0.0469
1935-08-13,128.09,0.0703
1935-08-14,128.27,0.1405
1935-08-15,127.47,-0.6237
1935-08-16,127.63,0.1255
1935-08-17,127.96,0.2586
1935-08-19,126.33,-1.2738
1935-08-20,126.31,-0.0158
1935-08-21,127.66,1.0688
1935-08-22,128.52,0.6737
1935-08-23,128.93,0.319
1935-08-24,127.93,-0.7756
1935-08-26,128.99,0.8286
1935-08-27,126.81,-1.6901
1935-08-28,126.61,-0.1577
1935-08-29,126.95,0.2685
1935-08-30,127.35,0.3151
1935-08-31,127.89,0.424
1935-09-03,127.27,-0.4848
1935-09-04,128.46,0.935
1935-09-05,129.34,0.685
1935-09-06,130.75,1.0901
1935-09-07,131.86,0.8489
1935-09-09,132.48,0.4702
1935-09-10,133.22,0.5586
1935-09-11,134.01,0.593
1935-09-12,133.33,-0.5074
1935-09-13,133.52,0.1425
1935-09-14,133.4,-0.0899
1935-09-16,132.91,-0.3673
1935-09-17,133.11,0.1505
1935-09-18,134.11,0.7513
1935-09-19,131.44,-1.9909
1935-09-20,128.42,-2.2976
1935-09-21,128.78,0.2803
1935-09-23,129.55,0.5979
1935-09-24,131.02,1.1347
1935-09-25,131.52,0.3816
1935-09-26,131.06,-0.3498
1935-09-27,131.48,0.3205
1935-09-28,131.75,0.2054
1935-09-30,131.92,0.129
1935-10-01,131.51,-0.3108
1935-10-02,128.06,-2.6234
1935-10-03,129.05,0.7731
1935-10-04,129.76,0.5502
1935-10-05,130.35,0.4547
1935-10-07,130.77,0.3222
1935-10-08,130.06,-0.5429
1935-10-09,130.59,0.4075
1935-10-10,132.99,1.8378
1935-10-11,133.56,0.4286
1935-10-14,135.03,1.1006
1935-10-15,136.26,0.9109
1935-10-16,135.68,-0.4257
1935-10-17,135.57,-0.0811
1935-10-18,135.13,-0.3246
1935-10-19,137.09,1.4505
1935-10-21,138.96,1.3641
1935-10-22,138.77,-0.1367
1935-10-23,139.58,0.5837
1935-10-24,139.41,-0.1218
1935-10-25,140.68,0.911
1935-10-26,141.47,0.5616
1935-10-28,140.78,-0.4877
1935-10-29,140.49,-0.206
1935-10-30,139.35,-0.8114
1935-10-31,139.74,0.2799
1935-11-01,141.31,1.1235
1935-11-02,141.2,-0.0778
1935-11-04,141.07,-0.0921
1935-11-06,142.9,1.2972
1935-11-07,143.4,0.3499
1935-11-08,144.25,0.5927
1935-11-09,144.36,0.0763
1935-11-12,142.56,-1.2469
1935-11-13,143.59,0.7225
1935-11-14,145.59,1.3929
1935-11-15,146.32,0.5014
1935-11-16,147.31,0.6766
1935-11-18,147.06,-0.1697
1935-11-19,148.44,0.9384
1935-11-20,146.65,-1.2059
1935-11-21,147.37,0.491
1935-11-22,144.61,-1.8728
1935-11-23,146.12,1.0442
1935-11-25,144.72,-0.9581
1935-11-26,142.59,-1.4718
1935-11-27,143.38,0.554
1935-11-29,142.34,-0.7253
1935-11-30,142.35,0.007
1935-12-02,140.72,-1.1451
1935-12-03,143.58,2.0324
1935-12-04,144.04,0.3204
1935-12-05,143.72,-0.2222
1935-12-06,143.48,-0.167
1935-12-07,144.47,0.69
1935-12-09,144.1,-0.2561
1935-12-10,142.31,-1.2422
1935-12-11,142.84,0.3724
1935-12-12,141.34,-1.0501
1935-12-13,140.16,-0.8349
1935-12-14,140.38,0.157
1935-12-16,139.11,-0.9047
1935-12-17,140.6,1.0711
1935-12-18,140.1,-0.3556
1935-12-19,138.94,-0.828
1935-12-20,139.5,0.4031
1935-12-21,140.19,0.4946
1935-12-23,140.58,0.2782
1935-12-24,141.53,0.6758
1935-12-26,141.54,0.0071
1935-12-27,141.58,0.0283
1935-12-28,140.76,-0.5792
1935-12-30,143,1.5914
1935-12-31,144.13,0.7902
1936-01-02,144.13,0
1936-01-03,144.69,0.3885
1936-01-04,144.08,-0.4216
1936-01-06,143.11,-0.6732
1936-01-07,144.92,1.2648
1936-01-08,146.16,0.8556
1936-01-09,145.66,-0.3421
1936-01-10,147.08,0.9749
1936-01-11,146.73,-0.238
1936-01-13,146.52,-0.1431
1936-01-14,146.32,-0.1365
1936-01-15,145.66,-0.4511
1936-01-16,145.92,0.1785
1936-01-17,145.81,-0.0754
1936-01-18,144.93,-0.6035
1936-01-20,144.06,-0.6003
1936-01-21,143.5,-0.3887
1936-01-22,145.99,1.7352
1936-01-23,146.97,0.6713
1936-01-24,146.59,-0.2586
1936-01-25,147.01,0.2865
1936-01-27,147.3,0.1973
1936-01-28,146.94,-0.2444
1936-01-29,147.71,0.524
1936-01-30,146.98,-0.4942
1936-01-31,149.49,1.7077
1936-02-01,149.58,0.0602
1936-02-03,150.62,0.6953
1936-02-04,150.94,0.2125
1936-02-05,150.6,-0.2253
1936-02-06,150.86,0.1726
1936-02-07,150.17,-0.4574
1936-02-08,150.4,0.1532
1936-02-10,151.15,0.4987
1936-02-11,152.25,0.7278
1936-02-13,152.53,0.1839
1936-02-14,151.97,-0.3671
1936-02-15,152.4,0.283
1936-02-17,151.4,-0.6562
1936-02-18,153.36,1.2946
1936-02-19,153.09,-0.1761
1936-02-20,154.43,0.8753
1936-02-21,153.74,-0.4468
1936-02-24,152.74,-0.6504
1936-02-25,150.78,-1.2832
1936-02-26,149.81,-0.6433
1936-02-27,152.64,1.8891
1936-02-28,152.53,-0.0721
1936-02-29,152.15,-0.2491
1936-03-02,154.08,1.2685
1936-03-03,156.19,1.3694
1936-03-04,156.7,0.3265
1936-03-05,157.52,0.5233
1936-03-06,158.75,0.7809
1936-03-07,157.86,-0.5606
1936-03-09,153.5,-2.7619
1936-03-10,155.37,1.2182
1936-03-11,156.85,0.9526
1936-03-12,153.13,-2.3717
1936-03-13,150.42,-1.7697
1936-03-14,154.07,2.4265
1936-03-16,153.25,-0.5322
1936-03-17,156.34,2.0163
1936-03-18,155.82,-0.3326
1936-03-19,157.4,1.014
1936-03-20,157.41,0.0064
1936-03-21,156.42,-0.6289
1936-03-23,157.62,0.7672
1936-03-24,156.56,-0.6725
1936-03-25,157.88,0.8431
1936-03-26,157.73,-0.095
1936-03-27,155.52,-1.4011
1936-03-28,155.54,0.0129
1936-03-30,155.37,-0.1093
1936-03-31,156.34,0.6243
1936-04-01,158.96,1.6758
1936-04-02,160.43,0.9248
1936-04-03,160.09,-0.2119
1936-04-04,161.5,0.8808
1936-04-06,161.99,0.3034
1936-04-07,160.94,-0.6482
1936-04-08,160.97,0.0186
1936-04-09,160.25,-0.4473
1936-04-11,160.48,0.1435
1936-04-13,160.76,0.1745
1936-04-14,158.41,-1.4618
1936-04-15,159.61,0.7575
1936-04-16,158.49,-0.7017
1936-04-17,157.78,-0.448
1936-04-18,156.07,-1.0838
1936-04-20,152.4,-2.3515
1936-04-21,153.36,0.6299
1936-04-22,154.92,1.0172
1936-04-23,151.08,-2.4787
1936-04-24,151.54,0.3045
1936-04-25,151.93,0.2574
1936-04-27,147.05,-3.212
1936-04-28,146.75,-0.204
1936-04-29,143.65,-2.1124
1936-04-30,145.67,1.4062
1936-05-01,147.07,0.9611
1936-05-02,146.41,-0.4488
1936-05-04,146.96,0.3757
1936-05-05,148.56,1.0887
1936-05-06,149.73,0.7876
1936-05-07,147.14,-1.7298
1936-05-08,146.87,-0.1835
1936-05-09,147.85,0.6673
1936-05-11,146.85,-0.6764
1936-05-12,146.7,-0.1021
1936-05-13,147.9,0.818
1936-05-14,151.49,2.4273
1936-05-15,151.6,0.0726
1936-05-16,151.42,-0.1187
1936-05-18,150.35,-0.7066
1936-05-19,147.49,-1.9022
1936-05-20,148.94,0.9831
1936-05-21,148.8,-0.094
1936-05-22,149.58,0.5242
1936-05-23,150.65,0.7153
1936-05-25,150.83,0.1195
1936-05-26,152.26,0.9481
1936-05-27,152.57,0.2036
1936-05-28,151.77,-0.5243
1936-05-29,152.64,0.5732
1936-06-01,152.84,0.131
1936-06-02,151.97,-0.5692
1936-06-03,151.53,-0.2895
1936-06-04,149.39,-1.4123
1936-06-05,149.26,-0.087
1936-06-06,149.84,0.3886
1936-06-08,151.39,1.0344
1936-06-09,152.9,0.9974
1936-06-10,153.02,0.0785
1936-06-11,155.16,1.3985
1936-06-12,153.71,-0.9345
1936-06-13,154.64,0.605
1936-06-15,155.09,0.291
1936-06-16,156.7,1.0381
1936-06-17,156.97,0.1723
1936-06-18,157.38,0.2612
1936-06-19,156.53,-0.5401
1936-06-20,157.21,0.4344
1936-06-22,159.13,1.2213
1936-06-23,158.94,-0.1194
1936-06-24,160.66,1.0822
1936-06-25,158.64,-1.2573
1936-06-26,158.21,-0.2711
1936-06-27,158.46,0.158
1936-06-29,158.01,-0.284
1936-06-30,157.69,-0.2025
1936-07-01,158.38,0.4376
1936-07-02,157.51,-0.5493
1936-07-03,158.11,0.3809
1936-07-06,157.11,-0.6325
1936-07-07,155.6,-0.9611
1936-07-08,156.2,0.3856
1936-07-09,157.71,0.9667
1936-07-10,160.07,1.4964
1936-07-11,160.72,0.4061
1936-07-13,161.35,0.392
1936-07-14,162.8,0.8987
1936-07-15,163.24,0.2703
1936-07-16,163.64,0.245
1936-07-17,163.55,-0.055
1936-07-18,164.42,0.5319
1936-07-20,164.43,0.0061
1936-07-21,165.23,0.4865
1936-07-22,164.49,-0.4479
1936-07-23,164.61,0.073
1936-07-24,164.37,-0.1458
1936-07-25,165.56,0.724
1936-07-27,166.92,0.8215
1936-07-28,167.01,0.0539
1936-07-29,165.67,-0.8023
1936-07-30,165.98,0.1871
1936-07-31,164.86,-0.6748
1936-08-01,165.42,0.3397
1936-08-03,165.32,-0.0605
1936-08-04,165.41,0.0544
1936-08-05,165.07,-0.2055
1936-08-06,165.71,0.3877
1936-08-07,168.01,1.388
1936-08-08,169.1,0.6488
1936-08-10,168.8,-0.1774
1936-08-11,167.86,-0.5569
1936-08-12,169.05,0.7089
1936-08-13,167.64,-0.8341
1936-08-14,165.75,-1.1274
1936-08-15,165.86,0.0664
1936-08-17,165.38,-0.2894
1936-08-18,165.42,0.0242
1936-08-19,166.04,0.3748
1936-08-20,165.59,-0.271
1936-08-21,160.8,-2.8927
1936-08-22,162.14,0.8333
1936-08-24,163.78,1.0115
1936-08-25,164.34,0.3419
1936-08-26,163.32,-0.6207
1936-08-27,166.77,2.1124
1936-08-28,166.78,0.006
1936-08-29,166.91,0.0779
1936-08-31,166.29,-0.3715
1936-09-01,166.35,0.0361
1936-09-02,166.65,0.1803
1936-09-03,166.24,-0.246
1936-09-04,167.04,0.4812
1936-09-05,167.8,0.455
1936-09-08,169.55,1.0429
1936-09-09,168.5,-0.6193
1936-09-10,169,0.2967
1936-09-11,168.59,-0.2426
1936-09-12,168.02,-0.3381
1936-09-14,166.86,-0.6904
1936-09-15,166.44,-0.2517
1936-09-16,165.16,-0.769
1936-09-17,166.25,0.66
1936-09-18,167.76,0.9083
1936-09-19,168.93,0.6974
1936-09-21,168.9,-0.0178
1936-09-22,169.47,0.3375
1936-09-23,169.01,-0.2714
1936-09-24,169.14,0.0769
1936-09-25,166.36,-1.6436
1936-09-26,168.07,1.0279
1936-09-28,168.79,0.4284
1936-09-29,168.48,-0.1837
1936-09-30,167.82,-0.3917
1936-10-01,168.26,0.2622
1936-10-02,170.76,1.4858
1936-10-03,172.44,0.9838
1936-10-05,172.81,0.2146
1936-10-06,174.42,0.9317
1936-10-07,174.59,0.0975
1936-10-08,174.93,0.1947
1936-10-09,175.19,0.1486
1936-10-10,176.05,0.4909
1936-10-13,176.29,0.1363
1936-10-14,175.57,-0.4084
1936-10-15,175.22,-0.1994
1936-10-16,176.66,0.8218
1936-10-17,177.63,0.5491
1936-10-19,177.42,-0.1182
1936-10-20,176.78,-0.3607
1936-10-21,176.7,-0.0453
1936-10-22,174.9,-1.0187
1936-10-23,175.6,0.4002
1936-10-24,175.91,0.1765
1936-10-26,172.3,-2.0522
1936-10-27,174.36,1.1956
1936-10-28,174.84,0.2753
1936-10-29,176.31,0.8408
1936-10-30,177.15,0.4764
1936-10-31,177.19,0.0226
1936-11-02,176.67,-0.2935
1936-11-04,180.66,2.2584
1936-11-05,182.25,0.8801
1936-11-06,181.6,-0.3567
1936-11-07,183.38,0.9802
1936-11-09,183.65,0.1472
1936-11-10,184.01,0.196
1936-11-12,183.15,-0.4674
1936-11-13,182.24,-0.4969
1936-11-14,181.45,-0.4335
1936-11-16,182.65,0.6613
1936-11-17,184.9,1.2319
1936-11-18,184.44,-0.2488
1936-11-19,182.21,-1.2091
1936-11-20,180.74,-0.8068
1936-11-21,182.01,0.7027
1936-11-23,178.61,-1.868
1936-11-24,181.11,1.3997
1936-11-25,180.78,-0.1822
1936-11-27,182.81,1.1229
1936-11-28,183.32,0.279
1936-11-30,183.22,-0.0545
1936-12-01,182.05,-0.6386
1936-12-02,180.25,-0.9887
1936-12-03,181.29,0.577
1936-12-04,180.97,-0.1765
1936-12-05,181.05,0.0442
1936-12-07,180.13,-0.5081
1936-12-08,180.57,0.2443
1936-12-09,181.16,0.3267
1936-12-10,182.18,0.563
1936-12-11,181.1,-0.5928
1936-12-12,180.92,-0.0994
1936-12-14,181.87,0.5251
1936-12-15,181.97,0.055
1936-12-16,181.58,-0.2143
1936-12-17,180.78,-0.4406
1936-12-18,179.42,-0.7523
1936-12-19,177.61,-1.0088
1936-12-21,175.85,-0.9909
1936-12-22,177.3,0.8246
1936-12-23,178.36,0.5979
1936-12-24,178.6,0.1346
1936-12-28,177.12,-0.8287
1936-12-29,177.6,0.271
1936-12-30,180.57,1.6723
1936-12-31,179.9,-0.371
1937-01-02,178.52,-0.7671
1937-01-04,177.72,-0.4481
1937-01-05,179.07,0.7596
1937-01-06,178.92,-0.0838
1937-01-07,181.77,1.5929
1937-01-08,182.95,0.6492
1937-01-09,182.75,-0.1093
1937-01-11,183.26,0.2791
1937-01-12,183.3,0.0218
1937-01-13,183.01,-0.1582
1937-01-14,183.71,0.3825
1937-01-15,184.53,0.4464
1937-01-16,185.73,0.6503
1937-01-18,184.95,-0.42
1937-01-19,184.02,-0.5028
1937-01-20,185.96,1.0542
1937-01-21,186.9,0.5055
1937-01-22,186.53,-0.198
1937-01-23,186.69,0.0858
1937-01-25,185.62,-0.5731
1937-01-26,183.19,-1.3091
1937-01-27,183.97,0.4258
1937-01-28,183.41,-0.3044
1937-01-29,184.74,0.7252
1937-01-30,185.74,0.5413
1937-02-01,186.61,0.4684
1937-02-02,188.2,0.852
1937-02-03,188.69,0.2604
1937-02-04,188.39,-0.159
1937-02-05,186.01,-1.2633
1937-02-06,187.11,0.5914
1937-02-08,187.82,0.3795
1937-02-09,187.68,-0.0745
1937-02-10,189.35,0.8898
1937-02-11,190.29,0.4964
1937-02-13,190.03,-0.1366
1937-02-15,188.39,-0.863
1937-02-16,188.18,-0.1115
1937-02-17,187.98,-0.1063
1937-02-18,188.07,0.0479
1937-02-19,189.37,0.6912
1937-02-20,189.37,0
1937-02-23,186.5,-1.5156
1937-02-24,187.35,0.4558
1937-02-25,186.68,-0.3576
1937-02-26,187.17,0.2625
1937-02-27,187.3,0.0695
1937-03-01,187.68,0.2029
1937-03-02,189.91,1.1882
1937-03-03,192.91,1.5797
1937-03-04,191.63,-0.6635
1937-03-05,194.14,1.3098
1937-03-06,194.15,0.0052
1937-03-08,192.69,-0.752
1937-03-09,193.29,0.3114
1937-03-10,194.4,0.5743
1937-03-11,192.22,-1.1214
1937-03-12,191.24,-0.5098
1937-03-13,190.58,-0.3451
1937-03-15,189.41,-0.6139
1937-03-16,189.95,0.2851
1937-03-17,188.5,-0.7634
1937-03-18,184.73,-2
1937-03-19,184.56,-0.092
1937-03-20,184.04,-0.2818
1937-03-22,179.82,-2.293
1937-03-23,181.87,1.14
1937-03-24,184.32,1.3471
1937-03-25,184.08,-0.1302
1937-03-27,184.95,0.4726
1937-03-29,184.09,-0.465
1937-03-30,186.77,1.4558
1937-03-31,186.41,-0.1928
1937-04-01,185.19,-0.6545
1937-04-02,182.75,-1.3176
1937-04-03,183.54,0.4323
1937-04-05,184.19,0.3541
1937-04-06,182.98,-0.6569
1937-04-07,178.07,-2.6834
1937-04-08,178.18,0.0618
1937-04-09,178.94,0.4265
1937-04-10,178.26,-0.38
1937-04-12,179.74,0.8302
1937-04-13,182.1,1.313
1937-04-14,181.93,-0.0934
1937-04-15,181.19,-0.4067
1937-04-16,180.75,-0.2428
1937-04-17,180.51,-0.1328
1937-04-19,180.82,0.1717
1937-04-20,181.44,0.3429
1937-04-21,183.6,1.1905
1937-04-22,181.7,-1.0349
1937-04-23,178.54,-1.7391
1937-04-24,176.98,-0.8738
1937-04-26,171.97,-2.8308
1937-04-27,174.52,1.4828
1937-04-28,170.13,-2.5155
1937-04-29,170.52,0.2292
1937-04-30,174.27,2.1992
1937-05-01,174.42,0.0861
1937-05-03,174.59,0.0975
1937-05-04,176.3,0.9794
1937-05-05,174.67,-0.9246
1937-05-06,175.81,0.6527
1937-05-07,175.89,0.0455
1937-05-08,175.54,-0.199
1937-05-10,173.04,-1.4242
1937-05-11,172.55,-0.2832
1937-05-12,172.24,-0.1797
1937-05-13,167.46,-2.7752
1937-05-14,169.15,1.0092
1937-05-15,169.6,0.266
1937-05-17,167.84,-1.0377
1937-05-18,169.97,1.2691
1937-05-19,169.75,-0.1294
1937-05-20,173.59,2.2622
1937-05-21,173.83,0.1383
1937-05-22,175,0.6731
1937-05-24,175.59,0.3371
1937-05-25,173.79,-1.0251
1937-05-26,173.7,-0.0518
1937-05-27,174.19,0.2821
1937-05-28,174.71,0.2985
1937-06-01,171.59,-1.7858
1937-06-02,172.63,0.6061
1937-06-03,172.82,0.1101
1937-06-04,175.14,1.3424
1937-06-05,175,-0.0799
1937-06-07,173.88,-0.64
1937-06-08,174.33,0.2588
1937-06-09,173.47,-0.4933
1937-06-10,172.82,-0.3747
1937-06-11,170.77,-1.1862
1937-06-12,169.51,-0.7378
1937-06-14,165.51,-2.3597
1937-06-15,167.4,1.1419
1937-06-16,165.86,-0.92
1937-06-17,167.74,1.1335
1937-06-18,168.79,0.626
1937-06-19,168.6,-0.1126
1937-06-21,167.98,-0.3677
1937-06-22,168.2,0.131
1937-06-23,169.01,0.4816
1937-06-24,170.08,0.6331
1937-06-25,169.59,-0.2881
1937-06-26,168.45,-0.6722
1937-06-28,166.71,-1.0329
1937-06-29,167.11,0.2399
1937-06-30,169.32,1.3225
1937-07-01,170.13,0.4784
1937-07-02,172.22,1.2285
1937-07-06,176.8,2.6594
1937-07-07,177.74,0.5317
1937-07-08,177.7,-0.0225
1937-07-09,177.4,-0.1688
1937-07-10,176.72,-0.3833
1937-07-12,178.7,1.1204
1937-07-13,178.24,-0.2574
1937-07-14,178.57,0.1851
1937-07-15,179.71,0.6384
1937-07-16,179.53,-0.1002
1937-07-17,179.72,0.1058
1937-07-19,182.06,1.302
1937-07-20,183.32,0.6921
1937-07-21,182.35,-0.5291
1937-07-22,182.96,0.3345
1937-07-23,183.78,0.4482
1937-07-24,184.85,0.5822
1937-07-26,184.42,-0.2326
1937-07-27,184.24,-0.0976
1937-07-28,182.57,-0.9064
1937-07-29,183.01,0.241
1937-07-30,184.01,0.5464
1937-07-31,185.61,0.8695
1937-08-02,186.91,0.7004
1937-08-03,185.91,-0.535
1937-08-04,186.8,0.4787
1937-08-05,186.09,-0.3801
1937-08-06,185.43,-0.3547
1937-08-07,186.41,0.5285
1937-08-09,186.75,0.1824
1937-08-10,186.98,0.1232
1937-08-11,186.72,-0.1391
1937-08-12,187.62,0.482
1937-08-13,189.29,0.8901
1937-08-14,190.02,0.3857
1937-08-16,189.34,-0.3579
1937-08-17,188.68,-0.3486
1937-08-18,187.39,-0.6837
1937-08-19,185.28,-1.126
1937-08-20,182.95,-1.2576
1937-08-21,183.74,0.4318
1937-08-23,181.88,-1.0123
1937-08-24,182.39,0.2804
1937-08-25,181.7,-0.3783
1937-08-26,178.52,-1.7501
1937-08-27,175.91,-1.462
1937-08-28,175.93,0.0114
1937-08-30,177.88,1.1084
1937-08-31,177.41,-0.2642
1937-09-01,173.08,-2.4407
1937-09-02,170.84,-1.2942
1937-09-03,172.17,0.7785
1937-09-04,172.55,0.2207
1937-09-07,164.39,-4.7291
1937-09-08,163.37,-0.6205
1937-09-09,166.36,1.8302
1937-09-10,157.98,-5.0373
1937-09-11,159.96,1.2533
1937-09-13,158,-1.2253
1937-09-14,162.9,3.1013
1937-09-15,162.85,-0.0307
1937-09-16,164.75,1.1667
1937-09-17,162.15,-1.5781
1937-09-18,157.83,-2.6642
1937-09-20,155.56,-1.4383
1937-09-21,156.56,0.6428
1937-09-22,157.45,0.5685
1937-09-23,153.98,-2.2039
1937-09-24,147.38,-4.2863
1937-09-25,147.47,0.0611
1937-09-27,152.03,3.0922
1937-09-28,153.16,0.7433
1937-09-29,154.7,1.0055
1937-09-30,154.57,-0.084
1937-10-01,153.89,-0.4399
1937-10-02,154.08,0.1235
1937-10-04,152.19,-1.2266
1937-10-05,144.08,-5.3289
1937-10-06,147.18,2.1516
1937-10-07,146.59,-0.4009
1937-10-08,144.03,-1.7464
1937-10-09,143.93,-0.0694
1937-10-11,138.79,-3.5712
1937-10-13,138.2,-0.4251
1937-10-14,136.54,-1.2012
1937-10-15,135.48,-0.7763
1937-10-16,136.3,0.6053
1937-10-18,125.73,-7.755
1937-10-19,126.85,0.8908
1937-10-20,134.56,6.078
1937-10-21,135.48,0.6837
1937-10-22,132.26,-2.3767
1937-10-23,127.15,-3.8636
1937-10-25,134.43,5.7255
1937-10-26,132.78,-1.2274
1937-10-27,132.26,-0.3916
1937-10-28,135.22,2.238
1937-10-29,138.48,2.4109
1937-10-30,138.17,-0.2239
1937-11-01,135.94,-1.614
1937-11-03,130.14,-4.2666
1937-11-04,128.84,-0.9989
1937-11-05,128.92,0.0621
1937-11-06,125.25,-2.8467
1937-11-08,123.98,-1.014
1937-11-09,126.16,1.7583
1937-11-10,132.16,4.7559
1937-11-12,133.09,0.7037
1937-11-13,133.05,-0.0301
1937-11-15,129.22,-2.8786
1937-11-16,127.98,-0.9596
1937-11-17,127.54,-0.3438
1937-11-18,125.48,-1.6152
1937-11-19,118.13,-5.8575
1937-11-20,120.45,1.9639
1937-11-22,114.19,-5.1972
1937-11-23,115.78,1.3924
1937-11-24,113.64,-1.8483
1937-11-26,118.26,4.0655
1937-11-27,123.71,4.6085
1937-11-29,121.58,-1.7218
1937-11-30,123.48,1.5628
1937-12-01,122.11,-1.1095
1937-12-02,125.14,2.4814
1937-12-03,127.55,1.9258
1937-12-04,127.79,0.1882
1937-12-06,126.21,-1.2364
1937-12-07,128.31,1.6639
1937-12-08,129.8,1.1613
1937-12-09,128.15,-1.2712
1937-12-10,126.72,-1.1159
1937-12-11,126.83,0.0868
1937-12-13,122.83,-3.1538
1937-12-14,123.5,0.5455
1937-12-15,124.19,0.5587
1937-12-16,125.75,1.2561
1937-12-17,124.98,-0.6123
1937-12-18,126.63,1.3202
1937-12-20,129.08,1.9348
1937-12-21,129.98,0.6972
1937-12-22,128.55,-1.1002
1937-12-23,127.63,-0.7157
1937-12-24,127.36,-0.2115
1937-12-27,123.45,-3.07
1937-12-28,118.93,-3.6614
1937-12-29,120.15,1.0258
1937-12-30,121.56,1.1735
1937-12-31,120.85,-0.5841
1938-01-03,120.57,-0.2317
1938-01-04,124.61,3.3508
1938-01-05,124.66,0.0401
1938-01-06,128.97,3.4574
1938-01-07,128.21,-0.5893
1938-01-08,130.84,2.0513
1938-01-10,133.55,2.0712
1938-01-11,134.35,0.599
1938-01-12,133.22,-0.8411
1938-01-13,131.6,-1.216
1938-01-14,131.84,0.1824
1938-01-15,134.31,1.8735
1938-01-17,132.49,-1.3551
1938-01-18,131.53,-0.7246
1938-01-19,130.09,-1.0948
1938-01-20,132.33,1.7219
1938-01-21,130.69,-1.2393
1938-01-22,130,-0.528
1938-01-24,129.89,-0.0846
1938-01-25,128.33,-1.201
1938-01-26,123.23,-3.9741
1938-01-27,121.57,-1.3471
1938-01-28,120.66,-0.7485
1938-01-29,120.14,-0.431
1938-01-31,121.87,1.44
1938-02-01,123.97,1.7231
1938-02-02,123.06,-0.734
1938-02-03,118.49,-3.7136
1938-02-04,120.52,1.7132
1938-02-05,122.88,1.9582
1938-02-07,121.39,-1.2126
1938-02-08,125.52,3.4023
1938-02-09,125,-0.4143
1938-02-10,125.54,0.432
1938-02-11,124.94,-0.4779
1938-02-14,125.97,0.8244
1938-02-15,124.93,-0.8256
1938-02-16,124.9,-0.024
1938-02-17,127.59,2.1537
1938-02-18,126.29,-1.0189
1938-02-19,127.5,0.9581
1938-02-21,129.49,1.5608
1938-02-23,132.41,2.255
1938-02-24,130.85,-1.1782
1938-02-25,131.58,0.5579
1938-02-26,131.26,-0.2432
1938-02-28,129.64,-1.2342
1938-03-01,130.47,0.6402
1938-03-02,129.38,-0.8354
1938-03-03,128.22,-0.8966
1938-03-04,127.78,-0.3432
1938-03-05,127.67,-0.0861
1938-03-07,125.38,-1.7937
1938-03-08,125.33,-0.0399
1938-03-09,125.67,0.2713
1938-03-10,124.71,-0.7639
1938-03-11,122.44,-1.8202
1938-03-12,122.58,0.1143
1938-03-14,123.68,0.8974
1938-03-15,127.24,2.8784
1938-03-16,122.87,-3.4345
1938-03-17,122.03,-0.6836
1938-03-18,118.41,-2.9665
1938-03-19,120.43,1.7059
1938-03-21,120.29,-0.1163
1938-03-22,117.11,-2.6436
1938-03-23,114.38,-2.3311
1938-03-24,114.64,0.2273
1938-03-25,108.57,-5.2948
1938-03-26,106.63,-1.7869
1938-03-28,107.25,0.5814
1938-03-29,101.92,-4.9697
1938-03-30,100.97,-0.9321
1938-03-31,98.95,-2.0006
1938-04-01,103.02,4.1132
1938-04-02,106.11,2.9994
1938-04-04,105.58,-0.4995
1938-04-05,108.36,2.6331
1938-04-06,106.29,-1.9103
1938-04-07,105.43,-0.8091
1938-04-08,109.57,3.9268
1938-04-09,115.32,5.2478
1938-04-11,112.93,-2.0725
1938-04-12,113.88,0.8412
1938-04-13,114.85,0.8518
1938-04-14,116.82,1.7153
1938-04-16,121,3.5782
1938-04-18,118.99,-1.6612
1938-04-19,116.34,-2.2271
1938-04-20,114.9,-1.2378
1938-04-21,115.4,0.4352
1938-04-22,118.52,2.7036
1938-04-23,117.64,-0.7425
1938-04-25,116.23,-1.1986
1938-04-26,113.94,-1.9702
1938-04-27,115.25,1.1497
1938-04-28,111.98,-2.8373
1938-04-29,111.66,-0.2858
1938-04-30,111.28,-0.3403
1938-05-02,110.09,-1.0694
1938-05-03,112.71,2.3799
1938-05-04,113.88,1.0381
1938-05-05,113.46,-0.3688
1938-05-06,117.16,3.2611
1938-05-07,117.21,0.0427
1938-05-09,119.43,1.894
1938-05-10,117.93,-1.256
1938-05-11,118.52,0.5003
1938-05-12,118.55,0.0253
1938-05-13,116.87,-1.4171
1938-05-14,117.21,0.2909
1938-05-16,115.38,-1.5613
1938-05-17,116.36,0.8494
1938-05-18,117.02,0.5672
1938-05-19,115.28,-1.4869
1938-05-20,114.99,-0.2516
1938-05-21,113.25,-1.5132
1938-05-23,113.97,0.6358
1938-05-24,112.35,-1.4214
1938-05-25,110.6,-1.5576
1938-05-26,108.28,-2.0976
1938-05-27,107.98,-0.2771
1938-05-28,108.9,0.852
1938-05-31,107.74,-1.0652
1938-06-01,110.61,2.6638
1938-06-02,110.68,0.0633
1938-06-03,109.71,-0.8764
1938-06-04,111.82,1.9233
1938-06-06,113.19,1.2252
1938-06-07,113.12,-0.0618
1938-06-08,113.75,0.5569
1938-06-09,115.74,1.7495
1938-06-10,114.47,-1.0973
1938-06-11,114.23,-0.2097
1938-06-13,111.87,-2.066
1938-06-14,112.78,0.8134
1938-06-15,113.24,0.4079
1938-06-16,113.97,0.6446
1938-06-17,113.06,-0.7985
1938-06-18,113.23,0.1504
1938-06-20,118.61,4.7514
1938-06-21,121.34,2.3017
1938-06-22,123.99,2.1839
1938-06-23,127.4,2.7502
1938-06-24,129.06,1.303
1938-06-25,131.94,2.2315
1938-06-27,130.48,-1.1066
1938-06-28,130.38,-0.0766
1938-06-29,135.87,4.2108
1938-06-30,133.88,-1.4646
1938-07-01,136.53,1.9794
1938-07-02,138.53,1.4649
1938-07-05,136.52,-1.4509
1938-07-06,137.78,0.9229
1938-07-07,137.45,-0.2395
1938-07-08,135.66,-1.3023
1938-07-09,136.2,0.3981
1938-07-11,134.56,-1.2041
1938-07-12,137.49,2.1775
1938-07-13,136.9,-0.4291
1938-07-14,135.81,-0.7962
1938-07-15,137.3,1.0971
1938-07-16,138.53,0.8958
1938-07-18,140.39,1.3427
1938-07-19,143.67,2.3363
1938-07-20,141.84,-1.2738
1938-07-21,141.92,0.0564
1938-07-22,142.25,0.2325
1938-07-23,144.24,1.3989
1938-07-25,144.91,0.4645
1938-07-26,143.33,-1.0903
1938-07-27,140.24,-2.1559
1938-07-28,142.2,1.3976
1938-07-29,141.2,-0.7032
1938-07-30,141.25,0.0354
1938-08-01,140.37,-0.623
1938-08-02,141.97,1.1398
1938-08-03,141.73,-0.169
1938-08-04,142.13,0.2822
1938-08-05,144.47,1.6464
1938-08-06,145.67,0.8306
1938-08-08,144.33,-0.9199
1938-08-09,143.21,-0.776
1938-08-10,142.4,-0.5656
1938-08-11,139.32,-2.1629
1938-08-12,136.51,-2.0169
1938-08-13,136.22,-0.2124
1938-08-15,136.98,0.5579
1938-08-16,138.44,1.0658
1938-08-17,139.03,0.4262
1938-08-18,139.33,0.2158
1938-08-19,141.13,1.2919
1938-08-20,141.2,0.0496
1938-08-22,140.92,-0.1983
1938-08-23,143.7,1.9728
1938-08-24,143.53,-0.1183
1938-08-25,144.07,0.3762
1938-08-26,142.94,-0.7843
1938-08-27,141.95,-0.6926
1938-08-29,137.06,-3.4449
1938-08-30,138.26,0.8755
1938-08-31,139.27,0.7305
1938-09-01,138.36,-0.6534
1938-09-02,141.38,2.1827
1938-09-03,142.48,0.778
1938-09-06,141.47,-0.7089
1938-09-07,143.08,1.1381
1938-09-08,142.19,-0.622
1938-09-09,139.9,-1.6105
1938-09-10,138.29,-1.1508
1938-09-12,140.19,1.3739
1938-09-13,134.19,-4.2799
1938-09-14,132.93,-0.939
1938-09-15,136.22,2.475
1938-09-16,134.85,-1.0057
1938-09-17,131.82,-2.2469
1938-09-19,134.1,1.7296
1938-09-20,138.41,3.214
1938-09-21,139.29,0.6358
1938-09-22,137.35,-1.3928
1938-09-23,134.08,-2.3808
1938-09-24,133.02,-0.7906
1938-09-26,129.91,-2.338
1938-09-27,130.19,0.2155
1938-09-28,133.68,2.6807
1938-09-29,137.16,2.6032
1938-09-30,141.45,3.1277
1938-10-01,143.13,1.1877
1938-10-03,144.29,0.8105
1938-10-04,144.23,-0.0416
1938-10-05,148.32,2.8357
1938-10-06,148.1,-0.1483
1938-10-07,148.41,0.2093
1938-10-08,149.75,0.9029
1938-10-10,149.55,-0.1336
1938-10-11,149.41,-0.0936
1938-10-13,152.46,2.0414
1938-10-14,151.45,-0.6625
1938-10-15,151.96,0.3367
1938-10-17,150.81,-0.7568
1938-10-18,152.1,0.8554
1938-10-19,150.02,-1.3675
1938-10-20,151.52,0.9999
1938-10-21,152.15,0.4158
1938-10-22,154.11,1.2882
1938-10-24,154.12,0.0065
1938-10-25,154.17,0.0324
1938-10-26,152.4,-1.1481
1938-10-27,152.69,0.1903
1938-10-28,151.07,-1.061
1938-10-29,151.07,0
1938-10-31,151.73,0.4369
1938-11-01,151.39,-0.2241
1938-11-02,152.21,0.5416
1938-11-03,152.31,0.0657
1938-11-04,152.1,-0.1379
1938-11-05,152.12,0.0131
1938-11-07,154.91,1.8341
1938-11-09,158.08,2.0463
1938-11-10,157.47,-0.3859
1938-11-12,158.41,0.5969
1938-11-14,155.61,-1.7676
1938-11-15,154.66,-0.6105
1938-11-16,151.54,-2.0173
1938-11-17,152.78,0.8183
1938-11-18,149.93,-1.8654
1938-11-19,150.38,0.3001
1938-11-21,150.26,-0.0798
1938-11-22,149.56,-0.4659
1938-11-23,149.88,0.214
1938-11-25,150.1,0.1468
1938-11-26,148.45,-1.0993
1938-11-28,146.14,-1.5561
1938-11-29,147.07,0.6364
1938-11-30,149.82,1.8699
1938-12-01,148.63,-0.7943
1938-12-02,147.57,-0.7132
1938-12-03,147.5,-0.0474
1938-12-05,147.47,-0.0203
1938-12-06,148.33,0.5832
1938-12-07,148.73,0.2697
1938-12-08,147.63,-0.7396
1938-12-09,147.39,-0.1626
1938-12-10,148.31,0.6242
1938-12-12,148.65,0.2292
1938-12-13,149.59,0.6324
1938-12-14,151.83,1.4974
1938-12-15,151.82,-0.0066
1938-12-16,150.89,-0.6126
1938-12-17,150.36,-0.3512
1938-12-19,150.38,0.0133
1938-12-20,150.46,0.0532
1938-12-21,149.58,-0.5849
1938-12-22,150.53,0.6351
1938-12-23,151.39,0.5713
1938-12-24,151.38,-0.0066
1938-12-27,150.43,-0.6276
1938-12-28,151.45,0.6781
1938-12-29,153.62,1.4328
1938-12-30,154.36,0.4817
1938-12-31,154.76,0.2591
1939-01-03,153.64,-0.7237
1939-01-04,154.85,0.7876
1939-01-05,153.18,-1.0785
1939-01-06,152.87,-0.2024
1939-01-07,151.54,-0.87
1939-01-09,150.19,-0.8909
1939-01-10,150.48,0.1931
1939-01-11,148.65,-1.2161
1939-01-12,147.33,-0.888
1939-01-13,146.52,-0.5498
1939-01-14,148.26,1.1876
1939-01-16,148.26,0
1939-01-17,148.93,0.4519
1939-01-18,148.99,0.0403
1939-01-19,149.47,0.3222
1939-01-20,149.11,-0.2409
1939-01-21,146.76,-1.576
1939-01-23,141.32,-3.7067
1939-01-24,141.35,0.0212
1939-01-25,140.72,-0.4457
1939-01-26,136.42,-3.0557
1939-01-27,138.9,1.8179
1939-01-28,138.79,-0.0792
1939-01-30,141.56,1.9958
1939-01-31,143.76,1.5541
1939-02-01,142.43,-0.9252
1939-02-02,144.34,1.341
1939-02-03,143.55,-0.5473
1939-02-04,145.07,1.0589
1939-02-06,145.03,-0.0276
1939-02-07,144.1,-0.6412
1939-02-08,145.43,0.923
1939-02-09,143.99,-0.9902
1939-02-10,143.68,-0.2153
1939-02-11,144.61,0.6473
1939-02-14,144.13,-0.3319
1939-02-15,144.6,0.3261
1939-02-16,145.39,0.5463
1939-02-17,144.95,-0.3026
1939-02-18,145.51,0.3863
1939-02-20,142.74,-1.9036
1939-02-21,142.64,-0.0701
1939-02-23,142.93,0.2033
1939-02-24,145.44,1.7561
1939-02-25,146.82,0.9488
1939-02-27,146.62,-0.1362
1939-02-28,147.3,0.4638
1939-03-01,147.15,-0.1018
1939-03-02,146.96,-0.1291
1939-03-03,148.76,1.2248
1939-03-04,149.49,0.4907
1939-03-06,148.84,-0.4348
1939-03-07,149.37,0.3561
1939-03-08,151.42,1.3724
1939-03-09,151.33,-0.0594
1939-03-10,152.28,0.6278
1939-03-11,151.77,-0.3349
1939-03-13,150.79,-0.6457
1939-03-14,151.1,0.2056
1939-03-15,147.66,-2.2766
1939-03-16,147.54,-0.0813
1939-03-17,143.89,-2.4739
1939-03-18,141.68,-1.5359
1939-03-20,141.28,-0.2823
1939-03-21,143.41,1.5076
1939-03-22,139.51,-2.7195
1939-03-23,140.33,0.5878
1939-03-24,141.82,1.0618
1939-03-25,141.55,-0.1904
1939-03-27,141.14,-0.2897
1939-03-28,139.33,-1.2824
1939-03-29,139.75,0.3014
1939-03-30,136.69,-2.1896
1939-03-31,131.84,-3.5482
1939-04-01,132.83,0.7509
1939-04-03,132.25,-0.4366
1939-04-04,129.8,-1.8526
1939-04-05,130.34,0.416
1939-04-06,126.32,-3.0842
1939-04-08,121.44,-3.8632
1939-04-10,124.03,2.1327
1939-04-11,123.75,-0.2258
1939-04-12,126.15,1.9394
1939-04-13,127.51,1.0781
1939-04-14,126.2,-1.0274
1939-04-15,129.61,2.7021
1939-04-17,127.34,-1.7514
1939-04-18,125.38,-1.5392
1939-04-19,127.01,1.3
1939-04-20,128.41,1.1023
1939-04-21,128.71,0.2336
1939-04-22,128.55,-0.1243
1939-04-24,127.34,-0.9413
1939-04-25,127.36,0.0157
1939-04-26,128.56,0.9422
1939-04-27,129.78,0.949
1939-04-28,128.38,-1.0787
1939-04-29,128.45,0.0545
1939-05-01,127.83,-0.4827
1939-05-02,129.32,1.1656
1939-05-03,132.3,2.3044
1939-05-04,131.86,-0.3326
1939-05-05,131.47,-0.2958
1939-05-06,131.74,0.2054
1939-05-08,131.67,-0.0531
1939-05-09,133.67,1.5189
1939-05-10,132.82,-0.6359
1939-05-11,132.92,0.0753
1939-05-12,132.16,-0.5718
1939-05-13,132.4,0.1816
1939-05-15,132.65,0.1888
1939-05-16,129.86,-2.1033
1939-05-17,129.09,-0.5929
1939-05-18,129.43,0.2634
1939-05-19,130.38,0.734
1939-05-20,131.22,0.6443
1939-05-22,132.45,0.9374
1939-05-23,131.77,-0.5134
1939-05-24,135.04,2.4816
1939-05-25,135.53,0.3629
1939-05-26,136.09,0.4132
1939-05-27,136.8,0.5217
1939-05-29,137.8,0.731
1939-05-31,138.18,0.2758
1939-06-01,136.2,-1.4329
1939-06-02,136.74,0.3965
1939-06-03,137.12,0.2779
1939-06-05,137.06,-0.0438
1939-06-06,138.36,0.9485
1939-06-07,138.71,0.253
1939-06-08,138.49,-0.1586
1939-06-09,140.09,1.1553
1939-06-10,140.14,0.0357
1939-06-12,139.13,-0.7207
1939-06-13,138.2,-0.6684
1939-06-14,137.5,-0.5065
1939-06-15,134.41,-2.2473
1939-06-16,134.67,0.1934
1939-06-17,135.31,0.4752
1939-06-19,136.4,0.8056
1939-06-20,137.57,0.8578
1939-06-21,137.61,0.0291
1939-06-22,136.88,-0.5305
1939-06-23,137.42,0.3945
1939-06-24,137.36,-0.0437
1939-06-26,135.09,-1.6526
1939-06-27,135.42,0.2443
1939-06-28,132.83,-1.9126
1939-06-29,130.05,-2.0929
1939-06-30,130.63,0.446
1939-07-01,131.73,0.8421
1939-07-03,131.93,0.1518
1939-07-05,133.68,1.3265
1939-07-06,133.58,-0.0748
1939-07-07,133.22,-0.2695
1939-07-08,133.24,0.015
1939-07-10,133.79,0.4128
1939-07-11,134.56,0.5755
1939-07-12,136.98,1.7985
1939-07-13,138.02,0.7592
1939-07-14,137.57,-0.326
1939-07-15,137.88,0.2253
1939-07-17,142.58,3.4088
1939-07-18,143.76,0.8276
1939-07-19,142.64,-0.7791
1939-07-20,141.24,-0.9815
1939-07-21,143.46,1.5718
1939-07-22,144.71,0.8713
1939-07-24,144.18,-0.3662
1939-07-25,143.1,-0.7491
1939-07-26,143.82,0.5031
1939-07-27,144.51,0.4798
1939-07-28,144.11,-0.2768
1939-07-29,144,-0.0763
1939-07-31,143.26,-0.5139
1939-08-01,143.36,0.0698
1939-08-02,144.26,0.6278
1939-08-03,144.24,-0.0139
1939-08-04,141.73,-1.7402
1939-08-05,142.11,0.2681
1939-08-07,140.76,-0.95
1939-08-08,141.1,0.2415
1939-08-09,139.75,-0.9568
1939-08-10,137.25,-1.7889
1939-08-11,137.29,0.0291
1939-08-12,138.42,0.8231
1939-08-14,140.18,1.2715
1939-08-15,141.29,0.7918
1939-08-16,138.47,-1.9959
1939-08-17,138.33,-0.1011
1939-08-18,135.54,-2.0169
1939-08-19,135.11,-0.3172
1939-08-21,132.81,-1.7023
1939-08-22,135.07,1.7017
1939-08-23,131.82,-2.4062
1939-08-24,131.33,-0.3717
1939-08-25,133.73,1.8275
1939-08-26,136.39,1.9891
1939-08-28,134.66,-1.2684
1939-08-29,137.39,2.0273
1939-08-30,136.16,-0.8953
1939-08-31,134.41,-1.2853
1939-09-01,135.25,0.625
1939-09-02,138.09,2.0998
1939-09-05,148.12,7.2634
1939-09-06,148.04,-0.054
1939-09-07,148.32,0.1891
1939-09-08,150.04,1.1597
1939-09-09,150.91,0.5798
1939-09-11,155.12,2.7897
1939-09-12,155.92,0.5157
1939-09-13,154.1,-1.1673
1939-09-14,153.71,-0.2531
1939-09-15,154.03,0.2082
1939-09-16,152.15,-1.2205
1939-09-18,147.78,-2.8722
1939-09-19,152.14,2.9503
1939-09-20,152.25,0.0723
1939-09-21,153.48,0.8079
1939-09-22,152.57,-0.5929
1939-09-23,152.99,0.2753
1939-09-25,152.64,-0.2288
1939-09-26,153.54,0.5896
1939-09-27,153.08,-0.2996
1939-09-28,151.12,-1.2804
1939-09-29,150.16,-0.6353
1939-09-30,152.54,1.585
1939-10-02,151.41,-0.7408
1939-10-03,150.23,-0.7793
1939-10-04,150.25,0.0133
1939-10-05,150.48,0.1531
1939-10-06,150.61,0.0864
1939-10-07,149.6,-0.6706
1939-10-09,149.89,0.1939
1939-10-10,150.66,0.5137
1939-10-11,151.34,0.4513
1939-10-13,150.85,-0.3238
1939-10-14,150.38,-0.3116
1939-10-16,150.84,0.3059
1939-10-17,154.56,2.4662
1939-10-18,153.54,-0.6599
1939-10-19,153.36,-0.1172
1939-10-20,153,-0.2347
1939-10-21,153.86,0.5621
1939-10-23,153.71,-0.0975
1939-10-24,154.07,0.2342
1939-10-25,155.48,0.9152
1939-10-26,154.05,-0.9197
1939-10-27,153.46,-0.383
1939-10-28,153.12,-0.2216
1939-10-30,153.21,0.0588
1939-10-31,151.88,-0.8681
1939-11-01,151.6,-0.1844
1939-11-02,151.56,-0.0264
1939-11-03,152.64,0.7126
1939-11-04,152.36,-0.1834
1939-11-06,151.46,-0.5907
1939-11-08,150.35,-0.7329
1939-11-09,148.75,-1.0642
1939-11-10,149.09,0.2286
1939-11-13,149.07,-0.0134
1939-11-14,149.77,0.4696
1939-11-15,149.53,-0.1602
1939-11-16,151.15,1.0834
1939-11-17,151,-0.0992
1939-11-18,151.53,0.351
1939-11-20,151.69,0.1056
1939-11-21,150.98,-0.4681
1939-11-22,150.34,-0.4239
1939-11-24,148.47,-1.2438
1939-11-25,148.64,0.1145
1939-11-27,148.59,-0.0336
1939-11-28,148.31,-0.1884
1939-11-29,146.89,-0.9575
1939-11-30,145.69,-0.8169
1939-12-01,146.54,0.5834
1939-12-02,146.62,0.0546
1939-12-04,146.34,-0.191
1939-12-05,146.49,0.1025
1939-12-06,148.7,1.5086
1939-12-07,148.76,0.0403
1939-12-08,147.86,-0.605
1939-12-09,147.93,0.0473
1939-12-11,147.05,-0.5949
1939-12-12,146.93,-0.0816
1939-12-13,148.94,1.368
1939-12-14,148.93,-0.0067
1939-12-15,149.64,0.4767
1939-12-16,149.36,-0.1871
1939-12-18,149.22,-0.0937
1939-12-19,148.93,-0.1943
1939-12-20,149.13,0.1343
1939-12-21,149.1,-0.0201
1939-12-22,149.59,0.3286
1939-12-23,149.85,0.1738
1939-12-26,149.27,-0.3871
1939-12-27,148.52,-0.5024
1939-12-28,149.48,0.6464
1939-12-29,149.99,0.3412
1939-12-30,150.24,0.1667
1940-01-02,151.43,0.7921
1940-01-03,152.8,0.9047
1940-01-04,152.43,-0.2421
1940-01-05,151.54,-0.5839
1940-01-06,151.19,-0.231
1940-01-08,151.34,0.0992
1940-01-09,149.84,-0.9911
1940-01-10,150.15,0.2069
1940-01-11,148.23,-1.2787
1940-01-12,145.96,-1.5314
1940-01-13,145.19,-0.5275
1940-01-15,144.65,-0.3719
1940-01-16,145.67,0.7052
1940-01-17,145.81,0.0961
1940-01-18,145.61,-0.1372
1940-01-19,145.86,0.1717
1940-01-20,145.64,-0.1508
1940-01-22,145.13,-0.3502
1940-01-23,145.49,0.2481
1940-01-24,147,1.0379
1940-01-25,146.29,-0.483
1940-01-26,146.61,0.2187
1940-01-27,146.51,-0.0682
1940-01-29,146.26,-0.1706
1940-01-30,145.63,-0.4307
1940-01-31,145.33,-0.206
1940-02-01,145.23,-0.0688
1940-02-02,145.33,0.0689
1940-02-03,145.59,0.1789
1940-02-05,145,-0.4052
1940-02-06,145.93,0.6414
1940-02-07,146.63,0.4797
1940-02-08,148.4,1.2071
1940-02-09,148.94,0.3639
1940-02-10,148.84,-0.0671
1940-02-13,148.78,-0.0403
1940-02-14,148.33,-0.3025
1940-02-15,148.46,0.0876
1940-02-16,148.2,-0.1751
1940-02-17,148.72,0.3509
1940-02-19,148.46,-0.1748
1940-02-20,148.65,0.128
1940-02-21,148.34,-0.2085
1940-02-23,147.35,-0.6674
1940-02-24,146.72,-0.4276
1940-02-26,146.44,-0.1908
1940-02-27,146.17,-0.1844
1940-02-28,146.56,0.2668
1940-02-29,146.54,-0.0136
1940-03-01,146.23,-0.2115
1940-03-02,146.33,0.0684
1940-03-04,146.43,0.0683
1940-03-05,146.89,0.3141
1940-03-06,147.97,0.7352
1940-03-07,148.32,0.2365
1940-03-08,148.07,-0.1686
1940-03-09,148.14,0.0473
1940-03-11,148.15,0.0068
1940-03-12,148.37,0.1485
1940-03-13,148.32,-0.0337
1940-03-14,148.11,-0.1416
1940-03-15,146.53,-1.0668
1940-03-16,145.76,-0.5255
1940-03-18,145.59,-0.1166
1940-03-19,146.43,0.577
1940-03-20,146.91,0.3278
1940-03-21,146.73,-0.1225
1940-03-23,146.73,0
1940-03-25,146.25,-0.3271
1940-03-26,145.86,-0.2667
1940-03-27,147.47,1.1038
1940-03-28,147.25,-0.1492
1940-03-29,147.54,0.1969
1940-03-30,147.95,0.2779
1940-04-01,147.72,-0.1555
1940-04-02,147.92,0.1354
1940-04-03,149.65,1.1696
1940-04-04,150.41,0.5079
1940-04-05,150.36,-0.0332
1940-04-06,151.1,0.4922
1940-04-08,151.29,0.1257
1940-04-09,150.31,-0.6478
1940-04-10,149.59,-0.479
1940-04-11,149.98,0.2607
1940-04-12,149.2,-0.5201
1940-04-13,149.66,0.3083
1940-04-15,149.72,0.0401
1940-04-16,148.18,-1.0286
1940-04-17,148.35,0.1147
1940-04-18,147.15,-0.8089
1940-04-19,146.8,-0.2379
1940-04-20,147.67,0.5926
1940-04-22,148.01,0.2302
1940-04-23,148.93,0.6216
1940-04-24,148.45,-0.3223
1940-04-25,148.56,0.0741
1940-04-26,147.73,-0.5587
1940-04-27,148.12,0.264
1940-04-29,148.41,0.1958
1940-04-30,148.43,0.0135
1940-05-01,147.13,-0.8758
1940-05-02,147.76,0.4282
1940-05-03,147.65,-0.0744
1940-05-04,147.55,-0.0677
1940-05-06,147.33,-0.1491
1940-05-07,147.74,0.2783
1940-05-08,147.96,0.1489
1940-05-09,148.17,0.1419
1940-05-10,144.77,-2.2947
1940-05-11,144.85,0.0553
1940-05-13,137.63,-4.9845
1940-05-14,128.27,-6.8008
1940-05-15,129.08,0.6315
1940-05-16,130.43,1.0459
1940-05-17,124.2,-4.7765
1940-05-18,122.43,-1.4251
1940-05-20,122.43,0
1940-05-21,114.13,-6.7794
1940-05-22,114.75,0.5432
1940-05-23,114.71,-0.0349
1940-05-24,113.94,-0.6713
1940-05-25,114.75,0.7109
1940-05-27,116.35,1.3943
1940-05-28,114.26,-1.7963
1940-05-29,115.24,0.8577
1940-05-31,116.22,0.8504
1940-06-01,115.67,-0.4732
1940-06-03,114.73,-0.8127
1940-06-04,115.79,0.9239
1940-06-05,113.25,-2.1936
1940-06-06,114.48,1.0861
1940-06-07,115.67,1.0395
1940-06-08,115.36,-0.268
1940-06-10,111.84,-3.0513
1940-06-11,115.97,3.6928
1940-06-12,121.46,4.734
1940-06-13,119.91,-1.2761
1940-06-14,122.27,1.9681
1940-06-15,123.36,0.8915
1940-06-17,122.8,-0.454
1940-06-18,123.21,0.3339
1940-06-19,123.86,0.5276
1940-06-20,122.35,-1.2191
1940-06-21,122.61,0.2125
1940-06-22,122.83,0.1794
1940-06-24,123.76,0.7571
1940-06-25,121.05,-2.1897
1940-06-26,119.73,-1.0905
1940-06-27,120.69,0.8018
1940-06-28,122.06,1.1351
1940-06-29,121.87,-0.1557
1940-07-01,121.12,-0.6154
1940-07-02,120.96,-0.1321
1940-07-03,120.96,0
1940-07-05,121.51,0.4547
1940-07-06,121.59,0.0658
1940-07-08,121.63,0.0329
1940-07-09,121.6,-0.0247
1940-07-10,121.49,-0.0905
1940-07-11,121.58,0.0741
1940-07-12,121.63,0.0411
1940-07-13,121.48,-0.1233
1940-07-15,121.72,0.1976
1940-07-16,123.12,1.1502
1940-07-17,122.82,-0.2437
1940-07-18,123,0.1466
1940-07-19,122.18,-0.6667
1940-07-20,121.87,-0.2537
1940-07-22,122.06,0.1559
1940-07-23,122.23,0.1393
1940-07-24,121.64,-0.4827
1940-07-25,121.93,0.2384
1940-07-26,122.05,0.0984
1940-07-27,122.45,0.3277
1940-07-29,123.15,0.5717
1940-07-30,125.97,2.2899
1940-07-31,126.14,0.135
1940-08-01,126.13,-0.0079
1940-08-02,126.37,0.1903
1940-08-03,126.36,-0.0079
1940-08-05,126.44,0.0633
1940-08-06,125.27,-0.9253
1940-08-07,125.12,-0.1197
1940-08-08,125.13,0.008
1940-08-09,126.4,1.0149
1940-08-10,126.99,0.4668
1940-08-12,127.26,0.2126
1940-08-13,122.98,-3.3632
1940-08-14,122.25,-0.5936
1940-08-15,123.04,0.6462
1940-08-16,121.28,-1.4304
1940-08-17,121.98,0.5772
1940-08-19,122.06,0.0656
1940-08-20,123.17,0.9094
1940-08-21,125.07,1.5426
1940-08-22,126.46,1.1114
1940-08-23,125.34,-0.8857
1940-08-24,125.48,0.1117
1940-08-26,125.71,0.1833
1940-08-27,125.33,-0.3023
1940-08-28,126.87,1.2288
1940-08-29,126.87,0
1940-08-30,128.88,1.5843
1940-08-31,129.42,0.419
1940-09-03,129.74,0.2473
1940-09-04,132.16,1.8653
1940-09-05,134.1,1.4679
1940-09-06,133.12,-0.7308
1940-09-07,132.78,-0.2554
1940-09-09,129.73,-2.297
1940-09-10,129.61,-0.0925
1940-09-11,129.36,-0.1929
1940-09-12,127.87,-1.1518
1940-09-13,127.74,-0.1017
1940-09-14,128.38,0.501
1940-09-16,129.44,0.8257
1940-09-17,130.43,0.7648
1940-09-18,131.28,0.6517
1940-09-19,131.34,0.0457
1940-09-20,131.61,0.2056
1940-09-21,132.45,0.6382
1940-09-23,135.1,2.0008
1940-09-24,134.44,-0.4885
1940-09-25,134.15,-0.2157
1940-09-26,133.5,-0.4845
1940-09-27,131.76,-1.3034
1940-09-28,132.32,0.425
1940-09-30,132.64,0.2418
1940-10-01,134.33,1.2741
1940-10-02,134.97,0.4764
1940-10-03,135.09,0.0889
1940-10-04,133.79,-0.9623
1940-10-05,133.9,0.0822
1940-10-07,133.51,-0.2913
1940-10-08,131.31,-1.6478
1940-10-09,130.54,-0.5864
1940-10-10,130.39,-0.1149
1940-10-11,131.04,0.4985
1940-10-14,130.73,-0.2366
1940-10-15,131.48,0.5737
1940-10-16,131.97,0.3727
1940-10-17,132.49,0.394
1940-10-18,132.45,-0.0302
1940-10-19,132.18,-0.2039
1940-10-21,131.37,-0.6128
1940-10-22,131.98,0.4643
1940-10-23,132.4,0.3182
1940-10-24,131.36,-0.7855
1940-10-25,131.16,-0.1523
1940-10-26,132.26,0.8387
1940-10-28,131.77,-0.3705
1940-10-29,132.19,0.3187
1940-10-30,132.98,0.5976
1940-10-31,134.61,1.2257
1940-11-01,134.41,-0.1486
1940-11-02,134.85,0.3274
1940-11-04,135.21,0.267
1940-11-06,131.98,-2.3889
1940-11-07,137.75,4.3719
1940-11-08,136.64,-0.8058
1940-11-09,138.12,1.0831
1940-11-12,137.41,-0.514
1940-11-13,136.61,-0.5822
1940-11-14,136.97,0.2635
1940-11-15,135.59,-1.0075
1940-11-16,134.73,-0.6343
1940-11-18,134.74,0.0074
1940-11-19,134.48,-0.193
1940-11-20,132.22,-1.6805
1940-11-22,131.74,-0.363
1940-11-23,131.47,-0.2049
1940-11-25,131.96,0.3727
1940-11-26,131.94,-0.0152
1940-11-27,129.78,-1.6371
1940-11-28,130.14,0.2774
1940-11-29,130.03,-0.0845
1940-11-30,131,0.746
1940-12-02,130.93,-0.0534
1940-12-03,130.78,-0.1146
1940-12-04,130.75,-0.0229
1940-12-05,129.96,-0.6042
1940-12-06,130.33,0.2847
1940-12-07,131.29,0.7366
1940-12-09,131.46,0.1295
1940-12-10,131.37,-0.0685
1940-12-11,131.76,0.2969
1940-12-12,132.14,0.2884
1940-12-13,132.35,0.1589
1940-12-14,132.31,-0.0302
1940-12-16,131.07,-0.9372
1940-12-17,130.53,-0.412
1940-12-18,129.42,-0.8504
1940-12-19,128.84,-0.4482
1940-12-20,128.87,0.0233
1940-12-21,128.89,0.0155
1940-12-23,128.41,-0.3724
1940-12-24,128.89,0.3738
1940-12-26,129.02,0.1009
1940-12-27,129.51,0.3798
1940-12-28,130.11,0.4633
1940-12-30,131.04,0.7148
1940-12-31,131.13,0.0687
1941-01-02,130.57,-0.4271
1941-01-03,132.01,1.1029
1941-01-04,132.4,0.2954
1941-01-06,132.83,0.3248
1941-01-07,133.02,0.143
1941-01-08,133.02,0
1941-01-09,133.39,0.2782
1941-01-10,133.57,0.1349
1941-01-11,133.59,0.015
1941-01-13,133.25,-0.2545
1941-01-14,132.44,-0.6079
1941-01-15,131.51,-0.7022
1941-01-16,129.93,-1.2014
1941-01-17,129.54,-0.3002
1941-01-18,129.75,0.1621
1941-01-20,129.24,-0.3931
1941-01-21,128.2,-0.8047
1941-01-22,128.65,0.351
1941-01-23,128.34,-0.241
1941-01-24,128.52,0.1403
1941-01-25,128.96,0.3424
1941-01-27,129.03,0.0543
1941-01-28,128.6,-0.3333
1941-01-29,126,-2.0218
1941-01-30,124.05,-1.5476
1941-01-31,124.13,0.0645
1941-02-01,123.28,-0.6848
1941-02-03,122.67,-0.4948
1941-02-04,122.63,-0.0326
1941-02-05,124.14,1.2313
1941-02-06,124.76,0.4994
1941-02-07,124.3,-0.3687
1941-02-08,124.71,0.3298
1941-02-10,124.19,-0.417
1941-02-11,122.61,-1.2722
1941-02-13,121.1,-1.2315
1941-02-14,117.66,-2.8406
1941-02-15,118.55,0.7564
1941-02-17,119.18,0.5314
1941-02-18,118.98,-0.1678
1941-02-19,117.94,-0.8741
1941-02-20,119.99,1.7382
1941-02-21,120.24,0.2084
1941-02-24,121.49,1.0396
1941-02-25,122.4,0.749
1941-02-26,122.39,-0.0082
1941-02-27,121.87,-0.4249
1941-02-28,121.97,0.0821
1941-03-01,121.86,-0.0902
1941-03-03,120.88,-0.8042
1941-03-04,121.16,0.2316
1941-03-05,120.3,-0.7098
1941-03-06,121.63,1.1056
1941-03-07,121.59,-0.0329
1941-03-08,121.47,-0.0987
1941-03-10,123.64,1.7864
1941-03-11,123.27,-0.2993
1941-03-12,123.19,-0.0649
1941-03-13,122.56,-0.5114
1941-03-14,122.75,0.155
1941-03-15,123.4,0.5295
1941-03-17,123.46,0.0486
1941-03-18,123.92,0.3726
1941-03-19,123.55,-0.2986
1941-03-20,123.6,0.0405
1941-03-21,122.47,-0.9142
1941-03-22,121.92,-0.4491
1941-03-24,122.39,0.3855
1941-03-25,122.78,0.3187
1941-03-26,122.7,-0.0652
1941-03-27,123.33,0.5134
1941-03-28,122.68,-0.527
1941-03-29,122.37,-0.2527
1941-03-31,122.72,0.286
1941-04-01,123.26,0.44
1941-04-02,123.43,0.1379
1941-04-03,124.65,0.9884
1941-04-04,124.64,-0.008
1941-04-05,124.32,-0.2567
1941-04-07,123.64,-0.547
1941-04-08,121.21,-1.9654
1941-04-09,119.85,-1.122
1941-04-10,119.66,-0.1585
1941-04-12,118.6,-0.8858
1941-04-14,118.89,0.2445
1941-04-15,118.59,-0.2523
1941-04-16,118.6,0.0084
1941-04-17,118.16,-0.371
1941-04-18,116.28,-1.5911
1941-04-19,116.15,-0.1118
1941-04-21,116.06,-0.0775
1941-04-22,115.78,-0.2413
1941-04-23,116.59,0.6996
1941-04-24,117.35,0.6519
1941-04-25,116.58,-0.6562
1941-04-26,116.43,-0.1287
1941-04-28,116.63,0.1718
1941-04-29,116.73,0.0857
1941-04-30,115.54,-1.0194
1941-05-01,115.3,-0.2077
1941-05-02,115.72,0.3643
1941-05-03,115.55,-0.1469
1941-05-05,115.84,0.251
1941-05-06,117.1,1.0877
1941-05-07,116.87,-0.1964
1941-05-08,116.34,-0.4535
1941-05-09,116.46,0.1031
1941-05-10,117.54,0.9274
1941-05-12,117.14,-0.3403
1941-05-13,117.21,0.0598
1941-05-14,117.01,-0.1706
1941-05-15,115.73,-1.0939
1941-05-16,115.86,0.1123
1941-05-17,116.11,0.2158
1941-05-19,116.15,0.0345
1941-05-20,117.65,1.2914
1941-05-21,117.82,0.1445
1941-05-22,116.81,-0.8572
1941-05-23,116.73,-0.0685
1941-05-24,116.64,-0.0771
1941-05-26,115.73,-0.7802
1941-05-27,115.95,0.1901
1941-05-28,116.16,0.1811
1941-05-29,116.23,0.0603
1941-05-31,115.76,-0.4044
1941-06-02,116.18,0.3628
1941-06-03,117.38,1.0329
1941-06-04,117.68,0.2556
1941-06-05,118.13,0.3824
1941-06-06,118,-0.11
1941-06-07,118.89,0.7542
1941-06-09,120.16,1.0682
1941-06-10,121.89,1.4397
1941-06-11,122.18,0.2379
1941-06-12,122.98,0.6548
1941-06-13,122.31,-0.5448
1941-06-14,122.04,-0.2208
1941-06-16,121.95,-0.0737
1941-06-17,123.12,0.9594
1941-06-18,123.5,0.3086
1941-06-19,123.48,-0.0162
1941-06-20,122.19,-1.0447
1941-06-21,122.51,0.2619
1941-06-23,123.97,1.1917
1941-06-24,123.24,-0.5889
1941-06-25,123.52,0.2272
1941-06-26,123.96,0.3562
1941-06-27,123.46,-0.4034
1941-06-28,123.4,-0.0486
1941-06-30,123.14,-0.2107
1941-07-01,122.85,-0.2355
1941-07-02,123.58,0.5942
1941-07-03,124.04,0.3722
1941-07-05,124.18,0.1129
1941-07-07,126.16,1.5945
1941-07-08,127.64,1.1731
1941-07-09,127.63,-0.0078
1941-07-10,127.78,0.1175
1941-07-11,127.9,0.0939
1941-07-12,127.8,-0.0782
1941-07-14,127.89,0.0704
1941-07-15,128.19,0.2346
1941-07-16,127.83,-0.2808
1941-07-17,127.14,-0.5398
1941-07-18,127.69,0.4326
1941-07-19,127.98,0.2271
1941-07-21,129.51,1.1955
1941-07-22,129.58,0.054
1941-07-23,129.16,-0.3241
1941-07-24,128.59,-0.4413
1941-07-25,128.06,-0.4122
1941-07-26,128.7,0.4998
1941-07-28,130.06,1.0567
1941-07-29,129.19,-0.6689
1941-07-30,128.95,-0.1858
1941-07-31,128.79,-0.1241
1941-08-01,128.22,-0.4426
1941-08-02,128.21,-0.0078
1941-08-04,128.17,-0.0312
1941-08-05,128.14,-0.0234
1941-08-06,128.1,-0.0312
1941-08-07,128.09,-0.0078
1941-08-08,127.48,-0.4762
1941-08-09,126.4,-0.8472
1941-08-11,126.01,-0.3085
1941-08-12,125.81,-0.1587
1941-08-13,125.65,-0.1272
1941-08-14,125.96,0.2467
1941-08-15,124.9,-0.8415
1941-08-16,125.05,0.1201
1941-08-18,125.62,0.4558
1941-08-19,125.57,-0.0398
1941-08-20,126.01,0.3504
1941-08-21,125.99,-0.0159
1941-08-22,125.84,-0.1191
1941-08-23,125.91,0.0556
1941-08-25,125.86,-0.0397
1941-08-26,126.56,0.5562
1941-08-27,127.08,0.4109
1941-08-28,127.77,0.543
1941-08-29,127.43,-0.2661
1941-08-30,127.7,0.2119
1941-09-02,128.31,0.4777
1941-09-03,127.91,-0.3117
1941-09-04,127.51,-0.3127
1941-09-05,127.17,-0.2666
1941-09-06,127.26,0.0708
1941-09-08,127.51,0.1964
1941-09-09,127.43,-0.0627
1941-09-10,126.53,-0.7063
1941-09-11,127.15,0.49
1941-09-12,127.18,0.0236
1941-09-13,127.28,0.0786
1941-09-15,127.2,-0.0629
1941-09-16,127.43,0.1808
1941-09-17,129.32,1.4832
1941-09-18,128.77,-0.4253
1941-09-19,127.95,-0.6368
1941-09-20,127.54,-0.3204
1941-09-22,127.64,0.0784
1941-09-23,128.03,0.3055
1941-09-24,127.54,-0.3827
1941-09-25,126.38,-0.9095
1941-09-26,125.81,-0.451
1941-09-27,126.03,0.1749
1941-09-29,126.05,0.0159
1941-09-30,126.82,0.6109
1941-10-01,126.85,0.0237
1941-10-02,126.15,-0.5518
1941-10-03,126.06,-0.0713
1941-10-04,126.1,0.0317
1941-10-06,125.83,-0.2141
1941-10-07,124.42,-1.1206
1941-10-08,124.13,-0.2331
1941-10-09,122.53,-1.289
1941-10-10,122.46,-0.0571
1941-10-11,122.63,0.1388
1941-10-14,121.82,-0.6605
1941-10-15,120.52,-1.0671
1941-10-16,118.52,-1.6595
1941-10-17,119.15,0.5316
1941-10-18,120.1,0.7973
1941-10-20,120.13,0.025
1941-10-21,121.07,0.7825
1941-10-22,120.56,-0.4212
1941-10-23,120.47,-0.0747
1941-10-24,121.18,0.5894
1941-10-25,120.73,-0.3713
1941-10-27,119.43,-1.0768
1941-10-28,119.6,0.1423
1941-10-29,119.37,-0.1923
1941-10-30,119.18,-0.1592
1941-10-31,117.82,-1.1411
1941-11-01,118.11,0.2461
1941-11-03,118.87,0.6435
1941-11-05,119.85,0.8244
1941-11-06,118.84,-0.8427
1941-11-07,118.33,-0.4291
1941-11-08,118.26,-0.0592
1941-11-10,117.45,-0.6849
1941-11-12,115.44,-1.7114
1941-11-13,115.67,0.1992
1941-11-14,116.81,0.9856
1941-11-15,116.72,-0.077
1941-11-17,116.2,-0.4455
1941-11-18,115.87,-0.284
1941-11-19,116.68,0.6991
1941-11-21,117.05,0.3171
1941-11-22,117.04,-0.0085
1941-11-24,117.3,0.2221
1941-11-25,116.96,-0.2899
1941-11-26,115.93,-0.8806
1941-11-27,115.64,-0.2502
1941-11-28,114.66,-0.8475
1941-11-29,114.23,-0.375
1941-12-01,113.59,-0.5603
1941-12-02,115.57,1.7431
1941-12-03,116.65,0.9345
1941-12-04,116.6,-0.0429
1941-12-05,115.9,-0.6003
1941-12-06,116.6,0.604
1941-12-08,112.53,-3.4906
1941-12-09,109.27,-2.897
1941-12-10,109.01,-0.2379
1941-12-11,110.91,1.743
1941-12-12,110.58,-0.2975
1941-12-13,110.73,0.1356
1941-12-15,111.15,0.3793
1941-12-16,110.86,-0.2609
1941-12-17,109.36,-1.3531
1941-12-18,108.21,-1.0516
1941-12-19,108.28,0.0647
1941-12-20,107.81,-0.4341
1941-12-22,106.59,-1.1316
1941-12-23,106.34,-0.2345
1941-12-24,106.67,0.3103
1941-12-26,106.95,0.2625
1941-12-27,107.54,0.5517
1941-12-29,107.56,0.0186
1941-12-30,111.32,3.4957
1941-12-31,110.96,-0.3234
1942-01-02,112.77,1.6312
1942-01-03,113.75,0.869
1942-01-05,114.22,0.4132
1942-01-06,113.99,-0.2014
1942-01-07,113.1,-0.7808
1942-01-08,111.55,-1.3705
1942-01-09,111.02,-0.4751
1942-01-10,110.54,-0.4324
1942-01-12,110.65,0.0995
1942-01-13,112.44,1.6177
1942-01-14,112.59,0.1334
1942-01-15,112.59,0
1942-01-16,111.25,-1.1902
1942-01-17,110.68,-0.5124
1942-01-19,110.81,0.1175
1942-01-20,110.45,-0.3249
1942-01-21,109.06,-1.2585
1942-01-22,108.94,-0.11
1942-01-23,109.12,0.1652
1942-01-24,109.42,0.2749
1942-01-26,110.67,1.1424
1942-01-27,110.68,0.009
1942-01-28,110.15,-0.4789
1942-01-29,109.9,-0.227
1942-01-30,109.41,-0.4459
1942-01-31,109.11,-0.2742
1942-02-02,109.47,0.3299
1942-02-03,109.99,0.475
1942-02-04,110.8,0.7364
1942-02-05,110.44,-0.3249
1942-02-06,109.47,-0.8783
1942-02-07,109.56,0.0822
1942-02-09,108.12,-1.3143
1942-02-10,106.75,-1.2671
1942-02-11,106.51,-0.2248
1942-02-13,106.73,0.2066
1942-02-14,107.3,0.5341
1942-02-16,107.31,0.0093
1942-02-17,105.4,-1.7799
1942-02-18,105.35,-0.0474
1942-02-19,105.57,0.2088
1942-02-20,105.1,-0.4452
1942-02-21,105.38,0.2664
1942-02-24,106,0.5883
1942-02-25,105.64,-0.3396
1942-02-26,105.88,0.2272
1942-02-27,106.58,0.6611
1942-02-28,106.79,0.197
1942-03-02,105.75,-0.9739
1942-03-03,106.97,1.1537
1942-03-04,105.99,-0.9161
1942-03-05,104.55,-1.3586
1942-03-06,102.1,-2.3434
1942-03-07,102.31,0.2057
1942-03-09,102.09,-0.215
1942-03-10,101.49,-0.5877
1942-03-11,99.21,-2.2465
1942-03-12,99.23,0.0202
1942-03-13,99.73,0.5039
1942-03-14,99.64,-0.0902
1942-03-16,100.68,1.0438
1942-03-17,102.54,1.8474
1942-03-18,101.64,-0.8777
1942-03-19,101.25,-0.3837
1942-03-20,100.75,-0.4938
1942-03-21,100.82,0.0695
1942-03-23,101.2,0.3769
1942-03-24,102.09,0.8794
1942-03-25,101.48,-0.5975
1942-03-26,101.05,-0.4237
1942-03-27,100,-1.0391
1942-03-28,100,0
1942-03-30,100.04,0.04
1942-03-31,99.53,-0.5098
1942-04-01,99.95,0.422
1942-04-02,100.89,0.9405
1942-04-04,101.11,0.2181
1942-04-06,102.5,1.3747
1942-04-07,101.89,-0.5951
1942-04-08,101.23,-0.6478
1942-04-09,99.69,-1.5213
1942-04-10,99.74,0.0502
1942-04-11,99.45,-0.2908
1942-04-13,99.44,-0.0101
1942-04-14,97.89,-1.5587
1942-04-15,98.06,0.1737
1942-04-16,97.87,-0.1938
1942-04-17,96.05,-1.8596
1942-04-18,96.92,0.9058
1942-04-20,97.25,0.3405
1942-04-21,97.51,0.2674
1942-04-22,97.2,-0.3179
1942-04-23,94.98,-2.284
1942-04-24,94.13,-0.8949
1942-04-25,94.31,0.1912
1942-04-27,93.89,-0.4453
1942-04-28,92.92,-1.0331
1942-04-29,94.65,1.8618
1942-04-30,95.35,0.7396
1942-05-01,95.83,0.5034
1942-05-02,96.44,0.6365
1942-05-04,96.7,0.2696
1942-05-05,97.29,0.6101
1942-05-06,96.71,-0.5962
1942-05-07,97.77,1.0961
1942-05-08,97.91,0.1432
1942-05-09,98.7,0.8069
1942-05-11,99.2,0.5066
1942-05-12,98.56,-0.6452
1942-05-13,97.21,-1.3697
1942-05-14,97.13,-0.0823
1942-05-15,97.98,0.8751
1942-05-16,98.63,0.6634
1942-05-18,98.65,0.0203
1942-05-19,97.96,-0.6994
1942-05-20,98.13,0.1735
1942-05-21,99.72,1.6203
1942-05-22,99.18,-0.5415
1942-05-23,99.25,0.0706
1942-05-25,99.18,-0.0705
1942-05-26,99.41,0.2319
1942-05-27,101.09,1.69
1942-05-28,100.99,-0.0989
1942-05-29,100.88,-0.1089
1942-06-01,101.37,0.4857
1942-06-02,101.3,-0.0691
1942-06-03,102.15,0.8391
1942-06-04,103.61,1.4293
1942-06-05,104.41,0.7721
1942-06-06,104.52,0.1054
1942-06-08,105.55,0.9855
1942-06-09,105.09,-0.4358
1942-06-10,104.19,-0.8564
1942-06-11,104.49,0.2879
1942-06-12,103.77,-0.6891
1942-06-13,104.08,0.2987
1942-06-15,104.41,0.3171
1942-06-16,104.51,0.0958
1942-06-17,106.29,1.7032
1942-06-18,105.7,-0.5551
1942-06-19,104.77,-0.8798
1942-06-20,104.42,-0.3341
1942-06-22,102.77,-1.5802
1942-06-23,103.03,0.253
1942-06-24,102.67,-0.3494
1942-06-25,102.71,0.039
1942-06-26,102.54,-0.1655
1942-06-27,102.67,0.1268
1942-06-29,103.17,0.487
1942-06-30,103.34,0.1648
1942-07-01,102.69,-0.629
1942-07-02,103.73,1.0128
1942-07-03,104.49,0.7327
1942-07-06,106.1,1.5408
1942-07-07,105.76,-0.3205
1942-07-08,107.94,2.0613
1942-07-09,108.75,0.7504
1942-07-10,108.66,-0.0828
1942-07-11,108.7,0.0368
1942-07-13,108.22,-0.4416
1942-07-14,108.72,0.462
1942-07-15,108.89,0.1564
1942-07-16,108.91,0.0184
1942-07-17,107.82,-1.0008
1942-07-18,107.69,-0.1206
1942-07-20,107.98,0.2693
1942-07-21,108.36,0.3519
1942-07-22,108.03,-0.3045
1942-07-23,106.65,-1.2774
1942-07-24,106.37,-0.2625
1942-07-25,106.53,0.1504
1942-07-27,106.66,0.122
1942-07-28,106.48,-0.1688
1942-07-29,105.44,-0.9767
1942-07-30,105.24,-0.1897
1942-07-31,105.72,0.4561
1942-08-01,105.9,0.1703
1942-08-03,106.08,0.17
1942-08-04,105.55,-0.4996
1942-08-05,104.85,-0.6632
1942-08-06,104.8,-0.0477
1942-08-07,105.05,0.2385
1942-08-08,104.9,-0.1428
1942-08-10,104.91,0.0095
1942-08-11,105.42,0.4861
1942-08-12,105.47,0.0474
1942-08-13,105.7,0.2181
1942-08-14,106.15,0.4257
1942-08-15,106.38,0.2167
1942-08-17,106.68,0.282
1942-08-18,107.55,0.8155
1942-08-19,107.28,-0.251
1942-08-20,106.83,-0.4195
1942-08-21,107.07,0.2247
1942-08-22,107.3,0.2148
1942-08-24,107.25,-0.0466
1942-08-25,106.51,-0.69
1942-08-26,105.55,-0.9013
1942-08-27,106.03,0.4548
1942-08-28,106.23,0.1886
1942-08-29,106.41,0.1694
1942-08-31,106.33,-0.0752
1942-09-01,106.28,-0.047
1942-09-02,106.49,0.1976
1942-09-03,106.34,-0.1409
1942-09-04,106.39,0.047
1942-09-05,106.68,0.2726
1942-09-08,107.62,0.8811
1942-09-09,107.26,-0.3345
1942-09-10,106.38,-0.8204
1942-09-11,106.03,-0.329
1942-09-12,106.2,0.1603
1942-09-14,106.15,-0.0471
1942-09-15,106.49,0.3203
1942-09-16,106.66,0.1596
1942-09-17,106.66,0
1942-09-18,107.47,0.7594
1942-09-19,107.22,-0.2326
1942-09-21,107.27,0.0466
1942-09-22,107.59,0.2983
1942-09-23,108.27,0.632
1942-09-24,109.11,0.7758
1942-09-25,109.37,0.2383
1942-09-26,109.32,-0.0457
1942-09-28,109.56,0.2195
1942-09-29,109.24,-0.2921
1942-09-30,109.11,-0.119
1942-10-01,109.65,0.4949
1942-10-02,110.83,1.0762
1942-10-03,111.34,0.4602
1942-10-05,111.93,0.5299
1942-10-06,111.53,-0.3574
1942-10-07,111.86,0.2959
1942-10-08,113.6,1.5555
1942-10-09,113.93,0.2905
1942-10-10,114.93,0.8777
1942-10-13,115.01,0.0696
1942-10-14,114.69,-0.2782
1942-10-15,113.27,-1.2381
1942-10-16,113.55,0.2472
1942-10-17,113.4,-0.1321
1942-10-19,113.64,0.2116
1942-10-20,115.22,1.3904
1942-10-21,115.09,-0.1128
1942-10-22,114.94,-0.1303
1942-10-23,114.88,-0.0522
1942-10-24,115.01,0.1132
1942-10-26,115.29,0.2435
1942-10-27,113.86,-1.2404
1942-10-28,113.11,-0.6587
1942-10-29,113.13,0.0177
1942-10-30,113.5,0.3271
1942-10-31,114.07,0.5022
1942-11-02,114.68,0.5348
1942-11-04,114.56,-0.1046
1942-11-05,114.87,0.2706
1942-11-06,116.12,1.0882
1942-11-07,116.92,0.6889
1942-11-09,117.3,0.325
1942-11-10,116.3,-0.8525
1942-11-12,116.46,0.1376
1942-11-13,116.26,-0.1717
1942-11-14,116.24,-0.0172
1942-11-16,115.7,-0.4646
1942-11-17,114.53,-1.0112
1942-11-18,114.64,0.096
1942-11-19,114.55,-0.0785
1942-11-20,115.27,0.6285
1942-11-21,115.38,0.0954
1942-11-23,114.46,-0.7974
1942-11-24,114.1,-0.3145
1942-11-25,114.13,0.0263
1942-11-27,114.86,0.6396
1942-11-28,114.95,0.0784
1942-11-30,114.5,-0.3915
1942-12-01,114.61,0.0961
1942-12-02,115.16,0.4799
1942-12-03,115.19,0.0261
1942-12-04,115.02,-0.1476
1942-12-05,115.24,0.1913
1942-12-07,115,-0.2083
1942-12-08,115.76,0.6609
1942-12-09,115.93,0.1469
1942-12-10,116,0.0604
1942-12-11,115.7,-0.2586
1942-12-12,115.82,0.1037
1942-12-14,115.83,0.0086
1942-12-15,116.31,0.4144
1942-12-16,117.06,0.6448
1942-12-17,118.68,1.3839
1942-12-18,118.97,0.2444
1942-12-19,118.75,-0.1849
1942-12-21,118.66,-0.0758
1942-12-22,118.49,-0.1433
1942-12-23,119.07,0.4895
1942-12-24,119.27,0.168
1942-12-26,119.71,0.3689
1942-12-28,118.5,-1.0108
1942-12-29,118.4,-0.0844
1942-12-30,119.56,0.9797
1942-12-31,119.4,-0.1338
1943-01-02,119.93,0.4439
1943-01-04,120.25,0.2668
1943-01-05,119.7,-0.4574
1943-01-06,119.66,-0.0334
1943-01-07,119.37,-0.2424
1943-01-08,119.26,-0.0922
1943-01-09,119.47,0.1761
1943-01-11,119.95,0.4018
1943-01-12,119.98,0.025
1943-01-13,120.25,0.225
1943-01-14,120.79,0.4491
1943-01-15,121.58,0.654
1943-01-16,121.6,0.0165
1943-01-18,121.56,-0.0329
1943-01-19,120.48,-0.8885
1943-01-20,120.55,0.0581
1943-01-21,121.79,1.0286
1943-01-22,121.99,0.1642
1943-01-23,122.38,0.3197
1943-01-25,123.74,1.1113
1943-01-26,124.31,0.4606
1943-01-27,124.08,-0.185
1943-01-28,124.38,0.2418
1943-01-29,125.41,0.8281
1943-01-30,125.58,0.1356
1943-02-01,125.86,0.223
1943-02-02,125.88,0.0159
1943-02-03,125.56,-0.2542
1943-02-04,125.07,-0.3903
1943-02-05,125.75,0.5437
1943-02-06,125.81,0.0477
1943-02-08,125.57,-0.1908
1943-02-09,126.3,0.5813
1943-02-10,127.01,0.5622
1943-02-11,127.09,0.063
1943-02-13,127.83,0.5823
1943-02-15,128.6,0.6024
1943-02-16,128.31,-0.2255
1943-02-17,128.41,0.0779
1943-02-18,127.06,-1.0513
1943-02-19,126.67,-0.3069
1943-02-20,127.8,0.8921
1943-02-23,128.78,0.7668
1943-02-24,129.58,0.6212
1943-02-25,130.04,0.355
1943-02-26,129.71,-0.2538
1943-02-27,130.11,0.3084
1943-03-01,129.44,-0.5149
1943-03-02,128.6,-0.6489
1943-03-03,130.03,1.112
1943-03-04,130.38,0.2692
1943-03-05,130.61,0.1764
1943-03-06,130.74,0.0995
1943-03-08,130.56,-0.1377
1943-03-09,129.8,-0.5821
1943-03-10,129.16,-0.4931
1943-03-11,130.48,1.022
1943-03-12,130.73,0.1916
1943-03-13,130.73,0
1943-03-15,130.64,-0.0688
1943-03-16,130.33,-0.2373
1943-03-17,129.49,-0.6445
1943-03-18,129.66,0.1313
1943-03-19,129.25,-0.3162
1943-03-20,129.13,-0.0928
1943-03-22,129.44,0.2401
1943-03-23,129.98,0.4172
1943-03-24,130.62,0.4924
1943-03-25,133.22,1.9905
1943-03-26,133.96,0.5555
1943-03-27,134.56,0.4479
1943-03-29,136.1,1.1445
1943-03-30,136.82,0.529
1943-03-31,136.57,-0.1827
1943-04-01,136.56,-0.0073
1943-04-02,135.67,-0.6517
1943-04-03,135.6,-0.0516
1943-04-05,136.44,0.6195
1943-04-06,136.93,0.3591
1943-04-07,136,-0.6792
1943-04-08,135.52,-0.3529
1943-04-09,131.22,-3.173
1943-04-10,131.63,0.3125
1943-04-12,131.27,-0.2735
1943-04-13,131.18,-0.0686
1943-04-14,132.49,0.9986
1943-04-15,133.49,0.7548
1943-04-16,133.07,-0.3146
1943-04-17,133.59,0.3908
1943-04-19,133.46,-0.0973
1943-04-20,133.09,-0.2772
1943-04-21,134,0.6837
1943-04-22,134.2,0.1493
1943-04-24,134.34,0.1043
1943-04-26,134.34,0
1943-04-27,134.39,0.0372
1943-04-28,134.14,-0.186
1943-04-29,135.24,0.82
1943-04-30,135.48,0.1775
1943-05-01,136.2,0.5314
1943-05-03,137.43,0.9031
1943-05-04,138.18,0.5457
1943-05-05,138.34,0.1158
1943-05-06,138.85,0.3687
1943-05-07,137.27,-1.1379
1943-05-08,138.36,0.7941
1943-05-10,138.64,0.2024
1943-05-11,138.36,-0.202
1943-05-12,138.24,-0.0867
1943-05-13,137.88,-0.2604
1943-05-14,136.82,-0.7688
1943-05-15,137.31,0.3581
1943-05-17,136.98,-0.2403
1943-05-18,138.05,0.7811
1943-05-19,139.15,0.7968
1943-05-20,138.84,-0.2228
1943-05-21,138.9,0.0432
1943-05-22,138.78,-0.0864
1943-05-24,138.84,0.0432
1943-05-25,139.17,0.2377
1943-05-26,140.38,0.8694
1943-05-27,140.82,0.3134
1943-05-28,141.18,0.2556
1943-05-29,142.06,0.6233
1943-06-01,142.43,0.2605
1943-06-02,142.39,-0.0281
1943-06-03,142.75,0.2528
1943-06-04,142.28,-0.3292
1943-06-05,143.08,0.5623
1943-06-07,141.82,-0.8806
1943-06-08,141.44,-0.2679
1943-06-09,141.49,0.0354
1943-06-10,141.68,0.1343
1943-06-11,141.44,-0.1694
1943-06-12,141.32,-0.0848
1943-06-14,139.09,-1.578
1943-06-15,139.39,0.2157
1943-06-16,139.78,0.2798
1943-06-17,139.85,0.0501
1943-06-18,139.68,-0.1216
1943-06-19,139.73,0.0358
1943-06-21,138.79,-0.6727
1943-06-22,139.03,0.1729
1943-06-23,140.04,0.7265
1943-06-24,140.86,0.5855
1943-06-25,142.27,1.001
1943-06-26,142.88,0.4288
1943-06-28,143,0.084
1943-06-29,142.62,-0.2657
1943-06-30,143.38,0.5329
1943-07-01,143.58,0.1395
1943-07-02,143.68,0.0696
1943-07-03,143.7,0.0139
1943-07-06,143.76,0.0418
1943-07-07,143.41,-0.2435
1943-07-08,143.64,0.1604
1943-07-09,144.18,0.3759
1943-07-10,144.23,0.0347
1943-07-12,144.63,0.2773
1943-07-13,145.3,0.4633
1943-07-14,145.82,0.3579
1943-07-15,144.87,-0.6515
1943-07-16,144.75,-0.0828
1943-07-17,144.72,-0.0207
1943-07-19,144.74,0.0138
1943-07-20,143.93,-0.5596
1943-07-21,143.94,0.0069
1943-07-22,143.77,-0.1181
1943-07-23,143.8,0.0209
1943-07-24,143.99,0.1321
1943-07-26,142.07,-1.3334
1943-07-27,138.75,-2.3369
1943-07-28,137.64,-0.8
1943-07-29,139.41,1.286
1943-07-30,137.25,-1.5494
1943-07-31,135.95,-0.9472
1943-08-02,134,-1.4344
1943-08-03,135.64,1.2239
1943-08-04,136.87,0.9068
1943-08-05,136.76,-0.0804
1943-08-06,135.58,-0.8628
1943-08-07,135.38,-0.1475
1943-08-09,135.18,-0.1477
1943-08-10,136.23,0.7767
1943-08-11,136.79,0.4111
1943-08-12,136.44,-0.2559
1943-08-13,137.39,0.6963
1943-08-14,137.23,-0.1165
1943-08-16,137.08,-0.1093
1943-08-17,137.54,0.3356
1943-08-18,138.45,0.6616
1943-08-19,138.34,-0.0795
1943-08-20,136.93,-1.0192
1943-08-21,136.16,-0.5623
1943-08-23,135.05,-0.8152
1943-08-24,135.6,0.4073
1943-08-25,135.9,0.2212
1943-08-26,136.25,0.2575
1943-08-27,135.83,-0.3083
1943-08-28,135.79,-0.0294
1943-08-30,135.73,-0.0442
1943-08-31,136.62,0.6557
1943-09-01,137.12,0.366
1943-09-02,137.11,-0.0073
1943-09-03,137.18,0.0511
1943-09-04,137.33,0.1093
1943-09-07,137.59,0.1893
1943-09-08,136.91,-0.4942
1943-09-09,137.75,0.6135
1943-09-10,137.96,0.1525
1943-09-11,138.04,0.058
1943-09-13,137.82,-0.1594
1943-09-14,137.53,-0.2104
1943-09-15,137.62,0.0654
1943-09-16,138.36,0.5377
1943-09-17,139.6,0.8962
1943-09-18,140.94,0.9599
1943-09-20,141.75,0.5747
1943-09-21,141.49,-0.1834
1943-09-22,141.09,-0.2827
1943-09-23,140.3,-0.5599
1943-09-24,140.21,-0.0641
1943-09-25,140.18,-0.0214
1943-09-27,139.41,-0.5493
1943-09-28,139.27,-0.1004
1943-09-29,139.75,0.3447
1943-09-30,140.12,0.2648
1943-10-01,140.33,0.1499
1943-10-02,140.27,-0.0428
1943-10-04,139.63,-0.4563
1943-10-05,139.27,-0.2578
1943-10-06,137.84,-1.0268
1943-10-07,136.39,-1.0519
1943-10-08,136.74,0.2566
1943-10-09,137.1,0.2633
1943-10-11,136.61,-0.3574
1943-10-13,136.48,-0.0952
1943-10-14,137.01,0.3883
1943-10-15,137.9,0.6496
1943-10-16,138.4,0.3626
1943-10-18,138.4,0
1943-10-19,138.71,0.224
1943-10-20,138.88,0.1226
1943-10-21,138,-0.6336
1943-10-22,138.25,0.1812
1943-10-23,138.29,0.0289
1943-10-25,138.22,-0.0506
1943-10-26,138.69,0.34
1943-10-27,139.35,0.4759
1943-10-28,138.97,-0.2727
1943-10-29,138.29,-0.4893
1943-10-30,138.27,-0.0145
1943-11-01,138.5,0.1663
1943-11-03,137.35,-0.8303
1943-11-04,136.3,-0.7645
1943-11-05,135.47,-0.609
1943-11-06,135.24,-0.1698
1943-11-08,131.68,-2.6324
1943-11-09,131.85,0.1291
1943-11-10,132.68,0.6295
1943-11-12,132.15,-0.3995
1943-11-13,131.76,-0.2951
1943-11-15,131.56,-0.1518
1943-11-16,131.18,-0.2888
1943-11-17,130.24,-0.7166
1943-11-18,130.79,0.4223
1943-11-19,132.3,1.1545
1943-11-20,132.94,0.4837
1943-11-22,132.65,-0.2181
1943-11-23,132.45,-0.1508
1943-11-24,132.1,-0.2643
1943-11-26,131.33,-0.5829
1943-11-27,131.25,-0.0609
1943-11-29,129.95,-0.9905
1943-11-30,129.57,-0.2924
1943-12-01,130.68,0.8567
1943-12-02,131.67,0.7576
1943-12-03,131.91,0.1823
1943-12-04,131.87,-0.0303
1943-12-06,132.45,0.4398
1943-12-07,133.37,0.6946
1943-12-08,134.42,0.7873
1943-12-09,134.05,-0.2753
1943-12-10,135.04,0.7385
1943-12-11,135.28,0.1777
1943-12-13,134.8,-0.3548
1943-12-14,134.19,-0.4525
1943-12-15,134.18,-0.0075
1943-12-16,135.19,0.7527
1943-12-17,135.44,0.1849
1943-12-18,135.89,0.3323
1943-12-20,136.1,0.1545
1943-12-21,135.86,-0.1763
1943-12-22,136.15,0.2135
1943-12-23,136.07,-0.0588
1943-12-24,136.24,0.1249
1943-12-27,136.14,-0.0734
1943-12-28,135.04,-0.808
1943-12-29,134.61,-0.3184
1943-12-30,136.2,1.1812
1943-12-31,135.89,-0.2276
1944-01-03,135.92,0.0221
1944-01-04,137.15,0.9049
1944-01-05,138.65,1.0937
1944-01-06,138.34,-0.2236
1944-01-07,138.08,-0.1879
1944-01-08,138.09,0.0072
1944-01-10,137.8,-0.21
1944-01-11,138.47,0.4862
1944-01-12,137.94,-0.3828
1944-01-13,137.36,-0.4205
1944-01-14,138.15,0.5751
1944-01-15,138.4,0.181
1944-01-17,138.1,-0.2168
1944-01-18,137.87,-0.1665
1944-01-19,137.83,-0.029
1944-01-20,138.16,0.2394
1944-01-21,138.07,-0.0651
1944-01-22,138.24,0.1231
1944-01-24,137.97,-0.1953
1944-01-25,137.97,0
1944-01-26,136.71,-0.9132
1944-01-27,136.59,-0.0878
1944-01-28,137.19,0.4393
1944-01-29,137.15,-0.0292
1944-01-31,137.4,0.1823
1944-02-01,137.45,0.0364
1944-02-02,137.08,-0.2692
1944-02-03,136.24,-0.6128
1944-02-04,135.04,-0.8808
1944-02-05,135.12,0.0592
1944-02-07,134.22,-0.6661
1944-02-08,135.06,0.6258
1944-02-09,135.03,-0.0222
1944-02-10,135.55,0.3851
1944-02-11,135.41,-0.1033
1944-02-14,135.39,-0.0148
1944-02-15,136.19,0.5909
1944-02-16,136.04,-0.1101
1944-02-17,136.58,0.3969
1944-02-18,136.08,-0.3661
1944-02-19,135.91,-0.1249
1944-02-21,135.71,-0.1472
1944-02-23,136.51,0.5895
1944-02-24,136.58,0.0513
1944-02-25,136.56,-0.0146
1944-02-26,136.58,0.0146
1944-02-28,136.79,0.1538
1944-02-29,136.3,-0.3582
1944-03-01,136.44,0.1027
1944-03-02,136.69,0.1832
1944-03-03,136.59,-0.0732
1944-03-04,136.79,0.1464
1944-03-06,137.21,0.307
1944-03-07,138.33,0.8163
1944-03-08,139.5,0.8458
1944-03-09,139.33,-0.1219
1944-03-10,140.01,0.488
1944-03-11,140.44,0.3071
1944-03-13,141,0.3987
1944-03-14,140.37,-0.4468
1944-03-15,140.71,0.2422
1944-03-16,140.91,0.1421
1944-03-17,140.8,-0.0781
1944-03-18,140.3,-0.3551
1944-03-20,139.89,-0.2922
1944-03-21,140.2,0.2216
1944-03-22,139.98,-0.1569
1944-03-23,138.95,-0.7358
1944-03-24,139.28,0.2375
1944-03-25,139.19,-0.0646
1944-03-27,139.12,-0.0503
1944-03-28,137.88,-0.8913
1944-03-29,137.45,-0.3119
1944-03-30,138.6,0.8367
1944-03-31,138.84,0.1732
1944-04-01,138.84,0
1944-04-03,138.01,-0.5978
1944-04-04,138.06,0.0362
1944-04-05,138.17,0.0797
1944-04-06,138.91,0.5356
1944-04-08,139.1,0.1368
1944-04-10,139.11,0.0072
1944-04-11,138.74,-0.266
1944-04-12,137.98,-0.5478
1944-04-13,137.65,-0.2392
1944-04-14,137.69,0.0291
1944-04-15,138.06,0.2687
1944-04-17,137.77,-0.2101
1944-04-18,136.07,-1.2339
1944-04-19,135.48,-0.4336
1944-04-20,136.2,0.5314
1944-04-21,136.17,-0.022
1944-04-22,136.19,0.0147
1944-04-24,135,-0.8738
1944-04-25,135.11,0.0815
1944-04-26,135.67,0.4145
1944-04-27,136.07,0.2948
1944-04-28,136.21,0.1029
1944-04-29,136.23,0.0147
1944-05-01,137.06,0.6093
1944-05-02,137.15,0.0657
1944-05-03,137.83,0.4958
1944-05-04,137.85,0.0145
1944-05-05,138.75,0.6529
1944-05-06,138.87,0.0865
1944-05-08,138.65,-0.1584
1944-05-09,138.65,0
1944-05-10,138.76,0.0793
1944-05-11,138.93,0.1225
1944-05-12,138.51,-0.3023
1944-05-13,138.6,0.065
1944-05-15,138.6,0
1944-05-16,138.41,-0.1371
1944-05-17,138.99,0.419
1944-05-18,139.2,0.1511
1944-05-19,139.34,0.1006
1944-05-20,139.37,0.0215
1944-05-22,139.43,0.0431
1944-05-23,139.87,0.3156
1944-05-24,140.48,0.4361
1944-05-25,140.38,-0.0712
1944-05-26,141.03,0.463
1944-05-27,141.24,0.1489
1944-05-29,141.53,0.2053
1944-05-31,142.24,0.5017
1944-06-01,142.14,-0.0703
1944-06-02,142.07,-0.0492
1944-06-03,142.34,0.19
1944-06-05,141.62,-0.5058
1944-06-06,142.21,0.4166
1944-06-07,142.12,-0.0633
1944-06-08,141.93,-0.1337
1944-06-09,142.06,0.0916
1944-06-10,142.53,0.3308
1944-06-12,144.08,1.0875
1944-06-13,145.05,0.6732
1944-06-14,145.03,-0.0138
1944-06-15,145.86,0.5723
1944-06-16,146.96,0.7541
1944-06-17,147.28,0.2177
1944-06-19,148.42,0.774
1944-06-20,148.63,0.1415
1944-06-21,147.9,-0.4912
1944-06-22,147.65,-0.169
1944-06-23,147.5,-0.1016
1944-06-24,147.48,-0.0136
1944-06-26,148.12,0.434
1944-06-27,148.48,0.243
1944-06-28,147.93,-0.3704
1944-06-29,148.07,0.0946
1944-06-30,148.38,0.2094
1944-07-01,148.46,0.0539
1944-07-03,149.32,0.5793
1944-07-05,149.66,0.2277
1944-07-06,149.07,-0.3942
1944-07-07,149.36,0.1945
1944-07-08,150.03,0.4486
1944-07-10,150.5,0.3133
1944-07-11,150.18,-0.2126
1944-07-12,150.42,0.1598
1944-07-13,150.08,-0.226
1944-07-14,150.34,0.1732
1944-07-15,150.49,0.0998
1944-07-17,149.28,-0.804
1944-07-18,148.1,-0.7905
1944-07-19,149.01,0.6144
1944-07-20,148.27,-0.4966
1944-07-21,146.77,-1.0117
1944-07-22,145.58,-0.8108
1944-07-24,145.77,0.1305
1944-07-25,146.74,0.6654
1944-07-26,146.64,-0.0681
1944-07-27,146.74,0.0682
1944-07-28,146.14,-0.4089
1944-07-29,146.14,0
1944-07-31,146.11,-0.0205
1944-08-01,146.39,0.1916
1944-08-02,146.77,0.2596
1944-08-03,146.29,-0.327
1944-08-04,145.3,-0.6767
1944-08-05,145.07,-0.1583
1944-08-07,145.32,0.1723
1944-08-08,144.97,-0.2408
1944-08-09,144.9,-0.0483
1944-08-10,145.65,0.5176
1944-08-11,146.27,0.4257
1944-08-12,146.56,0.1983
1944-08-14,146.77,0.1433
1944-08-15,146.45,-0.218
1944-08-16,147.3,0.5804
1944-08-17,148.46,0.7875
1944-08-18,148.96,0.3368
1944-08-21,148.52,-0.2954
1944-08-22,147.81,-0.4781
1944-08-23,147.87,0.0406
1944-08-24,147.11,-0.514
1944-08-25,147.02,-0.0612
1944-08-28,146.87,-0.102
1944-08-29,147.12,0.1702
1944-08-30,147.28,0.1088
1944-08-31,146.99,-0.1969
1944-09-01,147.16,0.1157
1944-09-05,146.56,-0.4077
1944-09-06,144.42,-1.4602
1944-09-07,143.58,-0.5816
1944-09-08,143.51,-0.0488
1944-09-09,143.31,-0.1394
1944-09-11,144.3,0.6908
1944-09-12,144.88,0.4019
1944-09-13,143.94,-0.6488
1944-09-14,142.96,-0.6808
1944-09-15,144.08,0.7834
1944-09-16,144.36,0.1943
1944-09-18,144.75,0.2702
1944-09-19,145.62,0.601
1944-09-20,145.85,0.1579
1944-09-21,145.43,-0.288
1944-09-22,145.6,0.1169
1944-09-23,145.78,0.1236
1944-09-25,146.77,0.6791
1944-09-26,146.52,-0.1703
1944-09-27,146.28,-0.1638
1944-09-28,146.11,-0.1162
1944-09-29,146.31,0.1369
1944-09-30,146.73,0.2871
1944-10-02,146.92,0.1295
1944-10-03,146.91,-0.0068
1944-10-04,147.89,0.6671
1944-10-05,148.62,0.4936
1944-10-06,148.84,0.148
1944-10-07,148.92,0.0537
1944-10-09,148.06,-0.5775
1944-10-10,148.25,0.1283
1944-10-11,148.79,0.3642
1944-10-13,148.7,-0.0605
1944-10-14,148.59,-0.074
1944-10-16,148.09,-0.3365
1944-10-17,148.39,0.2026
1944-10-18,148.87,0.3235
1944-10-19,148.55,-0.215
1944-10-20,148.21,-0.2289
1944-10-21,148.35,0.0945
1944-10-23,146.58,-1.1931
1944-10-24,146.58,0
1944-10-25,146.37,-0.1433
1944-10-26,145.83,-0.3689
1944-10-27,146.29,0.3154
1944-10-28,146.5,0.1436
1944-10-30,146.28,-0.1502
1944-10-31,146.53,0.1709
1944-11-01,146.73,0.1365
1944-11-02,147.53,0.5452
1944-11-03,147.16,-0.2508
1944-11-04,147.37,0.1427
1944-11-06,147.92,0.3732
1944-11-08,147.52,-0.2704
1944-11-09,147.75,0.1559
1944-11-10,148.08,0.2234
1944-11-13,146.97,-0.7496
1944-11-14,145.6,-0.9322
1944-11-15,145.64,0.0275
1944-11-16,145.67,0.0206
1944-11-17,145.77,0.0686
1944-11-18,146.02,0.1715
1944-11-20,146.33,0.2123
1944-11-21,147.03,0.4784
1944-11-22,146.92,-0.0748
1944-11-24,146.4,-0.3539
1944-11-25,146.63,0.1571
1944-11-27,146.92,0.1978
1944-11-28,147.14,0.1497
1944-11-29,147.81,0.4553
1944-11-30,147.33,-0.3247
1944-12-01,147.3,-0.0204
1944-12-02,147.5,0.1358
1944-12-04,148.22,0.4881
1944-12-05,148.58,0.2429
1944-12-06,148.77,0.1279
1944-12-07,149.23,0.3092
1944-12-08,150.48,0.8376
1944-12-09,151.31,0.5516
1944-12-11,151.62,0.2049
1944-12-12,151.2,-0.277
1944-12-13,150.64,-0.3704
1944-12-14,150.8,0.1062
1944-12-15,152.28,0.9814
1944-12-16,152.53,0.1642
1944-12-18,151.53,-0.6556
1944-12-19,151.62,0.0594
1944-12-20,150.59,-0.6793
1944-12-21,150.28,-0.2059
1944-12-22,150.43,0.0998
1944-12-23,150.63,0.133
1944-12-26,149.66,-0.644
1944-12-27,148.71,-0.6348
1944-12-28,150.47,1.1835
1944-12-29,151.93,0.9703
1944-12-30,152.32,0.2567
1945-01-02,152.58,0.1707
1945-01-03,154.31,1.1338
1945-01-04,154.42,0.0713
1945-01-05,154,-0.272
1945-01-06,153.58,-0.2727
1945-01-08,154.85,0.8269
1945-01-09,155.01,0.1033
1945-01-10,155.67,0.4258
1945-01-11,155.85,0.1156
1945-01-12,155.42,-0.2759
1945-01-13,155.58,0.1029
1945-01-15,154.76,-0.5271
1945-01-16,154.6,-0.1034
1945-01-17,155.33,0.4722
1945-01-18,154.61,-0.4635
1945-01-19,153.84,-0.498
1945-01-20,152.71,-0.7345
1945-01-22,152.03,-0.4453
1945-01-23,151.36,-0.4407
1945-01-24,151.35,-0.0066
1945-01-25,152.26,0.6013
1945-01-26,153.3,0.683
1945-01-27,154.13,0.5414
1945-01-29,154.06,-0.0454
1945-01-30,153.45,-0.3959
1945-01-31,153.67,0.1434
1945-02-01,153.79,0.0781
1945-02-02,154.45,0.4292
1945-02-03,154.76,0.2007
1945-02-05,155.35,0.3812
1945-02-06,155.5,0.0966
1945-02-07,155.71,0.135
1945-02-08,155.54,-0.1092
1945-02-09,154.75,-0.5079
1945-02-10,154.85,0.0646
1945-02-13,156.34,0.9622
1945-02-14,157.08,0.4733
1945-02-15,158.24,0.7385
1945-02-16,158.23,-0.0063
1945-02-17,158.23,0
1945-02-19,159.01,0.493
1945-02-20,159.57,0.3522
1945-02-21,159.66,0.0564
1945-02-23,158.99,-0.4196
1945-02-24,158.69,-0.1887
1945-02-26,158.41,-0.1764
1945-02-27,159.3,0.5618
1945-02-28,160.4,0.6905
1945-03-01,160.72,0.1995
1945-03-02,159.95,-0.4791
1945-03-03,159.71,-0.15
1945-03-05,160.68,0.6074
1945-03-06,161.5,0.5103
1945-03-07,161.52,0.0124
1945-03-08,158.86,-1.6469
1945-03-09,156.34,-1.5863
1945-03-10,157.21,0.5565
1945-03-12,157.88,0.4262
1945-03-13,157.59,-0.1837
1945-03-14,157.83,0.1523
1945-03-15,158.53,0.4435
1945-03-16,158.92,0.246
1945-03-17,158.75,-0.107
1945-03-19,157.89,-0.5417
1945-03-20,156.37,-0.9627
1945-03-21,155.3,-0.6843
1945-03-22,155.07,-0.1481
1945-03-23,155.45,0.2451
1945-03-24,154.36,-0.7012
1945-03-26,152.27,-1.354
1945-03-27,152.78,0.3349
1945-03-28,153.79,0.6611
1945-03-29,154.06,0.1756
1945-03-31,154.41,0.2272
1945-04-02,155.86,0.9391
1945-04-03,156.2,0.2181
1945-04-04,155.96,-0.1536
1945-04-05,154.99,-0.622
1945-04-06,155.85,0.5549
1945-04-07,156.33,0.308
1945-04-09,156.1,-0.1471
1945-04-10,156.51,0.2627
1945-04-11,158.06,0.9904
1945-04-12,158.48,0.2657
1945-04-13,159.75,0.8014
1945-04-16,162.43,1.6776
1945-04-17,162.6,0.1047
1945-04-18,163.83,0.7565
1945-04-19,163.18,-0.3968
1945-04-20,162.83,-0.2145
1945-04-21,163.2,0.2272
1945-04-23,163.58,0.2328
1945-04-24,164.31,0.4463
1945-04-25,163.91,-0.2434
1945-04-26,163.22,-0.421
1945-04-27,163.94,0.4411
1945-04-28,164.71,0.4697
1945-04-30,165.44,0.4432
1945-05-01,165.09,-0.2116
1945-05-02,165.03,-0.0363
1945-05-03,165.84,0.4908
1945-05-04,166.27,0.2593
1945-05-05,166.71,0.2646
1945-05-07,166.53,-0.108
1945-05-08,166.42,-0.0661
1945-05-09,165.24,-0.709
1945-05-10,163.09,-1.3011
1945-05-11,163.21,0.0736
1945-05-12,163.96,0.4595
1945-05-14,163.45,-0.3111
1945-05-15,164,0.3365
1945-05-16,164.5,0.3049
1945-05-17,165.2,0.4255
1945-05-18,166.17,0.5872
1945-05-19,166.44,0.1625
1945-05-21,165.99,-0.2704
1945-05-22,165.91,-0.0482
1945-05-23,164.5,-0.8499
1945-05-24,164.41,-0.0547
1945-05-25,165.12,0.4318
1945-05-26,166.4,0.7752
1945-05-28,168.21,1.0877
1945-05-29,169.08,0.5172
1945-05-31,168.3,-0.4613
1945-06-01,168.08,-0.1307
1945-06-02,167.96,-0.0714
1945-06-04,168.08,0.0714
1945-06-05,168.13,0.0297
1945-06-06,167.29,-0.4996
1945-06-07,167.16,-0.0777
1945-06-08,166.83,-0.1974
1945-06-09,166.85,0.012
1945-06-11,166.25,-0.3596
1945-06-12,166.39,0.0842
1945-06-13,166.75,0.2164
1945-06-14,167.08,0.1979
1945-06-15,167.64,0.3352
1945-06-16,167.54,-0.0597
1945-06-18,166.94,-0.3581
1945-06-19,167.23,0.1737
1945-06-20,167.74,0.305
1945-06-21,168.14,0.2385
1945-06-22,167.9,-0.1427
1945-06-23,168.24,0.2025
1945-06-25,168.59,0.208
1945-06-26,168.92,0.1957
1945-06-27,168.78,-0.0829
1945-06-28,166.22,-1.5168
1945-06-29,164.57,-0.9927
1945-06-30,165.29,0.4375
1945-07-02,165.91,0.3751
1945-07-03,165.73,-0.1085
1945-07-05,164.26,-0.887
1945-07-06,164.67,0.2496
1945-07-09,166.55,1.1417
1945-07-10,167.09,0.3242
1945-07-11,166.59,-0.2992
1945-07-12,166.85,0.1561
1945-07-13,166.67,-0.1079
1945-07-16,165.82,-0.51
1945-07-17,162.43,-2.0444
1945-07-18,161.69,-0.4556
1945-07-19,162.81,0.6927
1945-07-20,162.5,-0.1904
1945-07-23,161.65,-0.5231
1945-07-24,161.73,0.0495
1945-07-25,163.44,1.0573
1945-07-26,160.91,-1.548
1945-07-27,160.92,0.0062
1945-07-30,162.09,0.7271
1945-07-31,162.88,0.4874
1945-08-01,162.72,-0.0982
1945-08-02,162.49,-0.1413
1945-08-03,163.06,0.3508
1945-08-06,163.19,0.0797
1945-08-07,161.55,-1.005
1945-08-08,161.83,0.1733
1945-08-09,164.55,1.6808
1945-08-10,165.14,0.3586
1945-08-13,164.11,-0.6237
1945-08-14,164.79,0.4144
1945-08-17,164.38,-0.2488
1945-08-20,163.11,-0.7726
1945-08-21,163.38,0.1655
1945-08-22,164.54,0.71
1945-08-23,167.64,1.884
1945-08-24,169.89,1.3422
1945-08-27,171.96,1.2184
1945-08-28,172.32,0.2094
1945-08-29,172.09,-0.1335
1945-08-30,172.37,0.1627
1945-08-31,174.29,1.1139
1945-09-04,173.9,-0.2238
1945-09-05,174.24,0.1955
1945-09-06,175.96,0.9871
1945-09-07,176.61,0.3694
1945-09-08,176.99,0.2152
1945-09-10,177.03,0.0226
1945-09-11,177.77,0.418
1945-09-12,178.99,0.6863
1945-09-13,178.59,-0.2235
1945-09-14,177.74,-0.476
1945-09-15,175.65,-1.1759
1945-09-17,174.75,-0.5124
1945-09-18,177.58,1.6195
1945-09-19,179.51,1.0868
1945-09-20,180.22,0.3955
1945-09-21,179.69,-0.2941
1945-09-22,179.49,-0.1113
1945-09-24,179.51,0.0111
1945-09-25,179.42,-0.0501
1945-09-26,178.95,-0.262
1945-09-27,178.57,-0.2123
1945-09-28,180.11,0.8624
1945-09-29,181.71,0.8883
1945-10-01,183.37,0.9135
1945-10-02,183.85,0.2618
1945-10-03,183.33,-0.2828
1945-10-04,183.06,-0.1473
1945-10-05,183.94,0.4807
1945-10-06,184.77,0.4512
1945-10-08,185.46,0.3734
1945-10-09,185.43,-0.0162
1945-10-10,186.05,0.3344
1945-10-11,185.72,-0.1774
1945-10-15,185.51,-0.1131
1945-10-16,185.49,-0.0108
1945-10-17,186.1,0.3289
1945-10-18,186.78,0.3654
1945-10-19,185.34,-0.771
1945-10-20,185.6,0.1403
1945-10-22,187.06,0.7866
1945-10-23,186.15,-0.4865
1945-10-24,183.72,-1.3054
1945-10-25,184.54,0.4463
1945-10-26,185.39,0.4606
1945-10-29,184.24,-0.6203
1945-10-30,184.16,-0.0434
1945-10-31,186.6,1.3249
1945-11-01,188.84,1.2004
1945-11-02,188.62,-0.1165
1945-11-03,188.58,-0.0212
1945-11-05,189.5,0.4879
1945-11-07,192.04,1.3404
1945-11-08,191.72,-0.1666
1945-11-09,191.46,-0.1356
1945-11-10,191.37,-0.047
1945-11-13,190.56,-0.4233
1945-11-14,189.77,-0.4146
1945-11-15,191.13,0.7167
1945-11-16,192.13,0.5232
1945-11-17,192.27,0.0729
1945-11-19,191.51,-0.3953
1945-11-20,192.12,0.3185
1945-11-21,189.54,-1.3429
1945-11-23,187.82,-0.9075
1945-11-24,186.41,-0.7507
1945-11-26,188.16,0.9388
1945-11-27,190.45,1.217
1945-11-28,189.99,-0.2415
1945-11-29,189.58,-0.2158
1945-11-30,191.46,0.9917
1945-12-01,192.4,0.491
1945-12-03,193.65,0.6497
1945-12-04,193.06,-0.3047
1945-12-05,193.08,0.0104
1945-12-06,193.84,0.3936
1945-12-07,194.08,0.1238
1945-12-08,195.18,0.5668
1945-12-10,195.64,0.2357
1945-12-11,195.82,0.092
1945-12-12,193.96,-0.9499
1945-12-13,193.52,-0.2269
1945-12-14,193.34,-0.093
1945-12-15,193.76,0.2172
1945-12-17,190.37,-1.7496
1945-12-18,190.98,0.3204
1945-12-19,190.62,-0.1885
1945-12-20,189.36,-0.661
1945-12-21,189.07,-0.1531
1945-12-22,190.67,0.8462
1945-12-26,192.76,1.0961
1945-12-27,192.31,-0.2335
1945-12-28,192.43,0.0624
1945-12-29,192.84,0.2131
1945-12-31,192.91,0.0363
1946-01-02,191.66,-0.648
1946-01-03,191.25,-0.2139
1946-01-04,190.9,-0.183
1946-01-05,191.47,0.2986
1946-01-07,191.77,0.1567
1946-01-08,194.65,1.5018
1946-01-09,197.33,1.3768
1946-01-10,199.16,0.9274
1946-01-11,200.04,0.4419
1946-01-12,199.44,-0.2999
1946-01-14,201.91,1.2385
1946-01-15,202.97,0.525
1946-01-16,203.81,0.4139
1946-01-17,203.49,-0.157
1946-01-18,202.18,-0.6438
1946-01-19,200.21,-0.9744
1946-01-21,196.63,-1.7881
1946-01-22,197.35,0.3662
1946-01-23,198.84,0.755
1946-01-24,200.04,0.6035
1946-01-25,199.5,-0.2699
1946-01-26,199.85,0.1754
1946-01-28,204.62,2.3868
1946-01-29,205.35,0.3568
1946-01-30,204.84,-0.2484
1946-01-31,204.67,-0.083
1946-02-01,205.79,0.5472
1946-02-02,206.97,0.5734
1946-02-04,205.84,-0.546
1946-02-05,206.61,0.3741
1946-02-06,205.48,-0.5469
1946-02-07,205.09,-0.1898
1946-02-08,204.38,-0.3462
1946-02-09,202.3,-1.0177
1946-02-11,201.14,-0.5734
1946-02-13,198.74,-1.1932
1946-02-14,199.75,0.5082
1946-02-15,203.09,1.6721
1946-02-16,204.41,0.65
1946-02-18,201.63,-1.36
1946-02-19,196.13,-2.7278
1946-02-20,192.38,-1.912
1946-02-21,195.62,1.6842
1946-02-25,187.23,-4.2889
1946-02-26,186.02,-0.6463
1946-02-27,189.06,1.6342
1946-02-28,190.09,0.5448
1946-03-01,189.42,-0.3525
1946-03-02,188.73,-0.3643
1946-03-04,188.46,-0.1431
1946-03-05,190.49,1.0772
1946-03-06,190.28,-0.1102
1946-03-07,191.46,0.6201
1946-03-08,193.7,1.17
1946-03-09,194.45,0.3872
1946-03-11,192.89,-0.8023
1946-03-12,193.52,0.3266
1946-03-13,190.36,-1.6329
1946-03-14,189.98,-0.1996
1946-03-15,191.66,0.8843
1946-03-16,193.94,1.1896
1946-03-18,195.33,0.7167
1946-03-19,194.09,-0.6348
1946-03-20,195.53,0.7419
1946-03-21,196.7,0.5984
1946-03-22,197.19,0.2491
1946-03-23,198.09,0.4564
1946-03-25,200.55,1.2419
1946-03-26,200.56,0.005
1946-03-27,198.73,-0.9124
1946-03-28,198.18,-0.2768
1946-03-29,199.56,0.6963
1946-03-30,199.75,0.0952
1946-04-01,199.19,-0.2804
1946-04-02,199.83,0.3213
1946-04-03,203.12,1.6464
1946-04-04,204.77,0.8123
1946-04-05,204.04,-0.3565
1946-04-06,204.98,0.4607
1946-04-08,205.43,0.2195
1946-04-09,208.03,1.2656
1946-04-10,208.02,-0.0048
1946-04-11,206.93,-0.524
1946-04-12,206.96,0.0145
1946-04-13,206.02,-0.4542
1946-04-15,206.01,-0.0049
1946-04-16,207.97,0.9514
1946-04-17,207.93,-0.0192
1946-04-18,208.31,0.1828
1946-04-20,208.06,-0.12
1946-04-22,207.99,-0.0336
1946-04-23,207.31,-0.3269
1946-04-24,206.13,-0.5692
1946-04-25,204.6,-0.7423
1946-04-26,204.59,-0.0049
1946-04-27,206.13,0.7527
1946-04-29,206.09,-0.0194
1946-04-30,206.77,0.33
1946-05-01,205.67,-0.532
1946-05-02,204.98,-0.3355
1946-05-03,203.25,-0.844
1946-05-04,202.52,-0.3592
1946-05-06,200.65,-0.9234
1946-05-07,203.51,1.4254
1946-05-08,204.17,0.3243
1946-05-09,204.07,-0.049
1946-05-10,207.1,1.4848
1946-05-11,208.06,0.4635
1946-05-13,207.34,-0.3461
1946-05-14,206.69,-0.3135
1946-05-15,205.07,-0.7838
1946-05-16,206.17,0.5364
1946-05-17,206.56,0.1892
1946-05-18,205.8,-0.3679
1946-05-20,207.13,0.6463
1946-05-21,207.25,0.0579
1946-05-22,208,0.3619
1946-05-23,208.05,0.024
1946-05-24,207.69,-0.173
1946-05-27,209.42,0.833
1946-05-28,211.7,1.0887
1946-05-29,212.5,0.3779
1946-05-31,212.28,-0.1035
1946-06-03,211.47,-0.3816
1946-06-04,210.03,-0.6809
1946-06-05,209.78,-0.119
1946-06-06,209.5,-0.1335
1946-06-07,209.96,0.2196
1946-06-10,210.68,0.3429
1946-06-11,209.05,-0.7737
1946-06-12,208.96,-0.0431
1946-06-13,210.56,0.7657
1946-06-14,210.36,-0.095
1946-06-17,210.13,-0.1093
1946-06-18,207.71,-1.1517
1946-06-19,205.74,-0.9484
1946-06-20,200.52,-2.5372
1946-06-21,203.09,1.2817
1946-06-24,203.56,0.2314
1946-06-25,202.54,-0.5011
1946-06-26,202.1,-0.2172
1946-06-27,205.03,1.4498
1946-06-28,205.62,0.2878
1946-07-01,206.47,0.4134
1946-07-02,206.64,0.0823
1946-07-03,207.06,0.2033
1946-07-05,206.72,-0.1642
1946-07-08,206.62,-0.0484
1946-07-09,207.43,0.392
1946-07-10,207.56,0.0627
1946-07-11,206.3,-0.6071
1946-07-12,204.2,-1.0179
1946-07-15,200.86,-1.6357
1946-07-16,200.71,-0.0747
1946-07-17,202.25,0.7673
1946-07-18,201.86,-0.1928
1946-07-19,201.13,-0.3616
1946-07-22,200.54,-0.2933
1946-07-23,195.22,-2.6528
1946-07-24,195.37,0.0768
1946-07-25,196.25,0.4504
1946-07-26,197.63,0.7032
1946-07-29,198.22,0.2985
1946-07-30,199.4,0.5953
1946-07-31,201.56,1.0832
1946-08-01,202.26,0.3473
1946-08-02,202.82,0.2769
1946-08-05,201.93,-0.4388
1946-08-06,201.35,-0.2872
1946-08-07,202.96,0.7996
1946-08-08,204.1,0.5617
1946-08-09,203.57,-0.2597
1946-08-12,203.36,-0.1032
1946-08-13,204.52,0.5704
1946-08-14,203.99,-0.2591
1946-08-15,202.49,-0.7353
1946-08-16,200.69,-0.8889
1946-08-19,200.19,-0.2491
1946-08-20,201.27,0.5395
1946-08-21,200,-0.631
1946-08-22,196.66,-1.67
1946-08-23,197.75,0.5543
1946-08-26,196.99,-0.3843
1946-08-27,191.04,-3.0205
1946-08-28,190.03,-0.5287
1946-08-29,190.47,0.2315
1946-08-30,189.19,-0.672
1946-09-03,178.68,-5.5553
1946-09-04,176.72,-1.0969
1946-09-05,181.18,2.5238
1946-09-06,179.96,-0.6734
1946-09-09,172.03,-4.4065
1946-09-10,167.3,-2.7495
1946-09-11,172.13,2.887
1946-09-12,171.7,-0.2498
1946-09-13,173.39,0.9843
1946-09-16,174.45,0.6113
1946-09-17,173.66,-0.4529
1946-09-18,169.07,-2.6431
1946-09-19,165.17,-2.3067
1946-09-20,169.06,2.3551
1946-09-23,166.56,-1.4788
1946-09-24,168.89,1.3989
1946-09-25,172.95,2.4039
1946-09-26,174.96,1.1622
1946-09-27,174.09,-0.4973
1946-09-30,172.42,-0.9593
1946-10-01,171.47,-0.551
1946-10-02,172.72,0.729
1946-10-03,171.64,-0.6253
1946-10-04,169.8,-1.072
1946-10-05,169,-0.4711
1946-10-07,168.87,-0.0769
1946-10-08,167.34,-0.906
1946-10-09,163.12,-2.5218
1946-10-10,164.94,1.1157
1946-10-11,167.97,1.837
1946-10-14,169.86,1.1252
1946-10-15,175.94,3.5794
1946-10-16,174.35,-0.9037
1946-10-17,171.76,-1.4855
1946-10-18,171.65,-0.064
1946-10-19,171.34,-0.1806
1946-10-21,171.93,0.3443
1946-10-22,171.25,-0.3955
1946-10-23,170.67,-0.3387
1946-10-24,169.98,-0.4043
1946-10-25,168.76,-0.7177
1946-10-26,168.44,-0.1896
1946-10-28,166.04,-1.4248
1946-10-29,164.21,-1.1021
1946-10-30,164.2,-0.0061
1946-10-31,169.15,3.0146
1946-11-01,171.76,1.543
1946-11-02,172.53,0.4483
1946-11-04,174.4,1.0839
1946-11-06,168.88,-3.1651
1946-11-07,169.6,0.4263
1946-11-08,170.79,0.7017
1946-11-09,171.8,0.5914
1946-11-12,170.87,-0.5413
1946-11-13,169.84,-0.6028
1946-11-14,170.88,0.6123
1946-11-15,169.67,-0.7081
1946-11-16,169.03,-0.3772
1946-11-18,167.91,-0.6626
1946-11-19,167.88,-0.0179
1946-11-20,166.91,-0.5778
1946-11-21,164.12,-1.6716
1946-11-22,163.55,-0.3473
1946-11-23,165.1,0.9477
1946-11-25,165.23,0.0787
1946-11-26,166.94,1.0349
1946-11-27,168.34,0.8386
1946-11-29,169.78,0.8554
1946-11-30,169.8,0.0118
1946-12-02,167.5,-1.3545
1946-12-03,168.05,0.3284
1946-12-04,170.33,1.3567
1946-12-05,169.95,-0.2231
1946-12-06,170.39,0.2589
1946-12-07,171.01,0.3639
1946-12-09,175.76,2.7776
1946-12-10,175.92,0.091
1946-12-11,176.07,0.0853
1946-12-12,173.91,-1.2268
1946-12-13,173.9,-0.0058
1946-12-14,174.73,0.4773
1946-12-16,174.85,0.0687
1946-12-17,174.47,-0.2173
1946-12-18,174.84,0.2121
1946-12-19,177.29,1.4013
1946-12-20,177.85,0.3159
1946-12-21,178.32,0.2643
1946-12-23,177.36,-0.5384
1946-12-24,176.95,-0.2312
1946-12-26,175.21,-0.9833
1946-12-27,175.66,0.2568
1946-12-28,175.77,0.0626
1946-12-30,176.23,0.2617
1946-12-31,177.2,0.5504
1947-01-02,176.39,-0.4571
1947-01-03,176.76,0.2098
1947-01-04,176.92,0.0905
1947-01-06,178.43,0.8535
1947-01-07,177.49,-0.5268
1947-01-08,178.06,0.3211
1947-01-09,178.43,0.2078
1947-01-10,177.43,-0.5604
1947-01-11,175.25,-1.2287
1947-01-13,172.49,-1.5749
1947-01-14,172.63,0.0812
1947-01-15,172.1,-0.307
1947-01-16,171.95,-0.0872
1947-01-17,174.76,1.6342
1947-01-18,175.92,0.6638
1947-01-20,174.06,-1.0573
1947-01-21,173.51,-0.316
1947-01-22,173.77,0.1498
1947-01-23,175.13,0.7826
1947-01-24,175.49,0.2056
1947-01-25,175.35,-0.0798
1947-01-27,177.28,1.1007
1947-01-28,178.68,0.7897
1947-01-29,180.17,0.8339
1947-01-30,179.74,-0.2387
1947-01-31,180.44,0.3895
1947-02-01,180.88,0.2438
1947-02-03,181.92,0.575
1947-02-04,182.28,0.1979
1947-02-05,182.52,0.1317
1947-02-06,181.57,-0.5205
1947-02-07,183.74,1.1951
1947-02-08,184.49,0.4082
1947-02-10,183.57,-0.4987
1947-02-11,184.06,0.2669
1947-02-13,182.18,-1.0214
1947-02-14,181.64,-0.2964
1947-02-15,181.36,-0.1542
1947-02-17,182.2,0.4632
1947-02-18,181.93,-0.1482
1947-02-19,180.78,-0.6321
1947-02-20,180.74,-0.0221
1947-02-21,182.26,0.841
1947-02-24,181.4,-0.4719
1947-02-25,179.31,-1.1521
1947-02-26,177.22,-1.1656
1947-02-27,178.91,0.9536
1947-02-28,178.9,-0.0056
1947-03-01,179.29,0.218
1947-03-03,179.43,0.0781
1947-03-04,179.77,0.1895
1947-03-05,181.16,0.7732
1947-03-06,181.88,0.3974
1947-03-07,177.05,-2.6556
1947-03-08,175.84,-0.6834
1947-03-10,175.18,-0.3753
1947-03-11,173.83,-0.7706
1947-03-12,174.68,0.489
1947-03-13,174.35,-0.1889
1947-03-14,172.58,-1.0152
1947-03-15,172.37,-0.1217
1947-03-17,173.35,0.5685
1947-03-18,174.95,0.923
1947-03-19,175.78,0.4744
1947-03-20,175.37,-0.2332
1947-03-21,176.9,0.8724
1947-03-22,177.27,0.2092
1947-03-24,176.4,-0.4908
1947-03-25,175.29,-0.6293
1947-03-26,177.1,1.0326
1947-03-27,179.19,1.1801
1947-03-28,178.63,-0.3125
1947-03-29,178.36,-0.1512
1947-03-31,177.2,-0.6504
1947-04-01,177.45,0.1411
1947-04-02,177.32,-0.0733
1947-04-03,176.52,-0.4512
1947-04-05,176.71,0.1076
1947-04-07,175.39,-0.747
1947-04-08,173.29,-1.1973
1947-04-09,173.4,0.0635
1947-04-10,173.98,0.3345
1947-04-11,173.43,-0.3161
1947-04-12,171.76,-0.9629
1947-04-14,166.69,-2.9518
1947-04-15,166.82,0.078
1947-04-16,168.22,0.8392
1947-04-17,168.01,-0.1248
1947-04-18,166.77,-0.7381
1947-04-19,168.44,1.0014
1947-04-21,169.5,0.6293
1947-04-22,170.94,0.8496
1947-04-23,170.87,-0.041
1947-04-24,170.19,-0.398
1947-04-25,168.93,-0.7403
1947-04-26,169.13,0.1184
1947-04-28,168.85,-0.1656
1947-04-29,168.7,-0.0888
1947-04-30,170.64,1.15
1947-05-01,171.91,0.7443
1947-05-02,173.45,0.8958
1947-05-03,174,0.3171
1947-05-05,174.21,0.1207
1947-05-06,172.77,-0.8266
1947-05-07,172.49,-0.1621
1947-05-08,171.56,-0.5392
1947-05-09,171.54,-0.0117
1947-05-10,171.67,0.0758
1947-05-12,169.8,-1.0893
1947-05-13,167.34,-1.4488
1947-05-14,166.68,-0.3944
1947-05-15,167.88,0.7199
1947-05-16,164.96,-1.7393
1947-05-17,163.21,-1.0609
1947-05-19,163.55,0.2083
1947-05-20,163.59,0.0245
1947-05-21,165.77,1.3326
1947-05-22,166.73,0.5791
1947-05-23,166.95,0.1319
1947-05-24,166.97,0.012
1947-05-26,166.29,-0.4073
1947-05-27,166.17,-0.0722
1947-05-28,168.06,1.1374
1947-05-29,169.25,0.7081
1947-06-02,168,-0.7386
1947-06-03,170.35,1.3988
1947-06-04,169.56,-0.4638
1947-06-05,169.41,-0.0885
1947-06-06,170.28,0.5135
1947-06-09,169.88,-0.2349
1947-06-10,171.1,0.7182
1947-06-11,174.68,2.0923
1947-06-12,173.78,-0.5152
1947-06-13,175.49,0.984
1947-06-16,175.81,0.1823
1947-06-17,174.98,-0.4721
1947-06-18,174.94,-0.0229
1947-06-19,176.14,0.6859
1947-06-20,176.44,0.1703
1947-06-23,177.44,0.5668
1947-06-24,174.54,-1.6344
1947-06-25,175.73,0.6818
1947-06-26,176.58,0.4837
1947-06-27,176.56,-0.0113
1947-06-30,177.3,0.4191
1947-07-01,180.33,1.709
1947-07-02,179.88,-0.2495
1947-07-03,181.73,1.0285
1947-07-07,182.04,0.1706
1947-07-08,182.66,0.3406
1947-07-09,181.72,-0.5146
1947-07-10,182.8,0.5943
1947-07-11,184.77,1.0777
1947-07-14,185.6,0.4492
1947-07-15,185.38,-0.1185
1947-07-16,185.46,0.0432
1947-07-17,183.83,-0.8789
1947-07-18,184.6,0.4189
1947-07-21,183.52,-0.585
1947-07-22,183.78,0.1417
1947-07-23,184.95,0.6366
1947-07-24,186.85,1.0273
1947-07-25,186.38,-0.2515
1947-07-28,184.95,-0.7672
1947-07-29,182.05,-1.568
1947-07-30,180.91,-0.6262
1947-07-31,183.18,1.2548
1947-08-01,183.81,0.3439
1947-08-04,182.51,-0.7073
1947-08-05,183.08,0.3123
1947-08-06,182.35,-0.3987
1947-08-07,182.11,-0.1316
1947-08-08,180.13,-1.0873
1947-08-11,178.98,-0.6384
1947-08-12,179.94,0.5364
1947-08-13,179.8,-0.0778
1947-08-14,179.87,0.0389
1947-08-15,181.04,0.6505
1947-08-18,180.44,-0.3314
1947-08-19,179.75,-0.3824
1947-08-20,179.01,-0.4117
1947-08-21,179.42,0.229
1947-08-22,179.74,0.1784
1947-08-25,177.57,-1.2073
1947-08-26,177.73,0.0901
1947-08-27,177.88,0.0844
1947-08-28,177.7,-0.1012
1947-08-29,178.85,0.6472
1947-09-02,179.81,0.5368
1947-09-03,179.09,-0.4004
1947-09-04,177.27,-1.0162
1947-09-05,177.13,-0.079
1947-09-08,175.14,-1.1235
1947-09-09,175.32,0.1028
1947-09-10,176.24,0.5248
1947-09-11,176.16,-0.0454
1947-09-12,175.92,-0.1362
1947-09-15,175.3,-0.3524
1947-09-16,176.7,0.7986
1947-09-17,178.73,1.1488
1947-09-18,178.31,-0.235
1947-09-19,178.12,-0.1066
1947-09-22,178.02,-0.0561
1947-09-23,176.04,-1.1122
1947-09-24,176.39,0.1988
1947-09-25,175.29,-0.6236
1947-09-26,174.86,-0.2453
1947-09-29,175.85,0.5662
1947-09-30,177.49,0.9326
1947-10-01,178.1,0.3437
1947-10-02,178.47,0.2077
1947-10-03,179.53,0.5939
1947-10-04,179.44,-0.0501
1947-10-06,180.08,0.3567
1947-10-07,180.01,-0.0389
1947-10-08,178.78,-0.6833
1947-10-09,180.11,0.7439
1947-10-10,180.44,0.1832
1947-10-11,180.49,0.0277
1947-10-14,182.73,1.2411
1947-10-15,183.28,0.301
1947-10-16,183.54,0.1419
1947-10-17,183.52,-0.0109
1947-10-18,184.25,0.3978
1947-10-20,185.29,0.5645
1947-10-21,185.09,-0.1079
1947-10-22,184.36,-0.3944
1947-10-23,184.5,0.0759
1947-10-24,182.53,-1.0678
1947-10-25,182.73,0.1096
1947-10-27,183.27,0.2955
1947-10-28,183.21,-0.0327
1947-10-29,183.06,-0.0819
1947-10-30,181.32,-0.9505
1947-10-31,181.81,0.2702
1947-11-01,182.48,0.3685
1947-11-03,182.65,0.0932
1947-11-05,181.89,-0.4161
1947-11-06,182,0.0605
1947-11-07,181.54,-0.2527
1947-11-08,181.49,-0.0275
1947-11-10,182.21,0.3967
1947-11-12,181.04,-0.6421
1947-11-13,180,-0.5745
1947-11-14,180.05,0.0278
1947-11-15,180.26,0.1166
1947-11-17,180.4,0.0777
1947-11-18,181.71,0.7262
1947-11-19,182.71,0.5503
1947-11-20,183.17,0.2518
1947-11-21,182.61,-0.3057
1947-11-22,182.33,-0.1533
1947-11-24,181.98,-0.192
1947-11-25,181.35,-0.3462
1947-11-26,180.94,-0.2261
1947-11-28,179.51,-0.7903
1947-11-29,179.4,-0.0613
1947-12-01,180.61,0.6745
1947-12-02,180.76,0.0831
1947-12-03,179.63,-0.6251
1947-12-04,178.79,-0.4676
1947-12-05,176.1,-1.5046
1947-12-06,175.74,-0.2044
1947-12-08,176.71,0.552
1947-12-09,177.47,0.4301
1947-12-10,177.58,0.062
1947-12-11,177.37,-0.1183
1947-12-12,178.37,0.5638
1947-12-13,179.34,0.5438
1947-12-15,179.69,0.1952
1947-12-16,179.44,-0.1391
1947-12-17,179.81,0.2062
1947-12-18,179.44,-0.2058
1947-12-19,180.09,0.3622
1947-12-20,181.06,0.5386
1947-12-22,180.21,-0.4695
1947-12-23,180.71,0.2775
1947-12-24,180.84,0.0719
1947-12-26,179.28,-0.8626
1947-12-27,179.23,-0.0279
1947-12-29,178.58,-0.3627
1947-12-30,180.56,1.1087
1947-12-31,181.16,0.3323
1948-01-02,181.04,-0.0662
1948-01-05,179.53,-0.8341
1948-01-06,179.12,-0.2284
1948-01-07,179.83,0.3964
1948-01-08,180.6,0.4282
1948-01-09,180.09,-0.2824
1948-01-10,180.2,0.0611
1948-01-12,179.33,-0.4828
1948-01-13,177.49,-1.026
1948-01-14,177.37,-0.0676
1948-01-15,177.03,-0.1917
1948-01-16,177.15,0.0678
1948-01-17,177.24,0.0508
1948-01-19,175.95,-0.7278
1948-01-20,175.27,-0.3865
1948-01-21,173.53,-0.9928
1948-01-22,172.15,-0.7953
1948-01-23,171.97,-0.1046
1948-01-24,171.67,-0.1744
1948-01-26,171.18,-0.2854
1948-01-27,171.42,0.1402
1948-01-28,172.97,0.9042
1948-01-29,174.47,0.8672
1948-01-30,174.76,0.1662
1948-01-31,175.05,0.1659
1948-02-02,174.92,-0.0743
1948-02-03,173.95,-0.5545
1948-02-04,170.95,-1.7246
1948-02-05,169.18,-1.0354
1948-02-06,168.81,-0.2187
1948-02-07,169.79,0.5805
1948-02-09,169.82,0.0177
1948-02-10,165.65,-2.4555
1948-02-11,165.69,0.0241
1948-02-13,166.33,0.3863
1948-02-14,166.18,-0.0902
1948-02-16,168.3,1.2757
1948-02-17,167.89,-0.2436
1948-02-18,168.04,0.0893
1948-02-19,167.86,-0.1071
1948-02-20,167.44,-0.2502
1948-02-21,167.6,0.0956
1948-02-24,167.8,0.1193
1948-02-25,168.39,0.3516
1948-02-26,167.56,-0.4929
1948-02-27,166.8,-0.4536
1948-02-28,167.3,0.2998
1948-03-01,168.14,0.5021
1948-03-02,168.75,0.3628
1948-03-03,168.61,-0.083
1948-03-04,168.13,-0.2847
1948-03-05,168.35,0.1309
1948-03-06,168.94,0.3505
1948-03-08,167.71,-0.7281
1948-03-09,166.76,-0.5665
1948-03-10,167.48,0.4318
1948-03-11,167.21,-0.1612
1948-03-12,166.99,-0.1316
1948-03-13,167.62,0.3773
1948-03-15,167.62,0
1948-03-16,165.39,-1.3304
1948-03-17,166.24,0.5139
1948-03-18,166.92,0.409
1948-03-19,169.67,1.6475
1948-03-20,173.12,2.0334
1948-03-22,173.66,0.3119
1948-03-23,173.5,-0.0921
1948-03-24,173.62,0.0692
1948-03-25,174.05,0.2477
1948-03-27,173.95,-0.0575
1948-03-29,173.65,-0.1725
1948-03-30,175.23,0.9099
1948-03-31,177.2,1.1242
1948-04-01,177.61,0.2314
1948-04-02,177.32,-0.1633
1948-04-03,177.45,0.0733
1948-04-05,177.92,0.2649
1948-04-06,178.77,0.4777
1948-04-07,178.33,-0.2461
1948-04-08,178.8,0.2636
1948-04-09,179.16,0.2013
1948-04-10,179.48,0.1786
1948-04-12,179.05,-0.2396
1948-04-13,179.45,0.2234
1948-04-14,179.13,-0.1783
1948-04-15,180.27,0.6364
1948-04-16,180.63,0.1997
1948-04-17,180.38,-0.1384
1948-04-19,181.05,0.3714
1948-04-20,180.72,-0.1823
1948-04-21,181.37,0.3597
1948-04-22,182.98,0.8877
1948-04-23,183.78,0.4372
1948-04-24,183.2,-0.3156
1948-04-26,181.32,-1.0262
1948-04-27,180.97,-0.193
1948-04-28,181.01,0.0221
1948-04-29,180.65,-0.1989
1948-04-30,180.51,-0.0775
1948-05-01,180.28,-0.1274
1948-05-03,181.09,0.4493
1948-05-04,181.44,0.1933
1948-05-05,180.94,-0.2756
1948-05-06,181.65,0.3924
1948-05-07,182.29,0.3523
1948-05-08,182.5,0.1152
1948-05-10,182.94,0.2411
1948-05-11,183.75,0.4428
1948-05-12,183.95,0.1088
1948-05-13,184.82,0.473
1948-05-14,188.6,2.0452
1948-05-15,190.25,0.8749
1948-05-17,190.44,0.0999
1948-05-18,188.56,-0.9872
1948-05-19,188.28,-0.1485
1948-05-20,189.26,0.5205
1948-05-21,189.78,0.2748
1948-05-22,190,0.1159
1948-05-24,189.82,-0.0947
1948-05-25,189.71,-0.0579
1948-05-26,191.06,0.7116
1948-05-27,190.97,-0.0471
1948-05-28,190.74,-0.1204
1948-06-01,191.18,0.2307
1948-06-02,191.32,0.0732
1948-06-03,191.05,-0.1411
1948-06-04,190.18,-0.4554
1948-06-07,190.13,-0.0263
1948-06-08,192.16,1.0677
1948-06-09,192.56,0.2082
1948-06-10,192.5,-0.0312
1948-06-11,192.96,0.239
1948-06-14,192.86,-0.0518
1948-06-15,193.16,0.1556
1948-06-16,192.34,-0.4245
1948-06-17,192.15,-0.0988
1948-06-18,191.65,-0.2602
1948-06-21,189.71,-1.0123
1948-06-22,189.66,-0.0264
1948-06-23,190.73,0.5642
1948-06-24,190.87,0.0734
1948-06-25,190,-0.4558
1948-06-28,187.9,-1.1053
1948-06-29,188.49,0.314
1948-06-30,189.46,0.5146
1948-07-01,189.03,-0.227
1948-07-02,190.06,0.5449
1948-07-06,190.55,0.2578
1948-07-07,190.06,-0.2572
1948-07-08,190.58,0.2736
1948-07-09,191.62,0.5457
1948-07-12,191.47,-0.0783
1948-07-13,190.36,-0.5797
1948-07-14,190.66,0.1576
1948-07-15,187.7,-1.5525
1948-07-16,185.9,-0.959
1948-07-19,181.2,-2.5282
1948-07-20,183.57,1.3079
1948-07-21,184.44,0.4739
1948-07-22,185.29,0.4609
1948-07-23,185.31,0.0108
1948-07-26,184.17,-0.6152
1948-07-27,186.09,1.0425
1948-07-28,185.15,-0.5051
1948-07-29,183.57,-0.8534
1948-07-30,181.33,-1.2202
1948-08-02,181.13,-0.1103
1948-08-03,180.98,-0.0828
1948-08-04,183.06,1.1493
1948-08-05,182.92,-0.0765
1948-08-06,183.01,0.0492
1948-08-09,182.26,-0.4098
1948-08-10,180.02,-1.229
1948-08-11,179.27,-0.4166
1948-08-12,179.63,0.2008
1948-08-13,179.63,0
1948-08-16,180.3,0.373
1948-08-17,182.15,1.0261
1948-08-18,182.12,-0.0165
1948-08-19,182.57,0.2471
1948-08-20,183.6,0.5642
1948-08-23,181.75,-1.0076
1948-08-24,182.58,0.4567
1948-08-25,182.41,-0.0931
1948-08-26,182.52,0.0603
1948-08-27,183.21,0.378
1948-08-30,182.09,-0.6113
1948-08-31,181.71,-0.2087
1948-09-01,183.6,1.0401
1948-09-02,184.39,0.4303
1948-09-03,184.35,-0.0217
1948-09-07,185.36,0.5479
1948-09-08,182.9,-1.3271
1948-09-09,180.33,-1.4051
1948-09-10,180.61,0.1553
1948-09-13,179.38,-0.681
1948-09-14,180.63,0.6968
1948-09-15,180.62,-0.0055
1948-09-16,180.69,0.0388
1948-09-17,180.06,-0.3487
1948-09-20,177.37,-1.4939
1948-09-21,178.61,0.6991
1948-09-22,179.16,0.3079
1948-09-23,178.77,-0.2177
1948-09-24,179.28,0.2853
1948-09-27,175.99,-1.8351
1948-09-28,177.54,0.8807
1948-09-29,179.04,0.8449
1948-09-30,178.3,-0.4133
1948-10-01,179.87,0.8805
1948-10-02,180.78,0.5059
1948-10-04,181.7,0.5089
1948-10-05,181.23,-0.2587
1948-10-06,181.72,0.2704
1948-10-07,182.52,0.4402
1948-10-08,182.02,-0.2739
1948-10-09,182.09,0.0385
1948-10-11,182.41,0.1757
1948-10-13,183.84,0.7839
1948-10-14,184.52,0.3699
1948-10-15,184.62,0.0542
1948-10-16,184.93,0.1679
1948-10-18,185.33,0.2163
1948-10-19,186.18,0.4586
1948-10-20,186.51,0.1772
1948-10-21,186.44,-0.0375
1948-10-22,189.76,1.7807
1948-10-23,190.19,0.2266
1948-10-25,189.52,-0.3523
1948-10-26,189.76,0.1266
1948-10-27,189.28,-0.253
1948-10-28,187.73,-0.8189
1948-10-29,188.28,0.293
1948-10-30,188.62,0.1806
1948-11-01,189.76,0.6044
1948-11-03,182.46,-3.847
1948-11-04,184.54,1.14
1948-11-05,178.38,-3.338
1948-11-06,178.94,0.3139
1948-11-08,178.19,-0.4191
1948-11-09,173.94,-2.3851
1948-11-10,173.48,-0.2645
1948-11-12,173.93,0.2594
1948-11-13,174.32,0.2242
1948-11-15,176.01,0.9695
1948-11-16,176.2,0.1079
1948-11-17,176.07,-0.0738
1948-11-18,176.07,0
1948-11-19,176.98,0.5168
1948-11-20,177.42,0.2486
1948-11-22,176.33,-0.6144
1948-11-23,176.17,-0.0907
1948-11-24,173.4,-1.5723
1948-11-26,173.16,-0.1384
1948-11-27,172.9,-0.1502
1948-11-29,171.99,-0.5263
1948-11-30,171.2,-0.4593
1948-12-01,173.22,1.1799
1948-12-02,173.61,0.2251
1948-12-03,175,0.8006
1948-12-04,176.22,0.6971
1948-12-06,176.26,0.0227
1948-12-07,176.67,0.2326
1948-12-08,176.29,-0.2151
1948-12-09,175.75,-0.3063
1948-12-10,176.41,0.3755
1948-12-11,177.49,0.6122
1948-12-13,177.34,-0.0845
1948-12-14,176.59,-0.4229
1948-12-15,176.2,-0.2209
1948-12-16,175.83,-0.21
1948-12-17,175.92,0.0512
1948-12-18,175.69,-0.1307
1948-12-20,176.84,0.6546
1948-12-21,176.35,-0.2771
1948-12-22,176.39,0.0227
1948-12-23,176.49,0.0567
1948-12-24,177.42,0.5269
1948-12-27,177.4,-0.0113
1948-12-28,175.98,-0.8005
1948-12-29,177.58,0.9092
1948-12-30,177.92,0.1915
1948-12-31,177.3,-0.3485
1949-01-03,175.03,-1.2803
1949-01-04,175.49,0.2628
1949-01-05,177.08,0.906
1949-01-06,180.22,1.7732
1949-01-07,181.31,0.6048
1949-01-08,181.41,0.0552
1949-01-10,180.57,-0.463
1949-01-11,180.76,0.1052
1949-01-12,180.69,-0.0387
1949-01-13,180.17,-0.2878
1949-01-14,178.8,-0.7604
1949-01-15,179.15,0.1957
1949-01-17,180.14,0.5526
1949-01-18,180.55,0.2276
1949-01-19,181.12,0.3157
1949-01-20,181.43,0.1712
1949-01-21,181,-0.237
1949-01-22,181.54,0.2983
1949-01-24,180.83,-0.3911
1949-01-25,179.65,-0.6525
1949-01-26,179.88,0.128
1949-01-27,179.52,-0.2001
1949-01-28,178.82,-0.3899
1949-01-29,179.35,0.2964
1949-01-31,179.12,-0.1282
1949-02-01,180.39,0.709
1949-02-02,180.27,-0.0665
1949-02-03,180.09,-0.0999
1949-02-04,177.91,-1.2105
1949-02-05,175.6,-1.2984
1949-02-07,174.43,-0.6663
1949-02-08,173.71,-0.4128
1949-02-09,174.61,0.5181
1949-02-10,172.41,-1.26
1949-02-11,171.93,-0.2784
1949-02-14,172.16,0.1338
1949-02-15,172.48,0.1859
1949-02-16,173.28,0.4638
1949-02-17,174.82,0.8887
1949-02-18,174.71,-0.0629
1949-02-19,174.53,-0.103
1949-02-21,174.19,-0.1948
1949-02-23,173.23,-0.5511
1949-02-24,171.48,-1.0102
1949-02-25,171.1,-0.2216
1949-02-26,171.62,0.3039
1949-02-28,173.06,0.8391
1949-03-01,174.18,0.6472
1949-03-02,173.82,-0.2067
1949-03-03,173.76,-0.0345
1949-03-04,173.66,-0.0576
1949-03-05,174.93,0.7313
1949-03-07,175.55,0.3544
1949-03-08,176.09,0.3076
1949-03-09,175.76,-0.1874
1949-03-10,175.64,-0.0683
1949-03-11,176.52,0.501
1949-03-12,176.96,0.2493
1949-03-14,176.98,0.0113
1949-03-15,176.02,-0.5424
1949-03-16,175.53,-0.2784
1949-03-17,176.33,0.4558
1949-03-18,176.29,-0.0227
1949-03-19,176.07,-0.1248
1949-03-21,175.61,-0.2613
1949-03-22,174.83,-0.4442
1949-03-23,176.2,0.7836
1949-03-24,176.41,0.1192
1949-03-25,175.83,-0.3288
1949-03-26,175.82,-0.0057
1949-03-28,175.99,0.0967
1949-03-29,178.39,1.3637
1949-03-30,178.45,0.0336
1949-03-31,177.1,-0.7565
1949-04-01,176.28,-0.463
1949-04-02,176.88,0.3404
1949-04-04,176.59,-0.164
1949-04-05,177.04,0.2548
1949-04-06,176.71,-0.1864
1949-04-07,176.04,-0.3792
1949-04-08,176.44,0.2272
1949-04-09,176.75,0.1757
1949-04-11,176.54,-0.1188
1949-04-12,176.99,0.2549
1949-04-13,176.81,-0.1017
1949-04-14,176.62,-0.1075
1949-04-16,177.07,0.2548
1949-04-18,177.16,0.0508
1949-04-19,176.73,-0.2427
1949-04-20,175.69,-0.5885
1949-04-21,173.24,-1.3945
1949-04-22,173.42,0.1039
1949-04-23,173.76,0.1961
1949-04-25,173.64,-0.0691
1949-04-26,174.21,0.3283
1949-04-27,174.56,0.2009
1949-04-28,173.89,-0.3838
1949-04-29,174.06,0.0978
1949-04-30,174.16,0.0575
1949-05-02,174.53,0.2124
1949-05-03,175,0.2693
1949-05-04,176.63,0.9314
1949-05-05,176.33,-0.1698
1949-05-06,175.5,-0.4707
1949-05-07,175.39,-0.0627
1949-05-09,175.17,-0.1254
1949-05-10,174.37,-0.4567
1949-05-11,174.4,0.0172
1949-05-12,174.7,0.172
1949-05-13,174.82,0.0687
1949-05-14,175.2,0.2174
1949-05-16,175.76,0.3196
1949-05-17,175.32,-0.2503
1949-05-18,174.92,-0.2282
1949-05-19,174.14,-0.4459
1949-05-20,173.49,-0.3733
1949-05-21,173.49,0
1949-05-23,172.32,-0.6744
1949-05-24,171.49,-0.4817
1949-05-25,171.84,0.2041
1949-05-26,171.95,0.064
1949-05-27,171.53,-0.2443
1949-05-31,168.36,-1.8481
1949-06-01,167.98,-0.2257
1949-06-02,168.15,0.1012
1949-06-03,167.24,-0.5412
1949-06-06,165.15,-1.2497
1949-06-07,165.29,0.0848
1949-06-08,165.76,0.2843
1949-06-09,165.73,-0.0181
1949-06-10,164.61,-0.6758
1949-06-13,161.6,-1.8286
1949-06-14,161.86,0.1609
1949-06-15,164.58,1.6805
1949-06-16,163.94,-0.3889
1949-06-17,163.78,-0.0976
1949-06-20,165.49,1.0441
1949-06-21,165.71,0.1329
1949-06-22,165.64,-0.0422
1949-06-23,166.77,0.6822
1949-06-24,166.99,0.1319
1949-06-27,166.79,-0.1198
1949-06-28,165.75,-0.6235
1949-06-29,166.76,0.6094
1949-06-30,167.42,0.3958
1949-07-01,168.08,0.3942
1949-07-05,169.02,0.5593
1949-07-06,170.68,0.9821
1949-07-07,171.01,0.1933
1949-07-08,170.92,-0.0526
1949-07-11,170.81,-0.0644
1949-07-12,171.78,0.5679
1949-07-13,173.24,0.8499
1949-07-14,173.59,0.202
1949-07-15,173.48,-0.0634
1949-07-18,174.04,0.3228
1949-07-19,175.31,0.7297
1949-07-20,175.6,0.1654
1949-07-21,174.59,-0.5752
1949-07-22,174.53,-0.0344
1949-07-25,175.12,0.3381
1949-07-26,176.37,0.7138
1949-07-27,176.46,0.051
1949-07-28,176.26,-0.1133
1949-07-29,175.92,-0.1929
1949-08-01,176.84,0.523
1949-08-02,177.56,0.4071
1949-08-03,177.19,-0.2084
1949-08-04,177.06,-0.0734
1949-08-05,179.07,1.1352
1949-08-08,180.54,0.8209
1949-08-09,179.52,-0.565
1949-08-10,180.6,0.6016
1949-08-11,180.02,-0.3212
1949-08-12,179.29,-0.4055
1949-08-15,178.97,-0.1785
1949-08-16,180,0.5755
1949-08-17,181.59,0.8833
1949-08-18,182.02,0.2368
1949-08-19,181.16,-0.4725
1949-08-22,180.53,-0.3478
1949-08-23,178.51,-1.1189
1949-08-24,178.78,0.1513
1949-08-25,179.01,0.1286
1949-08-26,179.24,0.1285
1949-08-29,177.75,-0.8313
1949-08-30,178.69,0.5288
1949-08-31,178.66,-0.0168
1949-09-01,179.52,0.4814
1949-09-02,179.38,-0.078
1949-09-06,179.2,-0.1003
1949-09-07,180.21,0.5636
1949-09-08,180.53,0.1776
1949-09-09,180.24,-0.1606
1949-09-12,181.15,0.5049
1949-09-13,183.29,1.1813
1949-09-14,183.14,-0.0818
1949-09-15,182.16,-0.5351
1949-09-16,182.32,0.0878
1949-09-19,181.42,-0.4936
1949-09-20,178.04,-1.8631
1949-09-21,180.02,1.1121
1949-09-22,180.83,0.45
1949-09-23,181.3,0.2599
1949-09-26,180.86,-0.2427
1949-09-27,179.63,-0.6801
1949-09-28,181.31,0.9353
1949-09-29,182.43,0.6177
1949-09-30,182.51,0.0439
1949-10-01,181.98,-0.2904
1949-10-03,182.67,0.3792
1949-10-04,184.13,0.7993
1949-10-05,184.8,0.3639
1949-10-06,185.37,0.3084
1949-10-07,185.27,-0.0539
1949-10-08,185.36,0.0486
1949-10-10,185.15,-0.1133
1949-10-11,186.74,0.8588
1949-10-13,186.78,0.0214
1949-10-14,186.43,-0.1874
1949-10-15,186.36,-0.0375
1949-10-17,184.72,-0.88
1949-10-18,186.12,0.7579
1949-10-19,187.04,0.4943
1949-10-20,186.64,-0.2139
1949-10-21,186.2,-0.2357
1949-10-22,186.2,0
1949-10-24,186.54,0.1826
1949-10-25,187.7,0.6219
1949-10-26,189.08,0.7352
1949-10-27,190.36,0.677
1949-10-28,190.16,-0.1051
1949-10-29,190.36,0.1052
1949-10-31,189.54,-0.4308
1949-11-01,191.23,0.8916
1949-11-02,192.96,0.9047
1949-11-03,192.19,-0.399
1949-11-04,191.29,-0.4683
1949-11-05,191.37,0.0418
1949-11-07,190.89,-0.2508
1949-11-09,190.6,-0.1519
1949-11-10,190.41,-0.0997
1949-11-12,190.46,0.0263
1949-11-14,187.27,-1.6749
1949-11-15,187.98,0.3791
1949-11-16,189.37,0.7394
1949-11-17,191.34,1.0403
1949-11-18,193.41,1.0818
1949-11-19,193.62,0.1086
1949-11-21,192.35,-0.6559
1949-11-22,193.23,0.4575
1949-11-23,193.52,0.1501
1949-11-25,192.78,-0.3824
1949-11-26,193.23,0.2334
1949-11-28,192.24,-0.5123
1949-11-29,191.62,-0.3225
1949-11-30,191.55,-0.0365
1949-12-01,192.71,0.6056
1949-12-02,193.63,0.4774
1949-12-03,194.43,0.4132
1949-12-05,194.74,0.1594
1949-12-06,194.64,-0.0514
1949-12-07,194.21,-0.2209
1949-12-08,194.45,0.1236
1949-12-09,194.35,-0.0514
1949-12-10,194.68,0.1698
1949-12-12,196.17,0.7654
1949-12-13,196.81,0.3262
1949-12-14,197.51,0.3557
1949-12-15,198.05,0.2734
1949-12-16,197.88,-0.0858
1949-12-17,197.98,0.0505
1949-12-19,198.17,0.096
1949-12-20,197.22,-0.4794
1949-12-21,196.45,-0.3904
1949-12-22,198.52,1.0537
1949-12-23,198.88,0.1813
1949-12-27,198.28,-0.3017
1949-12-28,199.59,0.6607
1949-12-29,199.39,-0.1002
1949-12-30,200.52,0.5667
1949-12-31,200.13,-0.1945
1950-01-03,198.89,-0.6196
1950-01-04,200.2,0.6587
1950-01-05,200.57,0.1848
1950-01-06,200.96,0.1944
1950-01-07,201.94,0.4877
1950-01-09,201.98,0.0198
1950-01-10,201.17,-0.401
1950-01-11,201.61,0.2187
1950-01-12,197.93,-1.8253
1950-01-13,196.81,-0.5659
1950-01-14,196.92,0.0559
1950-01-16,197.17,0.127
1950-01-17,198.78,0.8166
1950-01-18,199.5,0.3622
1950-01-19,199.8,0.1504
1950-01-20,200.13,0.1652
1950-01-21,200.97,0.4197
1950-01-23,200.42,-0.2737
1950-01-24,199.62,-0.3992
1950-01-25,198.39,-0.6162
1950-01-26,198.53,0.0706
1950-01-27,199.08,0.277
1950-01-28,200.08,0.5023
1950-01-30,201.39,0.6547
1950-01-31,201.79,0.1986
1950-02-01,201.89,0.0496
1950-02-02,204.11,1.0996
1950-02-03,204.53,0.2058
1950-02-04,205.03,0.2445
1950-02-06,204.59,-0.2146
1950-02-07,203.53,-0.5181
1950-02-08,202.71,-0.4029
1950-02-09,203.8,0.5377
1950-02-10,203.49,-0.1521
1950-02-11,203.36,-0.0639
1950-02-14,202.02,-0.6589
1950-02-15,201.93,-0.0446
1950-02-16,201.69,-0.1189
1950-02-17,203.17,0.7338
1950-02-18,203.97,0.3938
1950-02-20,203.47,-0.2451
1950-02-21,203.35,-0.059
1950-02-23,203.32,-0.0148
1950-02-24,204.15,0.4082
1950-02-25,204.15,0
1950-02-27,204.33,0.0882
1950-02-28,203.44,-0.4356
1950-03-01,203.62,0.0885
1950-03-02,203.54,-0.0393
1950-03-03,204.48,0.4618
1950-03-04,204.71,0.1125
1950-03-06,204.88,0.083
1950-03-07,203.69,-0.5808
1950-03-08,203.71,0.0098
1950-03-09,202.33,-0.6774
1950-03-10,202.44,0.0544
1950-03-11,202.96,0.2569
1950-03-13,203.09,0.0641
1950-03-14,204.7,0.7928
1950-03-15,207.46,1.3483
1950-03-16,207.89,0.2073
1950-03-17,207.57,-0.1539
1950-03-18,208.09,0.2505
1950-03-20,207.78,-0.149
1950-03-21,208.27,0.2358
1950-03-22,209.31,0.4994
1950-03-23,209.62,0.1481
1950-03-24,209.78,0.0763
1950-03-25,210.62,0.4004
1950-03-27,209.1,-0.7217
1950-03-28,209.5,0.1913
1950-03-29,208.4,-0.5251
1950-03-30,206.43,-0.9453
1950-03-31,206.05,-0.1841
1950-04-01,206.37,0.1553
1950-04-03,208.44,1.0031
1950-04-04,209.05,0.2927
1950-04-05,210.34,0.6171
1950-04-06,212.1,0.8367
1950-04-08,212.55,0.2122
1950-04-10,212.29,-0.1223
1950-04-11,211.47,-0.3863
1950-04-12,213.94,1.168
1950-04-13,214.13,0.0888
1950-04-14,215.31,0.5511
1950-04-15,214.48,-0.3855
1950-04-17,214.41,-0.0326
1950-04-18,215.05,0.2985
1950-04-19,215.21,0.0744
1950-04-20,213.72,-0.6923
1950-04-21,214.14,0.1965
1950-04-22,213.9,-0.1121
1950-04-24,212.58,-0.6171
1950-04-25,212.55,-0.0141
1950-04-26,211.72,-0.3905
1950-04-27,212.44,0.3401
1950-04-28,213.56,0.5272
1950-04-29,214.33,0.3606
1950-05-01,215.81,0.6905
1950-05-02,214.87,-0.4356
1950-05-03,216.26,0.6469
1950-05-04,214.87,-0.6427
1950-05-05,215.72,0.3956
1950-05-06,217.03,0.6073
1950-05-08,216.71,-0.1474
1950-05-09,217.4,0.3184
1950-05-10,218.64,0.5704
1950-05-11,218.72,0.0366
1950-05-12,217.61,-0.5075
1950-05-13,217.78,0.0781
1950-05-15,218.04,0.1194
1950-05-16,219.7,0.7613
1950-05-17,220.6,0.4096
1950-05-18,220.63,0.0136
1950-05-19,222.11,0.6708
1950-05-20,222.41,0.1351
1950-05-22,221.55,-0.3867
1950-05-23,222.47,0.4153
1950-05-24,222.57,0.0449
1950-05-25,222.44,-0.0584
1950-05-26,221.93,-0.2293
1950-05-27,221.71,-0.0991
1950-05-29,222.47,0.3428
1950-05-31,223.42,0.427
1950-06-01,223.23,-0.085
1950-06-02,223.71,0.215
1950-06-05,221.76,-0.8717
1950-06-06,223.46,0.7666
1950-06-07,223.68,0.0985
1950-06-08,225.52,0.8226
1950-06-09,226.86,0.5942
1950-06-12,228.38,0.67
1950-06-13,226.44,-0.8495
1950-06-14,223.32,-1.3778
1950-06-15,222.46,-0.3851
1950-06-16,222.71,0.1124
1950-06-19,222.09,-0.2784
1950-06-20,220.72,-0.6169
1950-06-21,222.53,0.82
1950-06-22,224.51,0.8898
1950-06-23,224.35,-0.0713
1950-06-26,213.91,-4.6534
1950-06-27,212.22,-0.7901
1950-06-28,214.68,1.1592
1950-06-29,206.72,-3.7078
1950-06-30,209.11,1.1562
1950-07-03,208.35,-0.3634
1950-07-05,210.03,0.8063
1950-07-06,210.85,0.3904
1950-07-07,208.59,-1.0719
1950-07-10,208.09,-0.2397
1950-07-11,204.6,-1.6772
1950-07-12,199.09,-2.6931
1950-07-13,197.46,-0.8187
1950-07-14,199.83,1.2002
1950-07-17,197.63,-1.1009
1950-07-18,201.88,2.1505
1950-07-19,205.13,1.6099
1950-07-20,207.73,1.2675
1950-07-21,207.65,-0.0385
1950-07-24,206.95,-0.3371
1950-07-25,203.83,-1.5076
1950-07-26,204.39,0.2747
1950-07-27,206.37,0.9687
1950-07-28,208.21,0.8916
1950-07-31,209.4,0.5715
1950-08-01,211.87,1.1796
1950-08-02,211.26,-0.2879
1950-08-03,211.26,0
1950-08-04,212.66,0.6627
1950-08-07,215.82,1.4859
1950-08-08,215.44,-0.1761
1950-08-09,216.97,0.7102
1950-08-10,216.64,-0.1521
1950-08-11,215.03,-0.7432
1950-08-14,215.31,0.1302
1950-08-15,215.31,0
1950-08-16,215.78,0.2183
1950-08-17,217.76,0.9176
1950-08-18,219.23,0.6751
1950-08-21,220.21,0.447
1950-08-22,219.79,-0.1907
1950-08-23,221.51,0.7826
1950-08-24,221.13,-0.1715
1950-08-25,218.1,-1.3702
1950-08-28,218.55,0.2063
1950-08-29,218.29,-0.119
1950-08-30,217.05,-0.5681
1950-08-31,216.87,-0.0829
1950-09-01,218.42,0.7147
1950-09-05,220.02,0.7325
1950-09-06,218.2,-0.8272
1950-09-07,218.33,0.0596
1950-09-08,220.03,0.7786
1950-09-11,218.1,-0.8772
1950-09-12,220.81,1.2425
1950-09-13,223.42,1.182
1950-09-14,224.48,0.4744
1950-09-15,225.85,0.6103
1950-09-18,226.78,0.4118
1950-09-19,225.78,-0.441
1950-09-20,224.33,-0.6422
1950-09-21,226.01,0.7489
1950-09-22,226.64,0.2787
1950-09-25,226.06,-0.2559
1950-09-26,222.84,-1.4244
1950-09-27,225.74,1.3014
1950-09-28,225.93,0.0842
1950-09-29,226.36,0.1903
1950-10-02,228.94,1.1398
1950-10-03,228.89,-0.0218
1950-10-04,231.15,0.9874
1950-10-05,229.85,-0.5624
1950-10-06,231.74,0.8223
1950-10-07,231.81,0.0302
1950-10-09,230.02,-0.7722
1950-10-10,227.6,-1.0521
1950-10-11,228.97,0.6019
1950-10-13,228.54,-0.1878
1950-10-14,227.63,-0.3982
1950-10-16,227.5,-0.0571
1950-10-17,229.22,0.756
1950-10-18,230.6,0.602
1950-10-19,230.83,0.0997
1950-10-20,230.33,-0.2166
1950-10-21,230.88,0.2388
1950-10-23,230.62,-0.1126
1950-10-24,231.39,0.3339
1950-10-25,231.49,0.0432
1950-10-26,226.65,-2.0908
1950-10-27,228.28,0.7192
1950-10-28,228.56,0.1227
1950-10-30,226.42,-0.9363
1950-10-31,225.01,-0.6227
1950-11-01,225.69,0.3022
1950-11-02,227.25,0.6912
1950-11-03,228.1,0.374
1950-11-04,227.42,-0.2981
1950-11-06,222.52,-2.1546
1950-11-08,224.25,0.7775
1950-11-09,227.17,1.3021
1950-11-10,229.29,0.9332
1950-11-13,229.44,0.0654
1950-11-14,229.54,0.0436
1950-11-15,229.52,-0.0087
1950-11-16,228.94,-0.2527
1950-11-17,230.27,0.5809
1950-11-18,231.64,0.595
1950-11-20,231.53,-0.0475
1950-11-21,231.16,-0.1598
1950-11-22,233.81,1.1464
1950-11-24,235.47,0.71
1950-11-25,235.06,-0.1741
1950-11-27,234.96,-0.0425
1950-11-28,228.61,-2.7026
1950-11-29,226.42,-0.958
1950-11-30,227.6,0.5212
1950-12-01,228.89,0.5668
1950-12-02,227.55,-0.5854
1950-12-04,222.33,-2.294
1950-12-05,225.44,1.3988
1950-12-06,226.16,0.3194
1950-12-07,225.94,-0.0973
1950-12-08,226.74,0.3541
1950-12-09,227.3,0.247
1950-12-11,229.19,0.8315
1950-12-12,229.27,0.0349
1950-12-13,228.82,-0.1963
1950-12-14,225.89,-1.2805
1950-12-15,224.7,-0.5268
1950-12-16,228.34,1.6199
1950-12-18,231.01,1.1693
1950-12-19,231.54,0.2294
1950-12-20,231.2,-0.1468
1950-12-21,230.43,-0.333
1950-12-22,231.54,0.4817
1950-12-26,229.65,-0.8163
1950-12-27,234.21,1.9856
1950-12-28,235.34,0.4825
1950-12-29,235.42,0.034
1950-12-30,235.41,-0.0042
1951-01-02,239.92,1.9158
1951-01-03,238.99,-0.3876
1951-01-04,240.86,0.7825
1951-01-05,240.96,0.0415
1951-01-06,240.68,-0.1162
1951-01-08,242.29,0.6689
1951-01-09,243.5,0.4994
1951-01-10,240.4,-1.2731
1951-01-11,244.72,1.797
1951-01-12,243.81,-0.3719
1951-01-13,243.61,-0.082
1951-01-15,245.02,0.5788
1951-01-16,246.65,0.6653
1951-01-17,248.01,0.5514
1951-01-18,247.39,-0.25
1951-01-19,246.76,-0.2547
1951-01-20,246.91,0.0608
1951-01-22,244.33,-1.0449
1951-01-23,245.3,0.397
1951-01-24,244.36,-0.3832
1951-01-25,242.22,-0.8758
1951-01-26,244.51,0.9454
1951-01-27,247.36,1.1656
1951-01-29,248.64,0.5175
1951-01-30,249.58,0.3781
1951-01-31,248.83,-0.3005
1951-02-01,250.76,0.7756
1951-02-02,252.78,0.8056
1951-02-03,253.92,0.451
1951-02-05,255.17,0.4923
1951-02-06,254.62,-0.2155
1951-02-07,252.7,-0.7541
1951-02-08,253.34,0.2533
1951-02-09,254.24,0.3553
1951-02-10,254.8,0.2203
1951-02-13,255.71,0.3571
1951-02-14,255.1,-0.2386
1951-02-15,253.61,-0.5841
1951-02-16,254.9,0.5087
1951-02-17,254.7,-0.0785
1951-02-19,251.67,-1.1896
1951-02-20,251.12,-0.2185
1951-02-21,252.28,0.4619
1951-02-23,252.18,-0.0396
1951-02-24,252.93,0.2974
1951-02-26,253.18,0.0988
1951-02-27,251.34,-0.7268
1951-02-28,252.05,0.2825
1951-03-01,252.8,0.2976
1951-03-02,253.61,0.3204
1951-03-03,253.43,-0.071
1951-03-05,251.82,-0.6353
1951-03-06,251.55,-0.1072
1951-03-07,252.45,0.3578
1951-03-08,252.81,0.1426
1951-03-09,252.75,-0.0237
1951-03-10,252.02,-0.2888
1951-03-12,249.89,-0.8452
1951-03-13,245.88,-1.6047
1951-03-14,243.95,-0.7849
1951-03-15,244.85,0.3689
1951-03-16,248.62,1.5397
1951-03-17,249.03,0.1649
1951-03-19,248.08,-0.3815
1951-03-20,247.87,-0.0847
1951-03-21,249.37,0.6052
1951-03-22,250.52,0.4612
1951-03-24,248.14,-0.95
1951-03-26,249.13,0.399
1951-03-27,248.74,-0.1565
1951-03-28,246.19,-1.0252
1951-03-29,246.9,0.2884
1951-03-30,248.53,0.6602
1951-03-31,247.94,-0.2374
1951-04-02,246.63,-0.5284
1951-04-03,246.02,-0.2473
1951-04-04,247.31,0.5243
1951-04-05,250.32,1.2171
1951-04-06,250.83,0.2037
1951-04-07,250.28,-0.2193
1951-04-09,250.57,0.1159
1951-04-10,250.42,-0.0599
1951-04-11,249.76,-0.2636
1951-04-12,251.66,0.7607
1951-04-13,254.75,1.2278
1951-04-14,256.18,0.5613
1951-04-16,254.85,-0.5192
1951-04-17,255.34,0.1923
1951-04-18,256.01,0.2624
1951-04-19,254.92,-0.4258
1951-04-20,254.82,-0.0392
1951-04-21,255.02,0.0785
1951-04-23,255.12,0.0392
1951-04-24,254.19,-0.3645
1951-04-25,254.75,0.2203
1951-04-26,257.13,0.9342
1951-04-27,258.96,0.7117
1951-04-28,259.08,0.0463
1951-04-30,259.13,0.0193
1951-05-01,260.71,0.6097
1951-05-02,261.27,0.2148
1951-05-03,263.13,0.7119
1951-05-04,262.77,-0.1368
1951-05-05,261.76,-0.3844
1951-05-07,261.23,-0.2025
1951-05-08,261.1,-0.0498
1951-05-09,261.49,0.1494
1951-05-10,260.07,-0.543
1951-05-11,258.56,-0.5806
1951-05-12,257.26,-0.5028
1951-05-14,256.08,-0.4587
1951-05-15,252.08,-1.562
1951-05-16,252.14,0.0238
1951-05-17,254.57,0.9638
1951-05-18,250.1,-1.7559
1951-05-19,250.63,0.2119
1951-05-21,249.98,-0.2593
1951-05-22,249.3,-0.272
1951-05-23,247.03,-0.9105
1951-05-24,245.78,-0.506
1951-05-25,245.27,-0.2075
1951-05-26,245.83,0.2283
1951-05-28,247.03,0.4881
1951-05-29,248.44,0.5708
1951-05-31,249.65,0.487
1951-06-01,249.33,-0.1282
1951-06-04,246.79,-1.0187
1951-06-05,247.59,0.3242
1951-06-06,249.64,0.828
1951-06-07,250.81,0.4687
1951-06-08,250.39,-0.1675
1951-06-11,251.56,0.4673
1951-06-12,250.57,-0.3935
1951-06-13,250.03,-0.2155
1951-06-14,252.46,0.9719
1951-06-15,254.03,0.6219
1951-06-18,253.8,-0.0905
1951-06-19,253.53,-0.1064
1951-06-20,251.86,-0.6587
1951-06-21,250.43,-0.5678
1951-06-22,247.86,-1.0262
1951-06-25,245.3,-1.0328
1951-06-26,246.28,0.3995
1951-06-27,246.84,0.2274
1951-06-28,244,-1.1505
1951-06-29,242.64,-0.5574
1951-07-02,243.98,0.5523
1951-07-03,245.92,0.7951
1951-07-05,250.27,1.7689
1951-07-06,250.01,-0.1039
1951-07-09,250.65,0.256
1951-07-10,250,-0.2593
1951-07-11,250.97,0.388
1951-07-12,252.59,0.6455
1951-07-13,254.32,0.6849
1951-07-16,252.31,-0.7903
1951-07-17,253.89,0.6262
1951-07-18,253.67,-0.0867
1951-07-19,253.75,0.0315
1951-07-20,253.73,-0.0079
1951-07-23,255.68,0.7685
1951-07-24,258.94,1.275
1951-07-25,258.11,-0.3205
1951-07-26,259.09,0.3797
1951-07-27,259.23,0.054
1951-07-30,260.7,0.5671
1951-07-31,257.86,-1.0894
1951-08-01,259.89,0.7872
1951-08-02,262.89,1.1543
1951-08-03,262.98,0.0342
1951-08-06,265.21,0.848
1951-08-07,264.94,-0.1018
1951-08-08,263.73,-0.4567
1951-08-09,262.69,-0.3943
1951-08-10,261.92,-0.2931
1951-08-13,263.06,0.4352
1951-08-14,262.88,-0.0684
1951-08-15,264.27,0.5288
1951-08-16,265.48,0.4579
1951-08-17,266.17,0.2599
1951-08-20,266.19,0.0075
1951-08-21,265.3,-0.3343
1951-08-22,264.07,-0.4636
1951-08-23,265.65,0.5983
1951-08-24,266.3,0.2447
1951-08-27,265.59,-0.2666
1951-08-28,265.56,-0.0113
1951-08-29,268.18,0.9866
1951-08-30,269.94,0.6563
1951-08-31,270.25,0.1148
1951-09-04,270.63,0.1406
1951-09-05,272.48,0.6836
1951-09-06,272.28,-0.0734
1951-09-07,273.89,0.5913
1951-09-10,275.25,0.4965
1951-09-11,273.88,-0.4977
1951-09-12,275.31,0.5221
1951-09-13,276.37,0.385
1951-09-14,276.06,-0.1122
1951-09-17,275.09,-0.3514
1951-09-18,274.38,-0.2581
1951-09-19,274.27,-0.0401
1951-09-20,274.1,-0.062
1951-09-21,272.11,-0.726
1951-09-24,270.77,-0.4924
1951-09-25,272.24,0.5429
1951-09-26,272.24,0
1951-09-27,271.31,-0.3416
1951-09-28,271.16,-0.0553
1951-10-01,272.56,0.5163
1951-10-02,274.34,0.6531
1951-10-03,275.87,0.5577
1951-10-04,275.35,-0.1885
1951-10-05,275.63,0.1017
1951-10-06,275.53,-0.0363
1951-10-08,275.14,-0.1415
1951-10-09,273.38,-0.6397
1951-10-10,272.76,-0.2268
1951-10-11,274.1,0.4913
1951-10-13,275.13,0.3758
1951-10-15,275.74,0.2217
1951-10-16,274.4,-0.486
1951-10-17,273.53,-0.3171
1951-10-18,273.51,-0.0073
1951-10-19,269.68,-1.4003
1951-10-20,267.42,-0.838
1951-10-22,262.29,-1.9183
1951-10-23,263.5,0.4613
1951-10-24,264.95,0.5503
1951-10-25,264.17,-0.2944
1951-10-26,262.27,-0.7192
1951-10-27,258.53,-1.426
1951-10-29,260.43,0.7349
1951-10-30,260.52,0.0346
1951-10-31,262.35,0.7024
1951-11-01,264.06,0.6518
1951-11-02,261.94,-0.8028
1951-11-03,259.57,-0.9048
1951-11-05,259.76,0.0732
1951-11-07,257.14,-1.0086
1951-11-08,257.14,0
1951-11-09,259.91,1.0772
1951-11-10,261.29,0.531
1951-11-13,260.41,-0.3368
1951-11-14,261.27,0.3302
1951-11-15,260.91,-0.1378
1951-11-16,260.39,-0.1993
1951-11-17,260.82,0.1651
1951-11-19,259.7,-0.4294
1951-11-20,259.3,-0.154
1951-11-21,258.72,-0.2237
1951-11-23,256.95,-0.6841
1951-11-24,255.95,-0.3892
1951-11-26,257.44,0.5821
1951-11-27,259.46,0.7846
1951-11-28,258.64,-0.316
1951-11-29,258.96,0.1237
1951-11-30,261.27,0.892
1951-12-01,262.29,0.3904
1951-12-03,263.24,0.3622
1951-12-04,264.29,0.3989
1951-12-05,263.72,-0.2157
1951-12-06,266.23,0.9518
1951-12-07,266.99,0.2855
1951-12-08,266.9,-0.0337
1951-12-10,267.38,0.1798
1951-12-11,265.77,-0.6021
1951-12-12,266.09,0.1204
1951-12-13,265.81,-0.1052
1951-12-14,265.71,-0.0376
1951-12-15,265.48,-0.0866
1951-12-17,265.79,0.1168
1951-12-18,266.61,0.3085
1951-12-19,267.61,0.3751
1951-12-20,267.45,-0.0598
1951-12-21,266.34,-0.415
1951-12-22,265.94,-0.1502
1951-12-24,265.79,-0.0564
1951-12-26,264.06,-0.6509
1951-12-27,266.74,1.0149
1951-12-28,268.18,0.5399
1951-12-29,268.52,0.1268
1951-12-31,269.23,0.2644
1952-01-02,269.86,0.234
1952-01-03,270.38,0.1927
1952-01-04,271.03,0.2404
1952-01-05,271.26,0.0849
1952-01-07,270.34,-0.3392
1952-01-08,268.66,-0.6214
1952-01-09,268.08,-0.2159
1952-01-10,269.46,0.5148
1952-01-11,270.31,0.3154
1952-01-12,270.73,0.1554
1952-01-14,271.59,0.3177
1952-01-15,270.46,-0.4161
1952-01-16,271.13,0.2477
1952-01-17,271.91,0.2877
1952-01-18,272.1,0.0699
1952-01-19,272.93,0.305
1952-01-21,274.1,0.4287
1952-01-22,275.4,0.4743
1952-01-23,274.27,-0.4103
1952-01-24,273.9,-0.1349
1952-01-25,273.41,-0.1789
1952-01-26,273.69,0.1024
1952-01-28,274.17,0.1754
1952-01-29,274,-0.062
1952-01-30,270.71,-1.2007
1952-01-31,270.69,-0.0074
1952-02-01,271.68,0.3657
1952-02-02,272.51,0.3055
1952-02-04,269.79,-0.9981
1952-02-05,269.04,-0.278
1952-02-06,268.77,-0.1004
1952-02-07,268.35,-0.1563
1952-02-08,269.85,0.559
1952-02-09,269.83,-0.0074
1952-02-11,268.45,-0.5114
1952-02-13,266.21,-0.8344
1952-02-14,265.88,-0.124
1952-02-15,266.27,0.1467
1952-02-16,266.3,0.0113
1952-02-18,265.35,-0.3567
1952-02-19,261.37,-1.4999
1952-02-20,258.49,-1.1019
1952-02-21,259.6,0.4294
1952-02-23,261.4,0.6934
1952-02-25,260.58,-0.3137
1952-02-26,259.3,-0.4912
1952-02-27,259.68,0.1465
1952-02-28,260.49,0.3119
1952-02-29,260.08,-0.1574
1952-03-01,260.27,0.0731
1952-03-03,260.08,-0.073
1952-03-04,263.95,1.488
1952-03-05,264.66,0.269
1952-03-06,264.03,-0.238
1952-03-07,263.87,-0.0606
1952-03-08,264.14,0.1023
1952-03-10,262.76,-0.5225
1952-03-11,262.76,0
1952-03-12,263.78,0.3882
1952-03-13,264.24,0.1744
1952-03-14,264.05,-0.0719
1952-03-15,264.43,0.1439
1952-03-17,264.08,-0.1324
1952-03-18,264.1,0.0076
1952-03-19,264.37,0.1022
1952-03-20,265.33,0.3631
1952-03-21,265.62,0.1093
1952-03-22,265.69,0.0264
1952-03-24,265.6,-0.0339
1952-03-25,264.28,-0.497
1952-03-26,263.87,-0.1551
1952-03-27,265.21,0.5078
1952-03-28,266.96,0.6599
1952-03-29,269,0.7642
1952-03-31,269.46,0.171
1952-04-01,267.22,-0.8313
1952-04-02,267.03,-0.0711
1952-04-03,266.8,-0.0861
1952-04-04,265.62,-0.4423
1952-04-05,265.44,-0.0678
1952-04-07,263.38,-0.7761
1952-04-08,265.29,0.7252
1952-04-09,265.04,-0.0942
1952-04-10,265.75,0.2679
1952-04-12,266.29,0.2032
1952-04-14,264.1,-0.8224
1952-04-15,261.29,-1.064
1952-04-16,261.48,0.0727
1952-04-17,259.85,-0.6234
1952-04-18,260.52,0.2578
1952-04-19,260.14,-0.1459
1952-04-21,261.63,0.5728
1952-04-22,261.1,-0.2026
1952-04-23,259.97,-0.4328
1952-04-24,258.86,-0.427
1952-04-25,259.8,0.3631
1952-04-26,260.27,0.1809
1952-04-28,259.95,-0.1229
1952-04-29,259.34,-0.2347
1952-04-30,257.63,-0.6594
1952-05-01,256.35,-0.4968
1952-05-02,260,1.4238
1952-05-03,260.55,0.2115
1952-05-05,261.54,0.38
1952-05-06,261.01,-0.2026
1952-05-07,261.99,0.3755
1952-05-08,262.39,0.1527
1952-05-09,262.74,0.1334
1952-05-10,262.5,-0.0913
1952-05-12,261.72,-0.2971
1952-05-13,261.99,0.1032
1952-05-14,260.99,-0.3817
1952-05-15,260.1,-0.341
1952-05-16,259.82,-0.1077
1952-05-17,259.88,0.0231
1952-05-19,260.06,0.0693
1952-05-20,261.26,0.4614
1952-05-21,261.78,0.199
1952-05-22,263.33,0.5921
1952-05-23,263.27,-0.0228
1952-05-24,263.23,-0.0152
1952-05-26,264.22,0.3761
1952-05-27,263.92,-0.1135
1952-05-28,262.78,-0.4319
1952-05-29,262.94,0.0609
1952-06-02,262.31,-0.2396
1952-06-03,262.09,-0.0839
1952-06-04,263.67,0.6028
1952-06-05,266.29,0.9937
1952-06-06,268.03,0.6534
1952-06-09,269.15,0.4179
1952-06-10,267.67,-0.5499
1952-06-11,267.93,0.0971
1952-06-12,267.91,-0.0075
1952-06-13,268.56,0.2426
1952-06-16,267.83,-0.2718
1952-06-17,268.03,0.0747
1952-06-18,267.09,-0.3507
1952-06-19,269.54,0.9173
1952-06-20,270.19,0.2412
1952-06-23,269.5,-0.2554
1952-06-24,269.92,0.1558
1952-06-25,270.45,0.1964
1952-06-26,271.24,0.2921
1952-06-27,272.44,0.4424
1952-06-30,274.26,0.668
1952-07-01,275.46,0.4375
1952-07-02,274.87,-0.2142
1952-07-03,274.95,0.0291
1952-07-07,274.2,-0.2728
1952-07-08,274.43,0.0839
1952-07-09,273.25,-0.43
1952-07-10,272.58,-0.2452
1952-07-11,274.22,0.6017
1952-07-14,275.08,0.3136
1952-07-15,276.76,0.6107
1952-07-16,276.76,0
1952-07-17,275.62,-0.4119
1952-07-18,273.9,-0.624
1952-07-21,274.91,0.3687
1952-07-22,275.95,0.3783
1952-07-23,277.63,0.6088
1952-07-24,279.26,0.5871
1952-07-25,277.71,-0.555
1952-07-28,277.94,0.0828
1952-07-29,278.57,0.2267
1952-07-30,279.24,0.2405
1952-07-31,279.56,0.1146
1952-08-01,279.8,0.0858
1952-08-04,279.87,0.025
1952-08-05,279.5,-0.1322
1952-08-06,279.07,-0.1538
1952-08-07,279.38,0.1111
1952-08-08,279.84,0.1647
1952-08-11,280.29,0.1608
1952-08-12,278.14,-0.7671
1952-08-13,277.88,-0.0935
1952-08-14,277.75,-0.0468
1952-08-15,277.37,-0.1368
1952-08-18,274.31,-1.1032
1952-08-19,274.14,-0.062
1952-08-20,274.35,0.0766
1952-08-21,274.45,0.0364
1952-08-22,274.43,-0.0073
1952-08-25,273.57,-0.3134
1952-08-26,273.17,-0.1462
1952-08-27,273.84,0.2453
1952-08-28,274.41,0.2082
1952-08-29,275.04,0.2296
1952-09-02,276.4,0.4945
1952-09-03,277.15,0.2713
1952-09-04,276.76,-0.1407
1952-09-05,276.5,-0.0939
1952-09-08,275.87,-0.2278
1952-09-09,273.53,-0.8482
1952-09-10,271.65,-0.6873
1952-09-11,272.11,0.1693
1952-09-12,271.02,-0.4006
1952-09-15,268.38,-0.9741
1952-09-16,269.03,0.2422
1952-09-17,270.43,0.5204
1952-09-18,269.72,-0.2625
1952-09-19,270.55,0.3077
1952-09-22,270.77,0.0813
1952-09-23,271.65,0.325
1952-09-24,272.26,0.2246
1952-09-25,272.42,0.0588
1952-09-26,271.95,-0.1725
1952-09-29,271.73,-0.0809
1952-09-30,270.61,-0.4122
1952-10-01,270.17,-0.1626
1952-10-02,270.75,0.2147
1952-10-03,270.55,-0.0739
1952-10-06,270,-0.2033
1952-10-07,269.88,-0.0444
1952-10-08,271.4,0.5632
1952-10-09,270.98,-0.1548
1952-10-10,270.61,-0.1365
1952-10-14,270.43,-0.0665
1952-10-15,267.12,-1.224
1952-10-16,264.87,-0.8423
1952-10-17,267.3,0.9174
1952-10-20,266.63,-0.2507
1952-10-21,265.84,-0.2963
1952-10-22,263.06,-1.0457
1952-10-23,263.87,0.3079
1952-10-24,265.46,0.6026
1952-10-27,265.9,0.1658
1952-10-28,265.72,-0.0677
1952-10-29,265.46,-0.0978
1952-10-30,265.72,0.0979
1952-10-31,269.23,1.3209
1952-11-03,270.23,0.3714
1952-11-05,271.3,0.396
1952-11-06,272.58,0.4718
1952-11-07,273.47,0.3265
1952-11-10,273.47,0
1952-11-12,271.97,-0.5485
1952-11-13,272.54,0.2096
1952-11-14,273.27,0.2679
1952-11-17,274.45,0.4318
1952-11-18,278.04,1.3081
1952-11-19,280.05,0.7229
1952-11-20,279.5,-0.1964
1952-11-21,279.32,-0.0644
1952-11-24,281.08,0.6301
1952-11-25,280.9,-0.064
1952-11-26,282.44,0.5482
1952-11-28,283.66,0.432
1952-12-01,283.7,0.0141
1952-12-02,283.78,0.0282
1952-12-03,282.89,-0.3136
1952-12-04,281.63,-0.4454
1952-12-05,282.06,0.1527
1952-12-08,283.62,0.5531
1952-12-09,285.12,0.5289
1952-12-10,284.55,-0.1999
1952-12-11,284.57,0.007
1952-12-12,285.2,0.2214
1952-12-15,285.99,0.277
1952-12-16,286.16,0.0594
1952-12-17,285.67,-0.1712
1952-12-18,285.36,-0.1085
1952-12-19,286.52,0.4065
1952-12-22,288.02,0.5235
1952-12-23,286.99,-0.3576
1952-12-24,287.37,0.1324
1952-12-26,288.23,0.2993
1952-12-29,289.65,0.4927
1952-12-30,292,0.8113
1952-12-31,291.9,-0.0342
1953-01-02,292.14,0.0822
1953-01-05,293.79,0.5648
1953-01-06,292.18,-0.548
1953-01-07,290.76,-0.486
1953-01-08,290.36,-0.1376
1953-01-09,287.52,-0.9781
1953-01-12,285.24,-0.793
1953-01-13,286.85,0.5644
1953-01-14,287.37,0.1813
1953-01-15,288.18,0.2819
1953-01-16,287.17,-0.3505
1953-01-19,286.97,-0.0696
1953-01-20,288,0.3589
1953-01-21,287.6,-0.1389
1953-01-22,287.84,0.0834
1953-01-23,286.89,-0.33
1953-01-26,286.54,-0.122
1953-01-27,286.81,0.0942
1953-01-28,287.39,0.2022
1953-01-29,287.96,0.1983
1953-01-30,289.77,0.6286
1953-02-02,290.03,0.0897
1953-02-03,290.19,0.0552
1953-02-04,289.08,-0.3825
1953-02-05,286.2,-0.9963
1953-02-06,282.85,-1.1705
1953-02-09,281.96,-0.3147
1953-02-10,281.67,-0.1029
1953-02-11,281.57,-0.0355
1953-02-13,283.11,0.5469
1953-02-16,282.18,-0.3285
1953-02-17,281.51,-0.2374
1953-02-18,281.14,-0.1314
1953-02-19,281.55,0.1458
1953-02-20,281.89,0.1208
1953-02-24,282.99,0.3902
1953-02-25,284.45,0.5159
1953-02-26,284.35,-0.0352
1953-02-27,284.27,-0.0281
1953-03-02,284.71,0.1548
1953-03-03,285.99,0.4496
1953-03-04,283.7,-0.8007
1953-03-05,283.86,0.0564
1953-03-06,284.82,0.3382
1953-03-09,284.9,0.0281
1953-03-10,285.22,0.1123
1953-03-11,288.02,0.9817
1953-03-12,288,-0.0069
1953-03-13,289.04,0.3611
1953-03-16,289.52,0.1661
1953-03-17,290.64,0.3868
1953-03-18,290.32,-0.1101
1953-03-19,289.97,-0.1206
1953-03-20,289.69,-0.0966
1953-03-23,287.39,-0.794
1953-03-24,288.83,0.5011
1953-03-25,287.98,-0.2943
1953-03-26,286.6,-0.4792
1953-03-27,287.33,0.2547
1953-03-30,283.07,-1.4826
1953-03-31,279.87,-1.1305
1953-04-01,280.09,0.0786
1953-04-02,280.03,-0.0214
1953-04-06,274.1,-2.1176
1953-04-07,275.16,0.3867
1953-04-08,276.84,0.6106
1953-04-09,276.23,-0.2203
1953-04-10,275.5,-0.2643
1953-04-13,274.73,-0.2795
1953-04-14,275.85,0.4077
1953-04-15,277.35,0.5438
1953-04-16,276.74,-0.2199
1953-04-17,274.41,-0.8419
1953-04-20,275.99,0.5758
1953-04-21,275.48,-0.1848
1953-04-22,273.55,-0.7006
1953-04-23,270.73,-1.0309
1953-04-24,271.26,0.1958
1953-04-27,272.7,0.5309
1953-04-28,273.96,0.462
1953-04-29,275.38,0.5183
1953-04-30,274.75,-0.2288
1953-05-01,275.66,0.3312
1953-05-04,278.34,0.9722
1953-05-05,278.22,-0.0431
1953-05-06,278.14,-0.0288
1953-05-07,277.43,-0.2553
1953-05-08,278.22,0.2848
1953-05-11,278.79,0.2049
1953-05-12,277.09,-0.6098
1953-05-13,276.8,-0.1047
1953-05-14,277.96,0.4191
1953-05-15,277.9,-0.0216
1953-05-18,276.92,-0.3526
1953-05-19,275.91,-0.3647
1953-05-20,278.04,0.772
1953-05-21,278.51,0.169
1953-05-22,278.16,-0.1257
1953-05-25,277.47,-0.2481
1953-05-26,276.37,-0.3964
1953-05-27,273.96,-0.872
1953-05-28,271.48,-0.9052
1953-05-29,272.28,0.2947
1953-06-01,268.4,-1.425
1953-06-02,269.84,0.5365
1953-06-03,269.6,-0.0889
1953-06-04,267.63,-0.7307
1953-06-05,268.32,0.2578
1953-06-08,267.91,-0.1528
1953-06-09,263.39,-1.6871
1953-06-10,263.35,-0.0152
1953-06-11,264.99,0.6227
1953-06-12,265.78,0.2981
1953-06-15,263.87,-0.7186
1953-06-16,262.88,-0.3752
1953-06-17,265.74,1.0879
1953-06-18,265.86,0.0452
1953-06-19,265.8,-0.0226
1953-06-22,267.26,0.5493
1953-06-23,268.48,0.4565
1953-06-24,267.79,-0.257
1953-06-25,268.93,0.4257
1953-06-26,269.05,0.0446
1953-06-29,268.2,-0.3159
1953-06-30,268.26,0.0224
1953-07-01,269.39,0.4212
1953-07-02,270.23,0.3118
1953-07-03,270.53,0.111
1953-07-06,270.88,0.1294
1953-07-07,272.13,0.4615
1953-07-08,272.19,0.022
1953-07-09,271.32,-0.3196
1953-07-10,271.06,-0.0958
1953-07-13,268.52,-0.9371
1953-07-14,268.06,-0.1713
1953-07-15,268.75,0.2574
1953-07-16,269.41,0.2456
1953-07-17,270.96,0.5753
1953-07-20,269.74,-0.4503
1953-07-21,268.99,-0.278
1953-07-22,269.39,0.1487
1953-07-23,269.94,0.2042
1953-07-24,269.76,-0.0667
1953-07-27,268.46,-0.4819
1953-07-28,269.13,0.2496
1953-07-29,270.43,0.483
1953-07-30,272.82,0.8838
1953-07-31,275.38,0.9383
1953-08-03,276.13,0.2724
1953-08-04,275.68,-0.163
1953-08-05,275.08,-0.2176
1953-08-06,275.77,0.2508
1953-08-07,275.54,-0.0834
1953-08-10,275.32,-0.0798
1953-08-11,275.3,-0.0073
1953-08-12,276.42,0.4068
1953-08-13,276.74,0.1158
1953-08-14,275.71,-0.3722
1953-08-17,275.04,-0.243
1953-08-18,273.29,-0.6363
1953-08-19,271.5,-0.655
1953-08-20,271.73,0.0847
1953-08-21,271.93,0.0736
1953-08-24,268.7,-1.1878
1953-08-25,267.45,-0.4652
1953-08-26,266.51,-0.3515
1953-08-27,265.68,-0.3114
1953-08-28,265.74,0.0226
1953-08-31,261.22,-1.7009
1953-09-01,262.54,0.5053
1953-09-02,263.96,0.5409
1953-09-03,263.61,-0.1326
1953-09-04,264.34,0.2769
1953-09-08,265.42,0.4086
1953-09-09,265.48,0.0226
1953-09-10,262.88,-0.9794
1953-09-11,259.71,-1.2059
1953-09-14,255.49,-1.6249
1953-09-15,257.67,0.8533
1953-09-16,259.07,0.5433
1953-09-17,259.88,0.3127
1953-09-18,258.78,-0.4233
1953-09-21,258.01,-0.2976
1953-09-22,261.28,1.2674
1953-09-23,262.35,0.4095
1953-09-24,262.45,0.0381
1953-09-25,263.31,0.3277
1953-09-28,264.79,0.5621
1953-09-29,264.77,-0.0076
1953-09-30,264.04,-0.2757
1953-10-01,265.68,0.6211
1953-10-02,266.7,0.3839
1953-10-05,265.48,-0.4574
1953-10-06,264.26,-0.4595
1953-10-07,266.53,0.859
1953-10-08,266.72,0.0713
1953-10-09,267.04,0.12
1953-10-13,266.09,-0.3558
1953-10-14,267.51,0.5337
1953-10-15,271.22,1.3869
1953-10-16,272.8,0.5826
1953-10-19,273.31,0.187
1953-10-20,273.9,0.2159
1953-10-21,273.74,-0.0584
1953-10-22,274.89,0.4201
1953-10-23,275.34,0.1637
1953-10-26,274.43,-0.3305
1953-10-27,273.35,-0.3935
1953-10-28,274.14,0.289
1953-10-29,276.31,0.7916
1953-10-30,275.81,-0.181
1953-11-02,276.72,0.3299
1953-11-04,276.82,0.0361
1953-11-05,279.09,0.82
1953-11-06,278.83,-0.0932
1953-11-09,278.26,-0.2044
1953-11-10,275.89,-0.8517
1953-11-12,276.23,0.1232
1953-11-13,277.53,0.4706
1953-11-16,275.93,-0.5765
1953-11-17,273.88,-0.7429
1953-11-18,274.51,0.23
1953-11-19,276.09,0.5756
1953-11-20,276.05,-0.0145
1953-11-23,275.42,-0.2282
1953-11-24,277.13,0.6209
1953-11-25,277.78,0.2345
1953-11-27,280.23,0.882
1953-11-30,281.37,0.4068
1953-12-01,281.1,-0.096
1953-12-02,282.81,0.6083
1953-12-03,283.25,0.1556
1953-12-04,282.71,-0.1906
1953-12-07,282,-0.2511
1953-12-08,281.45,-0.195
1953-12-09,281.12,-0.1172
1953-12-10,279.89,-0.4375
1953-12-11,279.91,0.0071
1953-12-14,279.26,-0.2322
1953-12-15,279.52,0.0931
1953-12-16,282.87,1.1985
1953-12-17,282.67,-0.0707
1953-12-18,283.54,0.3078
1953-12-21,282.99,-0.194
1953-12-22,279.99,-1.0601
1953-12-23,279.84,-0.0536
1953-12-24,280.92,0.3859
1953-12-28,279.91,-0.3595
1953-12-29,278.3,-0.5752
1953-12-30,280.43,0.7654
1953-12-31,280.9,0.1676
1954-01-04,282.89,0.7084
1954-01-05,284.19,0.4595
1954-01-06,283.96,-0.0809
1954-01-07,282.6,-0.4789
1954-01-08,281.51,-0.3857
1954-01-11,279.87,-0.5826
1954-01-12,281.51,0.586
1954-01-13,283.03,0.5399
1954-01-14,284.49,0.5158
1954-01-15,286.72,0.7839
1954-01-18,286.03,-0.2407
1954-01-19,288.27,0.7831
1954-01-20,289.14,0.3018
1954-01-21,289.48,0.1176
1954-01-22,289.65,0.0587
1954-01-25,290.4,0.2589
1954-01-26,292.85,0.8437
1954-01-27,292.22,-0.2151
1954-01-28,291.51,-0.243
1954-01-29,292.39,0.3019
1954-02-01,291.84,-0.1881
1954-02-02,291.17,-0.2296
1954-02-03,292.32,0.395
1954-02-04,294.03,0.585
1954-02-05,293.97,-0.0204
1954-02-08,293.58,-0.1327
1954-02-09,293.79,0.0715
1954-02-10,292.95,-0.2859
1954-02-11,292.45,-0.1707
1954-02-12,293.99,0.5266
1954-02-15,292.53,-0.4966
1954-02-16,289.61,-0.9982
1954-02-17,290.11,0.1726
1954-02-18,291.51,0.4826
1954-02-19,291.07,-0.1509
1954-02-23,290.03,-0.3573
1954-02-24,289.54,-0.1689
1954-02-25,291.41,0.6459
1954-02-26,294.54,1.0741
1954-03-01,296.55,0.6824
1954-03-02,297.48,0.3136
1954-03-03,297.03,-0.1513
1954-03-04,297.48,0.1515
1954-03-05,299.45,0.6622
1954-03-08,298.64,-0.2705
1954-03-09,299.45,0.2712
1954-03-10,299.59,0.0468
1954-03-11,300.83,0.4139
1954-03-12,299.71,-0.3723
1954-03-15,298.88,-0.2769
1954-03-16,298.09,-0.2643
1954-03-17,298.31,0.0738
1954-03-18,300.1,0.6
1954-03-19,301.44,0.4465
1954-03-22,301.6,0.0531
1954-03-23,299.02,-0.8554
1954-03-24,296.89,-0.7123
1954-03-25,296.4,-0.165
1954-03-26,299.08,0.9042
1954-03-29,300.06,0.3277
1954-03-30,300.89,0.2766
1954-03-31,303.51,0.8708
1954-04-01,306.27,0.9094
1954-04-02,306.67,0.1306
1954-04-05,307.04,0.1207
1954-04-06,304.26,-0.9054
1954-04-07,305.41,0.378
1954-04-08,307.79,0.7793
1954-04-09,309.39,0.5198
1954-04-12,309.19,-0.0646
1954-04-13,308.98,-0.0679
1954-04-14,311.76,0.8997
1954-04-15,313.77,0.6447
1954-04-19,311.78,-0.6342
1954-04-20,311.89,0.0353
1954-04-21,310.91,-0.3142
1954-04-22,311.48,0.1833
1954-04-23,313.37,0.6068
1954-04-26,314.54,0.3734
1954-04-27,313.49,-0.3338
1954-04-28,313.75,0.0829
1954-04-29,318.22,1.4247
1954-04-30,319.33,0.3488
1954-05-03,319.35,0.0063
1954-05-04,319.82,0.1472
1954-05-05,317.93,-0.591
1954-05-06,320.41,0.78
1954-05-07,321.3,0.2778
1954-05-10,321.32,0.0062
1954-05-11,319.74,-0.4917
1954-05-12,321.61,0.5849
1954-05-13,320.39,-0.3793
1954-05-14,322.5,0.6586
1954-05-17,323.33,0.2574
1954-05-18,324.14,0.2505
1954-05-19,323.21,-0.2869
1954-05-20,323.88,0.2073
1954-05-21,326.09,0.6824
1954-05-24,326.09,0
1954-05-25,325.02,-0.3281
1954-05-26,327.11,0.643
1954-05-27,326.37,-0.2262
1954-05-28,327.49,0.3432
1954-06-01,328.67,0.3603
1954-06-02,328.36,-0.0943
1954-06-03,328.63,0.0822
1954-06-04,327.63,-0.3043
1954-06-07,327.96,0.1007
1954-06-08,321,-2.1222
1954-06-09,319.27,-0.5389
1954-06-10,320.12,0.2662
1954-06-11,322.09,0.6154
1954-06-14,322.65,0.1739
1954-06-15,325.21,0.7934
1954-06-16,327.28,0.6365
1954-06-17,327.21,-0.0214
1954-06-18,327.91,0.2139
1954-06-21,328.56,0.1982
1954-06-22,329.51,0.2891
1954-06-23,330.72,0.3672
1954-06-24,332.2,0.4475
1954-06-25,332.53,0.0993
1954-06-28,336.12,1.0796
1954-06-29,336.9,0.2321
1954-06-30,333.53,-1.0003
1954-07-01,334.12,0.1769
1954-07-02,337.66,1.0595
1954-07-06,341.12,1.0247
1954-07-07,340.34,-0.2287
1954-07-08,339.81,-0.1557
1954-07-09,341.25,0.4238
1954-07-12,340.91,-0.0996
1954-07-13,340.04,-0.2552
1954-07-14,340.44,0.1176
1954-07-15,341.06,0.1821
1954-07-16,339.96,-0.3225
1954-07-19,338.64,-0.3883
1954-07-20,337.62,-0.3012
1954-07-21,339.98,0.699
1954-07-22,342.97,0.8795
1954-07-23,343.48,0.1487
1954-07-26,343.39,-0.0262
1954-07-27,344.69,0.3786
1954-07-28,345.11,0.1218
1954-07-29,346.15,0.3014
1954-07-30,347.92,0.5113
1954-08-02,349.57,0.4742
1954-08-03,349.61,0.0114
1954-08-04,349.74,0.0372
1954-08-05,347.79,-0.5576
1954-08-06,343.06,-1.36
1954-08-09,340.87,-0.6384
1954-08-10,343.56,0.7892
1954-08-11,346.41,0.8295
1954-08-12,345.84,-0.1645
1954-08-13,346.64,0.2313
1954-08-16,349.61,0.8568
1954-08-17,348.38,-0.3518
1954-08-18,348.51,0.0373
1954-08-19,349.89,0.396
1954-08-20,350.38,0.14
1954-08-23,347.64,-0.782
1954-08-24,346.32,-0.3797
1954-08-25,344.6,-0.4967
1954-08-26,343.35,-0.3627
1954-08-27,344.48,0.3291
1954-08-30,341.25,-0.9376
1954-08-31,335.8,-1.5971
1954-09-01,338.13,0.6939
1954-09-02,341.15,0.8931
1954-09-03,343.1,0.5716
1954-09-07,345.37,0.6616
1954-09-08,346.07,0.2027
1954-09-09,346.73,0.1907
1954-09-10,347.83,0.3172
1954-09-13,351.1,0.9401
1954-09-14,351.78,0.1937
1954-09-15,350.63,-0.3269
1954-09-16,352.37,0.4962
1954-09-17,355.32,0.8372
1954-09-20,353.48,-0.5178
1954-09-21,356.4,0.8261
1954-09-22,358.36,0.5499
1954-09-23,359.63,0.3544
1954-09-24,361.67,0.5672
1954-09-27,362.26,0.1631
1954-09-28,363.32,0.2926
1954-09-29,361.73,-0.4376
1954-09-30,360.46,-0.3511
1954-10-01,359.88,-0.1609
1954-10-04,362.73,0.7919
1954-10-05,363.37,0.1764
1954-10-06,364.43,0.2917
1954-10-07,363.79,-0.1756
1954-10-08,363.77,-0.0055
1954-10-11,361.43,-0.6433
1954-10-12,359.57,-0.5146
1954-10-13,358.91,-0.1836
1954-10-14,354.69,-1.1758
1954-10-15,353.2,-0.4201
1954-10-18,354.35,0.3256
1954-10-19,354.75,0.1129
1954-10-20,357.42,0.7526
1954-10-21,358.08,0.1847
1954-10-22,358.61,0.148
1954-10-25,356.34,-0.633
1954-10-26,356.32,-0.0056
1954-10-27,355.73,-0.1656
1954-10-28,354.56,-0.3289
1954-10-29,352.14,-0.6825
1954-11-01,353.96,0.5168
1954-11-03,361.5,2.1302
1954-11-04,366.95,1.5076
1954-11-05,366,-0.2589
1954-11-08,369.46,0.9454
1954-11-09,371.07,0.4358
1954-11-10,371.88,0.2183
1954-11-11,374.91,0.8148
1954-11-12,377.1,0.5841
1954-11-15,376.74,-0.0955
1954-11-16,379.39,0.7034
1954-11-17,379.69,0.0791
1954-11-18,377.44,-0.5926
1954-11-19,378.01,0.151
1954-11-22,379.47,0.3862
1954-11-23,382.74,0.8617
1954-11-24,384.63,0.4938
1954-11-26,387.79,0.8216
1954-11-29,388.51,0.1857
1954-11-30,386.77,-0.4479
1954-12-01,384.04,-0.7058
1954-12-02,385.63,0.414
1954-12-03,389.6,1.0295
1954-12-06,392.48,0.7392
1954-12-07,393.88,0.3567
1954-12-08,393.08,-0.2031
1954-12-09,391.53,-0.3943
1954-12-10,390.08,-0.3703
1954-12-13,389.79,-0.0743
1954-12-14,387.03,-0.7081
1954-12-15,388.92,0.4883
1954-12-16,393.14,1.0851
1954-12-17,394.94,0.4579
1954-12-20,397.32,0.6026
1954-12-21,398.11,0.1988
1954-12-22,397.07,-0.2612
1954-12-23,397.15,0.0201
1954-12-27,393.88,-0.8234
1954-12-28,398.51,1.1755
1954-12-29,401.97,0.8682
1954-12-30,401.97,0
1954-12-31,404.39,0.602
1955-01-03,408.89,1.1128
1955-01-04,406.17,-0.6652
1955-01-05,397.24,-2.1986
1955-01-06,391.89,-1.3468
1955-01-07,395.6,0.9467
1955-01-10,400.89,1.3372
1955-01-11,400.25,-0.1596
1955-01-12,399.78,-0.1174
1955-01-13,398.34,-0.3602
1955-01-14,396.54,-0.4519
1955-01-17,388.2,-2.1032
1955-01-18,390.98,0.7161
1955-01-19,392.31,0.3402
1955-01-20,393.03,0.1835
1955-01-21,395.9,0.7302
1955-01-24,396,0.0253
1955-01-25,397,0.2525
1955-01-26,401.97,1.2519
1955-01-27,402.6,0.1567
1955-01-28,404.68,0.5166
1955-01-31,408.83,1.0255
1955-02-01,409.7,0.2128
1955-02-02,407.11,-0.6322
1955-02-03,405.85,-0.3095
1955-02-04,409.76,0.9634
1955-02-07,409.59,-0.0415
1955-02-08,405.7,-0.9497
1955-02-09,410.32,1.1388
1955-02-10,412.89,0.6263
1955-02-11,413.99,0.2664
1955-02-14,411.39,-0.628
1955-02-15,411.95,0.1361
1955-02-16,409.98,-0.4782
1955-02-17,410.41,0.1049
1955-02-18,411.63,0.2973
1955-02-21,411.28,-0.085
1955-02-23,411.48,0.0486
1955-02-24,410.3,-0.2868
1955-02-25,409.5,-0.195
1955-02-28,411.87,0.5788
1955-03-01,413.71,0.4467
1955-03-02,417.18,0.8388
1955-03-03,418.33,0.2757
1955-03-04,419.68,0.3227
1955-03-07,416.84,-0.6767
1955-03-08,409.13,-1.8496
1955-03-09,404.9,-1.0339
1955-03-10,406.83,0.4767
1955-03-11,401.08,-1.4134
1955-03-14,391.36,-2.4235
1955-03-15,399.28,2.0237
1955-03-16,403.14,0.9667
1955-03-17,405.23,0.5184
1955-03-18,404.75,-0.1185
1955-03-21,402.4,-0.5806
1955-03-22,404.47,0.5144
1955-03-23,410.87,1.5823
1955-03-24,414.49,0.8811
1955-03-25,414.77,0.0676
1955-03-28,412.91,-0.4484
1955-03-29,413.73,0.1986
1955-03-30,410.13,-0.8701
1955-03-31,409.7,-0.1048
1955-04-01,413.84,1.0105
1955-04-04,412.97,-0.2102
1955-04-05,415.9,0.7095
1955-04-06,416.42,0.125
1955-04-07,418.2,0.4275
1955-04-11,418.77,0.1363
1955-04-12,420.94,0.5182
1955-04-13,421.57,0.1497
1955-04-14,422.46,0.2111
1955-04-15,425.45,0.7078
1955-04-18,428.42,0.6981
1955-04-19,427.88,-0.126
1955-04-20,428.62,0.1729
1955-04-21,428.45,-0.0397
1955-04-22,425.52,-0.6839
1955-04-25,426.86,0.3149
1955-04-26,430.64,0.8855
1955-04-27,428.1,-0.5898
1955-04-28,423.19,-1.1469
1955-04-29,425.65,0.5813
1955-05-02,426.3,0.1527
1955-05-03,422.78,-0.8257
1955-05-04,422.54,-0.0568
1955-05-05,423.39,0.2012
1955-05-06,423.84,0.1063
1955-05-09,424.32,0.1133
1955-05-10,423.8,-0.1225
1955-05-11,420.29,-0.8282
1955-05-12,418.2,-0.4973
1955-05-13,419.57,0.3276
1955-05-16,415.01,-1.0868
1955-05-17,414.12,-0.2145
1955-05-18,417.83,0.8959
1955-05-19,419.72,0.4523
1955-05-20,422.89,0.7553
1955-05-23,420.32,-0.6077
1955-05-24,420.39,0.0167
1955-05-25,421.77,0.3283
1955-05-26,424.95,0.754
1955-05-27,425.66,0.1671
1955-05-31,424.86,-0.1879
1955-06-01,424.88,0.0047
1955-06-02,425.8,0.2165
1955-06-03,428.53,0.6411
1955-06-06,431.49,0.6907
1955-06-07,434.55,0.7092
1955-06-08,436.95,0.5523
1955-06-09,435.07,-0.4303
1955-06-10,437.72,0.6091
1955-06-13,440.17,0.5597
1955-06-14,438.2,-0.4476
1955-06-15,441.93,0.8512
1955-06-16,442.48,0.1245
1955-06-17,444.08,0.3616
1955-06-20,444.38,0.0676
1955-06-21,446.8,0.5446
1955-06-22,447.37,0.1276
1955-06-23,448.82,0.3241
1955-06-24,448.93,0.0245
1955-06-27,449.86,0.2072
1955-06-28,449.02,-0.1867
1955-06-29,449.7,0.1514
1955-06-30,451.38,0.3736
1955-07-01,453.82,0.5406
1955-07-05,459.42,1.234
1955-07-06,467.41,1.7391
1955-07-07,460.23,-1.5361
1955-07-08,461.18,0.2064
1955-07-11,464.24,0.6635
1955-07-12,462.97,-0.2736
1955-07-13,457.4,-1.2031
1955-07-14,458.49,0.2383
1955-07-15,460.23,0.3795
1955-07-18,460.07,-0.0348
1955-07-19,456.72,-0.7282
1955-07-20,458.1,0.3022
1955-07-21,461.07,0.6483
1955-07-22,464.69,0.7851
1955-07-25,468.02,0.7166
1955-07-26,468.41,0.0833
1955-07-27,468.45,0.0085
1955-07-28,466.46,-0.4248
1955-07-29,465.85,-0.1308
1955-08-01,460.25,-1.2021
1955-08-02,460.82,0.1238
1955-08-03,460.98,0.0347
1955-08-04,454.18,-1.4751
1955-08-05,456.4,0.4888
1955-08-08,454.05,-0.5149
1955-08-09,448.84,-1.1475
1955-08-10,450.29,0.3231
1955-08-11,455.18,1.086
1955-08-12,457.01,0.402
1955-08-15,456.09,-0.2013
1955-08-16,453.26,-0.6205
1955-08-17,452.85,-0.0905
1955-08-18,452.53,-0.0707
1955-08-19,453.57,0.2298
1955-08-22,452.55,-0.2249
1955-08-23,457.35,1.0607
1955-08-24,459.39,0.446
1955-08-25,461.27,0.4092
1955-08-26,463.7,0.5268
1955-08-29,464.37,0.1445
1955-08-30,464.67,0.0646
1955-08-31,468.18,0.7554
1955-09-01,469.63,0.3097
1955-09-02,472.53,0.6175
1955-09-06,476.24,0.7851
1955-09-07,475.2,-0.2184
1955-09-08,475.06,-0.0295
1955-09-09,474.59,-0.0989
1955-09-12,476.51,0.4046
1955-09-13,480.93,0.9276
1955-09-14,482.9,0.4096
1955-09-15,481.56,-0.2775
1955-09-16,483.67,0.4382
1955-09-19,483.8,0.0269
1955-09-20,483.67,-0.0269
1955-09-21,485.98,0.4776
1955-09-22,485.96,-0.0041
1955-09-23,487.45,0.3066
1955-09-26,455.56,-6.5422
1955-09-27,465.93,2.2763
1955-09-28,472.61,1.4337
1955-09-29,468.68,-0.8316
1955-09-30,466.62,-0.4395
1955-10-03,455.7,-2.3402
1955-10-04,458.85,0.6912
1955-10-05,461.14,0.4991
1955-10-06,458.19,-0.6397
1955-10-07,454.41,-0.825
1955-10-10,441.14,-2.9203
1955-10-11,438.59,-0.578
1955-10-12,445.58,1.5937
1955-10-13,444.91,-0.1504
1955-10-14,444.68,-0.0517
1955-10-17,446.13,0.3261
1955-10-18,448.58,0.5492
1955-10-19,453.09,1.0054
1955-10-20,457.66,1.0086
1955-10-21,458.47,0.177
1955-10-24,460.82,0.5126
1955-10-25,458.4,-0.5252
1955-10-26,455.72,-0.5846
1955-10-27,453.77,-0.4279
1955-10-28,454.85,0.238
1955-10-31,454.87,0.0044
1955-11-01,454.89,0.0044
1955-11-02,454.92,0.0066
1955-11-03,461.97,1.5497
1955-11-04,467.35,1.1646
1955-11-07,470.58,0.6911
1955-11-09,473.9,0.7055
1955-11-10,472.52,-0.2912
1955-11-11,476.54,0.8508
1955-11-14,484.88,1.7501
1955-11-15,487.07,0.4517
1955-11-16,487.38,0.0636
1955-11-17,485.26,-0.435
1955-11-18,482.91,-0.4843
1955-11-21,477.3,-1.1617
1955-11-22,481.91,0.9658
1955-11-23,482.62,0.1473
1955-11-25,482.88,0.0539
1955-11-28,480.96,-0.3976
1955-11-29,482.6,0.341
1955-11-30,483.26,0.1368
1955-12-01,481.39,-0.387
1955-12-02,482.72,0.2763
1955-12-05,487.16,0.9198
1955-12-06,486.73,-0.0883
1955-12-07,486.35,-0.0781
1955-12-08,487.8,0.2981
1955-12-09,487.64,-0.0328
1955-12-12,483.72,-0.8039
1955-12-13,484.29,0.1178
1955-12-14,480.84,-0.7124
1955-12-15,480.72,-0.025
1955-12-16,482.08,0.2829
1955-12-19,481.8,-0.0581
1955-12-20,481.84,0.0083
1955-12-21,485.49,0.7575
1955-12-22,486.08,0.1215
1955-12-23,486.59,0.1049
1955-12-27,485.81,-0.1603
1955-12-28,484.22,-0.3273
1955-12-29,484.56,0.0702
1955-12-30,488.4,0.7925
1956-01-03,485.78,-0.5364
1956-01-04,484,-0.3664
1956-01-05,484.02,0.0041
1956-01-06,485.68,0.343
1956-01-09,479.74,-1.223
1956-01-10,476.12,-0.7546
1956-01-11,478.42,0.4831
1956-01-12,481.8,0.7065
1956-01-13,481.8,0
1956-01-16,476.24,-1.154
1956-01-17,477.73,0.3129
1956-01-18,472.89,-1.0131
1956-01-19,468.49,-0.9304
1956-01-20,464.4,-0.873
1956-01-23,462.35,-0.4414
1956-01-24,467.88,1.1961
1956-01-25,470.71,0.6049
1956-01-26,466.82,-0.8264
1956-01-27,466.56,-0.0557
1956-01-30,467.56,0.2143
1956-01-31,470.74,0.6801
1956-02-01,473.28,0.5396
1956-02-02,473.43,0.0317
1956-02-03,477.44,0.847
1956-02-06,478.57,0.2367
1956-02-07,476.56,-0.42
1956-02-08,471.23,-1.1184
1956-02-09,467.22,-0.851
1956-02-10,467.66,0.0942
1956-02-13,467.17,-0.1048
1956-02-14,465.72,-0.3104
1956-02-15,470.64,1.0564
1956-02-16,469.61,-0.2189
1956-02-17,477.05,1.5843
1956-02-20,476.46,-0.1237
1956-02-21,476.93,0.0986
1956-02-23,481.5,0.9582
1956-02-24,485.66,0.864
1956-02-27,485,-0.1359
1956-02-28,485.71,0.1464
1956-02-29,483.65,-0.4241
1956-03-01,486.69,0.6286
1956-03-02,488.84,0.4418
1956-03-05,491.68,0.581
1956-03-06,491.41,-0.0549
1956-03-07,491.26,-0.0305
1956-03-08,492.36,0.2239
1956-03-09,497.84,1.113
1956-03-12,500.24,0.4821
1956-03-13,499.33,-0.1819
1956-03-14,503.88,0.9112
1956-03-15,507.5,0.7184
1956-03-16,507.6,0.0197
1956-03-19,509.76,0.4255
1956-03-20,512.62,0.561
1956-03-21,507.92,-0.9169
1956-03-22,510.94,0.5946
1956-03-23,513.03,0.409
1956-03-26,512.42,-0.1189
1956-03-27,508.68,-0.7299
1956-03-28,510.25,0.3086
1956-03-29,511.79,0.3018
1956-04-02,515.1,0.6467
1956-04-03,515.91,0.1573
1956-04-04,518.65,0.5311
1956-04-05,516.57,-0.401
1956-04-06,521.05,0.8673
1956-04-09,518.52,-0.4856
1956-04-10,510.04,-1.6354
1956-04-11,512.7,0.5215
1956-04-12,509.15,-0.6924
1956-04-13,509.99,0.165
1956-04-16,509.15,-0.1647
1956-04-17,507.95,-0.2357
1956-04-18,506.55,-0.2756
1956-04-19,504.33,-0.4383
1956-04-20,507.2,0.5691
1956-04-23,507.28,0.0158
1956-04-24,503.36,-0.7727
1956-04-25,503.02,-0.0675
1956-04-26,507.12,0.8151
1956-04-27,512.03,0.9682
1956-04-30,516.12,0.7988
1956-05-01,513.96,-0.4185
1956-05-02,512.78,-0.2296
1956-05-03,514.03,0.2438
1956-05-04,516.44,0.4688
1956-05-07,512.89,-0.6874
1956-05-08,509.13,-0.7331
1956-05-09,508.16,-0.1905
1956-05-10,501.56,-1.2988
1956-05-11,501.25,-0.0618
1956-05-14,497.28,-0.792
1956-05-15,494.83,-0.4927
1956-05-16,492.69,-0.4325
1956-05-17,496.63,0.7997
1956-05-18,496.39,-0.0483
1956-05-21,491.62,-0.9609
1956-05-22,484.13,-1.5235
1956-05-23,480.16,-0.82
1956-05-24,473.51,-1.385
1956-05-25,472.49,-0.2154
1956-05-28,468.81,-0.7789
1956-05-29,477.68,1.892
1956-05-31,478.05,0.0775
1956-06-01,480.63,0.5397
1956-06-04,483.22,0.5389
1956-06-05,483.19,-0.0062
1956-06-06,480.54,-0.5484
1956-06-07,482.99,0.5098
1956-06-08,475.29,-1.5942
1956-06-11,479.41,0.8668
1956-06-12,485.49,1.2682
1956-06-13,487.08,0.3275
1956-06-14,485.52,-0.3203
1956-06-15,485.91,0.0803
1956-06-18,483.91,-0.4116
1956-06-19,484.52,0.1261
1956-06-20,485,0.0991
1956-06-21,488.26,0.6722
1956-06-22,487.95,-0.0635
1956-06-25,486.43,-0.3115
1956-06-26,489.37,0.6044
1956-06-27,492.04,0.5456
1956-06-28,492.5,0.0935
1956-06-29,492.78,0.0569
1956-07-02,491.92,-0.1745
1956-07-03,495.74,0.7765
1956-07-05,500.54,0.9682
1956-07-06,504.15,0.7212
1956-07-09,506.52,0.4701
1956-07-10,508.34,0.3593
1956-07-11,509.65,0.2577
1956-07-12,507.44,-0.4336
1956-07-13,511.1,0.7213
1956-07-16,512.98,0.3678
1956-07-17,514.43,0.2827
1956-07-18,513.39,-0.2022
1956-07-19,513.86,0.0915
1956-07-20,514.57,0.1382
1956-07-23,513.61,-0.1866
1956-07-24,513.17,-0.0857
1956-07-25,514.13,0.1871
1956-07-26,515.85,0.3345
1956-07-27,512.3,-0.6882
1956-07-30,513.42,0.2186
1956-07-31,517.81,0.8551
1956-08-01,518.69,0.1699
1956-08-02,520.95,0.4357
1956-08-03,520.27,-0.1305
1956-08-06,513.88,-1.2282
1956-08-07,515.88,0.3892
1956-08-08,518.74,0.5544
1956-08-09,519.04,0.0578
1956-08-10,517.38,-0.3198
1956-08-13,514.4,-0.576
1956-08-14,517.27,0.5579
1956-08-15,517.7,0.0831
1956-08-16,517.19,-0.0985
1956-08-17,515.79,-0.2707
1956-08-20,511.24,-0.8821
1956-08-21,505.43,-1.1365
1956-08-22,502.34,-0.6114
1956-08-23,507.06,0.9396
1956-08-24,507.91,0.1676
1956-08-27,505.7,-0.4351
1956-08-28,503.05,-0.524
1956-08-29,500.9,-0.4274
1956-08-30,495.96,-0.9862
1956-08-31,502.04,1.2259
1956-09-04,507.66,1.1194
1956-09-05,509.82,0.4255
1956-09-06,509.49,-0.0647
1956-09-07,506.76,-0.5358
1956-09-10,505.56,-0.2368
1956-09-11,502.16,-0.6725
1956-09-12,499.97,-0.4361
1956-09-13,499.69,-0.056
1956-09-14,500.32,0.1261
1956-09-17,498.76,-0.3118
1956-09-18,493.45,-1.0646
1956-09-19,488.72,-0.9586
1956-09-20,487.13,-0.3253
1956-09-21,490.33,0.6569
1956-09-24,487.7,-0.5364
1956-09-25,481.08,-1.3574
1956-09-26,481.6,0.1081
1956-09-27,479.76,-0.3821
1956-09-28,475.25,-0.9401
1956-10-01,468.7,-1.3782
1956-10-02,475.41,1.4316
1956-10-03,482.04,1.3946
1956-10-04,481.24,-0.166
1956-10-05,482.39,0.239
1956-10-08,483.38,0.2052
1956-10-09,481.32,-0.4262
1956-10-10,487.32,1.2466
1956-10-11,488.06,0.1519
1956-10-12,490.19,0.4364
1956-10-15,489.4,-0.1612
1956-10-16,487.57,-0.3739
1956-10-17,484.66,-0.5968
1956-10-18,486.31,0.3404
1956-10-19,486.12,-0.0391
1956-10-22,485.27,-0.1749
1956-10-23,485.05,-0.0453
1956-10-24,482.67,-0.4907
1956-10-25,481.08,-0.3294
1956-10-26,486.06,1.0352
1956-10-29,486.94,0.181
1956-10-30,486.47,-0.0965
1956-10-31,479.85,-1.3608
1956-11-01,487.62,1.6193
1956-11-02,490.47,0.5845
1956-11-05,495.37,0.999
1956-11-07,491.15,-0.8519
1956-11-08,488.72,-0.4948
1956-11-09,485.35,-0.6896
1956-11-12,487.05,0.3503
1956-11-13,486.69,-0.0739
1956-11-14,482.36,-0.8897
1956-11-15,480.2,-0.4478
1956-11-16,480.67,0.0979
1956-11-19,474.56,-1.2711
1956-11-20,470.07,-0.9461
1956-11-21,467.91,-0.4595
1956-11-23,472.56,0.9938
1956-11-26,470.29,-0.4804
1956-11-27,470.18,-0.0234
1956-11-28,466.1,-0.8678
1956-11-29,466.62,0.1116
1956-11-30,472.78,1.3201
1956-12-03,480.61,1.6562
1956-12-04,481.38,0.1602
1956-12-05,488.55,1.4895
1956-12-06,492.74,0.8576
1956-12-07,494.79,0.416
1956-12-10,493.18,-0.3254
1956-12-11,490.36,-0.5718
1956-12-12,487.51,-0.5812
1956-12-13,490.47,0.6072
1956-12-14,492.08,0.3283
1956-12-17,493.75,0.3394
1956-12-18,495.09,0.2714
1956-12-19,493.81,-0.2585
1956-12-20,490.44,-0.6824
1956-12-21,494.38,0.8034
1956-12-26,496.74,0.4774
1956-12-27,496.38,-0.0725
1956-12-28,496.41,0.006
1956-12-31,499.47,0.6164
1957-01-02,496.03,-0.6887
1957-01-03,499.2,0.6391
1957-01-04,498.22,-0.1963
1957-01-07,495.2,-0.6062
1957-01-08,493.86,-0.2706
1957-01-09,493.21,-0.1316
1957-01-10,495.51,0.4663
1957-01-11,493.81,-0.3431
1957-01-14,489.29,-0.9153
1957-01-15,484.75,-0.9279
1957-01-16,485.05,0.0619
1957-01-17,484.01,-0.2144
1957-01-18,477.46,-1.3533
1957-01-21,475.9,-0.3267
1957-01-22,477.49,0.3341
1957-01-23,479.93,0.511
1957-01-24,481.3,0.2855
1957-01-25,478.34,-0.615
1957-01-28,474.59,-0.784
1957-01-29,476.92,0.491
1957-01-30,480.53,0.7569
1957-01-31,479.16,-0.2851
1957-02-01,477.22,-0.4049
1957-02-04,477.19,-0.0063
1957-02-05,469.96,-1.5151
1957-02-06,470.81,0.1809
1957-02-07,468.71,-0.446
1957-02-08,466.29,-0.5163
1957-02-11,457.44,-1.898
1957-02-12,454.82,-0.5728
1957-02-13,462.14,1.6094
1957-02-14,461.56,-0.1255
1957-02-15,468.07,1.4104
1957-02-18,467.4,-0.1431
1957-02-19,466.84,-0.1198
1957-02-20,469,0.4627
1957-02-21,466.93,-0.4414
1957-02-25,466.9,-0.0064
1957-02-26,467.72,0.1756
1957-02-27,466.26,-0.3122
1957-02-28,464.62,-0.3517
1957-03-01,468.91,0.9233
1957-03-04,471.48,0.5481
1957-03-05,472.88,0.2969
1957-03-06,474.87,0.4208
1957-03-07,474.17,-0.1474
1957-03-08,471.63,-0.5357
1957-03-11,469.5,-0.4516
1957-03-12,470.31,0.1725
1957-03-13,472.53,0.472
1957-03-14,473.93,0.2963
1957-03-15,474.28,0.0739
1957-03-18,472.3,-0.4175
1957-03-19,473.93,0.3451
1957-03-20,473.93,0
1957-03-21,474.02,0.019
1957-03-22,472.94,-0.2278
1957-03-25,471.51,-0.3024
1957-03-26,472.24,0.1548
1957-03-27,473.12,0.1863
1957-03-28,475.01,0.3995
1957-03-29,474.81,-0.0421
1957-04-01,474.98,0.0358
1957-04-02,477.55,0.5411
1957-04-03,478.31,0.1591
1957-04-04,477.43,-0.184
1957-04-05,477.61,0.0377
1957-04-08,479.04,0.2994
1957-04-09,482.66,0.7557
1957-04-10,485.17,0.52
1957-04-11,484.7,-0.0969
1957-04-12,486.72,0.4168
1957-04-15,485.84,-0.1808
1957-04-16,484.32,-0.3129
1957-04-17,485.02,0.1445
1957-04-18,488.03,0.6206
1957-04-22,488.79,0.1557
1957-04-23,491.88,0.6322
1957-04-24,493.66,0.3619
1957-04-25,492.29,-0.2775
1957-04-26,491.5,-0.1605
1957-04-29,493.95,0.4985
1957-04-30,494.36,0.083
1957-05-01,495.76,0.2832
1957-05-02,498.56,0.5648
1957-05-03,497.54,-0.2046
1957-05-06,496.32,-0.2452
1957-05-07,494.68,-0.3304
1957-05-08,496.73,0.4144
1957-05-09,496.76,0.006
1957-05-10,498.3,0.31
1957-05-13,502.21,0.7847
1957-05-14,500.46,-0.3485
1957-05-15,501.98,0.3037
1957-05-16,504.84,0.5697
1957-05-17,505.6,0.1505
1957-05-20,505.98,0.0752
1957-05-21,506.04,0.0119
1957-05-22,504.43,-0.3182
1957-05-23,504.02,-0.0813
1957-05-24,504.02,0
1957-05-27,499.21,-0.9543
1957-05-28,497.72,-0.2985
1957-05-29,502.18,0.8961
1957-05-31,504.93,0.5476
1957-06-03,503.76,-0.2317
1957-06-04,502.97,-0.1568
1957-06-05,502.07,-0.1789
1957-06-06,504.55,0.494
1957-06-07,505.63,0.2141
1957-06-10,503.76,-0.3698
1957-06-11,509.48,1.1355
1957-06-12,509.66,0.0353
1957-06-13,511.58,0.3767
1957-06-14,511.79,0.041
1957-06-17,513.19,0.2735
1957-06-18,511.32,-0.3644
1957-06-19,505.92,-1.0561
1957-06-20,503.56,-0.4665
1957-06-21,500,-0.707
1957-06-24,497.08,-0.584
1957-06-25,501.98,0.9858
1957-06-26,500.78,-0.2391
1957-06-27,503.03,0.4493
1957-06-28,503.29,0.0517
1957-07-01,503.29,0
1957-07-02,507.55,0.8464
1957-07-03,513.25,1.123
1957-07-05,516.89,0.7092
1957-07-08,518.41,0.2941
1957-07-09,516.37,-0.3935
1957-07-10,519.81,0.6662
1957-07-11,517.97,-0.354
1957-07-12,520.77,0.5406
1957-07-15,520.16,-0.1171
1957-07-16,517.42,-0.5268
1957-07-17,515.11,-0.4464
1957-07-18,515.64,0.1029
1957-07-19,515.73,0.0175
1957-07-22,515.32,-0.0795
1957-07-23,515.61,0.0563
1957-07-24,515.78,0.033
1957-07-25,516.69,0.1764
1957-07-26,514.59,-0.4064
1957-07-29,508.25,-1.232
1957-07-30,508.93,0.1338
1957-07-31,508.52,-0.0806
1957-08-01,506.21,-0.4543
1957-08-02,505.1,-0.2193
1957-08-05,500.78,-0.8553
1957-08-06,494.13,-1.3279
1957-08-07,498.48,0.8803
1957-08-08,496.87,-0.323
1957-08-09,496.78,-0.0181
1957-08-12,492.32,-0.8978
1957-08-13,492.14,-0.0366
1957-08-14,485.93,-1.2618
1957-08-15,487.3,0.2819
1957-08-16,488.2,0.1847
1957-08-19,478.95,-1.8947
1957-08-20,483.86,1.0252
1957-08-21,485.14,0.2645
1957-08-22,481.46,-0.7585
1957-08-23,475.74,-1.1881
1957-08-26,470.14,-1.1771
1957-08-27,477.55,1.5761
1957-08-28,477.79,0.0503
1957-08-29,476.06,-0.3621
1957-08-30,484.35,1.7414
1957-09-03,486.13,0.3675
1957-09-04,482.6,-0.7261
1957-09-05,479.51,-0.6403
1957-09-06,478.63,-0.1835
1957-09-09,474.28,-0.9088
1957-09-10,470.23,-0.8539
1957-09-11,474.4,0.8868
1957-09-12,480.56,1.2985
1957-09-13,481.02,0.0957
1957-09-16,478.08,-0.6112
1957-09-17,478.28,0.0418
1957-09-18,478.6,0.0669
1957-09-19,476.12,-0.5182
1957-09-20,468.42,-1.6172
1957-09-23,458.96,-2.0196
1957-09-24,462.87,0.8519
1957-09-25,456.95,-1.279
1957-09-26,457.01,0.0131
1957-09-27,456.89,-0.0263
1957-09-30,456.3,-0.1291
1957-10-01,460.8,0.9862
1957-10-02,465.03,0.918
1957-10-03,465.82,0.1699
1957-10-04,461.7,-0.8845
1957-10-07,452.42,-2.01
1957-10-08,450.56,-0.4111
1957-10-09,451.4,0.1864
1957-10-10,441.71,-2.1467
1957-10-11,441.16,-0.1245
1957-10-14,443.78,0.5939
1957-10-15,447.9,0.9284
1957-10-16,443.93,-0.8864
1957-10-17,436.87,-1.5903
1957-10-18,433.83,-0.6959
1957-10-21,423.06,-2.4825
1957-10-22,419.79,-0.7729
1957-10-23,437.13,4.1306
1957-10-24,436.4,-0.167
1957-10-25,435.15,-0.2864
1957-10-28,432.15,-0.6894
1957-10-29,435.76,0.8354
1957-10-30,440.28,1.0373
1957-10-31,441.04,0.1726
1957-11-01,434.71,-1.4352
1957-11-04,434.04,-0.1541
1957-11-06,435.82,0.4101
1957-11-07,438.91,0.709
1957-11-08,434.12,-1.0913
1957-11-11,434.94,0.1889
1957-11-12,429.75,-1.1933
1957-11-13,430.07,0.0745
1957-11-14,427.94,-0.4953
1957-11-15,439.35,2.6663
1957-11-18,434.96,-0.9992
1957-11-19,431.73,-0.7426
1957-11-20,433.37,0.3799
1957-11-21,439.8,1.4837
1957-11-22,442.68,0.6548
1957-11-25,444.38,0.384
1957-11-26,435.34,-2.0343
1957-11-27,446.03,2.4556
1957-11-29,449.87,0.8609
1957-12-02,446.91,-0.658
1957-12-03,446.55,-0.0806
1957-12-04,448.87,0.5195
1957-12-05,449.55,0.1515
1957-12-06,447.2,-0.5227
1957-12-09,443.76,-0.7692
1957-12-10,439.24,-1.0186
1957-12-11,439.36,0.0273
1957-12-12,438.48,-0.2003
1957-12-13,440.48,0.4561
1957-12-16,433.4,-1.6073
1957-12-17,425.65,-1.7882
1957-12-18,426.18,0.1245
1957-12-19,431.26,1.192
1957-12-20,427.2,-0.9414
1957-12-23,428.08,0.206
1957-12-24,429.11,0.2406
1957-12-26,434.16,1.1769
1957-12-27,432.9,-0.2902
1957-12-30,431.78,-0.2587
1957-12-31,435.69,0.9056
1958-01-02,439.27,0.8217
1958-01-03,444.56,1.2043
1958-01-06,442.56,-0.4499
1958-01-07,447.79,1.1818
1958-01-08,446.61,-0.2635
1958-01-09,443.24,-0.7546
1958-01-10,438.68,-1.0288
1958-01-13,439.71,0.2348
1958-01-14,441.8,0.4753
1958-01-15,445.2,0.7696
1958-01-16,445.23,0.0067
1958-01-17,444.12,-0.2493
1958-01-20,447.29,0.7138
1958-01-21,446.64,-0.1453
1958-01-22,445.7,-0.2105
1958-01-23,447.91,0.4958
1958-01-24,450.66,0.614
1958-01-27,448.46,-0.4882
1958-01-28,448.67,0.0468
1958-01-29,451.16,0.555
1958-01-30,449.72,-0.3192
1958-01-31,450.02,0.0667
1958-02-03,453.98,0.88
1958-02-04,458.65,1.0287
1958-02-05,454.89,-0.8198
1958-02-06,453.13,-0.3869
1958-02-07,448.76,-0.9644
1958-02-10,445.94,-0.6284
1958-02-11,442.35,-0.805
1958-02-12,441.21,-0.2577
1958-02-13,440.24,-0.2198
1958-02-14,444.44,0.954
1958-02-17,442.27,-0.4883
1958-02-18,442.71,0.0995
1958-02-19,443.06,0.0791
1958-02-20,439.74,-0.7493
1958-02-21,439.62,-0.0273
1958-02-24,437.19,-0.5528
1958-02-25,436.89,-0.0686
1958-02-26,440.42,0.808
1958-02-27,437.8,-0.5949
1958-02-28,439.92,0.4842
1958-03-03,443.38,0.7865
1958-03-04,445.06,0.3789
1958-03-05,446.58,0.3415
1958-03-06,450.96,0.9808
1958-03-07,451.49,0.1175
1958-03-10,451.9,0.0908
1958-03-11,455.92,0.8896
1958-03-12,454.6,-0.2895
1958-03-13,454.1,-0.11
1958-03-14,453.04,-0.2334
1958-03-17,448.23,-1.0617
1958-03-18,447.38,-0.1896
1958-03-19,449.96,0.5767
1958-03-20,449.46,-0.1111
1958-03-21,452.49,0.6741
1958-03-24,453.75,0.2785
1958-03-25,450.96,-0.6149
1958-03-26,449.7,-0.2794
1958-03-27,448.64,-0.2357
1958-03-28,448.61,-0.0067
1958-03-31,446.76,-0.4124
1958-04-01,445.47,-0.2887
1958-04-02,441.21,-0.9563
1958-04-03,440.5,-0.1609
1958-04-07,440.09,-0.0931
1958-04-08,442.59,0.5681
1958-04-09,441.88,-0.1604
1958-04-10,441.06,-0.1856
1958-04-11,441.24,0.0408
1958-04-14,443.76,0.5711
1958-04-15,447.58,0.8608
1958-04-16,444.35,-0.7217
1958-04-17,445.09,0.1665
1958-04-18,449.31,0.9481
1958-04-21,450.72,0.3138
1958-04-22,449.55,-0.2596
1958-04-23,450.11,0.1246
1958-04-24,453.42,0.7354
1958-04-25,454.92,0.3308
1958-04-28,454.51,-0.0901
1958-04-29,451.78,-0.6006
1958-04-30,455.86,0.9031
1958-05-01,457.01,0.2523
1958-05-02,459.56,0.558
1958-05-05,461.12,0.3395
1958-05-06,463.67,0.553
1958-05-07,462.88,-0.1704
1958-05-08,462.5,-0.0821
1958-05-09,462.56,0.013
1958-05-12,460.74,-0.3935
1958-05-13,459.86,-0.191
1958-05-14,455.45,-0.959
1958-05-15,457.86,0.5291
1958-05-16,457.1,-0.166
1958-05-19,455.98,-0.245
1958-05-20,459.83,0.8443
1958-05-21,458.5,-0.2892
1958-05-22,460.24,0.3795
1958-05-23,461.03,0.1716
1958-05-26,461.06,0.0065
1958-05-27,460.68,-0.0824
1958-05-28,460.44,-0.0521
1958-05-29,462.7,0.4908
1958-06-02,466.11,0.737
1958-06-03,468.14,0.4355
1958-06-04,468.58,0.094
1958-06-05,468.55,-0.0064
1958-06-06,469.6,0.2241
1958-06-09,469.46,-0.0298
1958-06-10,468.19,-0.2705
1958-06-11,467.93,-0.0555
1958-06-12,471.42,0.7458
1958-06-13,474.77,0.7106
1958-06-16,476.56,0.377
1958-06-17,478.97,0.5057
1958-06-18,476.65,-0.4844
1958-06-19,471.57,-1.0658
1958-06-20,473.6,0.4305
1958-06-23,471.66,-0.4096
1958-06-24,470.43,-0.2608
1958-06-25,471.54,0.236
1958-06-26,474.01,0.5238
1958-06-27,475.42,0.2975
1958-06-30,478.18,0.5805
1958-07-01,478.82,0.1338
1958-07-02,480.15,0.2778
1958-07-03,480.17,0.0042
1958-07-07,481.85,0.3499
1958-07-08,480,-0.3839
1958-07-09,477.59,-0.5021
1958-07-10,478.97,0.289
1958-07-11,482.85,0.8101
1958-07-14,476.89,-1.2343
1958-07-15,478.82,0.4047
1958-07-16,481,0.4553
1958-07-17,485.7,0.9771
1958-07-18,486.55,0.175
1958-07-21,493.36,1.3997
1958-07-22,494.89,0.3101
1958-07-23,494.06,-0.1677
1958-07-24,497.12,0.6194
1958-07-25,501.76,0.9334
1958-07-28,502.81,0.2093
1958-07-29,501.38,-0.2844
1958-07-30,504.37,0.5964
1958-07-31,502.99,-0.2736
1958-08-01,505.43,0.4851
1958-08-04,510.33,0.9695
1958-08-05,506.95,-0.6623
1958-08-06,503.11,-0.7575
1958-08-07,506.1,0.5943
1958-08-08,510.13,0.7963
1958-08-11,512.42,0.4489
1958-08-12,508.19,-0.8255
1958-08-13,509.22,0.2027
1958-08-14,510.3,0.2121
1958-08-15,506.13,-0.8172
1958-08-18,502.67,-0.6836
1958-08-19,503.64,0.193
1958-08-20,503.96,0.0635
1958-08-21,507.1,0.6231
1958-08-22,508.28,0.2327
1958-08-25,508.28,0
1958-08-26,509.63,0.2656
1958-08-27,510.39,0.1491
1958-08-28,507.72,-0.5231
1958-08-29,508.63,0.1792
1958-09-02,511.77,0.6173
1958-09-03,513.71,0.3791
1958-09-04,513.44,-0.0526
1958-09-05,512.77,-0.1305
1958-09-08,515.23,0.4797
1958-09-09,518.64,0.6618
1958-09-10,516.2,-0.4705
1958-09-11,520.43,0.8194
1958-09-12,519.43,-0.1921
1958-09-15,523.4,0.7643
1958-09-16,526.57,0.6057
1958-09-17,525.89,-0.1291
1958-09-18,522.34,-0.675
1958-09-19,526.48,0.7926
1958-09-22,524.01,-0.4692
1958-09-23,525.89,0.3588
1958-09-24,528.15,0.4297
1958-09-25,525.83,-0.4393
1958-09-26,526.83,0.1902
1958-09-29,529.04,0.4195
1958-09-30,532.09,0.5765
1958-10-01,530.94,-0.2161
1958-10-02,532.09,0.2166
1958-10-03,533.73,0.3082
1958-10-06,536.29,0.4796
1958-10-07,539.4,0.5799
1958-10-08,539.31,-0.0167
1958-10-09,539.61,0.0556
1958-10-10,543.36,0.6949
1958-10-13,545.95,0.4767
1958-10-14,541.72,-0.7748
1958-10-15,536.14,-1.0301
1958-10-16,540.11,0.7405
1958-10-17,546.36,1.1572
1958-10-20,544.19,-0.3972
1958-10-21,543.72,-0.0864
1958-10-22,542.31,-0.2593
1958-10-23,540.72,-0.2932
1958-10-24,539.52,-0.2219
1958-10-27,535,-0.8378
1958-10-28,536.88,0.3514
1958-10-29,542.72,1.0878
1958-10-30,543.31,0.1087
1958-10-31,543.22,-0.0166
1958-11-03,545.16,0.3571
1958-11-05,550.68,1.0125
1958-11-06,554.85,0.7572
1958-11-07,554.26,-0.1063
1958-11-10,557.72,0.6243
1958-11-11,561.13,0.6114
1958-11-12,562.39,0.2245
1958-11-13,560.75,-0.2916
1958-11-14,564.68,0.7008
1958-11-17,567.44,0.4888
1958-11-18,564.89,-0.4494
1958-11-19,565.97,0.1912
1958-11-20,566.24,0.0477
1958-11-21,559.57,-1.1779
1958-11-24,544.89,-2.6234
1958-11-25,540.52,-0.802
1958-11-26,549.15,1.5966
1958-11-28,557.46,1.5132
1958-12-01,560.07,0.4682
1958-12-02,558.57,-0.2678
1958-12-03,558.81,0.043
1958-12-04,559.1,0.0519
1958-12-05,556.75,-0.4203
1958-12-08,556.08,-0.1203
1958-12-09,558.13,0.3687
1958-12-10,564.98,1.2273
1958-12-11,563.07,-0.3381
1958-12-12,562.27,-0.1421
1958-12-15,563.98,0.3041
1958-12-16,565.18,0.2128
1958-12-17,569.38,0.7431
1958-12-18,572.38,0.5269
1958-12-19,573.17,0.138
1958-12-22,571.23,-0.3385
1958-12-23,566.39,-0.8473
1958-12-24,572.73,1.1194
1958-12-29,577.31,0.7997
1958-12-30,581.8,0.7777
1958-12-31,583.65,0.318
1959-01-02,587.59,0.6751
1959-01-05,590.17,0.4391
1959-01-06,591.37,0.2033
1959-01-07,583.15,-1.39
1959-01-08,588.14,0.8557
1959-01-09,592.72,0.7787
1959-01-12,592.64,-0.0135
1959-01-13,590.7,-0.3273
1959-01-14,591.64,0.1591
1959-01-15,594.81,0.5358
1959-01-16,595.75,0.158
1959-01-19,594.4,-0.2266
1959-01-20,595.69,0.217
1959-01-21,597.66,0.3307
1959-01-22,595.69,-0.3296
1959-01-23,596.07,0.0638
1959-01-26,592.37,-0.6207
1959-01-27,594.66,0.3866
1959-01-28,588.53,-1.0308
1959-01-29,590.4,0.3177
1959-01-30,593.96,0.603
1959-02-02,592.23,-0.2913
1959-02-03,592.34,0.0186
1959-02-04,589.38,-0.4997
1959-02-05,586.12,-0.5531
1959-02-06,582.33,-0.6466
1959-02-09,574.46,-1.3515
1959-02-10,582.65,1.4257
1959-02-11,584.03,0.2368
1959-02-12,581.89,-0.3664
1959-02-13,587.97,1.0449
1959-02-16,587.91,-0.0102
1959-02-17,586.71,-0.2041
1959-02-18,588.82,0.3596
1959-02-19,595.04,1.0563
1959-02-20,602.21,1.205
1959-02-24,602.91,0.1162
1959-02-25,601.18,-0.2869
1959-02-26,602,0.1364
1959-02-27,603.5,0.2492
1959-03-02,605.03,0.2535
1959-03-03,610.78,0.9504
1959-03-04,611.84,0.1735
1959-03-05,611.87,0.0049
1959-03-06,609.52,-0.3841
1959-03-09,609.96,0.0722
1959-03-10,611.14,0.1935
1959-03-11,611.49,0.0573
1959-03-12,613.75,0.3696
1959-03-13,614.69,0.1532
1959-03-16,607.88,-1.1079
1959-03-17,612.69,0.7913
1959-03-18,610.87,-0.2971
1959-03-19,610.02,-0.1391
1959-03-20,610.37,0.0574
1959-03-23,605.56,-0.788
1959-03-24,606.73,0.1932
1959-03-25,606.47,-0.0429
1959-03-26,606.58,0.0181
1959-03-30,602.65,-0.6479
1959-03-31,601.71,-0.156
1959-04-01,602.94,0.2044
1959-04-02,607.52,0.7596
1959-04-03,611.93,0.7259
1959-04-06,611.16,-0.1258
1959-04-07,610.34,-0.1342
1959-04-08,606.44,-0.639
1959-04-09,605.5,-0.155
1959-04-10,605.97,0.0776
1959-04-13,607.76,0.2954
1959-04-14,609.53,0.2912
1959-04-15,612.5,0.4873
1959-04-16,617.58,0.8294
1959-04-17,624.06,1.0493
1959-04-20,627.08,0.4839
1959-04-21,629.23,0.3429
1959-04-22,625.15,-0.6484
1959-04-23,623.27,-0.3007
1959-04-24,627.39,0.661
1959-04-27,629.87,0.3953
1959-04-28,628.87,-0.1588
1959-04-29,625.87,-0.477
1959-04-30,623.75,-0.3387
1959-05-01,625.06,0.21
1959-05-04,625.06,0
1959-05-05,625.9,0.1344
1959-05-06,624.39,-0.2413
1959-05-07,615.64,-1.4014
1959-05-08,621.36,0.9291
1959-05-11,625.03,0.5906
1959-05-12,627.66,0.4208
1959-05-13,633.05,0.8587
1959-05-14,637.04,0.6303
1959-05-15,634.53,-0.394
1959-05-18,633.53,-0.1576
1959-05-19,635.44,0.3015
1959-05-20,631.87,-0.5618
1959-05-21,631.65,-0.0348
1959-05-22,634.74,0.4892
1959-05-25,632.35,-0.3765
1959-05-26,632.38,0.0047
1959-05-27,636.68,0.68
1959-05-28,639.58,0.4555
1959-05-29,643.79,0.6582
1959-06-01,643.51,-0.0435
1959-06-02,637.45,-0.9417
1959-06-03,637.39,-0.0094
1959-06-04,630.54,-1.0747
1959-06-05,629.98,-0.0888
1959-06-08,621.62,-1.327
1959-06-09,617.62,-0.6435
1959-06-10,627.17,1.5463
1959-06-11,627.49,0.051
1959-06-12,627.42,-0.0112
1959-06-15,624.59,-0.4511
1959-06-16,621.4,-0.5107
1959-06-17,628.05,1.0702
1959-06-18,629.41,0.2165
1959-06-19,629.76,0.0556
1959-06-22,631.71,0.3096
1959-06-23,630.73,-0.1551
1959-06-24,634.27,0.5613
1959-06-25,637.23,0.4667
1959-06-26,639.25,0.317
1959-06-29,643.06,0.596
1959-06-30,643.6,0.084
1959-07-01,650.88,1.1311
1959-07-02,654.76,0.5961
1959-07-06,660.09,0.814
1959-07-07,663.21,0.4727
1959-07-08,663.81,0.0905
1959-07-09,663.09,-0.1085
1959-07-10,663.56,0.0709
1959-07-13,657.35,-0.9359
1959-07-14,657.7,0.0532
1959-07-15,660.57,0.4364
1959-07-16,658.29,-0.3452
1959-07-17,657.13,-0.1762
1959-07-20,654.54,-0.3941
1959-07-21,661.48,1.0603
1959-07-22,664.38,0.4384
1959-07-23,664.63,0.0376
1959-07-24,663.72,-0.1369
1959-07-27,669.08,0.8076
1959-07-28,672.04,0.4424
1959-07-29,673.18,0.1696
1959-07-30,673.37,0.0282
1959-07-31,674.88,0.2242
1959-08-03,678.1,0.4771
1959-08-04,676.3,-0.2654
1959-08-05,672.33,-0.587
1959-08-06,671.98,-0.0521
1959-08-07,668.57,-0.5075
1959-08-10,653.79,-2.2107
1959-08-11,658.07,0.6546
1959-08-12,655.14,-0.4452
1959-08-13,655.43,0.0443
1959-08-14,658.74,0.505
1959-08-17,658.42,-0.0486
1959-08-18,650.79,-1.1588
1959-08-19,646.53,-0.6546
1959-08-20,655.02,1.3132
1959-08-21,655.39,0.0565
1959-08-24,653.22,-0.3311
1959-08-25,655.96,0.4195
1959-08-26,657.57,0.2454
1959-08-27,663.34,0.8775
1959-08-28,663.06,-0.0422
1959-08-31,664.41,0.2036
1959-09-01,655.9,-1.2808
1959-09-02,655.8,-0.0152
1959-09-03,645.9,-1.5096
1959-09-04,652.18,0.9723
1959-09-08,642.69,-1.4551
1959-09-09,637.67,-0.7811
1959-09-10,633.38,-0.6728
1959-09-11,637.36,0.6284
1959-09-14,633.79,-0.5601
1959-09-15,630.8,-0.4718
1959-09-16,632.41,0.2552
1959-09-17,629,-0.5392
1959-09-18,625.78,-0.5119
1959-09-21,618.15,-1.2193
1959-09-22,616.45,-0.275
1959-09-23,624.02,1.228
1959-09-24,632.85,1.415
1959-09-25,632.59,-0.0411
1959-09-28,636.47,0.6134
1959-09-29,640.1,0.5703
1959-09-30,631.68,-1.3154
1959-10-01,633.6,0.304
1959-10-02,636.57,0.4687
1959-10-05,637.01,0.0691
1959-10-06,636.06,-0.1491
1959-10-07,635.37,-0.1085
1959-10-08,633.04,-0.3667
1959-10-09,636.98,0.6224
1959-10-12,638.55,0.2465
1959-10-13,637.83,-0.1128
1959-10-14,634.27,-0.5581
1959-10-15,637.48,0.5061
1959-10-16,643.22,0.9004
1959-10-19,639.66,-0.5535
1959-10-20,635.37,-0.6707
1959-10-21,632.69,-0.4218
1959-10-22,625.59,-1.1222
1959-10-23,633.07,1.1957
1959-10-26,637.61,0.7171
1959-10-27,642.18,0.7167
1959-10-28,643.6,0.2211
1959-10-29,645.11,0.2346
1959-10-30,646.6,0.231
1959-11-02,645.46,-0.1763
1959-11-04,645.74,0.0434
1959-11-05,647.57,0.2834
1959-11-06,650.92,0.5173
1959-11-09,650.92,0
1959-11-10,648.14,-0.4271
1959-11-11,647.32,-0.1265
1959-11-12,644.26,-0.4727
1959-11-13,641.71,-0.3958
1959-11-16,634.46,-1.1298
1959-11-17,635.62,0.1828
1959-11-18,641.99,1.0022
1959-11-19,643.32,0.2072
1959-11-20,645.46,0.3326
1959-11-23,646.75,0.1999
1959-11-24,649.69,0.4546
1959-11-25,651.1,0.217
1959-11-27,652.52,0.2181
1959-11-30,659.18,1.0207
1959-12-01,664.38,0.7889
1959-12-02,661.29,-0.4651
1959-12-03,662.96,0.2525
1959-12-04,664,0.1569
1959-12-07,665.67,0.2515
1959-12-08,675.39,1.4602
1959-12-09,671.26,-0.6115
1959-12-10,672.74,0.2205
1959-12-11,670.5,-0.333
1959-12-14,675.07,0.6816
1959-12-15,673.78,-0.1911
1959-12-16,675.2,0.2108
1959-12-17,673.9,-0.1925
1959-12-18,676.65,0.4081
1959-12-21,675.92,-0.1079
1959-12-22,671.82,-0.6066
1959-12-23,670.18,-0.2441
1959-12-24,670.69,0.0761
1959-12-28,669.77,-0.1372
1959-12-29,672.23,0.3673
1959-12-30,676.97,0.7051
1959-12-31,679.36,0.353
1960-01-04,679.06,-0.0442
1960-01-05,685.47,0.944
1960-01-06,682.62,-0.4158
1960-01-07,677.66,-0.7266
1960-01-08,675.73,-0.2848
1960-01-11,667.16,-1.2683
1960-01-12,660.43,-1.0088
1960-01-13,656.44,-0.6042
1960-01-14,660.53,0.6231
1960-01-15,659.68,-0.1287
1960-01-18,653.86,-0.8822
1960-01-19,645.07,-1.3443
1960-01-20,643.69,-0.2139
1960-01-21,645.43,0.2703
1960-01-22,645.85,0.0651
1960-01-25,639.07,-1.0498
1960-01-26,639.84,0.1205
1960-01-27,637.67,-0.3391
1960-01-28,629.84,-1.2279
1960-01-29,622.62,-1.1463
1960-02-01,626.2,0.575
1960-02-02,636.92,1.7119
1960-02-03,630.97,-0.9342
1960-02-04,631.14,0.0269
1960-02-05,626.77,-0.6924
1960-02-08,619.43,-1.1711
1960-02-09,628.45,1.4562
1960-02-10,623.36,-0.8099
1960-02-11,618.57,-0.7684
1960-02-12,622.23,0.5917
1960-02-15,617.58,-0.7473
1960-02-16,611.33,-1.012
1960-02-17,613.55,0.3631
1960-02-18,622.19,1.4082
1960-02-19,628.45,1.0061
1960-02-23,626.19,-0.3596
1960-02-24,623.71,-0.396
1960-02-25,628.51,0.7696
1960-02-26,632,0.5553
1960-02-29,630.12,-0.2975
1960-03-01,626.87,-0.5158
1960-03-02,621.37,-0.8774
1960-03-03,612.05,-1.4999
1960-03-04,609.79,-0.3693
1960-03-07,604.02,-0.9462
1960-03-08,599.1,-0.8145
1960-03-09,607.16,1.3454
1960-03-10,602.31,-0.7988
1960-03-11,605.83,0.5844
1960-03-14,606.79,0.1585
1960-03-15,612.18,0.8883
1960-03-16,616.73,0.7432
1960-03-17,615.09,-0.2659
1960-03-18,616.42,0.2162
1960-03-21,617,0.0941
1960-03-22,618.09,0.1767
1960-03-23,622.06,0.6423
1960-03-24,624,0.3119
1960-03-25,622.47,-0.2452
1960-03-28,621.78,-0.1108
1960-03-29,620.35,-0.23
1960-03-30,619.94,-0.0661
1960-03-31,616.59,-0.5404
1960-04-01,615.98,-0.0989
1960-04-04,618.54,0.4156
1960-04-05,622.19,0.5901
1960-04-06,628.31,0.9836
1960-04-07,629.03,0.1146
1960-04-08,628.1,-0.1478
1960-04-11,624.89,-0.5111
1960-04-12,626.5,0.2576
1960-04-13,626.5,0
1960-04-14,630.12,0.5778
1960-04-18,630.77,0.1032
1960-04-19,626.4,-0.6928
1960-04-20,618.71,-1.2277
1960-04-21,619.15,0.0711
1960-04-22,616.32,-0.4571
1960-04-25,611.13,-0.8421
1960-04-26,610.92,-0.0344
1960-04-27,609.96,-0.1571
1960-04-28,604.33,-0.923
1960-04-29,601.7,-0.4352
1960-05-02,599.61,-0.3473
1960-05-03,607.73,1.3542
1960-05-04,610.99,0.5364
1960-05-05,608.32,-0.437
1960-05-06,607.62,-0.1151
1960-05-09,607.48,-0.023
1960-05-10,604.82,-0.4379
1960-05-11,606.54,0.2844
1960-05-12,607.87,0.2193
1960-05-13,616.03,1.3424
1960-05-16,617.39,0.2208
1960-05-17,621.63,0.6868
1960-05-18,623,0.2204
1960-05-19,624.68,0.2697
1960-05-20,625.24,0.0896
1960-05-23,623.66,-0.2527
1960-05-24,621.39,-0.364
1960-05-25,621.28,-0.0177
1960-05-26,622.79,0.243
1960-05-27,624.78,0.3195
1960-05-31,625.5,0.1152
1960-06-01,624.89,-0.0975
1960-06-02,627.87,0.4769
1960-06-03,628.98,0.1768
1960-06-06,636.92,1.2624
1960-06-07,645.58,1.3597
1960-06-08,650.35,0.7389
1960-06-09,656.42,0.9333
1960-06-10,654.88,-0.2346
1960-06-13,655.85,0.1481
1960-06-14,654.88,-0.1479
1960-06-15,649.42,-0.8337
1960-06-16,648.27,-0.1771
1960-06-17,650.89,0.4042
1960-06-20,647.52,-0.5178
1960-06-21,644.93,-0.4
1960-06-22,645.36,0.0667
1960-06-23,647.41,0.3177
1960-06-24,647.01,-0.0618
1960-06-27,642.49,-0.6986
1960-06-28,637.46,-0.7829
1960-06-29,638.39,0.1459
1960-06-30,640.62,0.3493
1960-07-01,641.3,0.1061
1960-07-05,640.91,-0.0608
1960-07-06,640.37,-0.0843
1960-07-07,644.89,0.7058
1960-07-08,646.91,0.3132
1960-07-11,640.44,-1.0001
1960-07-12,634.12,-0.9868
1960-07-13,632.11,-0.317
1960-07-14,631.32,-0.125
1960-07-15,630.24,-0.1711
1960-07-18,626,-0.6728
1960-07-19,624.78,-0.1949
1960-07-20,624.13,-0.104
1960-07-21,616.63,-1.2017
1960-07-22,609.87,-1.0963
1960-07-25,601.68,-1.3429
1960-07-26,606.75,0.8426
1960-07-27,601.76,-0.8224
1960-07-28,605.67,0.6498
1960-07-29,616.73,1.8261
1960-08-01,617.85,0.1816
1960-08-02,613.68,-0.6749
1960-08-03,608.69,-0.8131
1960-08-04,609.23,0.0887
1960-08-05,614.29,0.8306
1960-08-08,614.79,0.0814
1960-08-09,615.69,0.1464
1960-08-10,617.52,0.2972
1960-08-11,622.88,0.868
1960-08-12,626.18,0.5298
1960-08-15,624.17,-0.321
1960-08-16,625.43,0.2019
1960-08-17,626.54,0.1775
1960-08-18,625.82,-0.1149
1960-08-19,629.27,0.5513
1960-08-22,630.71,0.2288
1960-08-23,638.29,1.2018
1960-08-24,641.56,0.5123
1960-08-25,637.16,-0.6858
1960-08-26,636.13,-0.1617
1960-08-29,634.46,-0.2625
1960-08-30,626.4,-1.2704
1960-08-31,625.99,-0.0655
1960-09-01,626.1,0.0176
1960-09-02,625.22,-0.1406
1960-09-06,620.85,-0.699
1960-09-07,612.27,-1.382
1960-09-08,611.42,-0.1388
1960-09-09,614.12,0.4416
1960-09-12,609.35,-0.7767
1960-09-13,611.79,0.4004
1960-09-14,605.69,-0.9971
1960-09-15,602.69,-0.4953
1960-09-16,602.18,-0.0846
1960-09-19,586.76,-2.5607
1960-09-20,588.2,0.2454
1960-09-21,594.26,1.0303
1960-09-22,592.15,-0.3551
1960-09-23,585.2,-1.1737
1960-09-26,577.14,-1.3773
1960-09-27,574.81,-0.4037
1960-09-28,569.08,-0.9969
1960-09-29,570.59,0.2653
1960-09-30,580.14,1.6737
1960-10-03,577.81,-0.4016
1960-10-04,573.15,-0.8065
1960-10-05,578.88,0.9997
1960-10-06,583.69,0.8309
1960-10-07,586.42,0.4677
1960-10-10,587.31,0.1518
1960-10-11,588.75,0.2452
1960-10-12,585.83,-0.496
1960-10-13,591.49,0.9662
1960-10-14,596.48,0.8436
1960-10-17,593.34,-0.5264
1960-10-18,588.75,-0.7736
1960-10-19,587.01,-0.2955
1960-10-20,582.69,-0.7359
1960-10-21,577.55,-0.8821
1960-10-24,571.93,-0.9731
1960-10-25,566.05,-1.0281
1960-10-26,575.18,1.6129
1960-10-27,580.95,1.0032
1960-10-28,577.92,-0.5216
1960-10-31,580.36,0.4222
1960-11-01,585.24,0.8409
1960-11-02,588.23,0.5109
1960-11-03,590.82,0.4403
1960-11-04,596.07,0.8886
1960-11-07,597.63,0.2617
1960-11-09,602.25,0.7731
1960-11-10,612.01,1.6206
1960-11-11,608.61,-0.5555
1960-11-14,604.8,-0.626
1960-11-15,606.87,0.3423
1960-11-16,604.77,-0.346
1960-11-17,602.18,-0.4283
1960-11-18,603.62,0.2391
1960-11-21,604.54,0.1524
1960-11-22,601.1,-0.569
1960-11-23,602.47,0.2279
1960-11-25,606.47,0.6639
1960-11-28,605.43,-0.1715
1960-11-29,602.4,-0.5005
1960-11-30,597.22,-0.8599
1960-12-01,594.56,-0.4454
1960-12-02,596,0.2422
1960-12-05,593.49,-0.4211
1960-12-06,597.11,0.61
1960-12-07,604.62,1.2577
1960-12-08,605.17,0.091
1960-12-09,610.9,0.9468
1960-12-12,611.94,0.1702
1960-12-13,611.72,-0.036
1960-12-14,612.68,0.1569
1960-12-15,610.76,-0.3134
1960-12-16,617.78,1.1494
1960-12-19,615.56,-0.3594
1960-12-20,614.82,-0.1202
1960-12-21,615.42,0.0976
1960-12-22,613.31,-0.3429
1960-12-23,613.23,-0.013
1960-12-27,613.38,0.0245
1960-12-28,615.75,0.3864
1960-12-29,616.19,0.0715
1960-12-30,615.89,-0.0487
1961-01-03,610.25,-0.9157
1961-01-04,621.49,1.8419
1961-01-05,622.67,0.1899
1961-01-06,621.64,-0.1654
1961-01-09,624.42,0.4472
1961-01-10,625.72,0.2082
1961-01-11,627.21,0.2381
1961-01-12,628.5,0.2057
1961-01-13,633.65,0.8194
1961-01-16,633.19,-0.0726
1961-01-17,628.96,-0.668
1961-01-18,634.1,0.8172
1961-01-19,632.39,-0.2697
1961-01-20,634.37,0.3131
1961-01-23,639.82,0.8591
1961-01-24,638.79,-0.161
1961-01-25,637.72,-0.1675
1961-01-26,638.87,0.1803
1961-01-27,643.59,0.7388
1961-01-30,650.64,1.0954
1961-01-31,648.2,-0.375
1961-02-01,649.39,0.1836
1961-02-02,653.62,0.6514
1961-02-03,652.97,-0.0994
1961-02-06,645.65,-1.121
1961-02-07,643.94,-0.2648
1961-02-08,648.85,0.7625
1961-02-09,645.12,-0.5749
1961-02-10,639.67,-0.8448
1961-02-13,637.04,-0.4111
1961-02-14,642.91,0.9214
1961-02-15,648.89,0.9301
1961-02-16,651.86,0.4577
1961-02-17,651.67,-0.0291
1961-02-20,653.65,0.3038
1961-02-21,652.4,-0.1912
1961-02-23,654.42,0.3096
1961-02-24,655.6,0.1803
1961-02-27,660.44,0.7383
1961-02-28,662.08,0.2483
1961-03-01,663.03,0.1435
1961-03-02,669.39,0.9592
1961-03-03,671.57,0.3257
1961-03-06,674.46,0.4303
1961-03-07,667.14,-1.0853
1961-03-08,666.15,-0.1484
1961-03-09,663.33,-0.4233
1961-03-10,663.56,0.0347
1961-03-13,664.44,0.1326
1961-03-14,661.08,-0.5057
1961-03-15,662.88,0.2723
1961-03-16,670.38,1.1314
1961-03-17,676.48,0.9099
1961-03-20,678.84,0.3489
1961-03-21,678.73,-0.0162
1961-03-22,679.38,0.0958
1961-03-23,675.45,-0.5785
1961-03-24,672.48,-0.4397
1961-03-27,671.03,-0.2156
1961-03-28,669.58,-0.2161
1961-03-29,676.41,1.02
1961-03-30,676.63,0.0325
1961-04-03,677.59,0.1419
1961-04-04,678.73,0.1682
1961-04-05,677.32,-0.2077
1961-04-06,679.34,0.2982
1961-04-07,683.68,0.6389
1961-04-10,692.06,1.2257
1961-04-11,694.11,0.2962
1961-04-12,690.16,-0.5691
1961-04-13,692.02,0.2695
1961-04-14,693.72,0.2457
1961-04-17,696.72,0.4325
1961-04-18,690.6,-0.8784
1961-04-19,686.21,-0.6357
1961-04-20,684.24,-0.2871
1961-04-21,685.26,0.1491
1961-04-24,672.66,-1.8387
1961-04-25,683.09,1.5506
1961-04-26,682.18,-0.1332
1961-04-27,679.54,-0.387
1961-04-28,678.71,-0.1221
1961-05-01,677.05,-0.2446
1961-05-02,682.34,0.7813
1961-05-03,688.9,0.9614
1961-05-04,692.25,0.4863
1961-05-05,690.67,-0.2282
1961-05-08,689.06,-0.2331
1961-05-09,686.92,-0.3106
1961-05-10,686.61,-0.0451
1961-05-11,686.49,-0.0175
1961-05-12,687.91,0.2068
1961-05-15,692.37,0.6483
1961-05-16,697.74,0.7756
1961-05-17,705.52,1.115
1961-05-18,701.14,-0.6208
1961-05-19,705.96,0.6875
1961-05-22,702.44,-0.4986
1961-05-23,700.59,-0.2634
1961-05-24,696.52,-0.5809
1961-05-25,690.16,-0.9131
1961-05-26,696.28,0.8868
1961-05-31,696.72,0.0632
1961-06-01,695.37,-0.1938
1961-06-02,697.7,0.3351
1961-06-05,703.41,0.8184
1961-06-06,703.79,0.054
1961-06-07,700.86,-0.4163
1961-06-08,701.69,0.1184
1961-06-09,700.9,-0.1126
1961-06-12,696.76,-0.5907
1961-06-13,694.15,-0.3746
1961-06-14,695.81,0.2391
1961-06-15,691.27,-0.6525
1961-06-16,685.5,-0.8347
1961-06-19,680.68,-0.7031
1961-06-20,687.87,1.0563
1961-06-21,686.09,-0.2588
1961-06-22,685.62,-0.0685
1961-06-23,688.66,0.4434
1961-06-26,681.16,-1.0891
1961-06-27,683.88,0.3993
1961-06-28,684.59,0.1038
1961-06-29,681.95,-0.3856
1961-06-30,683.96,0.2947
1961-07-03,689.81,0.8553
1961-07-05,692.77,0.4291
1961-07-06,694.27,0.2165
1961-07-07,692.73,-0.2218
1961-07-10,693.16,0.0621
1961-07-11,694.47,0.189
1961-07-12,690.79,-0.5299
1961-07-13,685.9,-0.7079
1961-07-14,690.95,0.7363
1961-07-17,684.59,-0.9205
1961-07-18,679.3,-0.7727
1961-07-19,682.74,0.5064
1961-07-20,682.97,0.0337
1961-07-21,682.81,-0.0234
1961-07-24,682.14,-0.0981
1961-07-25,686.37,0.6201
1961-07-26,694.19,1.1393
1961-07-27,702.8,1.2403
1961-07-28,705.13,0.3315
1961-07-31,705.37,0.034
1961-08-01,713.94,1.215
1961-08-02,710.46,-0.4874
1961-08-03,715.71,0.739
1961-08-04,720.69,0.6958
1961-08-07,719.58,-0.154
1961-08-08,720.22,0.0889
1961-08-09,717.57,-0.3679
1961-08-10,720.49,0.4069
1961-08-11,722.61,0.2942
1961-08-14,718.93,-0.5093
1961-08-15,716.18,-0.3825
1961-08-16,718.2,0.2821
1961-08-17,721.84,0.5068
1961-08-18,723.54,0.2355
1961-08-21,724.75,0.1672
1961-08-22,725.76,0.1394
1961-08-23,720.46,-0.7303
1961-08-24,714.03,-0.8925
1961-08-25,716.7,0.3739
1961-08-28,716.01,-0.0963
1961-08-29,714.15,-0.2598
1961-08-30,716.9,0.3851
1961-08-31,719.94,0.424
1961-09-01,721.19,0.1736
1961-09-05,718.72,-0.3425
1961-09-06,726.01,1.0143
1961-09-07,726.53,0.0716
1961-09-08,720.91,-0.7735
1961-09-11,714.36,-0.9086
1961-09-12,722.61,1.1549
1961-09-13,722.2,-0.0567
1961-09-14,715,-0.997
1961-09-15,716.3,0.1818
1961-09-18,711.24,-0.7064
1961-09-19,702.54,-1.2232
1961-09-20,707.32,0.6804
1961-09-21,706.31,-0.1428
1961-09-22,701.57,-0.6711
1961-09-25,691.86,-1.384
1961-09-26,693.2,0.1937
1961-09-27,701.13,1.144
1961-09-28,700.28,-0.1212
1961-09-29,701.21,0.1328
1961-10-02,699.83,-0.1968
1961-10-03,698.66,-0.1672
1961-10-04,703.31,0.6656
1961-10-05,708.49,0.7365
1961-10-06,708.25,-0.0339
1961-10-09,705.42,-0.3996
1961-10-10,706.67,0.1772
1961-10-11,705.62,-0.1486
1961-10-12,705.5,-0.017
1961-10-13,703.31,-0.3104
1961-10-16,703.15,-0.0227
1961-10-17,701.98,-0.1664
1961-10-18,704.2,0.3162
1961-10-19,704.85,0.0923
1961-10-20,705.62,0.1092
1961-10-23,698.98,-0.941
1961-10-24,697.24,-0.2489
1961-10-25,700.72,0.4991
1961-10-26,700.68,-0.0057
1961-10-27,698.74,-0.2769
1961-10-30,701.09,0.3363
1961-10-31,703.92,0.4037
1961-11-01,703.84,-0.0114
1961-11-02,706.83,0.4248
1961-11-03,709.26,0.3438
1961-11-06,714.6,0.7529
1961-11-08,723.74,1.279
1961-11-09,722.28,-0.2017
1961-11-10,724.83,0.353
1961-11-13,728.43,0.4967
1961-11-14,732.56,0.567
1961-11-15,734.34,0.243
1961-11-16,733.33,-0.1375
1961-11-17,729.53,-0.5182
1961-11-20,730.09,0.0768
1961-11-21,729.32,-0.1055
1961-11-22,730.42,0.1508
1961-11-24,732.6,0.2985
1961-11-27,731.99,-0.0833
1961-11-28,728.07,-0.5355
1961-11-29,727.18,-0.1222
1961-11-30,721.6,-0.7673
1961-12-01,728.8,0.9978
1961-12-04,731.22,0.3321
1961-12-05,731.31,0.0123
1961-12-06,730.09,-0.1668
1961-12-07,726.45,-0.4986
1961-12-08,728.23,0.245
1961-12-11,732.56,0.5946
1961-12-12,734.02,0.1993
1961-12-13,734.91,0.1213
1961-12-14,730.94,-0.5402
1961-12-15,729.4,-0.2107
1961-12-18,727.71,-0.2317
1961-12-19,722.41,-0.7283
1961-12-20,722.57,0.0221
1961-12-21,720.1,-0.3418
1961-12-22,720.87,0.1069
1961-12-26,723.09,0.308
1961-12-27,731.43,1.1534
1961-12-28,731.51,0.0109
1961-12-29,731.14,-0.0506
1962-01-02,724.71,-0.8794
1962-01-03,726.01,0.1794
1962-01-04,722.53,-0.4793
1962-01-05,714.84,-1.0643
1962-01-08,708.98,-0.8198
1962-01-09,707.64,-0.189
1962-01-10,706.02,-0.2289
1962-01-11,710.67,0.6586
1962-01-12,711.73,0.1492
1962-01-15,709.5,-0.3133
1962-01-16,705.29,-0.5934
1962-01-17,697.41,-1.1173
1962-01-18,696.03,-0.1979
1962-01-19,700.72,0.6738
1962-01-22,701.98,0.1798
1962-01-23,698.54,-0.49
1962-01-24,698.17,-0.053
1962-01-25,696.52,-0.2363
1962-01-26,692.19,-0.6217
1962-01-29,689.92,-0.3279
1962-01-30,694.09,0.6044
1962-01-31,700,0.8515
1962-02-01,702.54,0.3629
1962-02-02,706.55,0.5708
1962-02-05,706.14,-0.058
1962-02-06,710.39,0.6019
1962-02-07,715.73,0.7517
1962-02-08,716.82,0.1523
1962-02-09,714.27,-0.3557
1962-02-12,714.92,0.091
1962-02-13,714.32,-0.0839
1962-02-14,713.67,-0.091
1962-02-15,717.27,0.5044
1962-02-16,716.46,-0.1129
1962-02-19,714.36,-0.2931
1962-02-20,717.55,0.4466
1962-02-21,713.02,-0.6313
1962-02-23,709.54,-0.4881
1962-02-26,706.22,-0.4679
1962-02-27,709.22,0.4248
1962-02-28,708.05,-0.165
1962-03-01,711.81,0.531
1962-03-02,711,-0.1138
1962-03-05,709.99,-0.1421
1962-03-06,708.17,-0.2563
1962-03-07,706.63,-0.2175
1962-03-08,713.75,1.0076
1962-03-09,714.44,0.0967
1962-03-12,714.68,0.0336
1962-03-13,716.58,0.2659
1962-03-14,720.95,0.6098
1962-03-15,723.54,0.3592
1962-03-16,722.27,-0.1755
1962-03-19,720.38,-0.2617
1962-03-20,719.66,-0.0999
1962-03-21,716.62,-0.4224
1962-03-22,716.7,0.0112
1962-03-23,716.46,-0.0335
1962-03-26,710.67,-0.8081
1962-03-27,707.28,-0.477
1962-03-28,712.25,0.7027
1962-03-29,711.28,-0.1362
1962-03-30,706.95,-0.6088
1962-04-02,705.42,-0.2164
1962-04-03,700.6,-0.6833
1962-04-04,696.88,-0.531
1962-04-05,700.88,0.574
1962-04-06,699.63,-0.1783
1962-04-09,692.96,-0.9534
1962-04-10,695.46,0.3608
1962-04-11,694.9,-0.0805
1962-04-12,685.67,-1.3282
1962-04-13,687.9,0.3252
1962-04-16,684.06,-0.5582
1962-04-17,688.43,0.6388
1962-04-18,691.01,0.3748
1962-04-19,694.25,0.4689
1962-04-23,694.61,0.0519
1962-04-24,693,-0.2318
1962-04-25,683.69,-1.3434
1962-04-26,678.68,-0.7328
1962-04-27,672.2,-0.9548
1962-04-30,665.33,-1.022
1962-05-01,671.24,0.8883
1962-05-02,669.96,-0.1907
1962-05-03,675.49,0.8254
1962-05-04,671.2,-0.6351
1962-05-07,670.99,-0.0313
1962-05-08,663.9,-1.0566
1962-05-09,654.7,-1.3858
1962-05-10,647.23,-1.141
1962-05-11,640.63,-1.0197
1962-05-14,646.2,0.8695
1962-05-15,655.36,1.4175
1962-05-16,654.04,-0.2014
1962-05-17,649.79,-0.6498
1962-05-18,650.7,0.14
1962-05-21,648.59,-0.3243
1962-05-22,636.34,-1.8887
1962-05-23,626.52,-1.5432
1962-05-24,622.56,-0.6321
1962-05-25,611.88,-1.7155
1962-05-28,576.93,-5.7119
1962-05-29,603.96,4.6851
1962-05-31,613.36,1.5564
1962-06-01,611.05,-0.3766
1962-06-04,593.68,-2.8426
1962-06-05,594.96,0.2156
1962-06-06,603.91,1.5043
1962-06-07,602.2,-0.2832
1962-06-08,601.61,-0.098
1962-06-11,595.17,-1.0705
1962-06-12,580.94,-2.3909
1962-06-13,574.04,-1.1877
1962-06-14,563,-1.9232
1962-06-15,578.18,2.6963
1962-06-18,574.21,-0.6866
1962-06-19,571.61,-0.4528
1962-06-20,563.08,-1.4923
1962-06-21,550.49,-2.2359
1962-06-22,539.19,-2.0527
1962-06-25,536.77,-0.4488
1962-06-26,535.76,-0.1882
1962-06-27,536.98,0.2277
1962-06-28,557.35,3.7934
1962-06-29,561.28,0.7051
1962-07-02,573.75,2.2217
1962-07-03,579.48,0.9987
1962-07-05,583.87,0.7576
1962-07-06,576.17,-1.3188
1962-07-09,580.82,0.8071
1962-07-10,586.01,0.8936
1962-07-11,589.06,0.5205
1962-07-12,590.27,0.2054
1962-07-13,590.19,-0.0136
1962-07-16,588.1,-0.3541
1962-07-17,577.85,-1.7429
1962-07-18,571.24,-1.1439
1962-07-19,573.16,0.3361
1962-07-20,577.18,0.7014
1962-07-23,577.47,0.0502
1962-07-24,574.12,-0.5801
1962-07-25,574.67,0.0958
1962-07-26,579.61,0.8596
1962-07-27,585,0.9299
1962-07-30,591.44,1.1009
1962-07-31,597.93,1.0973
1962-08-01,591.36,-1.0988
1962-08-02,593.83,0.4177
1962-08-03,596.38,0.4294
1962-08-06,593.24,-0.5265
1962-08-07,588.35,-0.8243
1962-08-08,590.94,0.4402
1962-08-09,591.19,0.0423
1962-08-10,592.32,0.1911
1962-08-13,595.29,0.5014
1962-08-14,601.9,1.1104
1962-08-15,606.76,0.8074
1962-08-16,606.71,-0.0082
1962-08-17,610.02,0.5456
1962-08-20,612.86,0.4656
1962-08-21,608.64,-0.6886
1962-08-22,615.54,1.1337
1962-08-23,616,0.0747
1962-08-24,613.74,-0.3669
1962-08-27,612.57,-0.1906
1962-08-28,605.25,-1.195
1962-08-29,603.24,-0.3321
1962-08-30,602.32,-0.1525
1962-08-31,609.18,1.1389
1962-09-04,602.45,-1.1048
1962-09-05,599.14,-0.5494
1962-09-06,600.81,0.2787
1962-09-07,600.86,0.0083
1962-09-10,602.03,0.1947
1962-09-11,603.99,0.3256
1962-09-12,606.34,0.3891
1962-09-13,603.99,-0.3876
1962-09-14,605.84,0.3063
1962-09-17,607.63,0.2955
1962-09-18,607.09,-0.0889
1962-09-19,607.09,0
1962-09-20,601.65,-0.8961
1962-09-21,591.78,-1.6405
1962-09-24,582.91,-1.4989
1962-09-25,588.22,0.9109
1962-09-26,578.48,-1.6558
1962-09-27,574.12,-0.7537
1962-09-28,578.98,0.8465
1962-10-01,571.95,-1.2142
1962-10-02,578.73,1.1854
1962-10-03,578.52,-0.0363
1962-10-04,582.41,0.6724
1962-10-05,586.59,0.7177
1962-10-08,586.09,-0.0852
1962-10-09,587.18,0.186
1962-10-10,588.14,0.1635
1962-10-11,586.47,-0.2839
1962-10-12,586.47,0
1962-10-15,589.69,0.549
1962-10-16,589.35,-0.0577
1962-10-17,587.68,-0.2834
1962-10-18,581.15,-1.1111
1962-10-19,573.29,-1.3525
1962-10-22,568.6,-0.8181
1962-10-23,558.06,-1.8537
1962-10-24,576.68,3.3366
1962-10-25,570.86,-1.0092
1962-10-26,569.02,-0.3223
1962-10-29,579.35,1.8154
1962-10-30,588.98,1.6622
1962-10-31,589.77,0.1341
1962-11-01,597.13,1.2479
1962-11-02,604.58,1.2476
1962-11-05,610.48,0.9759
1962-11-07,615.75,0.8633
1962-11-08,609.14,-1.0735
1962-11-09,616.13,1.1475
1962-11-12,624.41,1.3439
1962-11-13,623.11,-0.2082
1962-11-14,630.48,1.1828
1962-11-15,629.14,-0.2125
1962-11-16,630.98,0.2925
1962-11-19,626.21,-0.756
1962-11-20,632.94,1.0747
1962-11-21,637.25,0.6809
1962-11-23,644.87,1.1958
1962-11-26,642.06,-0.4357
1962-11-27,648.05,0.9329
1962-11-28,651.85,0.5864
1962-11-29,652.61,0.1166
1962-11-30,649.3,-0.5072
1962-12-03,646.41,-0.4451
1962-12-04,651.48,0.7843
1962-12-05,653.99,0.3853
1962-12-06,651.73,-0.3456
1962-12-07,652.1,0.0568
1962-12-10,645.08,-1.0765
1962-12-11,645.16,0.0124
1962-12-12,647.33,0.3364
1962-12-13,645.2,-0.329
1962-12-14,648.09,0.4479
1962-12-17,645.49,-0.4012
1962-12-18,640.14,-0.8288
1962-12-19,647,1.0716
1962-12-20,648.55,0.2396
1962-12-21,646.41,-0.33
1962-12-24,647.71,0.2011
1962-12-26,651.64,0.6068
1962-12-27,650.56,-0.1657
1962-12-28,651.43,0.1337
1962-12-31,652.1,0.1029
1963-01-02,646.79,-0.8143
1963-01-03,657.42,1.6435
1963-01-04,662.23,0.7316
1963-01-07,662.14,-0.0136
1963-01-08,669.88,1.1689
1963-01-09,668,-0.2806
1963-01-10,669.51,0.226
1963-01-11,671.6,0.3122
1963-01-14,675.74,0.6164
1963-01-15,675.36,-0.0562
1963-01-16,669,-0.9417
1963-01-17,672.98,0.5949
1963-01-18,672.52,-0.0684
1963-01-21,675.24,0.4044
1963-01-22,675.53,0.0429
1963-01-23,677.58,0.3035
1963-01-24,676.99,-0.0871
1963-01-25,679.71,0.4018
1963-01-28,682.89,0.4678
1963-01-29,683.73,0.123
1963-01-30,678.58,-0.7532
1963-01-31,682.85,0.6293
1963-02-01,683.19,0.0498
1963-02-04,682.01,-0.1727
1963-02-05,681.3,-0.1041
1963-02-06,682.52,0.1791
1963-02-07,679.09,-0.5025
1963-02-08,679.92,0.1222
1963-02-11,674.74,-0.7619
1963-02-12,676.62,0.2786
1963-02-13,681.72,0.7537
1963-02-14,684.86,0.4606
1963-02-15,686.07,0.1767
1963-02-18,688.96,0.4212
1963-02-19,686.83,-0.3092
1963-02-20,682.06,-0.6945
1963-02-21,681.64,-0.0616
1963-02-25,674.61,-1.0313
1963-02-26,675.28,0.0993
1963-02-27,670.8,-0.6634
1963-02-28,662.94,-1.1717
1963-03-01,659.72,-0.4857
1963-03-04,667.04,1.1096
1963-03-05,667.16,0.018
1963-03-06,668.08,0.1379
1963-03-07,671.43,0.5014
1963-03-08,672.43,0.1489
1963-03-11,674.02,0.2365
1963-03-12,675.2,0.1751
1963-03-13,677.66,0.3643
1963-03-14,673.73,-0.5799
1963-03-15,676.33,0.3859
1963-03-18,673.56,-0.4096
1963-03-19,672.06,-0.2227
1963-03-20,677.12,0.7529
1963-03-21,675.57,-0.2289
1963-03-22,677.83,0.3345
1963-03-25,678.17,0.0502
1963-03-26,680.38,0.3259
1963-03-27,684.73,0.6393
1963-03-28,682.47,-0.3301
1963-03-29,682.52,0.0073
1963-04-01,685.86,0.4894
1963-04-02,684.27,-0.2318
1963-04-03,690.51,0.9119
1963-04-04,697.12,0.9573
1963-04-05,702.43,0.7617
1963-04-08,706.03,0.5125
1963-04-09,706.03,0
1963-04-10,704.35,-0.238
1963-04-11,708.45,0.5821
1963-04-15,711.38,0.4136
1963-04-16,710.92,-0.0647
1963-04-17,710.25,-0.0942
1963-04-18,708.16,-0.2943
1963-04-19,711.68,0.4971
1963-04-22,711.01,-0.0941
1963-04-23,714.98,0.5584
1963-04-24,717.74,0.386
1963-04-25,718.33,0.0822
1963-04-26,717.16,-0.1629
1963-04-29,715.11,-0.2858
1963-04-30,717.7,0.3622
1963-05-01,719.67,0.2745
1963-05-02,721.09,0.1973
1963-05-03,718.08,-0.4174
1963-05-06,713.77,-0.6002
1963-05-07,712.55,-0.1709
1963-05-08,718.54,0.8406
1963-05-09,721.97,0.4774
1963-05-10,723.3,0.1842
1963-05-13,723.01,-0.0401
1963-05-14,719.84,-0.4384
1963-05-15,724.34,0.6251
1963-05-16,722.84,-0.2071
1963-05-17,724.81,0.2725
1963-05-20,720.18,-0.6388
1963-05-21,724.04,0.536
1963-05-22,722.84,-0.1657
1963-05-23,721.38,-0.202
1963-05-24,720.53,-0.1178
1963-05-27,718.25,-0.3164
1963-05-28,717.95,-0.0418
1963-05-29,722.5,0.6337
1963-05-31,726.96,0.6173
1963-06-03,726.27,-0.0949
1963-06-04,726.49,0.0303
1963-06-05,725.93,-0.0771
1963-06-06,726.87,0.1295
1963-06-07,722.41,-0.6136
1963-06-10,716.49,-0.8195
1963-06-11,718.38,0.2638
1963-06-12,723.36,0.6932
1963-06-13,721.43,-0.2668
1963-06-14,722.03,0.0832
1963-06-17,718.21,-0.5291
1963-06-18,718.9,0.0961
1963-06-19,719.84,0.1308
1963-06-20,718.85,-0.1375
1963-06-21,720.78,0.2685
1963-06-24,718.42,-0.3274
1963-06-25,716.32,-0.2923
1963-06-26,708.99,-1.0233
1963-06-27,706.03,-0.4175
1963-06-28,706.88,0.1204
1963-07-01,701.35,-0.7823
1963-07-02,708.94,1.0822
1963-07-03,713.36,0.6235
1963-07-05,716.45,0.4332
1963-07-08,710.66,-0.8082
1963-07-09,714.09,0.4826
1963-07-10,712.12,-0.2759
1963-07-11,709.76,-0.3314
1963-07-12,707.7,-0.2902
1963-07-15,703.28,-0.6246
1963-07-16,702.12,-0.1649
1963-07-17,699.72,-0.3418
1963-07-18,695.9,-0.5459
1963-07-19,693.89,-0.2888
1963-07-22,688.74,-0.7422
1963-07-23,687.84,-0.1307
1963-07-24,690.88,0.442
1963-07-25,687.71,-0.4588
1963-07-26,689.38,0.2428
1963-07-29,690.71,0.1929
1963-07-30,696.42,0.8267
1963-07-31,695.43,-0.1422
1963-08-01,694.87,-0.0805
1963-08-02,697.83,0.426
1963-08-05,702.55,0.6764
1963-08-06,707.06,0.6419
1963-08-07,703.92,-0.4441
1963-08-08,704.18,0.0369
1963-08-09,708.39,0.5979
1963-08-12,710.27,0.2654
1963-08-13,711.13,0.1211
1963-08-14,714.95,0.5372
1963-08-15,718.55,0.5035
1963-08-16,719.32,0.1072
1963-08-19,718.81,-0.0709
1963-08-20,717.27,-0.2142
1963-08-21,715.72,-0.2161
1963-08-22,718.47,0.3842
1963-08-23,723.14,0.65
1963-08-26,724.17,0.1424
1963-08-27,719.88,-0.5924
1963-08-28,725.07,0.721
1963-08-29,726.4,0.1834
1963-08-30,729.32,0.402
1963-09-03,732.02,0.3702
1963-09-04,732.92,0.1229
1963-09-05,737.98,0.6904
1963-09-06,735.37,-0.3537
1963-09-09,732.92,-0.3332
1963-09-10,737.43,0.6153
1963-09-11,740.34,0.3946
1963-09-12,740.26,-0.0108
1963-09-13,740.13,-0.0176
1963-09-16,738.46,-0.2256
1963-09-17,740.13,0.2261
1963-09-18,737.86,-0.3067
1963-09-19,743.22,0.7264
1963-09-20,743.6,0.0511
1963-09-23,740.43,-0.4263
1963-09-24,745.96,0.7469
1963-09-25,743.69,-0.3043
1963-09-26,736.95,-0.9063
1963-09-27,737.98,0.1398
1963-09-30,732.79,-0.7033
1963-10-01,738.33,0.756
1963-10-02,737.94,-0.0528
1963-10-03,744.25,0.8551
1963-10-04,745.06,0.1088
1963-10-07,743.86,-0.1611
1963-10-08,743.9,0.0054
1963-10-09,739.83,-0.5471
1963-10-10,740.56,0.0987
1963-10-11,741.76,0.162
1963-10-14,741.84,0.0108
1963-10-15,742.19,0.0472
1963-10-16,748.45,0.8434
1963-10-17,750.77,0.31
1963-10-18,750.6,-0.0226
1963-10-21,752.31,0.2278
1963-10-22,747.21,-0.6779
1963-10-23,746.48,-0.0977
1963-10-24,751.8,0.7127
1963-10-25,755.61,0.5068
1963-10-28,759.39,0.5003
1963-10-29,760.5,0.1462
1963-10-30,755.19,-0.6982
1963-10-31,755.23,0.0053
1963-11-01,753.73,-0.1986
1963-11-04,749.22,-0.5984
1963-11-06,744.03,-0.6927
1963-11-07,745.66,0.2191
1963-11-08,750.81,0.6907
1963-11-11,753.77,0.3942
1963-11-12,750.21,-0.4723
1963-11-13,751.11,0.12
1963-11-14,747.04,-0.5419
1963-11-15,740,-0.9424
1963-11-18,734.85,-0.6959
1963-11-19,736.65,0.2449
1963-11-20,742.06,0.7344
1963-11-21,732.65,-1.2681
1963-11-22,711.49,-2.8881
1963-11-26,743.52,4.5018
1963-11-27,741,-0.3389
1963-11-29,750.52,1.2848
1963-12-02,751.91,0.1852
1963-12-03,751.82,-0.012
1963-12-04,755.51,0.4908
1963-12-05,763.86,1.1052
1963-12-06,760.25,-0.4726
1963-12-09,759.08,-0.1539
1963-12-10,759.25,0.0224
1963-12-11,757.21,-0.2687
1963-12-12,757.43,0.0291
1963-12-13,760.17,0.3617
1963-12-16,761.64,0.1934
1963-12-17,766.38,0.6223
1963-12-18,767.21,0.1083
1963-12-19,763.86,-0.4366
1963-12-20,762.08,-0.233
1963-12-23,758.3,-0.496
1963-12-24,756.86,-0.1899
1963-12-26,760.21,0.4426
1963-12-27,762.95,0.3604
1963-12-30,759.9,-0.3998
1963-12-31,762.95,0.4014
1964-01-02,766.08,0.4102
1964-01-03,767.68,0.2089
1964-01-06,769.51,0.2384
1964-01-07,771.73,0.2885
1964-01-08,774.46,0.3538
1964-01-09,776.55,0.2699
1964-01-10,774.33,-0.2859
1964-01-13,773.12,-0.1563
1964-01-14,774.49,0.1772
1964-01-15,774.71,0.0284
1964-01-16,776.13,0.1833
1964-01-17,775.69,-0.0567
1964-01-20,773.03,-0.3429
1964-01-21,776.44,0.4411
1964-01-22,781.31,0.6272
1964-01-23,782.86,0.1984
1964-01-24,783.04,0.023
1964-01-27,785.34,0.2937
1964-01-28,787.78,0.3107
1964-01-29,782.6,-0.6575
1964-01-30,783.44,0.1073
1964-01-31,785.34,0.2425
1964-02-03,784.72,-0.0789
1964-02-04,783.3,-0.181
1964-02-05,783.04,-0.0332
1964-02-06,786.41,0.4304
1964-02-07,791.59,0.6587
1964-02-10,788.71,-0.3638
1964-02-11,792.16,0.4374
1964-02-12,794.82,0.3358
1964-02-13,794.42,-0.0503
1964-02-14,794.56,0.0176
1964-02-17,796.19,0.2051
1964-02-18,795.4,-0.0992
1964-02-19,794.91,-0.0616
1964-02-20,796.99,0.2617
1964-02-24,797.12,0.0163
1964-02-25,796.59,-0.0665
1964-02-26,799.38,0.3502
1964-02-27,797.04,-0.2927
1964-02-28,800.14,0.3889
1964-03-02,802.75,0.3262
1964-03-03,805.72,0.37
1964-03-04,804.7,-0.1266
1964-03-05,803.77,-0.1156
1964-03-06,806.03,0.2812
1964-03-09,807.18,0.1427
1964-03-10,809.39,0.2738
1964-03-11,813.87,0.5535
1964-03-12,814.22,0.043
1964-03-13,816.22,0.2456
1964-03-16,816.48,0.0319
1964-03-17,818.16,0.2058
1964-03-18,820.25,0.2555
1964-03-19,819.36,-0.1085
1964-03-20,814.93,-0.5407
1964-03-23,813.6,-0.1632
1964-03-24,811.43,-0.2667
1964-03-25,813.16,0.2132
1964-03-26,815.91,0.3382
1964-03-30,815.29,-0.076
1964-03-31,813.29,-0.2453
1964-04-01,816.08,0.3431
1964-04-02,820.87,0.587
1964-04-03,822.99,0.2583
1964-04-06,824.76,0.2151
1964-04-07,822.77,-0.2413
1964-04-08,824.19,0.1726
1964-04-09,821.35,-0.3446
1964-04-10,821.75,0.0487
1964-04-13,821.31,-0.0535
1964-04-14,822.95,0.1997
1964-04-15,825.43,0.3014
1964-04-16,825.65,0.0267
1964-04-17,827.33,0.2035
1964-04-20,824.54,-0.3372
1964-04-21,826.45,0.2316
1964-04-22,823.57,-0.3485
1964-04-23,821.66,-0.2319
1964-04-24,814.89,-0.8239
1964-04-27,811.87,-0.3706
1964-04-28,816.7,0.5949
1964-04-29,812.81,-0.4763
1964-04-30,810.77,-0.251
1964-05-01,817.1,0.7807
1964-05-04,823.83,0.8236
1964-05-05,826.63,0.3399
1964-05-06,828.18,0.1875
1964-05-07,830.17,0.2403
1964-05-08,828.57,-0.1927
1964-05-11,827.07,-0.181
1964-05-12,827.38,0.0375
1964-05-13,825.78,-0.1934
1964-05-14,824.45,-0.1611
1964-05-15,826.23,0.2159
1964-05-18,821.31,-0.5955
1964-05-19,817.28,-0.4907
1964-05-20,820.11,0.3463
1964-05-21,819.8,-0.0378
1964-05-22,820.87,0.1305
1964-05-25,820.25,-0.0755
1964-05-26,818.92,-0.1621
1964-05-27,817.94,-0.1197
1964-05-28,820.56,0.3203
1964-06-01,818.56,-0.2437
1964-06-02,813.78,-0.584
1964-06-03,811.79,-0.2445
1964-06-04,802.48,-1.1468
1964-06-05,806.03,0.4424
1964-06-08,800.31,-0.7097
1964-06-09,805.54,0.6535
1964-06-10,807.53,0.247
1964-06-11,811.25,0.4607
1964-06-12,809.39,-0.2293
1964-06-15,813.56,0.5152
1964-06-16,818.16,0.5654
1964-06-17,823.35,0.6344
1964-06-18,823.98,0.0765
1964-06-19,825.25,0.1541
1964-06-22,826.38,0.1369
1964-06-23,822.7,-0.4453
1964-06-24,827.01,0.5239
1964-06-25,827.48,0.0568
1964-06-26,830.99,0.4242
1964-06-29,830.94,-0.006
1964-06-30,831.5,0.0674
1964-07-01,838.06,0.7889
1964-07-02,841.47,0.4069
1964-07-06,844.24,0.3292
1964-07-07,844.94,0.0829
1964-07-08,845.45,0.0604
1964-07-09,845.13,-0.0378
1964-07-10,847.51,0.2816
1964-07-13,845.55,-0.2313
1964-07-14,843.63,-0.2271
1964-07-15,844.8,0.1387
1964-07-16,847.47,0.3161
1964-07-17,851.35,0.4578
1964-07-20,849.39,-0.2302
1964-07-21,846.95,-0.2873
1964-07-22,847.65,0.0826
1964-07-23,846.48,-0.138
1964-07-24,845.64,-0.0992
1964-07-27,841.05,-0.5428
1964-07-28,837.35,-0.4399
1964-07-29,838.67,0.1576
1964-07-30,839.37,0.0835
1964-07-31,841.1,0.2061
1964-08-03,840.35,-0.0892
1964-08-04,832.77,-0.902
1964-08-05,833.05,0.0336
1964-08-06,823.4,-1.1584
1964-08-07,829.16,0.6995
1964-08-10,829.35,0.0229
1964-08-11,828.08,-0.1531
1964-08-12,834.08,0.7246
1964-08-13,838.52,0.5323
1964-08-14,838.81,0.0346
1964-08-17,840.21,0.1669
1964-08-18,842.83,0.3118
1964-08-19,841.76,-0.127
1964-08-20,838.71,-0.3623
1964-08-21,838.62,-0.0107
1964-08-24,837.31,-0.1562
1964-08-25,832.2,-0.6103
1964-08-26,829.21,-0.3593
1964-08-27,835.25,0.7284
1964-08-28,839.09,0.4597
1964-08-31,838.48,-0.0727
1964-09-01,844,0.6583
1964-09-02,845.08,0.128
1964-09-03,846.02,0.1112
1964-09-04,848.31,0.2707
1964-09-08,851.91,0.4244
1964-09-09,855.57,0.4296
1964-09-10,859.5,0.4593
1964-09-11,867.13,0.8877
1964-09-14,866.24,-0.1026
1964-09-15,862.54,-0.4271
1964-09-16,864.18,0.1901
1964-09-17,868.67,0.5196
1964-09-18,865.12,-0.4087
1964-09-21,871.58,0.7467
1964-09-22,872.47,0.1021
1964-09-23,871.95,-0.0596
1964-09-24,872.98,0.1181
1964-09-25,874.71,0.1982
1964-09-28,875.46,0.0857
1964-09-29,875.74,0.032
1964-09-30,875.37,-0.0422
1964-10-01,872,-0.385
1964-10-02,872.65,0.0745
1964-10-05,877.15,0.5157
1964-10-06,875.14,-0.2292
1964-10-07,873.78,-0.1554
1964-10-08,874.9,0.1282
1964-10-09,878.08,0.3635
1964-10-12,877.57,-0.0581
1964-10-13,876.21,-0.155
1964-10-14,875.18,-0.1176
1964-10-15,868.44,-0.7701
1964-10-16,873.54,0.5873
1964-10-19,876.21,0.3057
1964-10-20,881.5,0.6037
1964-10-21,879.72,-0.2019
1964-10-22,877.01,-0.3081
1964-10-23,877.62,0.0696
1964-10-26,877.01,-0.0695
1964-10-27,875.98,-0.1174
1964-10-28,871.16,-0.5502
1964-10-29,871.86,0.0804
1964-10-30,873.08,0.1399
1964-11-02,875.51,0.2783
1964-11-04,873.82,-0.193
1964-11-05,873.54,-0.032
1964-11-06,876.87,0.3812
1964-11-09,874.57,-0.2623
1964-11-10,870.64,-0.4494
1964-11-11,873.59,0.3388
1964-11-12,874.62,0.1179
1964-11-13,874.11,-0.0583
1964-11-16,880.1,0.6853
1964-11-17,885.39,0.6011
1964-11-18,891.71,0.7138
1964-11-19,888.71,-0.3364
1964-11-20,890.72,0.2262
1964-11-23,889.29,-0.1605
1964-11-24,887.61,-0.1889
1964-11-25,882.4,-0.587
1964-11-27,882.12,-0.0317
1964-11-30,875.43,-0.7584
1964-12-01,864.43,-1.2565
1964-12-02,867.16,0.3158
1964-12-03,870.79,0.4186
1964-12-04,870.93,0.0161
1964-12-07,873.99,0.3513
1964-12-08,870.69,-0.3776
1964-12-09,863.81,-0.7902
1964-12-10,863.14,-0.0776
1964-12-11,864.34,0.139
1964-12-14,860.65,-0.4269
1964-12-15,857.45,-0.3718
1964-12-16,860.08,0.3067
1964-12-17,863.57,0.4058
1964-12-18,868.73,0.5975
1964-12-21,869.74,0.1163
1964-12-22,870.36,0.0713
1964-12-23,868.02,-0.2689
1964-12-24,868.16,0.0161
1964-12-28,867.01,-0.1325
1964-12-29,862.18,-0.5571
1964-12-30,868.69,0.7551
1964-12-31,874.13,0.6262
1965-01-04,869.78,-0.4976
1965-01-05,875.86,0.699
1965-01-06,879.68,0.4361
1965-01-07,884.36,0.532
1965-01-08,882.6,-0.199
1965-01-11,883.22,0.0702
1965-01-12,885.89,0.3023
1965-01-13,886.85,0.1084
1965-01-14,887.18,0.0372
1965-01-15,891.15,0.4475
1965-01-18,895.21,0.4556
1965-01-19,896.27,0.1184
1965-01-20,895.31,-0.1071
1965-01-21,893.26,-0.229
1965-01-22,893.59,0.0369
1965-01-25,896.46,0.3212
1965-01-26,897.84,0.1539
1965-01-27,899.52,0.1871
1965-01-28,900.95,0.159
1965-01-29,902.86,0.212
1965-02-01,903.68,0.0908
1965-02-02,903.77,0.01
1965-02-03,906.3,0.2799
1965-02-04,904.06,-0.2472
1965-02-05,901.57,-0.2754
1965-02-08,897.89,-0.4082
1965-02-09,901.24,0.3731
1965-02-10,892.92,-0.9232
1965-02-11,881.88,-1.2364
1965-02-12,888.47,0.7473
1965-02-15,885.32,-0.3545
1965-02-16,881.35,-0.4484
1965-02-17,882.93,0.1793
1965-02-18,883.69,0.0861
1965-02-19,885.61,0.2173
1965-02-23,891.96,0.717
1965-02-24,897.84,0.6592
1965-02-25,899.9,0.2294
1965-02-26,903.48,0.3978
1965-03-01,899.76,-0.4117
1965-03-02,901.91,0.239
1965-03-03,900.76,-0.1275
1965-03-04,897.75,-0.3342
1965-03-05,895.98,-0.1972
1965-03-08,896.84,0.096
1965-03-09,894.07,-0.3089
1965-03-10,892.39,-0.1879
1965-03-11,896.51,0.4617
1965-03-12,900.33,0.4261
1965-03-15,899.85,-0.0533
1965-03-16,898.9,-0.1056
1965-03-17,899.37,0.0523
1965-03-18,896.55,-0.3136
1965-03-19,895.79,-0.0848
1965-03-22,896.12,0.0368
1965-03-23,898.69,0.2868
1965-03-24,900.56,0.2081
1965-03-25,898.34,-0.2465
1965-03-26,891.66,-0.7436
1965-03-29,887.82,-0.4307
1965-03-30,889.05,0.1385
1965-03-31,889.05,0
1965-04-01,890.33,0.144
1965-04-02,893.38,0.3426
1965-04-05,893.23,-0.0168
1965-04-06,891.9,-0.1489
1965-04-07,892.94,0.1166
1965-04-08,897.9,0.5555
1965-04-09,901.29,0.3775
1965-04-12,906.36,0.5625
1965-04-13,908.01,0.182
1965-04-14,912.86,0.5341
1965-04-15,911.91,-0.1041
1965-04-19,912.76,0.0932
1965-04-20,911.96,-0.0876
1965-04-21,910.71,-0.1371
1965-04-22,915.06,0.4776
1965-04-23,916.41,0.1475
1965-04-26,916.86,0.0491
1965-04-27,918.16,0.1418
1965-04-28,918.86,0.0762
1965-04-29,918.71,-0.0163
1965-04-30,922.31,0.3919
1965-05-03,922.11,-0.0217
1965-05-04,928.22,0.6626
1965-05-05,932.22,0.4309
1965-05-06,933.52,0.1395
1965-05-07,932.52,-0.1071
1965-05-10,931.47,-0.1126
1965-05-11,930.92,-0.059
1965-05-12,934.17,0.3491
1965-05-13,938.87,0.5031
1965-05-14,939.62,0.0799
1965-05-17,930.67,-0.9525
1965-05-18,930.62,-0.0054
1965-05-19,932.12,0.1612
1965-05-20,927.27,-0.5203
1965-05-21,922.01,-0.5673
1965-05-24,914.21,-0.846
1965-05-25,921,0.7427
1965-05-26,917.16,-0.4169
1965-05-27,913.22,-0.4296
1965-05-28,918.04,0.5278
1965-06-01,908.53,-1.0359
1965-06-02,904.06,-0.492
1965-06-03,899.22,-0.5354
1965-06-04,900.87,0.1835
1965-06-07,902.15,0.1421
1965-06-08,889.05,-1.4521
1965-06-09,879.84,-1.0359
1965-06-10,876.49,-0.3808
1965-06-11,881.7,0.5944
1965-06-14,868.71,-1.4733
1965-06-15,874.57,0.6746
1965-06-16,878.07,0.4002
1965-06-17,883.06,0.5683
1965-06-18,879.17,-0.4405
1965-06-21,874.12,-0.5744
1965-06-22,875.43,0.1499
1965-06-23,870.22,-0.5951
1965-06-24,857.76,-1.4318
1965-06-25,854.36,-0.3964
1965-06-28,840.59,-1.6117
1965-06-29,851.4,1.286
1965-06-30,868.03,1.9533
1965-07-01,871.59,0.4101
1965-07-02,875.16,0.4096
1965-07-06,873.18,-0.2262
1965-07-07,870.77,-0.276
1965-07-08,877.85,0.8131
1965-07-09,879.49,0.1868
1965-07-12,877.96,-0.174
1965-07-13,876.97,-0.1128
1965-07-14,883.23,0.7138
1965-07-15,880.98,-0.2547
1965-07-16,880.43,-0.0624
1965-07-19,880.26,-0.0193
1965-07-20,868.79,-1.303
1965-07-21,865.01,-0.4351
1965-07-22,861.77,-0.3746
1965-07-23,863.97,0.2553
1965-07-26,867.26,0.3808
1965-07-27,863.53,-0.4301
1965-07-28,867.92,0.5084
1965-07-29,874.23,0.727
1965-07-30,881.74,0.859
1965-08-02,881.85,0.0125
1965-08-03,881.2,-0.0737
1965-08-04,883.88,0.3041
1965-08-05,881.63,-0.2546
1965-08-06,882.51,0.0998
1965-08-09,879.77,-0.3105
1965-08-10,878.89,-0.1
1965-08-11,881.47,0.2936
1965-08-12,881.96,0.0556
1965-08-13,888.82,0.7778
1965-08-16,891.13,0.2599
1965-08-17,894.26,0.3512
1965-08-18,894.37,0.0123
1965-08-19,891.79,-0.2885
1965-08-20,889.92,-0.2097
1965-08-23,887.07,-0.3203
1965-08-24,887.12,0.0056
1965-08-25,890.85,0.4205
1965-08-26,896.18,0.5983
1965-08-27,895.96,-0.0245
1965-08-30,895.63,-0.0368
1965-08-31,893.1,-0.2825
1965-09-01,893.6,0.056
1965-09-02,900.4,0.761
1965-09-03,907.97,0.8407
1965-09-07,910.11,0.2357
1965-09-08,913.68,0.3923
1965-09-09,917.47,0.4148
1965-09-10,918.95,0.1613
1965-09-13,920.92,0.2144
1965-09-14,916.59,-0.4702
1965-09-15,922.95,0.6939
1965-09-16,931.18,0.8917
1965-09-17,928.99,-0.2352
1965-09-20,931.18,0.2357
1965-09-21,926.52,-0.5004
1965-09-22,931.62,0.5504
1965-09-23,927.45,-0.4476
1965-09-24,929.54,0.2253
1965-09-27,937.88,0.8972
1965-09-28,935.85,-0.2164
1965-09-29,932.39,-0.3697
1965-09-30,930.58,-0.1941
1965-10-01,929.65,-0.0999
1965-10-04,930.86,0.1302
1965-10-05,938.7,0.8422
1965-10-06,936.84,-0.1981
1965-10-07,934.42,-0.2583
1965-10-08,938.32,0.4174
1965-10-11,942.65,0.4615
1965-10-12,941.12,-0.1623
1965-10-13,941.01,-0.0117
1965-10-14,937.5,-0.373
1965-10-15,940.68,0.3392
1965-10-18,945.84,0.5485
1965-10-19,947.76,0.203
1965-10-20,948.47,0.0749
1965-10-21,950.28,0.1908
1965-10-22,952.42,0.2252
1965-10-25,948.14,-0.4494
1965-10-26,956.23,0.8532
1965-10-27,959.5,0.342
1965-10-28,959.11,-0.0406
1965-10-29,960.82,0.1783
1965-11-01,958.96,-0.1936
1965-11-03,961.13,0.2263
1965-11-04,961.85,0.0749
1965-11-05,959.46,-0.2485
1965-11-08,953.95,-0.5743
1965-11-09,951.72,-0.2338
1965-11-10,951.22,-0.0525
1965-11-11,953.28,0.2166
1965-11-12,956.29,0.3158
1965-11-15,955.9,-0.0408
1965-11-16,956.51,0.0638
1965-11-17,956.57,0.0063
1965-11-18,950.5,-0.6346
1965-11-19,952.72,0.2336
1965-11-22,946.38,-0.6655
1965-11-23,948.94,0.2705
1965-11-24,948.94,0
1965-11-26,948.16,-0.0822
1965-11-29,946.93,-0.1297
1965-11-30,946.71,-0.0232
1965-12-01,947.6,0.094
1965-12-02,944.59,-0.3176
1965-12-03,946.1,0.1599
1965-12-06,939.53,-0.6944
1965-12-07,951.33,1.2559
1965-12-08,946.6,-0.4972
1965-12-09,949.55,0.3116
1965-12-10,952.72,0.3338
1965-12-13,951.55,-0.1228
1965-12-14,954.06,0.2638
1965-12-15,958.74,0.4905
1965-12-16,959.13,0.0407
1965-12-17,957.85,-0.1335
1965-12-20,952.22,-0.5878
1965-12-21,959.46,0.7603
1965-12-22,965.86,0.667
1965-12-23,966.36,0.0518
1965-12-27,959.79,-0.6799
1965-12-28,957.96,-0.1907
1965-12-29,960.3,0.2443
1965-12-30,963.69,0.353
1965-12-31,969.26,0.578
1966-01-03,968.54,-0.0743
1966-01-04,969.26,0.0743
1966-01-05,981.62,1.2752
1966-01-06,985.46,0.3912
1966-01-07,986.13,0.068
1966-01-10,985.41,-0.073
1966-01-11,986.85,0.1461
1966-01-12,983.96,-0.2929
1966-01-13,985.69,0.1758
1966-01-14,987.3,0.1633
1966-01-17,989.75,0.2482
1966-01-18,994.2,0.4496
1966-01-19,991.14,-0.3078
1966-01-20,987.8,-0.337
1966-01-21,988.14,0.0344
1966-01-24,991.42,0.3319
1966-01-25,991.64,0.0222
1966-01-26,990.92,-0.0726
1966-01-27,990.36,-0.0565
1966-01-28,985.35,-0.5059
1966-01-31,983.51,-0.1867
1966-02-01,975.89,-0.7748
1966-02-02,982.29,0.6558
1966-02-03,981.23,-0.1079
1966-02-04,986.35,0.5218
1966-02-07,989.69,0.3386
1966-02-08,991.03,0.1354
1966-02-09,995.15,0.4157
1966-02-10,990.81,-0.4361
1966-02-11,989.03,-0.1797
1966-02-14,987.69,-0.1355
1966-02-15,981.57,-0.6196
1966-02-16,982.4,0.0846
1966-02-17,975.27,-0.7258
1966-02-18,975.22,-0.0051
1966-02-21,966.48,-0.8962
1966-02-23,960.13,-0.657
1966-02-24,950.66,-0.9863
1966-02-25,953,0.2461
1966-02-28,951.89,-0.1165
1966-03-01,938.19,-1.4392
1966-03-02,932.01,-0.6587
1966-03-03,936.35,0.4657
1966-03-04,932.34,-0.4283
1966-03-07,917.76,-1.5638
1966-03-08,919.98,0.2419
1966-03-09,929.84,1.0718
1966-03-10,929.23,-0.0656
1966-03-11,927.95,-0.1377
1966-03-14,917.09,-1.1703
1966-03-15,911.08,-0.6553
1966-03-16,916.03,0.5433
1966-03-17,919.32,0.3592
1966-03-18,922.88,0.3872
1966-03-21,929.17,0.6816
1966-03-22,934.52,0.5758
1966-03-23,929,-0.5907
1966-03-24,928.61,-0.042
1966-03-25,929.95,0.1443
1966-03-28,932.62,0.2871
1966-03-29,929.39,-0.3463
1966-03-30,919.76,-1.0362
1966-03-31,924.77,0.5447
1966-04-01,931.29,0.705
1966-04-04,937.86,0.7055
1966-04-05,944.71,0.7304
1966-04-06,945.26,0.0582
1966-04-07,945.76,0.0529
1966-04-11,942.42,-0.3532
1966-04-12,937.24,-0.5496
1966-04-13,938.36,0.1195
1966-04-14,945.48,0.7588
1966-04-15,947.77,0.2422
1966-04-18,941.98,-0.6109
1966-04-19,941.64,-0.0361
1966-04-20,951.28,1.0237
1966-04-21,954.73,0.3627
1966-04-22,949.83,-0.5132
1966-04-25,950.55,0.0758
1966-04-26,947.21,-0.3514
1966-04-27,944.54,-0.2819
1966-04-28,937.41,-0.7549
1966-04-29,933.68,-0.3979
1966-05-02,931.95,-0.1853
1966-05-03,921.77,-1.0923
1966-05-04,914.86,-0.7496
1966-05-05,899.77,-1.6494
1966-05-06,902.83,0.3401
1966-05-09,886.8,-1.7755
1966-05-10,895.48,0.9788
1966-05-11,895.43,-0.0056
1966-05-12,885.57,-1.1011
1966-05-13,876.11,-1.0682
1966-05-16,867.53,-0.9793
1966-05-17,864.14,-0.3908
1966-05-18,878.5,1.6618
1966-05-19,872.99,-0.6272
1966-05-20,876.89,0.4467
1966-05-23,882.46,0.6352
1966-05-24,888.41,0.6743
1966-05-25,890.42,0.2262
1966-05-26,891.75,0.1494
1966-05-27,897.04,0.5932
1966-05-31,884.07,-1.4459
1966-06-01,883.63,-0.0498
1966-06-02,882.73,-0.1019
1966-06-03,887.86,0.5812
1966-06-06,881.68,-0.6961
1966-06-07,877.33,-0.4934
1966-06-08,879.34,0.2291
1966-06-09,882.62,0.373
1966-06-10,891.75,1.0344
1966-06-13,897.6,0.656
1966-06-14,903.17,0.6205
1966-06-15,901.11,-0.2281
1966-06-16,897.16,-0.4383
1966-06-17,894.26,-0.3232
1966-06-20,892.76,-0.1677
1966-06-21,894.98,0.2487
1966-06-22,901,0.6726
1966-06-23,896.43,-0.5072
1966-06-24,897.16,0.0814
1966-06-27,888.97,-0.9129
1966-06-28,880.9,-0.9078
1966-06-29,871.6,-1.0557
1966-06-30,870.1,-0.1721
1966-07-01,877.06,0.7999
1966-07-05,875.27,-0.2041
1966-07-06,888.86,1.5527
1966-07-07,891.64,0.3128
1966-07-08,894.04,0.2692
1966-07-11,893.09,-0.1063
1966-07-12,886.19,-0.7726
1966-07-13,881.4,-0.5405
1966-07-14,887.8,0.7261
1966-07-15,889.36,0.1757
1966-07-18,888.41,-0.1068
1966-07-19,884.07,-0.4885
1966-07-20,874.49,-1.0836
1966-07-21,873.99,-0.0572
1966-07-22,869.15,-0.5538
1966-07-25,852.83,-1.8777
1966-07-26,852.17,-0.0774
1966-07-27,856.23,0.4764
1966-07-28,854.06,-0.2534
1966-07-29,847.38,-0.7821
1966-08-01,835.18,-1.4397
1966-08-02,832.57,-0.3125
1966-08-03,841.7,1.0966
1966-08-04,851.5,1.1643
1966-08-05,852.39,0.1045
1966-08-08,849.05,-0.3918
1966-08-09,844.82,-0.4982
1966-08-10,838.53,-0.7445
1966-08-11,837.91,-0.0739
1966-08-12,840.53,0.3127
1966-08-15,834.85,-0.6758
1966-08-16,823.83,-1.32
1966-08-17,819.59,-0.5147
1966-08-18,810.74,-1.0798
1966-08-19,804.62,-0.7549
1966-08-22,792.03,-1.5647
1966-08-23,790.14,-0.2386
1966-08-24,799.55,1.1909
1966-08-25,792.37,-0.898
1966-08-26,780.56,-1.4905
1966-08-29,767.03,-1.7334
1966-08-30,775.72,1.1329
1966-08-31,788.41,1.6359
1966-09-01,792.09,0.4668
1966-09-02,787.69,-0.5555
1966-09-06,782.34,-0.6792
1966-09-07,777.39,-0.6327
1966-09-08,774.88,-0.3229
1966-09-09,775.55,0.0865
1966-09-12,790.59,1.9393
1966-09-13,795.48,0.6185
1966-09-14,806.23,1.3514
1966-09-15,814.3,1.001
1966-09-16,814.3,0
1966-09-19,810.85,-0.4237
1966-09-20,806.01,-0.5969
1966-09-21,793.59,-1.5409
1966-09-22,797.77,0.5267
1966-09-23,790.97,-0.8524
1966-09-26,792.7,0.2187
1966-09-27,794.09,0.1754
1966-09-28,780.95,-1.6547
1966-09-29,772.66,-1.0615
1966-09-30,774.22,0.2019
1966-10-03,757.96,-2.1002
1966-10-04,763.19,0.69
1966-10-05,755.45,-1.0142
1966-10-06,749.61,-0.773
1966-10-07,744.32,-0.7057
1966-10-10,754.51,1.369
1966-10-11,758.63,0.546
1966-10-12,778.17,2.5757
1966-10-13,772.93,-0.6734
1966-10-14,771.71,-0.1578
1966-10-17,778.89,0.9304
1966-10-18,791.87,1.6665
1966-10-19,785.35,-0.8234
1966-10-20,783.68,-0.2126
1966-10-21,787.3,0.4619
1966-10-24,787.75,0.0572
1966-10-25,793.09,0.6779
1966-10-26,801.11,1.0112
1966-10-27,809.57,1.056
1966-10-28,807.96,-0.1989
1966-10-31,807.07,-0.1102
1966-11-01,809.63,0.3172
1966-11-02,807.29,-0.289
1966-11-03,804.34,-0.3654
1966-11-04,805.06,0.0895
1966-11-07,802.22,-0.3528
1966-11-09,809.91,0.9586
1966-11-10,816.87,0.8594
1966-11-11,819.09,0.2718
1966-11-14,813.75,-0.6519
1966-11-15,815.31,0.1917
1966-11-16,820.87,0.6819
1966-11-17,816.03,-0.5896
1966-11-18,809.4,-0.8125
1966-11-21,798.16,-1.3887
1966-11-22,794.98,-0.3984
1966-11-23,796.82,0.2315
1966-11-25,803.34,0.8183
1966-11-28,801.16,-0.2714
1966-11-29,795.26,-0.7364
1966-11-30,791.59,-0.4615
1966-12-01,789.75,-0.2324
1966-12-02,789.47,-0.0355
1966-12-05,791.59,0.2685
1966-12-06,797.43,0.7378
1966-12-07,808.01,1.3268
1966-12-08,812.8,0.5928
1966-12-09,813.02,0.0271
1966-12-12,820.54,0.9249
1966-12-13,816.7,-0.468
1966-12-14,817.98,0.1567
1966-12-15,809.18,-1.0758
1966-12-16,807.18,-0.2472
1966-12-19,798.99,-1.0146
1966-12-20,794.59,-0.5507
1966-12-21,797.43,0.3574
1966-12-22,801.67,0.5317
1966-12-23,799.1,-0.3206
1966-12-27,792.2,-0.8635
1966-12-28,788.58,-0.457
1966-12-29,786.35,-0.2828
1966-12-30,785.69,-0.0839
1967-01-03,786.41,0.0916
1967-01-04,791.14,0.6015
1967-01-05,805.51,1.8164
1967-01-06,808.74,0.401
1967-01-09,813.47,0.5849
1967-01-10,814.14,0.0824
1967-01-11,822.49,1.0256
1967-01-12,829.95,0.907
1967-01-13,835.13,0.6241
1967-01-16,833.24,-0.2263
1967-01-17,843.65,1.2493
1967-01-18,847.49,0.4552
1967-01-19,846.44,-0.1239
1967-01-20,847.16,0.0851
1967-01-23,847.72,0.0661
1967-01-24,847.72,0
1967-01-25,840.59,-0.8411
1967-01-26,838.7,-0.2248
1967-01-27,844.04,0.6367
1967-01-30,848.11,0.4822
1967-01-31,849.89,0.2099
1967-02-01,848.39,-0.1765
1967-02-02,853.12,0.5575
1967-02-03,857.46,0.5087
1967-02-06,855.12,-0.2729
1967-02-07,852.51,-0.3052
1967-02-08,860.97,0.9924
1967-02-09,857.52,-0.4007
1967-02-10,855.73,-0.2087
1967-02-13,853.34,-0.2793
1967-02-14,856.9,0.4172
1967-02-15,855.79,-0.1295
1967-02-16,851.56,-0.4943
1967-02-17,850.84,-0.0846
1967-02-20,847.88,-0.3479
1967-02-21,844.1,-0.4458
1967-02-23,846.77,0.3163
1967-02-24,847.33,0.0661
1967-02-27,836.64,-1.2616
1967-02-28,839.37,0.3263
1967-03-01,843.49,0.4908
1967-03-02,846.71,0.3817
1967-03-03,846.6,-0.013
1967-03-06,842.2,-0.5197
1967-03-07,841.76,-0.0522
1967-03-08,843.32,0.1853
1967-03-09,844.15,0.0984
1967-03-10,848.5,0.5153
1967-03-13,844.82,-0.4337
1967-03-14,844.27,-0.0651
1967-03-15,854.06,1.1596
1967-03-16,868.49,1.6896
1967-03-17,869.77,0.1474
1967-03-20,870.43,0.0759
1967-03-21,866.59,-0.4412
1967-03-22,870.55,0.457
1967-03-23,876.67,0.703
1967-03-27,873.72,-0.3365
1967-03-28,875.28,0.1785
1967-03-29,871.1,-0.4776
1967-03-30,869.99,-0.1274
1967-03-31,865.98,-0.4609
1967-04-03,859.97,-0.694
1967-04-04,859.19,-0.0907
1967-04-05,861.19,0.2328
1967-04-06,861.25,0.007
1967-04-07,853.34,-0.9184
1967-04-10,842.43,-1.2785
1967-04-11,847.66,0.6208
1967-04-12,844.65,-0.3551
1967-04-13,848.83,0.4949
1967-04-14,859.74,1.2853
1967-04-17,866.59,0.7968
1967-04-18,873,0.7397
1967-04-19,873.94,0.1077
1967-04-20,878.62,0.5355
1967-04-21,883.18,0.519
1967-04-24,887.53,0.4925
1967-04-25,891.2,0.4135
1967-04-26,889.03,-0.2435
1967-04-27,894.82,0.6513
1967-04-28,897.05,0.2492
1967-05-01,892.93,-0.4593
1967-05-02,891.65,-0.1433
1967-05-03,896.77,0.5742
1967-05-04,901.95,0.5776
1967-05-05,905.96,0.4446
1967-05-08,909.63,0.4051
1967-05-09,899.89,-1.0708
1967-05-10,894.1,-0.6434
1967-05-11,896.21,0.236
1967-05-12,890.03,-0.6896
1967-05-15,882.41,-0.8562
1967-05-16,885.8,0.3842
1967-05-17,882.24,-0.4019
1967-05-18,877.34,-0.5554
1967-05-19,874.55,-0.318
1967-05-22,871.05,-0.4002
1967-05-23,868.71,-0.2686
1967-05-24,862.42,-0.7241
1967-05-25,870.71,0.9612
1967-05-26,870.32,-0.0448
1967-05-29,864.98,-0.6136
1967-05-31,852.56,-1.4359
1967-06-01,864.98,1.4568
1967-06-02,863.31,-0.1931
1967-06-05,847.77,-1.8
1967-06-06,862.71,1.7623
1967-06-07,869.19,0.7511
1967-06-08,873.2,0.4613
1967-06-09,874.89,0.1935
1967-06-12,878.93,0.4618
1967-06-13,886.15,0.8215
1967-06-14,880.61,-0.6252
1967-06-15,883.26,0.3009
1967-06-16,885,0.197
1967-06-19,884.57,-0.0486
1967-06-20,880.61,-0.4477
1967-06-21,877.66,-0.335
1967-06-22,875.69,-0.2245
1967-06-23,877.37,0.1918
1967-06-26,872.11,-0.5995
1967-06-27,869.39,-0.3119
1967-06-28,868.87,-0.0598
1967-06-29,861.94,-0.7976
1967-06-30,860.26,-0.1949
1967-07-03,859.69,-0.0663
1967-07-05,864.94,0.6107
1967-07-06,864.02,-0.1064
1967-07-07,869.05,0.5822
1967-07-10,875.52,0.7445
1967-07-11,879.45,0.4489
1967-07-12,878.7,-0.0853
1967-07-13,878.53,-0.0193
1967-07-14,882.05,0.4007
1967-07-17,882.74,0.0782
1967-07-18,896.09,1.5123
1967-07-19,903.32,0.8068
1967-07-20,908.69,0.5945
1967-07-21,909.56,0.0957
1967-07-24,904.53,-0.553
1967-07-25,901.29,-0.3582
1967-07-26,903.14,0.2053
1967-07-27,903.14,0
1967-07-28,901.53,-0.1783
1967-07-31,904.24,0.3006
1967-08-01,912.97,0.9655
1967-08-02,922.27,1.0187
1967-08-03,921.98,-0.0314
1967-08-04,923.77,0.1941
1967-08-07,920.37,-0.3681
1967-08-08,922.45,0.226
1967-08-09,926.72,0.4629
1967-08-10,925.22,-0.1619
1967-08-11,920.65,-0.4939
1967-08-14,916.32,-0.4703
1967-08-15,919.15,0.3088
1967-08-16,915.68,-0.3775
1967-08-17,918.23,0.2785
1967-08-18,919.04,0.0882
1967-08-21,912.27,-0.7366
1967-08-22,907.48,-0.5251
1967-08-23,905.11,-0.2612
1967-08-24,898.46,-0.7347
1967-08-25,894.07,-0.4886
1967-08-28,894.71,0.0716
1967-08-29,894.76,0.0056
1967-08-30,893.72,-0.1162
1967-08-31,901.29,0.847
1967-09-01,901.18,-0.0122
1967-09-05,904.13,0.3273
1967-09-06,906.96,0.313
1967-09-07,908.17,0.1334
1967-09-08,907.54,-0.0694
1967-09-11,909.62,0.2292
1967-09-12,911.75,0.2342
1967-09-13,923.77,1.3183
1967-09-14,929.44,0.6138
1967-09-15,933.48,0.4347
1967-09-18,938.74,0.5635
1967-09-19,930.07,-0.9236
1967-09-20,929.79,-0.0301
1967-09-21,930.48,0.0742
1967-09-22,934.35,0.4159
1967-09-25,943.08,0.9343
1967-09-26,937.18,-0.6256
1967-09-27,933.14,-0.4311
1967-09-28,929.38,-0.4029
1967-09-29,926.66,-0.2927
1967-10-02,921,-0.6108
1967-10-03,924.47,0.3768
1967-10-04,921.29,-0.344
1967-10-05,927.13,0.6339
1967-10-06,928.74,0.1737
1967-10-09,933.31,0.4921
1967-10-10,926.61,-0.7179
1967-10-11,920.25,-0.6864
1967-10-12,913.2,-0.7661
1967-10-13,918.17,0.5442
1967-10-16,908.52,-1.051
1967-10-17,904.36,-0.4579
1967-10-18,903.49,-0.0962
1967-10-19,903.72,0.0255
1967-10-20,896.73,-0.7735
1967-10-23,894.65,-0.232
1967-10-24,888.18,-0.7232
1967-10-25,886.73,-0.1633
1967-10-26,890.89,0.4691
1967-10-27,888.18,-0.3042
1967-10-30,886.62,-0.1756
1967-10-31,879.74,-0.776
1967-11-01,867.08,-1.4391
1967-11-02,864.83,-0.2595
1967-11-03,856.62,-0.9493
1967-11-06,855.29,-0.1553
1967-11-08,849.57,-0.6688
1967-11-09,856.97,0.871
1967-11-10,862.81,0.6815
1967-11-13,859.74,-0.3558
1967-11-14,852.4,-0.8537
1967-11-15,855.18,0.3261
1967-11-16,859.74,0.5332
1967-11-17,862.11,0.2757
1967-11-20,857.78,-0.5023
1967-11-21,870.95,1.5354
1967-11-22,874.02,0.3525
1967-11-24,877.6,0.4096
1967-11-27,882.11,0.5139
1967-11-28,884.88,0.314
1967-11-29,883.15,-0.1955
1967-11-30,875.81,-0.8311
1967-12-01,879.16,0.3825
1967-12-04,883.5,0.4937
1967-12-05,888.12,0.5229
1967-12-06,892.28,0.4684
1967-12-07,892.22,-0.0067
1967-12-08,887.25,-0.557
1967-12-11,882.05,-0.5861
1967-12-12,881.3,-0.085
1967-12-13,882.34,0.118
1967-12-14,883.44,0.1247
1967-12-15,880.61,-0.3203
1967-12-18,881.65,0.1181
1967-12-19,881.36,-0.0329
1967-12-20,886.9,0.6286
1967-12-21,888.35,0.1635
1967-12-22,887.37,-0.1103
1967-12-26,888.12,0.0845
1967-12-27,894.94,0.7679
1967-12-28,897.83,0.3229
1967-12-29,905.11,0.8108
1968-01-02,906.84,0.1911
1968-01-03,904.13,-0.2988
1968-01-04,899.39,-0.5243
1968-01-05,901.24,0.2057
1968-01-08,908.92,0.8522
1968-01-09,908.29,-0.0693
1968-01-10,903.95,-0.4778
1968-01-11,899.79,-0.4602
1968-01-12,898.98,-0.09
1968-01-15,892.74,-0.6941
1968-01-16,887.14,-0.6273
1968-01-17,883.78,-0.3787
1968-01-18,882.8,-0.1109
1968-01-19,880.32,-0.2809
1968-01-22,871.71,-0.9781
1968-01-23,864.77,-0.7961
1968-01-24,862.23,-0.2937
1968-01-25,864.25,0.2343
1968-01-26,865.06,0.0937
1968-01-29,863.67,-0.1607
1968-01-30,859.57,-0.4747
1968-01-31,855.47,-0.477
1968-02-01,861.36,0.6885
1968-02-02,863.56,0.2554
1968-02-05,861.13,-0.2814
1968-02-06,861.25,0.0139
1968-02-07,859.92,-0.1544
1968-02-08,850.32,-1.1164
1968-02-09,840.04,-1.209
1968-02-13,831.77,-0.9845
1968-02-14,837.38,0.6745
1968-02-15,839.23,0.2209
1968-02-16,836.34,-0.3444
1968-02-19,838.65,0.2762
1968-02-20,843.1,0.5306
1968-02-21,849.23,0.7271
1968-02-23,849.8,0.0671
1968-02-26,841.77,-0.9449
1968-02-27,846.68,0.5833
1968-02-28,844.72,-0.2315
1968-02-29,840.5,-0.4996
1968-03-01,840.44,-0.0071
1968-03-04,830.56,-1.1756
1968-03-05,827.03,-0.425
1968-03-06,837.21,1.2309
1968-03-07,836.22,-0.1182
1968-03-08,835.24,-0.1172
1968-03-11,843.04,0.9339
1968-03-12,843.22,0.0214
1968-03-13,842.23,-0.1174
1968-03-14,830.91,-1.3441
1968-03-15,837.55,0.7991
1968-03-18,840.09,0.3033
1968-03-19,832.99,-0.8451
1968-03-20,830.85,-0.2569
1968-03-21,825.13,-0.6885
1968-03-22,826.05,0.1115
1968-03-25,827.27,0.1477
1968-03-26,831.54,0.5162
1968-03-27,836.57,0.6049
1968-03-28,835.12,-0.1733
1968-03-29,840.67,0.6646
1968-04-01,861.25,2.448
1968-04-02,863.96,0.3147
1968-04-03,869.11,0.5961
1968-04-04,872.52,0.3924
1968-04-05,865.81,-0.769
1968-04-08,884.42,2.1494
1968-04-10,892.63,0.9283
1968-04-11,905.69,1.4631
1968-04-15,910.19,0.4969
1968-04-16,906.78,-0.3746
1968-04-17,908.17,0.1533
1968-04-18,909.21,0.1145
1968-04-19,897.65,-1.2714
1968-04-22,891.99,-0.6305
1968-04-23,897.48,0.6155
1968-04-24,898.46,0.1092
1968-04-25,905.57,0.7914
1968-04-26,906.03,0.0508
1968-04-29,908.34,0.255
1968-04-30,912.22,0.4272
1968-05-01,913.2,0.1074
1968-05-02,918.05,0.5311
1968-05-03,919.21,0.1264
1968-05-06,914.53,-0.5091
1968-05-07,919.9,0.5872
1968-05-08,918.86,-0.1131
1968-05-09,911.35,-0.8173
1968-05-10,912.91,0.1712
1968-05-13,909.96,-0.3231
1968-05-14,908.06,-0.2088
1968-05-15,907.82,-0.0264
1968-05-16,903.72,-0.4516
1968-05-17,898.98,-0.5245
1968-05-20,894.19,-0.5328
1968-05-21,896.32,0.2382
1968-05-22,896.79,0.0524
1968-05-23,893.15,-0.4059
1968-05-24,895.28,0.2385
1968-05-27,891.6,-0.411
1968-05-28,896.78,0.581
1968-05-29,895.21,-0.1751
1968-05-31,899,0.4234
1968-06-03,905.38,0.7097
1968-06-04,916.63,1.2426
1968-06-05,907.42,-1.0048
1968-06-06,910.13,0.2986
1968-06-07,914.88,0.5219
1968-06-10,913.38,-0.164
1968-06-11,917.95,0.5003
1968-06-13,913.86,-0.4456
1968-06-14,913.62,-0.0263
1968-06-17,903.45,-1.1132
1968-06-18,900.2,-0.3597
1968-06-20,898.28,-0.2133
1968-06-21,900.93,0.295
1968-06-24,901.83,0.0999
1968-06-25,901.41,-0.0466
1968-06-27,898.76,-0.294
1968-06-28,897.8,-0.1068
1968-07-01,896.35,-0.1615
1968-07-02,896.84,0.0547
1968-07-03,903.51,0.7437
1968-07-08,912.6,1.0061
1968-07-09,920.42,0.8569
1968-07-11,922.82,0.2608
1968-07-12,922.46,-0.039
1968-07-15,923.72,0.1366
1968-07-16,921.2,-0.2728
1968-07-18,917.95,-0.3528
1968-07-19,913.92,-0.439
1968-07-22,900.32,-1.4881
1968-07-23,898.1,-0.2466
1968-07-25,885.47,-1.4063
1968-07-26,888.47,0.3388
1968-07-29,883.36,-0.5751
1968-07-30,883,-0.0408
1968-08-01,878.07,-0.5583
1968-08-02,871.27,-0.7744
1968-08-05,872.53,0.1446
1968-08-06,876.92,0.5031
1968-08-08,870.37,-0.7469
1968-08-09,869.65,-0.0827
1968-08-12,881.02,1.3074
1968-08-13,884.68,0.4154
1968-08-15,879.51,-0.5844
1968-08-16,885.89,0.7254
1968-08-19,887.68,0.2021
1968-08-20,888.67,0.1115
1968-08-22,888.3,-0.0416
1968-08-23,892.34,0.4548
1968-08-26,896.13,0.4247
1968-08-27,893.65,-0.2767
1968-08-29,894.33,0.0761
1968-08-30,896.01,0.1879
1968-09-03,900.36,0.4855
1968-09-04,906.95,0.7319
1968-09-05,917.52,1.1654
1968-09-06,921.25,0.4065
1968-09-09,924.98,0.4049
1968-09-10,919.38,-0.6054
1968-09-12,915.65,-0.4057
1968-09-13,917.21,0.1704
1968-09-16,921.37,0.4535
1968-09-17,923.05,0.1823
1968-09-19,923.98,0.1008
1968-09-20,924.42,0.0476
1968-09-23,930.45,0.6523
1968-09-24,938.28,0.8415
1968-09-26,933.24,-0.5372
1968-09-27,933.8,0.06
1968-09-30,935.79,0.2131
1968-10-01,942.32,0.6978
1968-10-03,949.47,0.7588
1968-10-04,952.95,0.3665
1968-10-07,956.68,0.3914
1968-10-08,956.24,-0.046
1968-10-10,949.78,-0.6756
1968-10-11,949.59,-0.02
1968-10-14,949.96,0.039
1968-10-15,955.31,0.5632
1968-10-17,958.91,0.3768
1968-10-18,967.49,0.8948
1968-10-21,967.49,0
1968-10-22,963.14,-0.4496
1968-10-24,956.68,-0.6707
1968-10-25,961.28,0.4808
1968-10-28,957.73,-0.3693
1968-10-29,951.08,-0.6944
1968-10-31,952.39,0.1377
1968-11-01,948.41,-0.4179
1968-11-04,946.23,-0.2299
1968-11-06,949.47,0.3424
1968-11-07,950.65,0.1243
1968-11-08,958.98,0.8762
1968-11-12,964.2,0.5443
1968-11-13,967.43,0.335
1968-11-14,963.89,-0.3659
1968-11-15,965.88,0.2065
1968-11-18,963.7,-0.2257
1968-11-19,966.75,0.3165
1968-11-21,965.13,-0.1676
1968-11-22,967.06,0.2
1968-11-25,971.35,0.4436
1968-11-26,979.49,0.838
1968-11-27,976.32,-0.3236
1968-11-29,985.08,0.8972
1968-12-02,983.34,-0.1766
1968-12-03,985.21,0.1902
1968-12-05,977.69,-0.7633
1968-12-06,978.24,0.0563
1968-12-09,979.36,0.1145
1968-12-10,977.69,-0.1705
1968-12-12,977.13,-0.0573
1968-12-13,981.29,0.4257
1968-12-16,976.32,-0.5065
1968-12-17,970.91,-0.5541
1968-12-19,975.14,0.4357
1968-12-20,966.99,-0.8358
1968-12-23,953.75,-1.3692
1968-12-24,952.32,-0.1499
1968-12-26,954.25,0.2027
1968-12-27,952.51,-0.1823
1968-12-30,945.11,-0.7769
1968-12-31,943.75,-0.1439
1969-01-02,947.73,0.4217
1969-01-03,951.89,0.4389
1969-01-06,936.66,-1.6
1969-01-07,925.72,-1.168
1969-01-08,921.25,-0.4829
1969-01-09,927.46,0.6741
1969-01-10,925.53,-0.2081
1969-01-13,923.11,-0.2615
1969-01-14,928.33,0.5655
1969-01-15,931.75,0.3684
1969-01-16,938.59,0.7341
1969-01-17,935.54,-0.325
1969-01-20,931.25,-0.4586
1969-01-21,929.82,-0.1536
1969-01-22,934.17,0.4678
1969-01-23,940.2,0.6455
1969-01-24,938.59,-0.1712
1969-01-27,937.47,-0.1193
1969-01-28,938.4,0.0992
1969-01-29,938.09,-0.033
1969-01-30,942.13,0.4307
1969-01-31,946.05,0.4161
1969-02-03,946.85,0.0846
1969-02-04,945.11,-0.1838
1969-02-05,945.98,0.0921
1969-02-06,946.67,0.0729
1969-02-07,947.85,0.1246
1969-02-11,948.97,0.1182
1969-02-12,949.09,0.0126
1969-02-13,952.7,0.3804
1969-02-14,951.95,-0.0787
1969-02-17,937.72,-1.4948
1969-02-18,930.82,-0.7358
1969-02-19,925.1,-0.6145
1969-02-20,916.65,-0.9134
1969-02-24,903.97,-1.3833
1969-02-25,899.8,-0.4613
1969-02-26,905.77,0.6635
1969-02-27,903.03,-0.3025
1969-02-28,905.21,0.2414
1969-03-03,908.63,0.3778
1969-03-04,919.51,1.1974
1969-03-05,923.11,0.3915
1969-03-06,913.54,-1.0367
1969-03-07,911.18,-0.2583
1969-03-10,917.14,0.6541
1969-03-11,920.93,0.4132
1969-03-12,917.52,-0.3703
1969-03-13,907.14,-1.1313
1969-03-14,904.28,-0.3153
1969-03-17,904.03,-0.0276
1969-03-18,907.38,0.3706
1969-03-19,912.11,0.5213
1969-03-20,920.13,0.8793
1969-03-21,920,-0.0141
1969-03-24,917.08,-0.3174
1969-03-25,917.08,0
1969-03-26,923.3,0.6782
1969-03-27,930.88,0.821
1969-03-28,935.48,0.4942
1969-04-01,933.08,-0.2566
1969-04-02,930.92,-0.2315
1969-04-03,927.3,-0.3889
1969-04-07,918.78,-0.9188
1969-04-08,923.17,0.4778
1969-04-09,929.97,0.7366
1969-04-10,932.89,0.314
1969-04-11,933.46,0.0611
1969-04-14,932.64,-0.0878
1969-04-15,931.94,-0.0751
1969-04-16,923.49,-0.9067
1969-04-17,924.12,0.0682
1969-04-18,924.82,0.0757
1969-04-21,917.51,-0.7904
1969-04-22,918.59,0.1177
1969-04-23,917.64,-0.1034
1969-04-24,921.2,0.388
1969-04-25,924,0.304
1969-04-28,925.08,0.1169
1969-04-29,934.1,0.9751
1969-04-30,950.18,1.7214
1969-05-01,949.22,-0.101
1969-05-02,957.17,0.8375
1969-05-05,958.95,0.186
1969-05-06,962.06,0.3243
1969-05-07,959.6,-0.2557
1969-05-08,963.68,0.4252
1969-05-09,961.61,-0.2148
1969-05-12,957.86,-0.39
1969-05-13,962.97,0.5335
1969-05-14,968.85,0.6106
1969-05-15,965.16,-0.3809
1969-05-16,967.3,0.2217
1969-05-19,959.02,-0.856
1969-05-20,949.26,-1.0177
1969-05-21,951.78,0.2655
1969-05-22,950.04,-0.1828
1969-05-23,947.45,-0.2726
1969-05-26,946.94,-0.0538
1969-05-27,938.66,-0.8744
1969-05-28,936.92,-0.1854
1969-05-29,937.56,0.0683
1969-06-02,933.17,-0.4682
1969-06-03,930.78,-0.2561
1969-06-04,928.84,-0.2084
1969-06-05,930.71,0.2013
1969-06-06,924.77,-0.6382
1969-06-09,918.05,-0.7267
1969-06-10,912.49,-0.6056
1969-06-11,904.6,-0.8647
1969-06-12,892.58,-1.3288
1969-06-13,894.84,0.2532
1969-06-16,891.16,-0.4112
1969-06-17,885.73,-0.6093
1969-06-18,887.09,0.1535
1969-06-19,882.37,-0.5321
1969-06-20,876.16,-0.7038
1969-06-23,870.86,-0.6049
1969-06-24,877.2,0.728
1969-06-25,874.1,-0.3534
1969-06-26,870.28,-0.437
1969-06-27,869.76,-0.0598
1969-06-30,873.19,0.3944
1969-07-01,875.9,0.3104
1969-07-02,880.69,0.5469
1969-07-03,886.12,0.6166
1969-07-07,883.21,-0.3284
1969-07-08,870.35,-1.4561
1969-07-09,861.62,-1.003
1969-07-10,847.79,-1.6051
1969-07-11,852.25,0.5261
1969-07-14,843.14,-1.0689
1969-07-15,841.13,-0.2384
1969-07-16,849.34,0.9761
1969-07-17,853.09,0.4415
1969-07-18,845.92,-0.8405
1969-07-22,834.02,-1.4068
1969-07-23,827.95,-0.7278
1969-07-24,826.53,-0.1715
1969-07-25,818.06,-1.0248
1969-07-28,806.23,-1.4461
1969-07-29,801.96,-0.5296
1969-07-30,803.58,0.202
1969-07-31,815.47,1.4796
1969-08-01,826.59,1.3636
1969-08-04,822.58,-0.4851
1969-08-05,821.23,-0.1641
1969-08-06,825.88,0.5662
1969-08-07,826.27,0.0472
1969-08-08,824.46,-0.2191
1969-08-11,819.83,-0.5616
1969-08-12,812.96,-0.838
1969-08-13,809.13,-0.4711
1969-08-14,813.23,0.5067
1969-08-15,820.88,0.9407
1969-08-18,827.68,0.8284
1969-08-19,833.69,0.7261
1969-08-20,833.22,-0.0564
1969-08-21,834.87,0.198
1969-08-22,837.25,0.2851
1969-08-25,831.44,-0.6939
1969-08-26,823.52,-0.9526
1969-08-27,824.78,0.153
1969-08-28,828.41,0.4401
1969-08-29,836.72,1.0031
1969-09-02,837.78,0.1267
1969-09-03,835.67,-0.2519
1969-09-04,825.3,-1.2409
1969-09-05,819.5,-0.7028
1969-09-08,811.84,-0.9347
1969-09-09,815.67,0.4718
1969-09-10,828.01,1.5129
1969-09-11,825.77,-0.2705
1969-09-12,824.25,-0.1841
1969-09-15,830.45,0.7522
1969-09-16,831.64,0.1433
1969-09-17,826.56,-0.6108
1969-09-18,831.57,0.6061
1969-09-19,830.39,-0.1419
1969-09-22,831.77,0.1662
1969-09-23,834.81,0.3655
1969-09-24,834.68,-0.0156
1969-09-25,829.92,-0.5703
1969-09-26,824.18,-0.6916
1969-09-29,818.04,-0.745
1969-09-30,813.09,-0.6051
1969-10-01,806.89,-0.7625
1969-10-02,811.84,0.6135
1969-10-03,808.41,-0.4225
1969-10-06,809.4,0.1225
1969-10-07,806.23,-0.3916
1969-10-08,802.2,-0.4999
1969-10-09,803.79,0.1982
1969-10-10,806.96,0.3944
1969-10-13,819.3,1.5292
1969-10-14,832.43,1.6026
1969-10-15,830.06,-0.2847
1969-10-16,838.77,1.0493
1969-10-17,836.06,-0.3231
1969-10-20,839.23,0.3792
1969-10-21,846.88,0.9115
1969-10-22,860.35,1.5905
1969-10-23,855.73,-0.537
1969-10-24,862.26,0.7631
1969-10-27,860.28,-0.2296
1969-10-28,855.86,-0.5138
1969-10-29,848.34,-0.8786
1969-10-30,850.51,0.2558
1969-10-31,855.99,0.6443
1969-11-03,854.54,-0.1694
1969-11-04,853.48,-0.124
1969-11-05,854.08,0.0703
1969-11-06,855.2,0.1311
1969-11-07,860.48,0.6174
1969-11-10,863.05,0.2987
1969-11-11,859.75,-0.3824
1969-11-12,855.99,-0.4373
1969-11-13,849.85,-0.7173
1969-11-14,849.26,-0.0694
1969-11-17,842.53,-0.7925
1969-11-18,845.17,0.3133
1969-11-19,839.96,-0.6164
1969-11-20,831.18,-1.0453
1969-11-21,823.13,-0.9685
1969-11-24,812.9,-1.2428
1969-11-25,807.29,-0.6901
1969-11-26,810.52,0.4001
1969-11-28,812.3,0.2196
1969-12-01,805.04,-0.8938
1969-12-02,801.35,-0.4584
1969-12-03,793.36,-0.9971
1969-12-04,796.53,0.3996
1969-12-05,793.03,-0.4394
1969-12-08,785.04,-1.0075
1969-12-09,783.79,-0.1592
1969-12-10,783.99,0.0255
1969-12-11,783.53,-0.0587
1969-12-12,786.69,0.4033
1969-12-15,784.05,-0.3356
1969-12-16,773.83,-1.3035
1969-12-17,769.93,-0.504
1969-12-18,783.79,1.8002
1969-12-19,789.86,0.7744
1969-12-22,785.97,-0.4925
1969-12-23,783.79,-0.2774
1969-12-24,794.15,1.3218
1969-12-26,797.65,0.4407
1969-12-29,792.37,-0.6619
1969-12-30,794.68,0.2915
1969-12-31,800.36,0.7148
1970-01-02,809.2,1.1045
1970-01-05,811.31,0.2608
1970-01-06,803.66,-0.9429
1970-01-07,801.81,-0.2302
1970-01-08,802.07,0.0324
1970-01-09,798.11,-0.4937
1970-01-12,790.52,-0.951
1970-01-13,788.01,-0.3175
1970-01-14,787.16,-0.1079
1970-01-15,785.04,-0.2693
1970-01-16,782.6,-0.3108
1970-01-19,776.07,-0.8344
1970-01-20,777.85,0.2294
1970-01-21,782.27,0.5682
1970-01-22,786.1,0.4896
1970-01-23,775.54,-1.3433
1970-01-26,768.88,-0.8588
1970-01-27,763.99,-0.636
1970-01-28,758.84,-0.6741
1970-01-29,748.35,-1.3824
1970-01-30,744.06,-0.5733
1970-02-02,746.44,0.3199
1970-02-03,757.46,1.4763
1970-02-04,754.49,-0.3921
1970-02-05,750.26,-0.5606
1970-02-06,752.77,0.3346
1970-02-09,755.68,0.3866
1970-02-10,746.63,-1.1976
1970-02-11,757.33,1.4331
1970-02-12,755.61,-0.2271
1970-02-13,753.3,-0.3057
1970-02-16,753.7,0.0531
1970-02-17,747.43,-0.8319
1970-02-18,756.8,1.2536
1970-02-19,757.92,0.148
1970-02-20,757.46,-0.0607
1970-02-24,754.42,-0.4013
1970-02-25,768.28,1.8372
1970-02-26,764.45,-0.4985
1970-02-27,777.59,1.7189
1970-03-02,780.23,0.3395
1970-03-03,787.42,0.9215
1970-03-04,788.15,0.0927
1970-03-05,787.55,-0.0761
1970-03-06,784.12,-0.4355
1970-03-09,778.31,-0.741
1970-03-10,779.7,0.1786
1970-03-11,778.12,-0.2026
1970-03-12,776.47,-0.212
1970-03-13,772.11,-0.5615
1970-03-16,765.05,-0.9144
1970-03-17,767.42,0.3098
1970-03-18,767.95,0.0691
1970-03-19,764.98,-0.3867
1970-03-20,763.66,-0.1726
1970-03-23,763.6,-0.0079
1970-03-24,773.76,1.3305
1970-03-25,790.13,2.1156
1970-03-26,791.05,0.1164
1970-03-30,784.65,-0.8091
1970-03-31,785.57,0.1172
1970-04-01,792.04,0.8236
1970-04-02,792.37,0.0417
1970-04-03,791.84,-0.0669
1970-04-06,791.18,-0.0834
1970-04-07,791.64,0.0581
1970-04-08,791.64,0
1970-04-09,792.5,0.1086
1970-04-10,790.46,-0.2574
1970-04-13,785.9,-0.5769
1970-04-14,780.56,-0.6795
1970-04-15,782.6,0.2614
1970-04-16,775.87,-0.86
1970-04-17,775.94,0.009
1970-04-20,775.87,-0.009
1970-04-21,772.51,-0.4331
1970-04-22,762.61,-1.2815
1970-04-23,750.59,-1.5762
1970-04-24,747.29,-0.4397
1970-04-27,735.15,-1.6245
1970-04-28,724.33,-1.4718
1970-04-29,737.39,1.803
1970-04-30,736.07,-0.179
1970-05-01,733.63,-0.3315
1970-05-04,714.56,-2.5994
1970-05-05,709.74,-0.6745
1970-05-06,718.39,1.2188
1970-05-07,723.07,0.6515
1970-05-08,717.73,-0.7385
1970-05-11,710.07,-1.0673
1970-05-12,704.59,-0.7718
1970-05-13,693.84,-1.5257
1970-05-14,684.79,-1.3043
1970-05-15,702.22,2.5453
1970-05-18,702.81,0.084
1970-05-19,691.4,-1.6235
1970-05-20,676.55,-2.1478
1970-05-21,665.25,-1.6702
1970-05-22,662.17,-0.463
1970-05-25,641.36,-3.1427
1970-05-26,631.16,-1.5904
1970-05-27,663.2,5.0764
1970-05-28,684.15,3.1589
1970-05-29,700.44,2.3811
1970-06-01,710.36,1.4163
1970-06-02,709.61,-0.1056
1970-06-03,713.86,0.5989
1970-06-04,706.53,-1.0268
1970-06-05,695.03,-1.6277
1970-06-08,700.23,0.7482
1970-06-09,700.16,-0.01
1970-06-10,694.35,-0.8298
1970-06-11,684.42,-1.4301
1970-06-12,684.21,-0.0307
1970-06-15,687.36,0.4604
1970-06-16,706.26,2.7497
1970-06-17,704.68,-0.2237
1970-06-18,712.69,1.1367
1970-06-19,720.43,1.086
1970-06-22,716.11,-0.5996
1970-06-23,698.11,-2.5136
1970-06-24,692.29,-0.8337
1970-06-25,693.59,0.1878
1970-06-26,687.84,-0.829
1970-06-29,682.91,-0.7167
1970-06-30,683.53,0.0908
1970-07-01,687.64,0.6013
1970-07-02,689.14,0.2181
1970-07-06,675.66,-1.9561
1970-07-07,669.36,-0.9324
1970-07-08,682.09,1.9018
1970-07-09,692.77,1.5658
1970-07-10,700.1,1.0581
1970-07-13,702.22,0.3028
1970-07-14,703.04,0.1168
1970-07-15,711.66,1.2261
1970-07-16,723.44,1.6553
1970-07-17,735.08,1.609
1970-07-20,733.91,-0.1592
1970-07-21,722.07,-1.6133
1970-07-22,724.67,0.3601
1970-07-23,732.68,1.1053
1970-07-24,730.22,-0.3358
1970-07-27,730.08,-0.0192
1970-07-28,731.45,0.1877
1970-07-29,735.56,0.5619
1970-07-30,734.73,-0.1128
1970-07-31,734.12,-0.083
1970-08-03,722.96,-1.5202
1970-08-04,725.9,0.4067
1970-08-05,724.81,-0.1502
1970-08-06,722.82,-0.2746
1970-08-07,725.7,0.3984
1970-08-10,713.92,-1.6233
1970-08-11,712.55,-0.1919
1970-08-12,710.64,-0.2681
1970-08-13,707.35,-0.463
1970-08-14,710.84,0.4934
1970-08-17,709.06,-0.2504
1970-08-18,716.66,1.0718
1970-08-19,723.99,1.0228
1970-08-20,729.6,0.7749
1970-08-21,745.41,2.1669
1970-08-24,759.58,1.901
1970-08-25,758.97,-0.0803
1970-08-26,760.47,0.1976
1970-08-27,759.79,-0.0894
1970-08-28,765.81,0.7923
1970-08-31,764.58,-0.1606
1970-09-01,758.15,-0.841
1970-09-02,756.64,-0.1992
1970-09-03,765.27,1.1406
1970-09-04,771.15,0.7684
1970-09-08,773.14,0.2581
1970-09-09,766.43,-0.8679
1970-09-10,760.75,-0.7411
1970-09-11,761.84,0.1433
1970-09-14,757.12,-0.6196
1970-09-15,750.55,-0.8678
1970-09-16,754.31,0.501
1970-09-17,757.67,0.4454
1970-09-18,758.49,0.1082
1970-09-21,751.92,-0.8662
1970-09-22,747.47,-0.5918
1970-09-23,754.38,0.9245
1970-09-24,759.31,0.6535
1970-09-25,761.77,0.324
1970-09-28,758.97,-0.3676
1970-09-29,760.88,0.2517
1970-09-30,760.68,-0.0263
1970-10-01,760.68,0
1970-10-02,766.16,0.7204
1970-10-05,776.7,1.3757
1970-10-06,782.45,0.7403
1970-10-07,783.68,0.1572
1970-10-08,777.04,-0.8473
1970-10-09,768.69,-1.0746
1970-10-12,764.24,-0.5789
1970-10-13,760.06,-0.5469
1970-10-14,762.73,0.3513
1970-10-15,767.87,0.6739
1970-10-16,763.35,-0.5886
1970-10-19,756.5,-0.8974
1970-10-20,758.83,0.308
1970-10-21,759.65,0.1081
1970-10-22,757.87,-0.2343
1970-10-23,759.38,0.1992
1970-10-26,756.43,-0.3885
1970-10-27,754.45,-0.2618
1970-10-28,755.96,0.2001
1970-10-29,753.56,-0.3175
1970-10-30,755.61,0.272
1970-11-02,758.01,0.3176
1970-11-03,768.07,1.3272
1970-11-04,770.81,0.3567
1970-11-05,771.56,0.0973
1970-11-06,771.97,0.0531
1970-11-09,777.66,0.7371
1970-11-10,777.38,-0.036
1970-11-11,779.5,0.2727
1970-11-12,768,-1.4753
1970-11-13,759.79,-1.069
1970-11-16,760.13,0.0447
1970-11-17,760.47,0.0447
1970-11-18,754.24,-0.8192
1970-11-19,755.82,0.2095
1970-11-20,761.57,0.7608
1970-11-23,767.52,0.7813
1970-11-24,772.73,0.6788
1970-11-25,774.71,0.2562
1970-11-27,781.35,0.8571
1970-11-30,794.09,1.6305
1970-12-01,794.29,0.0252
1970-12-02,802.64,1.0513
1970-12-03,808.53,0.7338
1970-12-04,816.06,0.9313
1970-12-07,818.66,0.3186
1970-12-08,815.1,-0.4349
1970-12-09,815.24,0.0172
1970-12-10,821.06,0.7139
1970-12-11,825.92,0.5919
1970-12-14,823.18,-0.3318
1970-12-15,819.62,-0.4325
1970-12-16,819.07,-0.0671
1970-12-17,822.15,0.376
1970-12-18,822.77,0.0754
1970-12-21,821.54,-0.1495
1970-12-22,822.77,0.1497
1970-12-23,823.11,0.0413
1970-12-24,828.38,0.6403
1970-12-28,830.91,0.3054
1970-12-29,842,1.3347
1970-12-30,841.32,-0.0808
1970-12-31,838.92,-0.2853
1971-01-04,830.57,-0.9953
1971-01-05,835.77,0.6261
1971-01-06,837.97,0.2632
1971-01-07,837.83,-0.0167
1971-01-08,837.01,-0.0979
1971-01-11,837.21,0.0239
1971-01-12,844.19,0.8337
1971-01-13,841.11,-0.3648
1971-01-14,843.31,0.2616
1971-01-15,845.7,0.2834
1971-01-18,847.82,0.2507
1971-01-19,849.47,0.1946
1971-01-20,849.95,0.0565
1971-01-21,854.74,0.5636
1971-01-22,861.31,0.7687
1971-01-25,865.62,0.5004
1971-01-26,866.79,0.1352
1971-01-27,860.82,-0.6887
1971-01-28,865.14,0.5018
1971-01-29,868.5,0.3884
1971-02-01,877.81,1.072
1971-02-02,874.59,-0.3668
1971-02-03,876.23,0.1875
1971-02-04,874.79,-0.1643
1971-02-05,876.57,0.2035
1971-02-08,882.12,0.6331
1971-02-09,879.79,-0.2641
1971-02-10,881.09,0.1478
1971-02-11,885.34,0.4824
1971-02-12,888.83,0.3942
1971-02-16,890.06,0.1384
1971-02-17,887.87,-0.2461
1971-02-18,885.06,-0.3165
1971-02-19,878.56,-0.7344
1971-02-22,868.98,-1.0904
1971-02-23,870,0.1174
1971-02-24,875.62,0.646
1971-02-25,881.98,0.7263
1971-02-26,878.83,-0.3572
1971-03-01,882.53,0.421
1971-03-02,883.01,0.0544
1971-03-03,882.39,-0.0702
1971-03-04,891.36,1.0166
1971-03-05,898,0.7449
1971-03-08,898.62,0.069
1971-03-09,899.1,0.0534
1971-03-10,895.88,-0.3581
1971-03-11,899.44,0.3974
1971-03-12,898.34,-0.1223
1971-03-15,908.2,1.0976
1971-03-16,914.64,0.7091
1971-03-17,914.02,-0.0678
1971-03-18,916.83,0.3074
1971-03-19,912.92,-0.4265
1971-03-22,910.6,-0.2541
1971-03-23,908.89,-0.1878
1971-03-24,899.37,-1.0474
1971-03-25,900.81,0.1601
1971-03-26,903.48,0.2964
1971-03-29,903.48,0
1971-03-30,903.39,-0.01
1971-03-31,904.37,0.1085
1971-04-01,903.88,-0.0542
1971-04-02,903.04,-0.0929
1971-04-05,905.07,0.2248
1971-04-06,912.73,0.8463
1971-04-07,918.49,0.6311
1971-04-08,920.39,0.2069
1971-04-12,926.64,0.6791
1971-04-13,927.28,0.0691
1971-04-14,932.55,0.5683
1971-04-15,938.17,0.6026
1971-04-16,940.21,0.2174
1971-04-19,948.85,0.9189
1971-04-20,944.42,-0.4669
1971-04-21,941.33,-0.3272
1971-04-22,940.63,-0.0744
1971-04-23,947.79,0.7612
1971-04-26,944,-0.3999
1971-04-27,947.09,0.3273
1971-04-28,950.82,0.3938
1971-04-29,948.15,-0.2808
1971-04-30,941.75,-0.675
1971-05-03,932.41,-0.9918
1971-05-04,938.45,0.6478
1971-05-05,939.92,0.1566
1971-05-06,937.39,-0.2692
1971-05-07,936.97,-0.0448
1971-05-10,932.55,-0.4717
1971-05-11,937.25,0.504
1971-05-12,937.46,0.0224
1971-05-13,936.34,-0.1195
1971-05-14,936.06,-0.0299
1971-05-17,921.3,-1.5768
1971-05-18,918.56,-0.2974
1971-05-19,920.04,0.1611
1971-05-20,923.41,0.3663
1971-05-21,921.87,-0.1668
1971-05-24,913.15,-0.9459
1971-05-25,906.69,-0.7074
1971-05-26,906.41,-0.0309
1971-05-27,905.78,-0.0695
1971-05-28,907.81,0.2241
1971-06-01,913.65,0.6433
1971-06-02,919.62,0.6534
1971-06-03,921.3,0.1827
1971-06-04,922.15,0.0923
1971-06-07,923.06,0.0987
1971-06-08,915.01,-0.8721
1971-06-09,912.46,-0.2787
1971-06-10,915.96,0.3836
1971-06-11,916.47,0.0557
1971-06-14,907.71,-0.9558
1971-06-15,907.2,-0.0562
1971-06-16,908.59,0.1532
1971-06-17,906.25,-0.2575
1971-06-18,889.16,-1.8858
1971-06-21,876.53,-1.4204
1971-06-22,874.42,-0.2407
1971-06-23,879.45,0.5752
1971-06-24,877.26,-0.249
1971-06-25,876.68,-0.0661
1971-06-28,873.1,-0.4084
1971-06-29,882.3,1.0537
1971-06-30,891.14,1.0019
1971-07-01,893.03,0.2121
1971-07-02,890.19,-0.318
1971-07-06,892.3,0.237
1971-07-07,895.88,0.4012
1971-07-08,900.99,0.5704
1971-07-09,901.8,0.0899
1971-07-12,903.4,0.1774
1971-07-13,892.38,-1.2198
1971-07-14,891.21,-0.1311
1971-07-15,888.87,-0.2626
1971-07-16,888.51,-0.0405
1971-07-19,886.39,-0.2386
1971-07-20,892.3,0.6667
1971-07-21,890.84,-0.1636
1971-07-22,886.68,-0.467
1971-07-23,887.78,0.1241
1971-07-26,888.87,0.1228
1971-07-27,880.7,-0.9191
1971-07-28,872.01,-0.9867
1971-07-29,861.42,-1.2144
1971-07-30,858.43,-0.3471
1971-08-02,864.92,0.756
1971-08-03,850.03,-1.7215
1971-08-04,844.92,-0.6012
1971-08-05,849.45,0.5361
1971-08-06,850.61,0.1366
1971-08-09,842.65,-0.9358
1971-08-10,839.59,-0.3631
1971-08-11,846.38,0.8087
1971-08-12,859.01,1.4922
1971-08-13,856.02,-0.3481
1971-08-16,888.95,3.8469
1971-08-17,899.9,1.2318
1971-08-18,886.17,-1.5257
1971-08-19,880.77,-0.6094
1971-08-20,880.91,0.0159
1971-08-23,892.38,1.3021
1971-08-24,904.13,1.3167
1971-08-25,908.37,0.469
1971-08-26,906.1,-0.2499
1971-08-27,908.15,0.2262
1971-08-30,901.43,-0.74
1971-08-31,898.07,-0.3727
1971-09-01,899.02,0.1058
1971-09-02,900.63,0.1791
1971-09-03,912.75,1.3457
1971-09-07,916.47,0.4076
1971-09-08,920.93,0.4866
1971-09-09,915.89,-0.5473
1971-09-10,911,-0.5339
1971-09-13,909.39,-0.1767
1971-09-14,901.65,-0.8511
1971-09-15,904.86,0.356
1971-09-16,903.11,-0.1934
1971-09-17,908.22,0.5658
1971-09-20,905.15,-0.338
1971-09-21,903.4,-0.1933
1971-09-22,893.55,-1.0903
1971-09-23,891.28,-0.254
1971-09-24,889.31,-0.221
1971-09-27,883.47,-0.6567
1971-09-28,884.42,0.1075
1971-09-29,883.83,-0.0667
1971-09-30,887.19,0.3802
1971-10-01,893.98,0.7653
1971-10-04,895.66,0.1879
1971-10-05,891.14,-0.5047
1971-10-06,900.55,1.056
1971-10-07,901.8,0.1388
1971-10-08,893.91,-0.8749
1971-10-11,891.94,-0.2204
1971-10-12,893.55,0.1805
1971-10-13,888.8,-0.5316
1971-10-14,878.36,-1.1746
1971-10-15,874.58,-0.4303
1971-10-18,872.44,-0.2447
1971-10-19,868.43,-0.4596
1971-10-20,855.65,-1.4716
1971-10-21,854.85,-0.0935
1971-10-22,852.37,-0.2901
1971-10-25,848.5,-0.454
1971-10-26,845.36,-0.3701
1971-10-27,836.38,-1.0623
1971-10-28,837.62,0.1483
1971-10-29,839,0.1648
1971-11-01,825.86,-1.5662
1971-11-02,827.98,0.2567
1971-11-03,842.58,1.7633
1971-11-04,843.17,0.07
1971-11-05,840.39,-0.3297
1971-11-08,837.54,-0.3391
1971-11-09,837.91,0.0442
1971-11-10,826.15,-1.4035
1971-11-11,814.91,-1.3605
1971-11-12,812.94,-0.2417
1971-11-15,810.53,-0.2965
1971-11-16,818.71,1.0092
1971-11-17,822.14,0.419
1971-11-18,815.35,-0.8259
1971-11-19,810.67,-0.574
1971-11-22,803.15,-0.9276
1971-11-23,797.97,-0.645
1971-11-24,798.63,0.0827
1971-11-26,816.59,2.2489
1971-11-29,829.73,1.6091
1971-11-30,831.34,0.194
1971-12-01,846.01,1.7646
1971-12-02,848.79,0.3286
1971-12-03,859.59,1.2724
1971-12-06,855.72,-0.4502
1971-12-07,857.4,0.1963
1971-12-08,854.85,-0.2974
1971-12-09,852.16,-0.3147
1971-12-10,856.75,0.5386
1971-12-13,858.79,0.2381
1971-12-14,855.14,-0.425
1971-12-15,863.76,1.008
1971-12-16,871.39,0.8833
1971-12-17,873.8,0.2766
1971-12-20,885.01,1.2829
1971-12-21,888.32,0.374
1971-12-22,884.86,-0.3895
1971-12-23,881.17,-0.417
1971-12-27,881.47,0.034
1971-12-28,889.98,0.9654
1971-12-29,893.66,0.4135
1971-12-30,889.07,-0.5136
1971-12-31,890.2,0.1271
1972-01-03,889.3,-0.1011
1972-01-04,892.23,0.3295
1972-01-05,904.43,1.3674
1972-01-06,908.49,0.4489
1972-01-07,910.37,0.2069
1972-01-10,907.96,-0.2647
1972-01-11,912.1,0.456
1972-01-12,910.82,-0.1403
1972-01-13,905.18,-0.6192
1972-01-14,906.68,0.1657
1972-01-17,911.12,0.4897
1972-01-18,917.22,0.6695
1972-01-19,914.96,-0.2464
1972-01-20,910.3,-0.5093
1972-01-21,907.44,-0.3142
1972-01-24,896.82,-1.1703
1972-01-25,894.72,-0.2342
1972-01-26,889.15,-0.6225
1972-01-27,899.83,1.2011
1972-01-28,906.38,0.7279
1972-01-31,902.17,-0.4645
1972-02-01,901.79,-0.0421
1972-02-02,905.85,0.4502
1972-02-03,903.15,-0.2981
1972-02-04,906.68,0.3909
1972-02-07,903.97,-0.2989
1972-02-08,907.13,0.3496
1972-02-09,918.72,1.2777
1972-02-10,921.28,0.2786
1972-02-11,917.59,-0.4005
1972-02-14,910.9,-0.7291
1972-02-15,914.51,0.3963
1972-02-16,922.94,0.9218
1972-02-17,922.03,-0.0986
1972-02-18,917.52,-0.4891
1972-02-22,913.46,-0.4425
1972-02-23,911.88,-0.173
1972-02-24,912.7,0.0899
1972-02-25,922.79,1.1055
1972-02-28,924.29,0.1626
1972-02-29,928.13,0.4155
1972-03-01,935.43,0.7865
1972-03-02,933.77,-0.1775
1972-03-03,942.43,0.9274
1972-03-06,950.18,0.8223
1972-03-07,946.87,-0.3484
1972-03-08,945.59,-0.1352
1972-03-09,942.81,-0.294
1972-03-10,939.87,-0.3118
1972-03-13,928.66,-1.1927
1972-03-14,934,0.575
1972-03-15,937.31,0.3544
1972-03-16,936.71,-0.064
1972-03-17,942.88,0.6587
1972-03-20,941.15,-0.1835
1972-03-21,934,-0.7597
1972-03-22,933.93,-0.0075
1972-03-23,944.69,1.1521
1972-03-24,942.28,-0.2551
1972-03-27,939.72,-0.2717
1972-03-28,937.01,-0.2884
1972-03-29,933.02,-0.4258
1972-03-30,940.7,0.8231
1972-04-03,940.92,0.0234
1972-04-04,943.41,0.2646
1972-04-05,954.55,1.1808
1972-04-06,959.44,0.5123
1972-04-07,962.6,0.3294
1972-04-10,958.08,-0.4696
1972-04-11,962.6,0.4718
1972-04-12,966.96,0.4529
1972-04-13,965.53,-0.1479
1972-04-14,967.72,0.2268
1972-04-17,966.59,-0.1168
1972-04-18,968.92,0.2411
1972-04-19,964.78,-0.4273
1972-04-20,966.29,0.1565
1972-04-21,963.8,-0.2577
1972-04-24,957.48,-0.6557
1972-04-25,946.49,-1.1478
1972-04-26,946.94,0.0475
1972-04-27,945.97,-0.1024
1972-04-28,954.17,0.8668
1972-05-01,942.28,-1.2461
1972-05-02,935.2,-0.7514
1972-05-03,933.47,-0.185
1972-05-04,937.31,0.4114
1972-05-05,941.23,0.4182
1972-05-08,937.84,-0.3602
1972-05-09,925.12,-1.3563
1972-05-10,931.07,0.6432
1972-05-11,934.83,0.4038
1972-05-12,941.83,0.7488
1972-05-15,942.2,0.0393
1972-05-16,939.27,-0.311
1972-05-17,941.15,0.2002
1972-05-18,951.23,1.071
1972-05-19,961.54,1.0839
1972-05-22,965.31,0.3921
1972-05-23,962.3,-0.3118
1972-05-24,965.46,0.3284
1972-05-25,969.07,0.3739
1972-05-26,971.25,0.225
1972-05-30,971.18,-0.0072
1972-05-31,960.72,-1.077
1972-06-01,960.72,0
1972-06-02,961.39,0.0697
1972-06-05,954.39,-0.7281
1972-06-06,951.46,-0.307
1972-06-07,944.08,-0.7757
1972-06-08,941.3,-0.2945
1972-06-09,934.45,-0.7277
1972-06-12,936.71,0.2419
1972-06-13,938.29,0.1687
1972-06-14,946.79,0.9059
1972-06-15,945.97,-0.0866
1972-06-16,945.06,-0.0962
1972-06-19,941.83,-0.3418
1972-06-20,948.22,0.6785
1972-06-21,951.61,0.3575
1972-06-22,950.71,-0.0946
1972-06-23,944.69,-0.6332
1972-06-26,936.41,-0.8765
1972-06-27,935.28,-0.1207
1972-06-28,930.84,-0.4747
1972-06-29,926.25,-0.4931
1972-06-30,929.03,0.3001
1972-07-03,928.66,-0.0398
1972-07-05,933.47,0.518
1972-07-06,942.13,0.9277
1972-07-07,938.06,-0.432
1972-07-10,932.27,-0.6172
1972-07-11,925.87,-0.6865
1972-07-12,923.69,-0.2355
1972-07-13,916.99,-0.7254
1972-07-14,922.26,0.5747
1972-07-17,914.96,-0.7915
1972-07-18,911.72,-0.3541
1972-07-19,916.69,0.5451
1972-07-20,910.45,-0.6807
1972-07-21,920.45,1.0984
1972-07-24,935.36,1.6199
1972-07-25,934.45,-0.0973
1972-07-26,932.57,-0.2012
1972-07-27,926.85,-0.6134
1972-07-28,926.7,-0.0162
1972-07-31,924.74,-0.2115
1972-08-01,930.46,0.6186
1972-08-02,941.15,1.1489
1972-08-03,947.7,0.696
1972-08-04,951.76,0.4284
1972-08-07,953.12,0.1429
1972-08-08,952.44,-0.0713
1972-08-09,951.16,-0.1344
1972-08-10,952.89,0.1819
1972-08-11,964.18,1.1848
1972-08-14,973.51,0.9677
1972-08-15,969.97,-0.3636
1972-08-16,964.25,-0.5897
1972-08-17,961.39,-0.2966
1972-08-18,965.83,0.4618
1972-08-21,967.19,0.1408
1972-08-22,973.51,0.6534
1972-08-23,970.35,-0.3246
1972-08-24,958.38,-1.2336
1972-08-25,959.36,0.1023
1972-08-28,956.95,-0.2512
1972-08-29,954.7,-0.2351
1972-08-30,957.86,0.331
1972-08-31,963.73,0.6128
1972-09-01,970.05,0.6558
1972-09-05,969.37,-0.0701
1972-09-06,963.43,-0.6128
1972-09-07,962.45,-0.1017
1972-09-08,961.24,-0.1257
1972-09-11,955,-0.6492
1972-09-12,946.04,-0.9382
1972-09-13,949.88,0.4059
1972-09-14,947.55,-0.2453
1972-09-15,947.32,-0.0243
1972-09-18,945.36,-0.2069
1972-09-19,943.18,-0.2306
1972-09-20,940.25,-0.3107
1972-09-21,939.49,-0.0808
1972-09-22,943.03,0.3768
1972-09-25,935.73,-0.7741
1972-09-26,936.56,0.0887
1972-09-27,947.25,1.1414
1972-09-28,955.15,0.834
1972-09-29,953.27,-0.1968
1972-10-02,953.27,0
1972-10-03,954.47,0.1259
1972-10-04,951.31,-0.3311
1972-10-05,941.3,-1.0522
1972-10-06,945.36,0.4313
1972-10-09,948.75,0.3586
1972-10-10,951.84,0.3257
1972-10-11,946.42,-0.5694
1972-10-12,937.46,-0.9467
1972-10-13,930.46,-0.7467
1972-10-16,921.66,-0.9458
1972-10-17,926.48,0.523
1972-10-18,932.34,0.6325
1972-10-19,932.12,-0.0236
1972-10-20,942.81,1.1468
1972-10-23,951.31,0.9016
1972-10-24,952.51,0.1261
1972-10-25,951.38,-0.1186
1972-10-26,950.56,-0.0862
1972-10-27,946.42,-0.4355
1972-10-30,946.42,0
1972-10-31,955.52,0.9615
1972-11-01,968.54,1.3626
1972-11-02,973.06,0.4667
1972-11-03,984.12,1.1366
1972-11-06,984.8,0.0691
1972-11-08,983.74,-0.1076
1972-11-09,988.26,0.4595
1972-11-10,995.26,0.7083
1972-11-13,997.07,0.1819
1972-11-14,1003.16,0.6108
1972-11-15,998.42,-0.4725
1972-11-16,1003.69,0.5278
1972-11-17,1005.57,0.1873
1972-11-20,1005.04,-0.0527
1972-11-21,1013.25,0.8169
1972-11-22,1020.54,0.7195
1972-11-24,1025.21,0.4576
1972-11-27,1017.76,-0.7267
1972-11-28,1019.34,0.1552
1972-11-29,1018.81,-0.052
1972-11-30,1018.21,-0.0589
1972-12-01,1023.93,0.5618
1972-12-04,1027.02,0.3018
1972-12-05,1022.95,-0.3963
1972-12-06,1027.54,0.4487
1972-12-07,1033.26,0.5567
1972-12-08,1033.19,-0.0068
1972-12-11,1036.27,0.2981
1972-12-12,1033.19,-0.2972
1972-12-13,1030.48,-0.2623
1972-12-14,1025.06,-0.526
1972-12-15,1027.24,0.2127
1972-12-18,1013.25,-1.3619
1972-12-19,1009.18,-0.4017
1972-12-20,1004.82,-0.432
1972-12-21,1000,-0.4797
1972-12-22,1004.21,0.421
1972-12-26,1006.7,0.248
1972-12-27,1007.68,0.0973
1972-12-29,1020.02,1.2246
1973-01-02,1031.68,1.1431
1973-01-03,1043.8,1.1748
1973-01-04,1039.81,-0.3823
1973-01-05,1047.49,0.7386
1973-01-08,1047.86,0.0353
1973-01-09,1047.11,-0.0716
1973-01-10,1046.06,-0.1003
1973-01-11,1051.7,0.5392
1973-01-12,1039.36,-1.1733
1973-01-15,1025.59,-1.3249
1973-01-16,1024.31,-0.1248
1973-01-17,1029.12,0.4696
1973-01-18,1029.12,0
1973-01-19,1026.19,-0.2847
1973-01-22,1018.81,-0.7192
1973-01-23,1018.66,-0.0147
1973-01-24,1004.59,-1.3812
1973-01-26,1003.54,-0.1045
1973-01-29,996.46,-0.7055
1973-01-30,992.92,-0.3553
1973-01-31,999.02,0.6143
1973-02-01,985.78,-1.3253
1973-02-02,980.81,-0.5042
1973-02-05,978.4,-0.2457
1973-02-06,979.91,0.1543
1973-02-07,968.32,-1.1828
1973-02-08,967.19,-0.1167
1973-02-09,979.46,1.2686
1973-02-12,991.57,1.2364
1973-02-13,996.76,0.5234
1973-02-14,979.91,-1.6905
1973-02-15,973.13,-0.6919
1973-02-16,979.23,0.6268
1973-02-20,983.59,0.4452
1973-02-21,974.34,-0.9404
1973-02-22,971.78,-0.2627
1973-02-23,959.89,-1.2235
1973-02-26,953.79,-0.6355
1973-02-27,947.92,-0.6154
1973-02-28,955.07,0.7543
1973-03-01,949.65,-0.5675
1973-03-02,961.32,1.2289
1973-03-05,966.89,0.5794
1973-03-06,979,1.2525
1973-03-07,979.98,0.1001
1973-03-08,976.44,-0.3612
1973-03-09,972.23,-0.4312
1973-03-12,969.75,-0.2551
1973-03-13,976.07,0.6517
1973-03-14,978.85,0.2848
1973-03-15,969.82,-0.9225
1973-03-16,963.05,-0.6981
1973-03-19,952.06,-1.1412
1973-03-20,949.43,-0.2762
1973-03-21,938.37,-1.1649
1973-03-22,925.2,-1.4035
1973-03-23,922.71,-0.2691
1973-03-26,927.9,0.5625
1973-03-27,944.91,1.8332
1973-03-28,948,0.327
1973-03-29,959.14,1.1751
1973-03-30,951.01,-0.8476
1973-04-02,936.18,-1.5594
1973-04-03,927.75,-0.9005
1973-04-04,925.05,-0.291
1973-04-05,923.46,-0.1719
1973-04-06,931.07,0.8241
1973-04-09,947.55,1.77
1973-04-10,960.49,1.3656
1973-04-11,967.41,0.7205
1973-04-12,964.03,-0.3494
1973-04-13,959.36,-0.4844
1973-04-16,956.73,-0.2741
1973-04-17,953.42,-0.346
1973-04-18,958.31,0.5129
1973-04-19,963.2,0.5103
1973-04-23,955.37,-0.8129
1973-04-24,940.77,-1.5282
1973-04-25,930.54,-1.0874
1973-04-26,937.76,0.7759
1973-04-27,922.19,-1.6603
1973-04-30,921.43,-0.0824
1973-05-01,921.21,-0.0239
1973-05-02,932.34,1.2082
1973-05-03,945.67,1.4297
1973-05-04,953.87,0.8671
1973-05-07,950.71,-0.3313
1973-05-08,956.58,0.6174
1973-05-09,949.05,-0.7872
1973-05-10,939.34,-1.0231
1973-05-11,927.98,-1.2094
1973-05-14,909.69,-1.9709
1973-05-15,917.44,0.8519
1973-05-16,917.14,-0.0327
1973-05-17,911.72,-0.591
1973-05-18,895.17,-1.8153
1973-05-21,886.51,-0.9674
1973-05-22,892.46,0.6712
1973-05-23,895.02,0.2868
1973-05-24,924.44,3.2871
1973-05-25,930.84,0.6923
1973-05-29,925.57,-0.5662
1973-05-30,908.87,-1.8043
1973-05-31,901.41,-0.8208
1973-06-01,893.96,-0.8265
1973-06-04,885.91,-0.9005
1973-06-05,900.81,1.6819
1973-06-06,898.18,-0.292
1973-06-07,909.62,1.2737
1973-06-08,920,1.1411
1973-06-11,915.11,-0.5315
1973-06-12,927,1.2993
1973-06-13,915.49,-1.2416
1973-06-14,902.92,-1.373
1973-06-15,888.55,-1.5915
1973-06-18,875.08,-1.516
1973-06-19,881.55,0.7394
1973-06-20,884.71,0.3585
1973-06-21,873.65,-1.2501
1973-06-22,879.82,0.7062
1973-06-25,869.13,-1.215
1973-06-26,879.44,1.1862
1973-06-27,884.63,0.5901
1973-06-28,894.64,1.1315
1973-06-29,891.71,-0.3275
1973-07-02,880.57,-1.2493
1973-07-03,874.17,-0.7268
1973-07-05,874.32,0.0172
1973-07-06,870.11,-0.4815
1973-07-09,877.26,0.8217
1973-07-10,888.32,1.2607
1973-07-11,908.19,2.2368
1973-07-12,901.94,-0.6882
1973-07-13,885.99,-1.7684
1973-07-16,897.58,1.3081
1973-07-17,898.03,0.0501
1973-07-18,905.4,0.8207
1973-07-19,906.68,0.1414
1973-07-20,910.9,0.4654
1973-07-23,913.15,0.247
1973-07-24,918.72,0.61
1973-07-25,933.02,1.5565
1973-07-26,934.53,0.1618
1973-07-27,936.71,0.2333
1973-07-30,933.77,-0.3139
1973-07-31,926.4,-0.7893
1973-08-01,912.18,-1.535
1973-08-02,910.14,-0.2236
1973-08-03,908.87,-0.1395
1973-08-06,912.78,0.4302
1973-08-07,911.95,-0.0909
1973-08-08,902.02,-1.0889
1973-08-09,901.49,-0.0588
1973-08-10,892.38,-1.0105
1973-08-13,883.2,-1.0287
1973-08-14,870.71,-1.4142
1973-08-15,874.17,0.3974
1973-08-16,872.74,-0.1636
1973-08-17,871.84,-0.1031
1973-08-20,867.4,-0.5093
1973-08-21,857.84,-1.1021
1973-08-22,851.9,-0.6924
1973-08-23,864.46,1.4744
1973-08-24,863.49,-0.1122
1973-08-27,870.71,0.8361
1973-08-28,872.07,0.1562
1973-08-29,883.43,1.3026
1973-08-30,882.53,-0.1019
1973-08-31,887.57,0.5711
1973-09-04,895.39,0.8811
1973-09-05,899.08,0.4121
1973-09-06,901.04,0.218
1973-09-07,898.63,-0.2675
1973-09-10,891.33,-0.8123
1973-09-11,885.76,-0.6249
1973-09-12,881.32,-0.5013
1973-09-13,880.57,-0.0851
1973-09-14,886.36,0.6575
1973-09-17,892.99,0.748
1973-09-18,891.26,-0.1937
1973-09-19,910.37,2.1442
1973-09-20,920.53,1.116
1973-09-21,927.9,0.8006
1973-09-24,936.71,0.9495
1973-09-25,940.55,0.4099
1973-09-26,949.5,0.9516
1973-09-27,953.27,0.3971
1973-09-28,947.1,-0.6472
1973-10-01,948.83,0.1827
1973-10-02,956.8,0.84
1973-10-03,964.55,0.81
1973-10-04,955.9,-0.8968
1973-10-05,971.25,1.6058
1973-10-08,977.65,0.6589
1973-10-09,974.19,-0.3539
1973-10-10,960.57,-1.3981
1973-10-11,976.07,1.6136
1973-10-12,978.63,0.2623
1973-10-15,967.04,-1.1843
1973-10-16,967.41,0.0383
1973-10-17,962.52,-0.5055
1973-10-18,959.74,-0.2888
1973-10-19,963.73,0.4157
1973-10-22,960.57,-0.3279
1973-10-23,966.51,0.6184
1973-10-24,971.85,0.5525
1973-10-25,974.49,0.2716
1973-10-26,987.06,1.2899
1973-10-29,984.8,-0.229
1973-10-30,968.54,-1.6511
1973-10-31,956.58,-1.2348
1973-11-01,948.83,-0.8102
1973-11-02,935.28,-1.4281
1973-11-05,919.4,-1.6979
1973-11-06,913.08,-0.6874
1973-11-07,920.08,0.7666
1973-11-08,932.65,1.3662
1973-11-09,908.41,-2.599
1973-11-12,897.65,-1.1845
1973-11-13,891.03,-0.7375
1973-11-14,869.88,-2.3737
1973-11-15,874.55,0.5369
1973-11-16,891.33,1.9187
1973-11-19,862.66,-3.2165
1973-11-20,844.9,-2.0587
1973-11-21,854.98,1.193
1973-11-23,854,-0.1146
1973-11-26,824.95,-3.4016
1973-11-27,817.73,-0.8752
1973-11-28,839.78,2.6965
1973-11-29,835.11,-0.5561
1973-11-30,822.25,-1.5399
1973-12-03,806.52,-1.913
1973-12-04,803.21,-0.4104
1973-12-05,788.31,-1.8551
1973-12-06,814.12,3.2741
1973-12-07,838.05,2.9394
1973-12-10,851.14,1.562
1973-12-11,834.18,-1.9926
1973-12-12,810.73,-2.8111
1973-12-13,800.43,-1.2705
1973-12-14,815.65,1.9015
1973-12-17,811.12,-0.5554
1973-12-18,829.49,2.2648
1973-12-19,829.57,0.0096
1973-12-20,828.11,-0.176
1973-12-21,818.73,-1.1327
1973-12-24,814.81,-0.4788
1973-12-26,837.56,2.7921
1973-12-27,851.01,1.6059
1973-12-28,848.02,-0.3513
1973-12-31,850.86,0.3349
1974-01-02,855.32,0.5242
1974-01-03,880.69,2.9661
1974-01-04,880.23,-0.0522
1974-01-07,876.85,-0.384
1974-01-08,861.78,-1.7187
1974-01-09,834.79,-3.1319
1974-01-10,823.11,-1.3992
1974-01-11,841.48,2.2318
1974-01-14,840.18,-0.1545
1974-01-15,846.4,0.7403
1974-01-16,856.09,1.1448
1974-01-17,872.16,1.8771
1974-01-18,855.47,-1.9136
1974-01-21,854.63,-0.0982
1974-01-22,863.47,1.0344
1974-01-23,871,0.8721
1974-01-24,863.08,-0.9093
1974-01-25,859.39,-0.4275
1974-01-28,853.01,-0.7424
1974-01-29,852.32,-0.0809
1974-01-30,862.32,1.1733
1974-01-31,855.55,-0.7851
1974-02-01,843.94,-1.357
1974-02-04,821.5,-2.659
1974-02-05,820.64,-0.1047
1974-02-06,824.62,0.485
1974-02-07,828.46,0.4657
1974-02-08,820.4,-0.9729
1974-02-11,803.9,-2.0112
1974-02-12,806.63,0.3396
1974-02-13,806.87,0.0298
1974-02-14,809.92,0.378
1974-02-15,820.32,1.2841
1974-02-19,819.54,-0.0951
1974-02-20,831.04,1.4032
1974-02-21,846.84,1.9012
1974-02-22,855.99,1.0805
1974-02-25,851.38,-0.5386
1974-02-26,859.51,0.9549
1974-02-27,863.42,0.4549
1974-02-28,860.53,-0.3347
1974-03-01,851.92,-1.0005
1974-03-04,853.18,0.1479
1974-03-05,872.42,2.2551
1974-03-06,879.85,0.8517
1974-03-07,869.06,-1.2263
1974-03-08,878.05,1.0345
1974-03-11,888.45,1.1844
1974-03-12,887.12,-0.1497
1974-03-13,891.66,0.5118
1974-03-14,889.78,-0.2108
1974-03-15,887.83,-0.2192
1974-03-18,874.22,-1.533
1974-03-19,867.57,-0.7607
1974-03-20,872.34,0.5498
1974-03-21,875.47,0.3588
1974-03-22,878.13,0.3038
1974-03-25,881.02,0.3291
1974-03-26,883.68,0.3019
1974-03-27,871.17,-1.4157
1974-03-28,854.35,-1.9307
1974-03-29,846.68,-0.8978
1974-04-01,843.48,-0.3779
1974-04-02,846.61,0.3711
1974-04-03,858.03,1.3489
1974-04-04,858.89,0.1002
1974-04-05,847.54,-1.3215
1974-04-08,839.96,-0.8944
1974-04-09,846.84,0.8191
1974-04-10,843.71,-0.3696
1974-04-11,844.81,0.1304
1974-04-15,843.79,-0.1207
1974-04-16,861.23,2.0669
1974-04-17,867.41,0.7176
1974-04-18,869.92,0.2894
1974-04-19,859.9,-1.1518
1974-04-22,858.57,-0.1547
1974-04-23,845.98,-1.4664
1974-04-24,832.37,-1.6088
1974-04-25,827.68,-0.5635
1974-04-26,834.64,0.8409
1974-04-29,835.42,0.0935
1974-04-30,836.75,0.1592
1974-05-01,853.88,2.0472
1974-05-02,851.06,-0.3303
1974-05-03,845.9,-0.6063
1974-05-06,844.88,-0.1206
1974-05-07,847.15,0.2687
1974-05-08,850.99,0.4533
1974-05-09,865.77,1.7368
1974-05-10,850.44,-1.7707
1974-05-13,845.59,-0.5703
1974-05-14,847.86,0.2685
1974-05-15,846.06,-0.2123
1974-05-16,835.34,-1.267
1974-05-17,818.84,-1.9752
1974-05-20,812.42,-0.784
1974-05-21,809.53,-0.3557
1974-05-22,802.57,-0.8598
1974-05-23,805.23,0.3314
1974-05-24,816.65,1.4182
1974-05-28,814.3,-0.2878
1974-05-29,795.37,-2.3247
1974-05-30,803.58,1.0322
1974-05-31,802.17,-0.1755
1974-06-03,821.26,2.3798
1974-06-04,828.69,0.9047
1974-06-05,830.18,0.1798
1974-06-06,845.35,1.8273
1974-06-07,853.72,0.9901
1974-06-10,859.67,0.6969
1974-06-11,852.08,-0.8829
1974-06-12,848.56,-0.4131
1974-06-13,852.08,0.4148
1974-06-14,843.09,-1.0551
1974-06-17,833.23,-1.1695
1974-06-18,830.26,-0.3564
1974-06-19,826.11,-0.4998
1974-06-20,820.79,-0.644
1974-06-21,815.39,-0.6579
1974-06-24,816.33,0.1153
1974-06-25,828.85,1.5337
1974-06-26,816.96,-1.4345
1974-06-27,803.66,-1.628
1974-06-28,802.41,-0.1555
1974-07-01,806.24,0.4773
1974-07-02,790.68,-1.9299
1974-07-03,792.87,0.277
1974-07-05,791.77,-0.1387
1974-07-08,770.57,-2.6775
1974-07-09,772.29,0.2232
1974-07-10,762.12,-1.3169
1974-07-11,759.62,-0.328
1974-07-12,787.23,3.6347
1974-07-15,786.61,-0.0788
1974-07-16,775.97,-1.3526
1974-07-17,784.97,1.1598
1974-07-18,789.19,0.5376
1974-07-19,787.94,-0.1584
1974-07-22,790.36,0.3071
1974-07-23,797.72,0.9312
1974-07-24,805.77,1.0091
1974-07-25,795.68,-1.2522
1974-07-26,784.57,-1.3963
1974-07-29,770.89,-1.7436
1974-07-30,765.57,-0.6901
1974-07-31,757.43,-1.0633
1974-08-01,751.1,-0.8357
1974-08-02,752.58,0.197
1974-08-05,760.4,1.0391
1974-08-06,773.78,1.7596
1974-08-07,797.56,3.0732
1974-08-08,784.89,-1.5886
1974-08-09,777.3,-0.967
1974-08-12,767.29,-1.2878
1974-08-13,756.44,-1.4141
1974-08-14,740.54,-2.102
1974-08-15,737.88,-0.3592
1974-08-16,731.54,-0.8592
1974-08-19,721.84,-1.326
1974-08-20,726.85,0.6941
1974-08-21,711.59,-2.0995
1974-08-22,704.63,-0.9781
1974-08-23,686.8,-2.5304
1974-08-26,688.13,0.1937
1974-08-27,671.54,-2.4109
1974-08-28,666.61,-0.7341
1974-08-29,656.84,-1.4656
1974-08-30,678.58,3.3098
1974-09-03,663.33,-2.2473
1974-09-04,648,-2.3111
1974-09-05,670.76,3.5123
1974-09-06,677.88,1.0615
1974-09-09,662.94,-2.2039
1974-09-10,658.17,-0.7195
1974-09-11,654.72,-0.5242
1974-09-12,641.74,-1.9825
1974-09-13,627.19,-2.2673
1974-09-16,639.79,2.009
1974-09-17,648.78,1.4051
1974-09-18,651.91,0.4824
1974-09-19,674.05,3.3962
1974-09-20,670.76,-0.4881
1974-09-23,663.72,-1.0496
1974-09-24,654.1,-1.4494
1974-09-25,649.95,-0.6345
1974-09-26,637.98,-1.8417
1974-09-27,621.95,-2.5126
1974-09-30,607.87,-2.2638
1974-10-01,604.82,-0.5018
1974-10-02,601.53,-0.544
1974-10-03,587.61,-2.3141
1974-10-04,584.56,-0.5191
1974-10-07,607.56,3.9346
1974-10-08,602.63,-0.8114
1974-10-09,631.02,4.711
1974-10-10,648.08,2.7036
1974-10-11,658.17,1.5569
1974-10-14,673.5,2.3292
1974-10-15,658.4,-2.242
1974-10-16,642.29,-2.4468
1974-10-17,651.44,1.4246
1974-10-18,654.88,0.5281
1974-10-21,669.82,2.2813
1974-10-22,662.86,-1.0391
1974-10-23,645.03,-2.6899
1974-10-24,636.26,-1.3596
1974-10-25,636.19,-0.011
1974-10-28,633.84,-0.3694
1974-10-29,659.34,4.0231
1974-10-30,673.03,2.0763
1974-10-31,665.52,-1.1158
1974-11-01,665.28,-0.0361
1974-11-04,657.23,-1.21
1974-11-05,674.75,2.6657
1974-11-06,669.12,-0.8344
1974-11-07,671.93,0.42
1974-11-08,667.16,-0.7099
1974-11-11,672.64,0.8214
1974-11-12,659.18,-2.0011
1974-11-13,659.18,0
1974-11-14,658.4,-0.1183
1974-11-15,647.61,-1.6388
1974-11-18,624.92,-3.5037
1974-11-19,614.05,-1.7394
1974-11-20,609.59,-0.7263
1974-11-21,608.57,-0.1673
1974-11-22,615.3,1.1059
1974-11-25,611.94,-0.5461
1974-11-26,617.26,0.8694
1974-11-27,619.29,0.3289
1974-11-29,618.66,-0.1017
1974-12-02,603.02,-2.528
1974-12-03,596.61,-1.063
1974-12-04,598.64,0.3403
1974-12-05,587.06,-1.9344
1974-12-06,577.6,-1.6114
1974-12-09,579.94,0.4051
1974-12-10,593.87,2.402
1974-12-11,595.35,0.2492
1974-12-12,596.37,0.1713
1974-12-13,592.77,-0.6037
1974-12-16,586.83,-1.0021
1974-12-17,597.54,1.8251
1974-12-18,603.49,0.9957
1974-12-19,604.43,0.1558
1974-12-20,598.48,-0.9844
1974-12-23,589.64,-1.4771
1974-12-24,598.4,1.4857
1974-12-26,604.74,1.0595
1974-12-27,602.16,-0.4266
1974-12-30,603.25,0.181
1974-12-31,616.24,2.1533
1975-01-02,632.04,2.5639
1975-01-03,634.54,0.3955
1975-01-06,637.2,0.4192
1975-01-07,641.19,0.6262
1975-01-08,635.4,-0.903
1975-01-09,645.26,1.5518
1975-01-10,658.79,2.0968
1975-01-13,654.18,-0.6998
1975-01-14,648.7,-0.8377
1975-01-15,653.39,0.723
1975-01-16,655.74,0.3597
1975-01-17,644.63,-1.6943
1975-01-20,647.45,0.4375
1975-01-21,641.9,-0.8572
1975-01-22,652.61,1.6685
1975-01-23,656.76,0.6359
1975-01-24,666.61,1.4998
1975-01-27,692.66,3.9078
1975-01-28,694.77,0.3046
1975-01-29,705.96,1.6106
1975-01-30,696.42,-1.3514
1975-01-31,703.69,1.0439
1975-02-03,711.44,1.1013
1975-02-04,708.07,-0.4737
1975-02-05,717.85,1.3812
1975-02-06,714.17,-0.5126
1975-02-07,711.91,-0.3165
1975-02-10,708.39,-0.4944
1975-02-11,707.6,-0.1115
1975-02-12,715.03,1.05
1975-02-13,726.92,1.6629
1975-02-14,734.2,1.0015
1975-02-18,731.3,-0.395
1975-02-19,736.39,0.696
1975-02-20,745.38,1.2208
1975-02-21,749.77,0.589
1975-02-24,736.94,-1.7112
1975-02-25,719.18,-2.41
1975-02-26,728.1,1.2403
1975-02-27,731.15,0.4189
1975-02-28,739.05,1.0805
1975-03-03,753.13,1.9051
1975-03-04,757.74,0.6121
1975-03-05,752.82,-0.6493
1975-03-06,761.81,1.1942
1975-03-07,770.1,1.0882
1975-03-10,776.13,0.783
1975-03-11,770.89,-0.6751
1975-03-12,763.69,-0.934
1975-03-13,762.98,-0.093
1975-03-14,773.47,1.3749
1975-03-17,786.53,1.6885
1975-03-18,779.41,-0.9052
1975-03-19,769.48,-1.274
1975-03-20,764,-0.7122
1975-03-21,763.06,-0.123
1975-03-24,743.43,-2.5725
1975-03-25,747.89,0.5999
1975-03-26,766.19,2.4469
1975-03-27,770.26,0.5312
1975-03-31,768.15,-0.2739
1975-04-01,761.58,-0.8553
1975-04-02,760.56,-0.1339
1975-04-03,752.19,-1.1005
1975-04-04,747.26,-0.6554
1975-04-07,742.88,-0.5861
1975-04-08,749.22,0.8534
1975-04-09,767.99,2.5053
1975-04-10,781.29,1.7318
1975-04-11,789.5,1.0508
1975-04-14,806.95,2.2103
1975-04-15,815.08,1.0075
1975-04-16,815.71,0.0773
1975-04-17,819.46,0.4597
1975-04-18,808.43,-1.346
1975-04-21,815.86,0.9191
1975-04-22,814.14,-0.2108
1975-04-23,802.49,-1.431
1975-04-24,803.66,0.1458
1975-04-25,811.8,1.0129
1975-04-28,810,-0.2217
1975-04-29,803.04,-0.8593
1975-04-30,821.34,2.2788
1975-05-01,830.96,1.1713
1975-05-02,848.48,2.1084
1975-05-05,855.6,0.8391
1975-05-06,834.72,-2.4404
1975-05-07,836.44,0.2061
1975-05-08,840.5,0.4854
1975-05-09,850.13,1.1457
1975-05-12,847.47,-0.3129
1975-05-13,850.13,0.3139
1975-05-14,858.73,1.0116
1975-05-15,848.8,-1.1564
1975-05-16,837.61,-1.3183
1975-05-19,837.69,0.0096
1975-05-20,830.49,-0.8595
1975-05-21,818.68,-1.4221
1975-05-22,818.91,0.0281
1975-05-23,831.9,1.5863
1975-05-27,826.11,-0.696
1975-05-28,817.04,-1.0979
1975-05-29,815,-0.2497
1975-05-30,832.29,2.1215
1975-06-02,846.61,1.7206
1975-06-03,846.14,-0.0555
1975-06-04,839.96,-0.7304
1975-06-05,842.15,0.2607
1975-06-06,839.64,-0.298
1975-06-09,830.1,-1.1362
1975-06-10,822.12,-0.9613
1975-06-11,824.55,0.2956
1975-06-12,819.31,-0.6355
1975-06-13,824.47,0.6298
1975-06-16,834.56,1.2238
1975-06-17,828.61,-0.713
1975-06-18,827.83,-0.0941
1975-06-19,845.35,2.1164
1975-06-20,855.44,1.1936
1975-06-23,864.83,1.0977
1975-06-24,869.06,0.4891
1975-06-25,872.73,0.4223
1975-06-26,874.14,0.1616
1975-06-27,873.12,-0.1167
1975-06-30,878.99,0.6723
1975-07-01,877.42,-0.1786
1975-07-02,870.38,-0.8024
1975-07-03,871.79,0.162
1975-07-07,861.08,-1.2285
1975-07-08,857.79,-0.3821
1975-07-09,871.87,1.6414
1975-07-10,871.87,0
1975-07-11,871.09,-0.0895
1975-07-14,875.86,0.5476
1975-07-15,881.81,0.6793
1975-07-16,872.11,-1.1
1975-07-17,864.28,-0.8978
1975-07-18,862.41,-0.2164
1975-07-21,854.74,-0.8894
1975-07-22,846.76,-0.9336
1975-07-23,836.67,-1.1916
1975-07-24,840.27,0.4303
1975-07-25,834.09,-0.7355
1975-07-28,827.83,-0.7505
1975-07-29,824.86,-0.3588
1975-07-30,831.66,0.8244
1975-07-31,831.51,-0.018
1975-08-01,826.5,-0.6025
1975-08-04,818.05,-1.0224
1975-08-05,810.15,-0.9657
1975-08-06,813.67,0.4345
1975-08-07,815.79,0.2605
1975-08-08,817.74,0.239
1975-08-11,823.76,0.7362
1975-08-12,828.54,0.5803
1975-08-13,820.56,-0.9631
1975-08-14,817.04,-0.429
1975-08-15,825.64,1.0526
1975-08-18,822.75,-0.35
1975-08-19,808.51,-1.7308
1975-08-20,793.26,-1.8862
1975-08-21,791.69,-0.1979
1975-08-22,804.76,1.6509
1975-08-25,812.34,0.9419
1975-08-26,803.11,-1.1362
1975-08-27,807.2,0.5093
1975-08-28,829.47,2.7589
1975-08-29,835.34,0.7077
1975-09-02,823.69,-1.3946
1975-09-03,832.29,1.0441
1975-09-04,838.31,0.7233
1975-09-05,835.97,-0.2791
1975-09-08,840.11,0.4952
1975-09-09,827.75,-1.4712
1975-09-10,817.66,-1.219
1975-09-11,812.66,-0.6115
1975-09-12,809.23,-0.4221
1975-09-15,803.19,-0.7464
1975-09-16,795.13,-1.0035
1975-09-17,799.05,0.493
1975-09-18,814.61,1.9473
1975-09-19,829.79,1.8635
1975-09-22,820.4,-1.1316
1975-09-23,819.85,-0.067
1975-09-24,826.19,0.7733
1975-09-25,820.24,-0.7202
1975-09-26,818.6,-0.1999
1975-09-29,805.23,-1.6333
1975-09-30,793.88,-1.4095
1975-10-01,784.16,-1.2244
1975-10-02,794.55,1.325
1975-10-03,813.21,2.3485
1975-10-06,819.66,0.7932
1975-10-07,816.51,-0.3843
1975-10-08,823.91,0.9063
1975-10-09,824.54,0.0765
1975-10-10,823.91,-0.0764
1975-10-13,837.77,1.6822
1975-10-14,835.25,-0.3008
1975-10-15,837.22,0.2359
1975-10-16,837.85,0.0752
1975-10-17,832.18,-0.6767
1975-10-20,842.25,1.2101
1975-10-21,846.82,0.5426
1975-10-22,849.57,0.3247
1975-10-23,855.16,0.658
1975-10-24,840.52,-1.712
1975-10-27,838.48,-0.2427
1975-10-28,851.46,1.548
1975-10-29,838.63,-1.5068
1975-10-30,839.42,0.0942
1975-10-31,836.04,-0.4027
1975-11-03,825.72,-1.2344
1975-11-04,830.13,0.5341
1975-11-05,836.27,0.7396
1975-11-06,840.92,0.556
1975-11-07,835.8,-0.6089
1975-11-10,835.48,-0.0383
1975-11-11,838.55,0.3675
1975-11-12,852.25,1.6338
1975-11-13,851.23,-0.1197
1975-11-14,853.67,0.2866
1975-11-17,856.66,0.3503
1975-11-18,855.24,-0.1658
1975-11-19,848.24,-0.8185
1975-11-20,843.51,-0.5576
1975-11-21,840.76,-0.326
1975-11-24,845.64,0.5804
1975-11-25,855.4,1.1542
1975-11-26,858.55,0.3682
1975-11-28,860.67,0.2469
1975-12-01,856.34,-0.5031
1975-12-02,843.2,-1.5344
1975-12-03,825.49,-2.1003
1975-12-04,829.11,0.4385
1975-12-05,818.8,-1.2435
1975-12-08,821.63,0.3456
1975-12-09,824.15,0.3067
1975-12-10,833.99,1.194
1975-12-11,832.73,-0.1511
1975-12-12,832.81,0.0096
1975-12-15,836.59,0.4539
1975-12-16,844.3,0.9216
1975-12-17,846.27,0.2333
1975-12-18,852.09,0.6877
1975-12-19,844.38,-0.9048
1975-12-22,838.63,-0.681
1975-12-23,843.75,0.6105
1975-12-24,851.94,0.9707
1975-12-26,859.81,0.9238
1975-12-29,856.66,-0.3664
1975-12-30,852.41,-0.4961
1975-12-31,852.41,0
1976-01-02,858.71,0.7391
1976-01-05,877.83,2.2266
1976-01-06,890.82,1.4798
1976-01-07,898.69,0.8835
1976-01-08,907.98,1.0337
1976-01-09,911.13,0.3469
1976-01-12,922.39,1.2358
1976-01-13,912.94,-1.0245
1976-01-14,929.63,1.8282
1976-01-15,924.51,-0.5508
1976-01-16,929.63,0.5538
1976-01-19,943.72,1.5157
1976-01-20,949.86,0.6506
1976-01-21,946.24,-0.3811
1976-01-22,943.48,-0.2917
1976-01-23,953.95,1.1097
1976-01-26,961.51,0.7925
1976-01-27,957.81,-0.3848
1976-01-28,951.35,-0.6745
1976-01-29,968.75,1.829
1976-01-30,975.28,0.6741
1976-02-02,971.35,-0.403
1976-02-03,972.61,0.1297
1976-02-04,976.62,0.4123
1976-02-05,964.81,-1.2093
1976-02-06,954.9,-1.0271
1976-02-09,957.18,0.2388
1976-02-10,968.75,1.2088
1976-02-11,971.9,0.3252
1976-02-12,966.78,-0.5268
1976-02-13,958.36,-0.8709
1976-02-17,950.57,-0.8128
1976-02-18,960.09,1.0015
1976-02-19,975.76,1.6321
1976-02-20,987.8,1.2339
1976-02-23,985.28,-0.2551
1976-02-24,993.55,0.8394
1976-02-25,994.57,0.1027
1976-02-26,978.83,-1.5826
1976-02-27,972.61,-0.6355
1976-03-01,975.36,0.2827
1976-03-02,985.12,1.0007
1976-03-03,978.83,-0.6385
1976-03-04,970.64,-0.8367
1976-03-05,972.92,0.2349
1976-03-08,988.74,1.626
1976-03-09,993.7,0.5016
1976-03-10,995.28,0.159
1976-03-11,1003.31,0.8068
1976-03-12,987.64,-1.5618
1976-03-15,974.5,-1.3304
1976-03-16,983.47,0.9205
1976-03-17,985.99,0.2562
1976-03-18,979.85,-0.6227
1976-03-19,979.85,0
1976-03-22,982.29,0.249
1976-03-23,995.43,1.3377
1976-03-24,1009.21,1.3843
1976-03-25,1002.13,-0.7015
1976-03-26,1003.46,0.1327
1976-03-29,997.4,-0.6039
1976-03-30,992.13,-0.5284
1976-03-31,999.45,0.7378
1976-04-01,994.1,-0.5353
1976-04-02,991.58,-0.2535
1976-04-05,1004.09,1.2616
1976-04-06,1001.65,-0.243
1976-04-07,986.22,-1.5405
1976-04-08,977.09,-0.9258
1976-04-09,968.28,-0.9017
1976-04-12,971.27,0.3088
1976-04-13,984.26,1.3374
1976-04-14,974.65,-0.9764
1976-04-15,980.48,0.5982
1976-04-19,988.11,0.7782
1976-04-20,1003.46,1.5535
1976-04-21,1011.02,0.7534
1976-04-22,1007.71,-0.3274
1976-04-23,1000.71,-0.6946
1976-04-26,1002.76,0.2049
1976-04-27,995.51,-0.723
1976-04-28,1000.7,0.5213
1976-04-29,1002.13,0.1429
1976-04-30,996.85,-0.5269
1976-05-03,990.32,-0.6551
1976-05-04,993.7,0.3413
1976-05-05,986.46,-0.7286
1976-05-06,989.53,0.3112
1976-05-07,996.22,0.6761
1976-05-10,1007.48,1.1303
1976-05-11,1006.61,-0.0864
1976-05-12,1005.67,-0.0934
1976-05-13,1001.1,-0.4544
1976-05-14,992.64,-0.8451
1976-05-17,987.64,-0.5037
1976-05-18,989.45,0.1833
1976-05-19,988.9,-0.0556
1976-05-20,997.27,0.8464
1976-05-21,990.75,-0.6538
1976-05-24,971.53,-1.9399
1976-05-25,971.69,0.0165
1976-05-26,968.63,-0.3149
1976-05-27,965.57,-0.3159
1976-05-28,975.23,1.0004
1976-06-01,973.13,-0.2153
1976-06-02,975.93,0.2877
1976-06-03,973.8,-0.2183
1976-06-04,963.9,-1.0166
1976-06-07,958.09,-0.6028
1976-06-08,959.97,0.1962
1976-06-09,958.09,-0.1958
1976-06-10,964.39,0.6576
1976-06-11,978.8,1.4942
1976-06-14,991.24,1.2709
1976-06-15,985.92,-0.5367
1976-06-16,988.62,0.2739
1976-06-17,1003.19,1.4738
1976-06-18,1001.88,-0.1306
1976-06-21,1007.45,0.556
1976-06-22,997.63,-0.9747
1976-06-23,996.56,-0.1073
1976-06-24,1003.77,0.7235
1976-06-25,999.84,-0.3915
1976-06-28,997.38,-0.246
1976-06-29,1000.68,0.3309
1976-06-30,1002.78,0.2099
1976-07-01,994.84,-0.7918
1976-07-02,999.84,0.5026
1976-07-06,991.81,-0.8031
1976-07-07,991.16,-0.0655
1976-07-08,991.98,0.0827
1976-07-09,1003.11,1.122
1976-07-12,1011.21,0.8075
1976-07-13,1006.06,-0.5093
1976-07-14,1005.16,-0.0895
1976-07-15,997.46,-0.766
1976-07-16,993.21,-0.4261
1976-07-19,990.83,-0.2396
1976-07-20,988.29,-0.2564
1976-07-21,989.44,0.1164
1976-07-22,991.08,0.1658
1976-07-23,990.91,-0.0172
1976-07-26,991.51,0.0606
1976-07-27,984.13,-0.7443
1976-07-28,981.33,-0.2845
1976-07-29,979.29,-0.2079
1976-07-30,984.64,0.5463
1976-08-02,982.26,-0.2417
1976-08-03,990.33,0.8216
1976-08-04,992.28,0.1969
1976-08-05,986.68,-0.5644
1976-08-06,986,-0.0689
1976-08-09,983.46,-0.2576
1976-08-10,993.43,1.0138
1976-08-11,986.79,-0.6684
1976-08-12,987.12,0.0334
1976-08-13,990.19,0.311
1976-08-16,992.77,0.2606
1976-08-17,999.34,0.6618
1976-08-18,995.01,-0.4333
1976-08-19,983.88,-1.1186
1976-08-20,974.07,-0.9971
1976-08-23,971.49,-0.2649
1976-08-24,962.93,-0.8811
1976-08-25,970.83,0.8204
1976-08-26,960.44,-1.0702
1976-08-27,963.93,0.3634
1976-08-30,968.92,0.5177
1976-08-31,973.74,0.4975
1976-09-01,985.95,1.2539
1976-09-02,984.79,-0.1177
1976-09-03,989.11,0.4387
1976-09-07,996.59,0.7562
1976-09-08,992.94,-0.3662
1976-09-09,986.87,-0.6113
1976-09-10,988.36,0.151
1976-09-13,983.29,-0.513
1976-09-14,978.64,-0.4729
1976-09-15,979.31,0.0685
1976-09-16,987.95,0.8823
1976-09-17,995.1,0.7237
1976-09-20,994.51,-0.0593
1976-09-21,1014.79,2.0392
1976-09-22,1014.05,-0.0729
1976-09-23,1010.8,-0.3205
1976-09-24,1009.31,-0.1474
1976-09-27,1013.13,0.3785
1976-09-28,994.93,-1.7964
1976-09-29,991.19,-0.3759
1976-09-30,990.19,-0.1009
1976-10-01,979.89,-1.0402
1976-10-04,977.98,-0.1949
1976-10-05,966.76,-1.1473
1976-10-06,959.69,-0.7313
1976-10-07,965.09,0.5627
1976-10-08,952.38,-1.317
1976-10-11,940.82,-1.2138
1976-10-12,932.35,-0.9003
1976-10-13,948.3,1.7107
1976-10-14,935.92,-1.3055
1976-10-15,937,0.1154
1976-10-18,946.56,1.0203
1976-10-19,949.97,0.3603
1976-10-20,954.87,0.5158
1976-10-21,944.9,-1.0441
1976-10-22,938.75,-0.6509
1976-10-25,938,-0.0799
1976-10-26,948.14,1.081
1976-10-27,956.12,0.8416
1976-10-28,952.63,-0.365
1976-10-29,964.93,1.2912
1976-11-01,966.09,0.1202
1976-11-03,956.53,-0.9896
1976-11-04,960.44,0.4088
1976-11-05,943.07,-1.8085
1976-11-08,933.68,-0.9957
1976-11-09,930.77,-0.3117
1976-11-10,924.04,-0.7231
1976-11-11,931.43,0.7997
1976-11-12,927.69,-0.4015
1976-11-15,935.42,0.8333
1976-11-16,935.34,-0.0086
1976-11-17,938.08,0.2929
1976-11-18,950.13,1.2845
1976-11-19,948.8,-0.14
1976-11-22,955.87,0.7452
1976-11-23,949.3,-0.6873
1976-11-24,950.96,0.1749
1976-11-26,956.62,0.5952
1976-11-29,950.05,-0.6868
1976-11-30,947.22,-0.2979
1976-12-01,949.38,0.228
1976-12-02,946.64,-0.2886
1976-12-03,950.55,0.413
1976-12-06,961.77,1.1804
1976-12-07,960.69,-0.1123
1976-12-08,963.26,0.2675
1976-12-09,970.74,0.7765
1976-12-10,973.15,0.2483
1976-12-13,974.24,0.112
1976-12-14,980.63,0.6559
1976-12-15,983.79,0.3222
1976-12-16,981.3,-0.2531
1976-12-17,979.06,-0.2283
1976-12-20,972.41,-0.6792
1976-12-21,978.39,0.615
1976-12-22,984.54,0.6286
1976-12-23,985.62,0.1097
1976-12-27,996.09,1.0623
1976-12-28,1000.08,0.4006
1976-12-29,994.93,-0.515
1976-12-30,999.09,0.4181
1976-12-31,1004.65,0.5565
1977-01-03,999.75,-0.4877
1977-01-04,987.87,-1.1883
1977-01-05,978.06,-0.993
1977-01-06,979.89,0.1871
1977-01-07,983.13,0.3306
1977-01-10,986.87,0.3804
1977-01-11,976.65,-1.0356
1977-01-12,968.25,-0.8601
1977-01-13,976.15,0.8159
1977-01-14,972.16,-0.4087
1977-01-17,967.25,-0.5051
1977-01-18,962.43,-0.4983
1977-01-19,968.67,0.6484
1977-01-20,959.03,-0.9952
1977-01-21,962.43,0.3545
1977-01-24,963.6,0.1216
1977-01-25,965.92,0.2408
1977-01-26,958.53,-0.7651
1977-01-27,954.54,-0.4163
1977-01-28,957.53,0.3132
1977-01-31,954.37,-0.33
1977-02-01,958.36,0.4181
1977-02-02,952.79,-0.5812
1977-02-03,947.14,-0.593
1977-02-04,947.89,0.0792
1977-02-07,946.31,-0.1667
1977-02-08,942.24,-0.4301
1977-02-09,933.84,-0.8915
1977-02-10,937.92,0.4369
1977-02-11,931.52,-0.6824
1977-02-14,938.33,0.7311
1977-02-15,944.32,0.6384
1977-02-16,948.3,0.4215
1977-02-17,943.73,-0.4819
1977-02-18,940.24,-0.3698
1977-02-22,939.91,-0.0351
1977-02-23,938.25,-0.1766
1977-02-24,932.6,-0.6022
1977-02-25,933.43,0.089
1977-02-28,936.42,0.3203
1977-03-01,944.73,0.8874
1977-03-02,942.07,-0.2816
1977-03-03,948.64,0.6974
1977-03-04,953.46,0.5081
1977-03-07,955.12,0.1741
1977-03-08,952.04,-0.3225
1977-03-09,942.9,-0.96
1977-03-10,946.73,0.4062
1977-03-11,947.72,0.1046
1977-03-14,958.36,1.1227
1977-03-15,965.01,0.6939
1977-03-16,968,0.3098
1977-03-17,964.84,-0.3264
1977-03-18,961.02,-0.3959
1977-03-21,953.54,-0.7783
1977-03-22,950.96,-0.2706
1977-03-23,942.32,-0.9086
1977-03-24,935.67,-0.7057
1977-03-25,928.86,-0.7278
1977-03-28,926.11,-0.2961
1977-03-29,932.01,0.6371
1977-03-30,921.21,-1.1588
1977-03-31,919.13,-0.2258
1977-04-01,927.36,0.8954
1977-04-04,915.56,-1.2724
1977-04-05,916.14,0.0633
1977-04-06,914.73,-0.1539
1977-04-07,918.88,0.4537
1977-04-11,924.1,0.5681
1977-04-12,937.16,1.4133
1977-04-13,938.18,0.1088
1977-04-14,947,0.9401
1977-04-15,947.76,0.0803
1977-04-18,942.76,-0.5276
1977-04-19,938.77,-0.4232
1977-04-20,942.59,0.4069
1977-04-21,935.8,-0.7204
1977-04-22,927.07,-0.9329
1977-04-25,914.6,-1.3451
1977-04-26,915.62,0.1115
1977-04-27,923.76,0.889
1977-04-28,927.32,0.3854
1977-04-29,926.9,-0.0453
1977-05-02,931.22,0.4661
1977-05-03,934.19,0.3189
1977-05-04,940.72,0.699
1977-05-05,943.44,0.2891
1977-05-06,936.74,-0.7102
1977-05-09,933.09,-0.3896
1977-05-10,936.14,0.3269
1977-05-11,926.9,-0.987
1977-05-12,925.54,-0.1467
1977-05-13,928.34,0.3025
1977-05-16,932.5,0.4481
1977-05-17,936.48,0.4268
1977-05-18,941.91,0.5798
1977-05-19,936.48,-0.5765
1977-05-20,930.46,-0.6428
1977-05-23,917.06,-1.4401
1977-05-24,912.4,-0.5081
1977-05-25,903.24,-1.0039
1977-05-26,908.07,0.5347
1977-05-27,898.83,-1.0175
1977-05-31,898.66,-0.0189
1977-06-01,906.55,0.878
1977-06-02,903.15,-0.375
1977-06-03,912.23,1.0054
1977-06-06,903.04,-1.0074
1977-06-07,908.67,0.6234
1977-06-08,912.99,0.4754
1977-06-09,909.85,-0.3439
1977-06-10,910.79,0.1033
1977-06-13,912.4,0.1768
1977-06-14,922.57,1.1146
1977-06-15,917.57,-0.542
1977-06-16,920.45,0.3139
1977-06-17,920.45,0
1977-06-20,924.27,0.415
1977-06-21,928.6,0.4685
1977-06-22,926.31,-0.2466
1977-06-23,925.37,-0.1015
1977-06-24,929.7,0.4679
1977-06-27,924.1,-0.6023
1977-06-28,915.62,-0.9176
1977-06-29,913.33,-0.2501
1977-06-30,916.3,0.3252
1977-07-01,912.65,-0.3983
1977-07-05,913.59,0.103
1977-07-06,907.73,-0.6414
1977-07-07,909.51,0.1961
1977-07-08,907.99,-0.1671
1977-07-11,905.53,-0.2709
1977-07-12,903.41,-0.2341
1977-07-13,902.99,-0.0465
1977-07-15,905.95,0.3278
1977-07-18,910.6,0.5133
1977-07-19,919.27,0.9521
1977-07-20,920.48,0.1316
1977-07-21,921.78,0.1412
1977-07-22,923.42,0.1779
1977-07-25,914.24,-0.9941
1977-07-26,908.18,-0.6628
1977-07-27,888.43,-2.1747
1977-07-28,889.99,0.1756
1977-07-29,890.07,0.009
1977-08-01,891.81,0.1955
1977-08-02,887.39,-0.4956
1977-08-03,886,-0.1566
1977-08-04,888.17,0.2449
1977-08-05,888.69,0.0585
1977-08-08,879.42,-1.0431
1977-08-09,879.42,0
1977-08-10,887.04,0.8665
1977-08-11,877.43,-1.0834
1977-08-12,871.1,-0.7214
1977-08-15,874.13,0.3478
1977-08-16,869.28,-0.5548
1977-08-17,864.69,-0.528
1977-08-18,864.26,-0.0497
1977-08-19,863.48,-0.0903
1977-08-22,867.29,0.4412
1977-08-23,865.56,-0.1995
1977-08-24,862.87,-0.3108
1977-08-25,854.12,-1.0141
1977-08-26,855.42,0.1522
1977-08-29,864.09,1.0135
1977-08-30,858.89,-0.6018
1977-08-31,861.49,0.3027
1977-09-01,864.86,0.3912
1977-09-02,872.31,0.8614
1977-09-06,873.27,0.1101
1977-09-07,876.39,0.3573
1977-09-08,869.16,-0.825
1977-09-09,857.04,-1.3944
1977-09-12,854.38,-0.3104
1977-09-13,854.56,0.0211
1977-09-14,858.71,0.4856
1977-09-15,860.79,0.2422
1977-09-16,856.81,-0.4624
1977-09-19,851.52,-0.6174
1977-09-20,851.78,0.0305
1977-09-21,840.96,-1.2703
1977-09-22,839.41,-0.1843
1977-09-23,839.14,-0.0322
1977-09-26,841.65,0.2991
1977-09-27,835.85,-0.6891
1977-09-28,834.72,-0.1352
1977-09-29,840.09,0.6433
1977-09-30,847.11,0.8356
1977-10-03,851.96,0.5725
1977-10-04,842,-1.1691
1977-10-05,837.32,-0.5558
1977-10-06,842.08,0.5685
1977-10-07,840.35,-0.2054
1977-10-10,840.26,-0.0107
1977-10-11,832.29,-0.9485
1977-10-12,823.98,-0.9985
1977-10-13,818.17,-0.7051
1977-10-14,821.64,0.4241
1977-10-17,820.34,-0.1582
1977-10-18,820.51,0.0207
1977-10-19,812.2,-1.0128
1977-10-20,814.8,0.3201
1977-10-21,808.3,-0.7977
1977-10-24,802.32,-0.7398
1977-10-25,801.54,-0.0972
1977-10-26,813.41,1.4809
1977-10-27,818.61,0.6393
1977-10-28,822.68,0.4972
1977-10-31,818.35,-0.5263
1977-11-01,806.91,-1.3979
1977-11-02,800.85,-0.751
1977-11-03,802.67,0.2273
1977-11-04,809.94,0.9057
1977-11-07,816.44,0.8025
1977-11-08,816.27,-0.0208
1977-11-09,818.43,0.2646
1977-11-10,832.55,1.7253
1977-11-11,845.89,1.6023
1977-11-14,838.36,-0.8902
1977-11-15,842.78,0.5272
1977-11-16,837.06,-0.6787
1977-11-17,831.86,-0.6212
1977-11-18,835.76,0.4688
1977-11-21,836.11,0.0419
1977-11-22,842.52,0.7666
1977-11-23,843.3,0.0926
1977-11-25,844.42,0.1328
1977-11-28,839.57,-0.5744
1977-11-29,827.27,-1.465
1977-11-30,829.7,0.2937
1977-12-01,825.71,-0.4809
1977-12-02,823.98,-0.2095
1977-12-05,821.03,-0.358
1977-12-06,806.91,-1.7198
1977-12-07,807.43,0.0644
1977-12-08,806.91,-0.0644
1977-12-09,815.23,1.0311
1977-12-12,815.75,0.0638
1977-12-13,815.23,-0.0637
1977-12-14,822.68,0.9139
1977-12-15,817.91,-0.5798
1977-12-16,815.32,-0.3167
1977-12-19,807.95,-0.9039
1977-12-20,806.22,-0.2141
1977-12-21,813.93,0.9563
1977-12-22,821.81,0.9681
1977-12-23,829.87,0.9808
1977-12-27,829.7,-0.0205
1977-12-28,829.7,0
1977-12-29,830.39,0.0832
1977-12-30,831.17,0.0939
1978-01-03,817.74,-1.6158
1978-01-04,813.58,-0.5087
1978-01-05,804.92,-1.0644
1978-01-06,793.49,-1.42
1978-01-09,784.56,-1.1254
1978-01-10,781.53,-0.3862
1978-01-11,775.9,-0.7204
1978-01-12,778.15,0.29
1978-01-13,775.73,-0.311
1978-01-16,771.74,-0.5144
1978-01-17,779.02,0.9433
1978-01-18,786.3,0.9345
1978-01-19,778.67,-0.9704
1978-01-20,776.94,-0.2222
1978-01-23,770.7,-0.8032
1978-01-24,771.57,0.1129
1978-01-25,772.44,0.1128
1978-01-26,763.34,-1.1781
1978-01-27,764.12,0.1022
1978-01-30,772.44,1.0888
1978-01-31,769.92,-0.3262
1978-02-01,774.34,0.5741
1978-02-02,775.38,0.1343
1978-02-03,770.96,-0.57
1978-02-06,768.62,-0.3035
1978-02-07,778.85,1.331
1978-02-08,782.6,0.4815
1978-02-09,777.81,-0.6121
1978-02-10,775.99,-0.234
1978-02-13,774.43,-0.201
1978-02-14,765.16,-1.197
1978-02-15,761.69,-0.4535
1978-02-16,753.29,-1.1028
1978-02-17,752.69,-0.0797
1978-02-21,749.31,-0.4491
1978-02-22,749.05,-0.0347
1978-02-23,750.95,0.2537
1978-02-24,756.24,0.7044
1978-02-27,748.35,-1.0433
1978-02-28,742.12,-0.8325
1978-03-01,743.33,0.163
1978-03-02,746.45,0.4197
1978-03-03,747.31,0.1152
1978-03-06,742.72,-0.6142
1978-03-07,746.79,0.548
1978-03-08,750.87,0.5463
1978-03-09,750,-0.1159
1978-03-10,758.58,1.144
1978-03-13,759.96,0.1819
1978-03-14,762.56,0.3421
1978-03-15,758.58,-0.5219
1978-03-16,762.82,0.5589
1978-03-17,768.71,0.7721
1978-03-20,773.82,0.6648
1978-03-21,762.82,-1.4215
1978-03-22,757.54,-0.6922
1978-03-23,756.5,-0.1373
1978-03-27,753.21,-0.4349
1978-03-28,758.84,0.7475
1978-03-29,761.78,0.3874
1978-03-30,759.62,-0.2835
1978-03-31,757.36,-0.2975
1978-04-03,751.04,-0.8345
1978-04-04,755.37,0.5765
1978-04-05,763.08,1.0207
1978-04-06,763.95,0.114
1978-04-07,769.58,0.737
1978-04-10,773.65,0.5289
1978-04-11,770.18,-0.4485
1978-04-12,766.29,-0.5051
1978-04-13,775.21,1.1641
1978-04-14,795.13,2.5696
1978-04-17,810.12,1.8852
1978-04-18,803.27,-0.8456
1978-04-19,808.04,0.5938
1978-04-20,814.54,0.8044
1978-04-21,812.8,-0.2136
1978-04-24,826.06,1.6314
1978-04-25,833.59,0.9116
1978-04-26,836.97,0.4055
1978-04-27,826.92,-1.2008
1978-04-28,837.32,1.2577
1978-05-01,844.33,0.8372
1978-05-02,840.18,-0.4915
1978-05-03,828.83,-1.3509
1978-05-04,824.41,-0.5333
1978-05-05,829.09,0.5677
1978-05-08,824.58,-0.544
1978-05-09,822.07,-0.3044
1978-05-10,822.16,0.0109
1978-05-11,834.2,1.4644
1978-05-12,840.7,0.7792
1978-05-15,846.76,0.7208
1978-05-16,854.3,0.8905
1978-05-17,858.37,0.4764
1978-05-18,850.92,-0.8679
1978-05-19,846.85,-0.4783
1978-05-22,855.42,1.012
1978-05-23,845.29,-1.1842
1978-05-24,837.92,-0.8719
1978-05-25,835.41,-0.2996
1978-05-26,831.69,-0.4453
1978-05-30,834.2,0.3018
1978-05-31,840.61,0.7684
1978-06-01,840.7,0.0107
1978-06-02,847.54,0.8136
1978-06-05,863.83,1.922
1978-06-06,866.51,0.3102
1978-06-07,861.92,-0.5297
1978-06-08,862.09,0.0197
1978-06-09,859.23,-0.3318
1978-06-12,856.72,-0.2921
1978-06-13,856.98,0.0303
1978-06-14,854.56,-0.2824
1978-06-15,844.25,-1.2065
1978-06-16,836.97,-0.8623
1978-06-19,838.62,0.1971
1978-06-20,830.04,-1.0231
1978-06-21,824.93,-0.6156
1978-06-22,827.7,0.3358
1978-06-23,823.02,-0.5654
1978-06-26,812.28,-1.305
1978-06-27,817.31,0.6192
1978-06-28,819.91,0.3181
1978-06-29,821.64,0.211
1978-06-30,818.95,-0.3274
1978-07-03,812.89,-0.74
1978-07-05,805.79,-0.8734
1978-07-06,807.19,0.1737
1978-07-07,812.46,0.6529
1978-07-10,816.79,0.5329
1978-07-11,821.29,0.5509
1978-07-12,824.93,0.4432
1978-07-13,824.76,-0.0206
1978-07-14,839.83,1.8272
1978-07-17,839.05,-0.0929
1978-07-18,829,-1.1978
1978-07-19,840.7,1.4113
1978-07-20,838.62,-0.2474
1978-07-21,833.42,-0.6201
1978-07-24,831.6,-0.2184
1978-07-25,839.57,0.9584
1978-07-26,847.19,0.9076
1978-07-27,850.57,0.399
1978-07-28,856.29,0.6725
1978-07-31,862.27,0.6984
1978-08-01,860.71,-0.1809
1978-08-02,883.49,2.6467
1978-08-03,886.87,0.3826
1978-08-04,888.43,0.1759
1978-08-07,885.05,-0.3804
1978-08-08,889.21,0.47
1978-08-09,891.63,0.2722
1978-08-10,885.48,-0.6897
1978-08-11,890.85,0.6065
1978-08-14,888.17,-0.3008
1978-08-15,887.13,-0.1171
1978-08-16,894.58,0.8398
1978-08-17,900.12,0.6193
1978-08-18,896.83,-0.3655
1978-08-21,888.95,-0.8787
1978-08-22,892.41,0.3892
1978-08-23,897,0.5143
1978-08-24,897.35,0.039
1978-08-25,895.53,-0.2028
1978-08-28,884.88,-1.1892
1978-08-29,880.2,-0.5289
1978-08-30,880.72,0.0591
1978-08-31,876.82,-0.4428
1978-09-01,879.33,0.2863
1978-09-05,886.61,0.8279
1978-09-06,895.79,1.0354
1978-09-07,893.71,-0.2322
1978-09-08,907.74,1.5699
1978-09-11,907.74,0
1978-09-12,906.44,-0.1432
1978-09-13,899.6,-0.7546
1978-09-14,887.04,-1.3962
1978-09-15,878.55,-0.9571
1978-09-18,870.15,-0.9561
1978-09-19,861.57,-0.986
1978-09-20,857.16,-0.5119
1978-09-21,861.14,0.4643
1978-09-22,862.44,0.151
1978-09-25,862.35,-0.0104
1978-09-26,868.16,0.6737
1978-09-27,860.19,-0.918
1978-09-28,861.31,0.1302
1978-09-29,865.82,0.5236
1978-10-02,871.36,0.6399
1978-10-03,867.9,-0.3971
1978-10-04,873.96,0.6982
1978-10-05,876.47,0.2872
1978-10-06,880.02,0.405
1978-10-09,893.19,1.4966
1978-10-10,891.63,-0.1747
1978-10-11,901.42,1.098
1978-10-12,896.74,-0.5192
1978-10-13,897.09,0.039
1978-10-16,875.17,-2.4435
1978-10-17,866.34,-1.0089
1978-10-18,859.67,-0.7699
1978-10-19,846.41,-1.5425
1978-10-20,838.01,-0.9924
1978-10-23,839.66,0.1969
1978-10-24,832.55,-0.8468
1978-10-25,830.21,-0.2811
1978-10-26,821.12,-1.0949
1978-10-27,806.05,-1.8353
1978-10-30,811.85,0.7196
1978-10-31,792.45,-2.3896
1978-11-01,827.79,4.4596
1978-11-02,816.96,-1.3083
1978-11-03,823.11,0.7528
1978-11-06,814.88,-0.9999
1978-11-07,800.07,-1.8174
1978-11-08,807.61,0.9424
1978-11-09,803.97,-0.4507
1978-11-10,807.09,0.3881
1978-11-13,792.01,-1.8684
1978-11-14,785.26,-0.8523
1978-11-15,785.6,0.0433
1978-11-16,794.18,1.0922
1978-11-17,797.73,0.447
1978-11-20,805.61,0.9878
1978-11-21,804.05,-0.1936
1978-11-22,807,0.3669
1978-11-24,810.12,0.3866
1978-11-27,813.84,0.4592
1978-11-28,804.14,-1.1919
1978-11-29,790.11,-1.7447
1978-11-30,799.03,1.129
1978-12-01,811.5,1.5606
1978-12-04,806.83,-0.5755
1978-12-05,820.51,1.6955
1978-12-06,821.9,0.1694
1978-12-07,816.09,-0.7069
1978-12-08,811.85,-0.5196
1978-12-11,817.65,0.7144
1978-12-12,814.97,-0.3278
1978-12-13,809.86,-0.627
1978-12-14,812.54,0.3309
1978-12-15,805.35,-0.8849
1978-12-18,787.51,-2.2152
1978-12-19,789.85,0.2971
1978-12-20,793.66,0.4824
1978-12-21,794.79,0.1424
1978-12-22,808.47,1.7212
1978-12-26,816.01,0.9326
1978-12-27,808.56,-0.913
1978-12-28,805.96,-0.3216
1978-12-29,805.01,-0.1179
1979-01-02,811.42,0.7963
1979-01-03,817.39,0.7357
1979-01-04,826.14,1.0705
1979-01-05,830.73,0.5556
1979-01-08,828.14,-0.3118
1979-01-09,831.43,0.3973
1979-01-10,824.93,-0.7818
1979-01-11,828.05,0.3782
1979-01-12,836.28,0.9939
1979-01-15,848.67,1.4816
1979-01-16,835.59,-1.5412
1979-01-17,834.2,-0.1663
1979-01-18,839.14,0.5922
1979-01-19,837.49,-0.1966
1979-01-22,838.53,0.1242
1979-01-23,846.85,0.9922
1979-01-24,846.41,-0.052
1979-01-25,854.64,0.9723
1979-01-26,859.75,0.5979
1979-01-29,855.77,-0.4629
1979-01-30,851.78,-0.4662
1979-01-31,839.22,-1.4746
1979-02-01,840.87,0.1966
1979-02-02,834.63,-0.7421
1979-02-05,823.98,-1.276
1979-02-06,822.85,-0.1371
1979-02-07,816.01,-0.8313
1979-02-08,818.87,0.3505
1979-02-09,822.23,0.4103
1979-02-12,824.84,0.3174
1979-02-13,830.21,0.651
1979-02-14,829.78,-0.0518
1979-02-15,829.09,-0.0832
1979-02-16,827.01,-0.2509
1979-02-20,834.55,0.9117
1979-02-21,834.55,0
1979-02-22,828.57,-0.7166
1979-02-23,823.28,-0.6384
1979-02-26,821.12,-0.2624
1979-02-27,807,-1.7196
1979-02-28,808.82,0.2255
1979-03-01,815.84,0.8679
1979-03-02,815.75,-0.011
1979-03-05,827.36,1.4232
1979-03-06,826.58,-0.0943
1979-03-07,834.29,0.9328
1979-03-08,844.85,1.2657
1979-03-09,842.86,-0.2355
1979-03-12,844.68,0.2159
1979-03-13,846.93,0.2664
1979-03-14,845.37,-0.1842
1979-03-15,847.02,0.1952
1979-03-16,852.82,0.6848
1979-03-19,857.59,0.5593
1979-03-20,850.31,-0.8489
1979-03-21,857.76,0.8762
1979-03-22,861.31,0.4139
1979-03-23,859.75,-0.1811
1979-03-26,854.82,-0.5734
1979-03-27,871.36,1.9349
1979-03-28,866.25,-0.5864
1979-03-29,866.77,0.06
1979-03-30,862.18,-0.5296
1979-04-02,855.25,-0.8038
1979-04-03,868.35,1.5317
1979-04-04,869.8,0.167
1979-04-05,877.6,0.8968
1979-04-06,875.69,-0.2176
1979-04-09,873.7,-0.2272
1979-04-10,878.72,0.5746
1979-04-11,871.71,-0.7978
1979-04-12,870.5,-0.1388
1979-04-16,860.45,-1.1545
1979-04-17,857.93,-0.2929
1979-04-18,860.27,0.2727
1979-04-19,855.25,-0.5835
1979-04-20,856.98,0.2023
1979-04-23,860.1,0.3641
1979-04-24,866.86,0.786
1979-04-25,867.46,0.0692
1979-04-26,860.97,-0.7482
1979-04-27,856.64,-0.5029
1979-04-30,854.9,-0.2031
1979-05-01,855.51,0.0714
1979-05-02,855.51,0
1979-05-03,857.59,0.2431
1979-05-04,847.54,-1.1719
1979-05-07,833.42,-1.666
1979-05-08,834.89,0.1764
1979-05-09,838.62,0.4468
1979-05-10,828.92,-1.1567
1979-05-11,830.56,0.1978
1979-05-14,825.02,-0.667
1979-05-15,825.88,0.1042
1979-05-16,828.48,0.3148
1979-05-17,842.95,1.7466
1979-05-18,841.91,-0.1234
1979-05-21,842.43,0.0618
1979-05-22,845.37,0.349
1979-05-23,837.4,-0.9428
1979-05-24,837.66,0.031
1979-05-25,836.28,-0.1647
1979-05-29,832.55,-0.446
1979-05-30,822.16,-1.248
1979-05-31,822.33,0.0207
1979-06-01,821.21,-0.1362
1979-06-04,821.9,0.084
1979-06-05,831.34,1.1486
1979-06-06,835.5,0.5004
1979-06-07,836.97,0.1759
1979-06-08,835.15,-0.2175
1979-06-11,837.58,0.291
1979-06-12,845.29,0.9205
1979-06-13,842.17,-0.3691
1979-06-14,842.34,0.0202
1979-06-15,843.3,0.114
1979-06-18,839.4,-0.4625
1979-06-19,839.4,0
1979-06-20,839.83,0.0512
1979-06-21,843.64,0.4537
1979-06-22,849.1,0.6472
1979-06-25,844.25,-0.5712
1979-06-26,837.66,-0.7806
1979-06-27,840.52,0.3414
1979-06-28,843.04,0.2998
1979-06-29,841.98,-0.1257
1979-07-02,834.04,-0.943
1979-07-03,835.58,0.1846
1979-07-05,835.75,0.0203
1979-07-06,846.16,1.2456
1979-07-09,852.99,0.8072
1979-07-10,850.34,-0.3107
1979-07-11,843.86,-0.762
1979-07-12,836.86,-0.8295
1979-07-13,833.53,-0.3979
1979-07-16,834.9,0.1644
1979-07-17,828.5,-0.7666
1979-07-18,828.58,0.0097
1979-07-19,827.3,-0.1545
1979-07-20,828.07,0.0931
1979-07-23,825.51,-0.3092
1979-07-24,829.78,0.5173
1979-07-25,839.51,1.1726
1979-07-26,839.76,0.0298
1979-07-27,839.76,0
1979-07-30,838.74,-0.1215
1979-07-31,846.42,0.9157
1979-08-01,850.34,0.4631
1979-08-02,847.95,-0.2811
1979-08-03,846.16,-0.2111
1979-08-06,848.55,0.2825
1979-08-07,859.81,1.327
1979-08-08,863.14,0.3873
1979-08-09,858.28,-0.5631
1979-08-10,867.06,1.023
1979-08-13,875.26,0.9457
1979-08-14,876.71,0.1657
1979-08-15,885.84,1.0414
1979-08-16,884.04,-0.2032
1979-08-17,883.36,-0.0769
1979-08-20,886.52,0.3577
1979-08-21,886.01,-0.0575
1979-08-22,885.84,-0.0192
1979-08-23,880.38,-0.6164
1979-08-24,880.2,-0.0204
1979-08-27,885.41,0.5919
1979-08-28,884.64,-0.087
1979-08-29,884.9,0.0294
1979-08-30,883.7,-0.1356
1979-08-31,887.63,0.4447
1979-09-04,872.61,-1.6921
1979-09-05,866.13,-0.7426
1979-09-06,867.32,0.1374
1979-09-07,874.15,0.7875
1979-09-10,876.88,0.3123
1979-09-11,869.71,-0.8177
1979-09-12,870.9,0.1368
1979-09-13,870.73,-0.0195
1979-09-14,879.1,0.9613
1979-09-17,881.31,0.2514
1979-09-18,874.15,-0.8124
1979-09-19,876.45,0.2631
1979-09-20,893.69,1.967
1979-09-21,893.94,0.028
1979-09-24,885.84,-0.9061
1979-09-25,886.18,0.0384
1979-09-26,886.35,0.0192
1979-09-27,887.46,0.1252
1979-09-28,878.58,-1.0006
1979-10-01,872.95,-0.6408
1979-10-02,885.32,1.417
1979-10-03,885.15,-0.0192
1979-10-04,890.1,0.5592
1979-10-05,897.61,0.8437
1979-10-08,884.04,-1.5118
1979-10-09,857.59,-2.9919
1979-10-10,849.32,-0.9643
1979-10-11,844.62,-0.5534
1979-10-12,838.99,-0.6666
1979-10-15,831.06,-0.9452
1979-10-16,829.52,-0.1853
1979-10-17,830.72,0.1447
1979-10-18,830.12,-0.0722
1979-10-19,814.68,-1.86
1979-10-22,809.13,-0.6812
1979-10-23,806.83,-0.2843
1979-10-24,808.36,0.1896
1979-10-25,808.46,0.0124
1979-10-26,809.3,0.1039
1979-10-29,808.62,-0.084
1979-10-30,823.81,1.8785
1979-10-31,815.7,-0.9845
1979-11-01,820.14,0.5443
1979-11-02,818.94,-0.1463
1979-11-05,812.63,-0.7705
1979-11-06,806.48,-0.7568
1979-11-07,796.67,-1.2164
1979-11-08,797.61,0.118
1979-11-09,806.48,1.1121
1979-11-12,821.93,1.9157
1979-11-13,814.08,-0.9551
1979-11-14,816.55,0.3034
1979-11-15,821.33,0.5854
1979-11-16,815.7,-0.6855
1979-11-19,815.27,-0.0527
1979-11-20,809.22,-0.7421
1979-11-21,807.42,-0.2224
1979-11-23,811.77,0.5388
1979-11-26,828.75,2.0917
1979-11-27,825.85,-0.3499
1979-11-28,830.46,0.5582
1979-11-29,831.74,0.1541
1979-11-30,822.35,-1.129
1979-12-03,819.62,-0.332
1979-12-04,824.91,0.6454
1979-12-05,828.41,0.4243
1979-12-06,835.07,0.8039
1979-12-07,833.19,-0.2251
1979-12-10,833.87,0.0816
1979-12-11,833.7,-0.0204
1979-12-12,835.67,0.2363
1979-12-13,836.09,0.0503
1979-12-14,842.75,0.7966
1979-12-17,844.62,0.2219
1979-12-18,838.65,-0.7068
1979-12-19,838.91,0.031
1979-12-20,843.34,0.5281
1979-12-21,838.91,-0.5253
1979-12-24,839.16,0.0298
1979-12-26,838.14,-0.1216
1979-12-27,840.1,0.2339
1979-12-28,838.91,-0.1416
1979-12-31,838.71,-0.0238
1980-01-02,824.57,-1.6859
1980-01-03,820.31,-0.5166
1980-01-04,828.84,1.0399
1980-01-07,832,0.3813
1980-01-08,851.71,2.369
1980-01-09,850.09,-0.1902
1980-01-10,858.96,1.0434
1980-01-11,858.53,-0.0501
1980-01-14,863.57,0.587
1980-01-15,868.6,0.5825
1980-01-16,865.19,-0.3926
1980-01-17,863.57,-0.1872
1980-01-18,867.15,0.4146
1980-01-21,872.78,0.6493
1980-01-22,866.21,-0.7528
1980-01-23,877.56,1.3103
1980-01-24,879.95,0.2723
1980-01-25,876.11,-0.4364
1980-01-28,878.5,0.2728
1980-01-29,874.4,-0.4667
1980-01-30,881.91,0.8589
1980-01-31,875.85,-0.6871
1980-02-01,881.48,0.6428
1980-02-04,875.09,-0.7249
1980-02-05,876.62,0.1748
1980-02-06,881.83,0.5943
1980-02-07,885.49,0.415
1980-02-08,895.73,1.1564
1980-02-11,889.59,-0.6855
1980-02-12,898.98,1.0555
1980-02-13,903.84,0.5406
1980-02-14,893.77,-1.1141
1980-02-15,884.98,-0.9835
1980-02-19,876.02,-1.0125
1980-02-20,886.86,1.2374
1980-02-21,868.52,-2.068
1980-02-22,868.77,0.0288
1980-02-25,859.81,-1.0313
1980-02-26,864.25,0.5164
1980-02-27,855.12,-1.0564
1980-02-28,854.44,-0.0795
1980-02-29,863.14,1.0182
1980-03-03,854.35,-1.0184
1980-03-04,856.48,0.2493
1980-03-05,844.88,-1.3544
1980-03-06,828.07,-1.9896
1980-03-07,820.56,-0.9069
1980-03-10,818.94,-0.1974
1980-03-11,826.45,0.917
1980-03-12,819.54,-0.8361
1980-03-13,809.56,-1.2178
1980-03-14,811.69,0.2631
1980-03-17,788.65,-2.8385
1980-03-18,801.62,1.6446
1980-03-19,800.94,-0.0848
1980-03-20,789.08,-1.4808
1980-03-21,785.15,-0.498
1980-03-24,765.44,-2.5103
1980-03-25,767.83,0.3122
1980-03-26,762.12,-0.7437
1980-03-27,759.98,-0.2808
1980-03-28,777.65,2.3251
1980-03-31,785.75,1.0416
1980-04-01,784.47,-0.1629
1980-04-02,787.8,0.4245
1980-04-03,784.13,-0.4659
1980-04-07,768.34,-2.0137
1980-04-08,775,0.8668
1980-04-09,785.92,1.409
1980-04-10,791.47,0.7062
1980-04-11,791.55,0.0101
1980-04-14,784.9,-0.8401
1980-04-15,783.36,-0.1962
1980-04-16,771.25,-1.5459
1980-04-17,768.86,-0.3099
1980-04-18,763.4,-0.7101
1980-04-21,759.13,-0.5593
1980-04-22,789.85,4.0467
1980-04-23,789.25,-0.076
1980-04-24,797.1,0.9946
1980-04-25,803.58,0.8129
1980-04-28,805.46,0.234
1980-04-29,811.09,0.699
1980-04-30,817.06,0.736
1980-05-01,808.79,-1.0122
1980-05-02,810.92,0.2634
1980-05-05,816.3,0.6634
1980-05-06,816.04,-0.0319
1980-05-07,821.25,0.6384
1980-05-08,815.19,-0.7379
1980-05-09,805.8,-1.1519
1980-05-12,805.2,-0.0745
1980-05-13,816.89,1.4518
1980-05-14,819.62,0.3342
1980-05-15,822.53,0.355
1980-05-16,826.88,0.5289
1980-05-19,830.89,0.485
1980-05-20,832.51,0.195
1980-05-21,831.06,-0.1742
1980-05-22,842.92,1.4271
1980-05-23,854.1,1.3263
1980-05-27,857.76,0.4285
1980-05-28,860.32,0.2985
1980-05-29,846.25,-1.6354
1980-05-30,850.85,0.5436
1980-06-02,847.35,-0.4114
1980-06-03,843.77,-0.4225
1980-06-04,858.02,1.6888
1980-06-05,858.7,0.0793
1980-06-06,861.52,0.3284
1980-06-09,860.67,-0.0987
1980-06-10,863.99,0.3857
1980-06-11,872.7,1.0081
1980-06-12,872.61,-0.0103
1980-06-13,876.37,0.4309
1980-06-16,877.73,0.1552
1980-06-17,879.27,0.1755
1980-06-18,881.91,0.3002
1980-06-19,870.9,-1.2484
1980-06-20,869.71,-0.1366
1980-06-23,873.81,0.4714
1980-06-24,877.3,0.3994
1980-06-25,887.54,1.1672
1980-06-26,883.45,-0.4608
1980-06-27,881.83,-0.1834
1980-06-30,867.92,-1.5774
1980-07-01,872.27,0.5012
1980-07-02,876.02,0.4299
1980-07-03,888.91,1.4714
1980-07-07,898.21,1.0462
1980-07-08,897.35,-0.0957
1980-07-09,897.27,-0.0089
1980-07-10,885.92,-1.2649
1980-07-11,887.13,0.1366
1980-07-14,905.55,2.0764
1980-07-15,901.54,-0.4428
1980-07-16,904.44,0.3217
1980-07-17,915.1,1.1786
1980-07-18,923.98,0.9704
1980-07-21,928.67,0.5076
1980-07-22,927.3,-0.1475
1980-07-23,928.58,0.138
1980-07-24,926.11,-0.266
1980-07-25,918.09,-0.866
1980-07-28,925.43,0.7995
1980-07-29,931.91,0.7002
1980-07-30,936.18,0.4582
1980-07-31,935.32,-0.0919
1980-08-01,931.48,-0.4106
1980-08-04,931.06,-0.0451
1980-08-05,929.78,-0.1375
1980-08-06,938.23,0.9088
1980-08-07,950.94,1.3547
1980-08-08,954.69,0.3943
1980-08-11,964.08,0.9836
1980-08-12,952.39,-1.2126
1980-08-13,949.23,-0.3318
1980-08-14,962.63,1.4117
1980-08-15,966.72,0.4249
1980-08-18,948.63,-1.8713
1980-08-19,939.85,-0.9255
1980-08-20,945.31,0.5809
1980-08-21,955.03,1.0282
1980-08-22,958.19,0.3309
1980-08-25,956.23,-0.2046
1980-08-26,953.41,-0.2949
1980-08-27,943.09,-1.0824
1980-08-28,930.38,-1.3477
1980-08-29,932.59,0.2375
1980-09-02,940.78,0.8782
1980-09-03,953.16,1.3159
1980-09-04,948.81,-0.4564
1980-09-05,940.96,-0.8274
1980-09-08,928.58,-1.3157
1980-09-09,934.73,0.6623
1980-09-10,938.48,0.4012
1980-09-11,941.3,0.3005
1980-09-12,936.52,-0.5078
1980-09-15,937.63,0.1185
1980-09-16,945.9,0.882
1980-09-17,961.26,1.6239
1980-09-18,956.48,-0.4973
1980-09-19,963.74,0.759
1980-09-22,974.57,1.1237
1980-09-23,962.03,-1.2867
1980-09-24,964.76,0.2838
1980-09-25,955.97,-0.9111
1980-09-26,940.1,-1.6601
1980-09-29,921.93,-1.9328
1980-09-30,932.42,1.1378
1980-10-01,939.42,0.7507
1980-10-02,942.24,0.3002
1980-10-03,950.68,0.8957
1980-10-06,965.7,1.5799
1980-10-07,960.67,-0.5209
1980-10-08,963.99,0.3456
1980-10-09,958.96,-0.5218
1980-10-10,950.68,-0.8634
1980-10-13,959.9,0.9698
1980-10-14,962.2,0.2396
1980-10-15,972.44,1.0642
1980-10-16,958.7,-1.4129
1980-10-17,956.14,-0.267
1980-10-20,960.84,0.4916
1980-10-21,954.44,-0.6661
1980-10-22,955.12,0.0712
1980-10-23,939.51,-1.6343
1980-10-24,943.6,0.4353
1980-10-27,931.74,-1.2569
1980-10-28,932.59,0.0912
1980-10-29,929.18,-0.3656
1980-10-30,917.75,-1.2301
1980-10-31,924.49,0.7344
1980-11-03,937.2,1.3748
1980-11-05,953.16,1.7029
1980-11-06,935.41,-1.8622
1980-11-07,932.42,-0.3196
1980-11-10,933.79,0.1469
1980-11-11,944.03,1.0966
1980-11-12,964.93,2.2139
1980-11-13,982.42,1.8126
1980-11-14,986.35,0.4
1980-11-17,986.26,-0.0091
1980-11-18,997.95,1.1853
1980-11-19,991.04,-0.6924
1980-11-20,1000.17,0.9213
1980-11-21,989.93,-1.0238
1980-11-24,978.75,-1.1294
1980-11-25,982.68,0.4015
1980-11-26,989.68,0.7123
1980-11-28,993.34,0.3698
1980-12-01,969.46,-2.404
1980-12-02,974.4,0.5096
1980-12-03,972.27,-0.2186
1980-12-04,970.48,-0.1841
1980-12-05,956.23,-1.4683
1980-12-08,933.7,-2.3561
1980-12-09,934.04,0.0364
1980-12-10,916.21,-1.9089
1980-12-11,908.45,-0.847
1980-12-12,917.15,0.9577
1980-12-15,911.6,-0.6051
1980-12-16,918.09,0.7119
1980-12-17,928.5,1.1339
1980-12-18,930.2,0.1831
1980-12-19,937.2,0.7525
1980-12-22,958.79,2.3037
1980-12-23,958.28,-0.0532
1980-12-24,963.05,0.4978
1980-12-26,966.38,0.3458
1980-12-29,960.58,-0.6002
1980-12-30,962.03,0.151
1980-12-31,963.99,0.2037
1981-01-02,972.78,0.9118
1981-01-05,992.66,2.0436
1981-01-06,1004.69,1.2119
1981-01-07,980.89,-2.3689
1981-01-08,965.7,-1.5486
1981-01-09,968.69,0.3096
1981-01-12,968.77,0.0083
1981-01-13,965.1,-0.3788
1981-01-14,966.47,0.142
1981-01-15,969.97,0.3621
1981-01-16,973.29,0.3423
1981-01-19,970.99,-0.2363
1981-01-20,950.68,-2.0917
1981-01-21,946.25,-0.466
1981-01-22,940.44,-0.614
1981-01-23,940.19,-0.0266
1981-01-26,938.91,-0.1361
1981-01-27,949.49,1.1268
1981-01-28,942.58,-0.7278
1981-01-29,948.89,0.6694
1981-01-30,947.27,-0.1707
1981-02-02,932.25,-1.5856
1981-02-03,941.38,0.9794
1981-02-04,941.98,0.0637
1981-02-05,946.76,0.5074
1981-02-06,952.3,0.5852
1981-02-09,947.18,-0.5376
1981-02-10,948.63,0.1531
1981-02-11,942.49,-0.6472
1981-02-12,936.6,-0.6249
1981-02-13,931.57,-0.537
1981-02-17,939.68,0.8706
1981-02-18,947.1,0.7896
1981-02-19,933.36,-1.4507
1981-02-20,936.09,0.2925
1981-02-23,945.23,0.9764
1981-02-24,946.1,0.092
1981-02-25,954.4,0.8773
1981-02-26,966.81,1.3003
1981-02-27,974.58,0.8037
1981-03-02,977.99,0.3499
1981-03-03,966.02,-1.2239
1981-03-04,971.44,0.5611
1981-03-05,964.62,-0.7021
1981-03-06,964.62,0
1981-03-09,976.42,1.2233
1981-03-10,972.66,-0.3851
1981-03-11,967.67,-0.513
1981-03-12,989.82,2.289
1981-03-13,985.77,-0.4092
1981-03-16,1002.79,1.7266
1981-03-17,992.53,-1.0231
1981-03-18,994.06,0.1542
1981-03-19,986.58,-0.7525
1981-03-20,992.8,0.6305
1981-03-23,1004.23,1.1513
1981-03-24,996.13,-0.8066
1981-03-25,1015.22,1.9164
1981-03-26,1005.76,-0.9318
1981-03-27,994.78,-1.0917
1981-03-30,992.16,-0.2634
1981-03-31,1003.87,1.1803
1981-04-01,1014.14,1.023
1981-04-02,1009.01,-0.5058
1981-04-03,1007.11,-0.1883
1981-04-06,994.24,-1.2779
1981-04-07,992.89,-0.1358
1981-04-08,993.43,0.0544
1981-04-09,998.83,0.5436
1981-04-10,1000.27,0.1442
1981-04-13,993.16,-0.7108
1981-04-14,989.1,-0.4088
1981-04-15,1001.71,1.2749
1981-04-16,1005.58,0.3863
1981-04-20,1015.94,1.0303
1981-04-21,1005.94,-0.9843
1981-04-22,1007.02,0.1074
1981-04-23,1010.27,0.3227
1981-04-24,1020.35,0.9978
1981-04-27,1024.05,0.3626
1981-04-28,1016.93,-0.6953
1981-04-29,1004.32,-1.24
1981-04-30,997.75,-0.6542
1981-05-01,995.59,-0.2165
1981-05-04,979.11,-1.6553
1981-05-05,972.44,-0.6812
1981-05-06,973.34,0.0926
1981-05-07,978.39,0.5188
1981-05-08,976.4,-0.2034
1981-05-11,963.44,-1.3273
1981-05-12,970.82,0.766
1981-05-13,967.76,-0.3152
1981-05-14,973.07,0.5487
1981-05-15,985.95,1.3236
1981-05-18,985.77,-0.0183
1981-05-19,980.01,-0.5843
1981-05-20,976.86,-0.3214
1981-05-21,976.59,-0.0276
1981-05-22,971.72,-0.4987
1981-05-26,983.96,1.2596
1981-05-27,993.14,0.933
1981-05-28,994.25,0.1118
1981-05-29,991.75,-0.2514
1981-06-01,997.96,0.6262
1981-06-02,987.48,-1.0501
1981-06-03,989.71,0.2258
1981-06-04,986.74,-0.3001
1981-06-05,993.79,0.7145
1981-06-08,995.64,0.1862
1981-06-09,994.44,-0.1205
1981-06-10,993.88,-0.0563
1981-06-11,1007.42,1.3623
1981-06-12,1006.28,-0.1132
1981-06-15,1011.99,0.5674
1981-06-16,1003.33,-0.8557
1981-06-17,1006.56,0.3219
1981-06-18,995.15,-1.1336
1981-06-19,996.19,0.1045
1981-06-22,994.2,-0.1998
1981-06-23,1006.66,1.2533
1981-06-24,999.33,-0.7282
1981-06-25,996.77,-0.2562
1981-06-26,992.87,-0.3913
1981-06-29,984.59,-0.8339
1981-06-30,976.88,-0.7831
1981-07-01,967.66,-0.9438
1981-07-02,959.19,-0.8753
1981-07-06,949.3,-1.0311
1981-07-07,954.15,0.5109
1981-07-08,953.48,-0.0702
1981-07-09,959,0.5789
1981-07-10,955.67,-0.3472
1981-07-13,954.34,-0.1392
1981-07-14,948.25,-0.6381
1981-07-15,954.15,0.6222
1981-07-16,955.48,0.1394
1981-07-17,958.9,0.3579
1981-07-20,949.54,-0.9761
1981-07-21,934.46,-1.5881
1981-07-22,924.66,-1.0487
1981-07-23,928.56,0.4218
1981-07-24,936.74,0.8809
1981-07-27,945.87,0.9747
1981-07-28,939.4,-0.684
1981-07-29,937.4,-0.2129
1981-07-30,945.11,0.8225
1981-07-31,952.34,0.765
1981-08-03,946.25,-0.6395
1981-08-04,945.97,-0.0296
1981-08-05,953.58,0.8045
1981-08-06,952.91,-0.0703
1981-08-07,942.54,-1.0882
1981-08-10,943.68,0.1209
1981-08-11,949.3,0.5955
1981-08-12,945.21,-0.4308
1981-08-13,944.35,-0.091
1981-08-14,936.93,-0.7857
1981-08-17,926.75,-1.0865
1981-08-18,924.37,-0.2568
1981-08-19,926.46,0.2261
1981-08-20,928.37,0.2062
1981-08-21,920.57,-0.8402
1981-08-24,900.11,-2.2225
1981-08-25,901.83,0.1911
1981-08-26,899.26,-0.285
1981-08-27,889.08,-1.132
1981-08-28,892.22,0.3532
1981-08-31,881.47,-1.2049
1981-09-01,882.71,0.1407
1981-09-02,884.23,0.1722
1981-09-03,867.01,-1.9475
1981-09-04,861.68,-0.6148
1981-09-08,851.12,-1.2255
1981-09-09,853.88,0.3243
1981-09-10,862.44,1.0025
1981-09-11,872.81,1.2024
1981-09-14,866.15,-0.7631
1981-09-15,858.35,-0.9005
1981-09-16,851.6,-0.7864
1981-09-17,840.09,-1.3516
1981-09-18,836.19,-0.4642
1981-09-21,846.56,1.2401
1981-09-22,845.7,-0.1016
1981-09-23,840.94,-0.5628
1981-09-24,835.14,-0.6897
1981-09-25,824.01,-1.3327
1981-09-28,842.56,2.2512
1981-09-29,847.89,0.6326
1981-09-30,849.98,0.2465
1981-10-01,852.26,0.2682
1981-10-02,860.73,0.9938
1981-10-05,859.87,-0.0999
1981-10-06,856.26,-0.4198
1981-10-07,868.72,1.4552
1981-10-08,878.14,1.0844
1981-10-09,873,-0.5853
1981-10-12,869.48,-0.4032
1981-10-13,865.58,-0.4485
1981-10-14,850.65,-1.7249
1981-10-15,856.26,0.6595
1981-10-16,851.69,-0.5337
1981-10-19,847.13,-0.5354
1981-10-20,851.88,0.5607
1981-10-21,851.03,-0.0998
1981-10-22,848.27,-0.3243
1981-10-23,837.99,-1.2119
1981-10-26,830.96,-0.8389
1981-10-27,838.38,0.8929
1981-10-28,837.61,-0.0918
1981-10-29,832.95,-0.5563
1981-10-30,852.55,2.3531
1981-11-02,866.82,1.6738
1981-11-03,868.72,0.2192
1981-11-04,866.82,-0.2187
1981-11-05,859.11,-0.8895
1981-11-06,852.45,-0.7752
1981-11-09,855.21,0.3238
1981-11-10,853.98,-0.1438
1981-11-11,857.12,0.3677
1981-11-12,860.54,0.399
1981-11-13,855.88,-0.5415
1981-11-16,845.03,-1.2677
1981-11-17,850.17,0.6083
1981-11-18,844.08,-0.7163
1981-11-19,844.75,0.0794
1981-11-20,852.93,0.9683
1981-11-23,851.79,-0.1337
1981-11-24,870.24,2.166
1981-11-25,878.14,0.9078
1981-11-27,885.94,0.8882
1981-11-30,888.98,0.3431
1981-12-01,890.22,0.1395
1981-12-02,882.61,-0.8548
1981-12-03,883.85,0.1405
1981-12-04,892.69,1.0002
1981-12-07,886.99,-0.6385
1981-12-08,881.75,-0.5908
1981-12-09,888.22,0.7338
1981-12-10,892.03,0.4289
1981-12-11,886.51,-0.6188
1981-12-14,871.48,-1.6954
1981-12-15,875.95,0.5129
1981-12-16,868.72,-0.8254
1981-12-17,870.53,0.2084
1981-12-18,875.76,0.6008
1981-12-21,873.1,-0.3037
1981-12-22,871.96,-0.1306
1981-12-23,869.67,-0.2626
1981-12-24,873.38,0.4266
1981-12-28,870.34,-0.3481
1981-12-29,868.25,-0.2401
1981-12-30,873.1,0.5586
1981-12-31,875,0.2176
1982-01-04,882.52,0.8594
1982-01-05,865.3,-1.9512
1982-01-06,861.02,-0.4946
1982-01-07,861.78,0.0883
1982-01-08,866.53,0.5512
1982-01-11,850.46,-1.8545
1982-01-12,847.7,-0.3245
1982-01-13,838.95,-1.0322
1982-01-14,842.28,0.3969
1982-01-15,847.6,0.6316
1982-01-18,855.12,0.8872
1982-01-19,847.41,-0.9016
1982-01-20,845.89,-0.1794
1982-01-21,848.27,0.2814
1982-01-22,845.03,-0.382
1982-01-25,842.75,-0.2698
1982-01-26,841.51,-0.1471
1982-01-27,842.66,0.1367
1982-01-28,864.25,2.5621
1982-01-29,871.1,0.7926
1982-02-01,851.69,-2.2282
1982-02-02,852.55,0.101
1982-02-03,845.03,-0.8821
1982-02-04,847.03,0.2367
1982-02-05,851.03,0.4722
1982-02-08,833.43,-2.0681
1982-02-09,830.57,-0.3432
1982-02-10,836.66,0.7332
1982-02-11,834.67,-0.2379
1982-02-12,833.81,-0.103
1982-02-16,831.34,-0.2962
1982-02-17,827.63,-0.4463
1982-02-18,828.96,0.1607
1982-02-19,824.3,-0.5622
1982-02-22,811.26,-1.5819
1982-02-23,812.98,0.212
1982-02-24,826.77,1.6962
1982-02-25,825.82,-0.1149
1982-02-26,824.39,-0.1732
1982-03-01,828.39,0.4852
1982-03-02,825.82,-0.3102
1982-03-03,815.16,-1.2908
1982-03-04,807.55,-0.9336
1982-03-05,807.36,-0.0235
1982-03-08,795.47,-1.4727
1982-03-09,803.84,1.0522
1982-03-10,804.89,0.1306
1982-03-11,805.56,0.0832
1982-03-12,797.37,-1.0167
1982-03-15,800.99,0.454
1982-03-16,798.33,-0.3321
1982-03-17,795.85,-0.3106
1982-03-18,805.27,1.1836
1982-03-19,805.65,0.0472
1982-03-22,819.54,1.7241
1982-03-23,826.67,0.87
1982-03-24,823.34,-0.4028
1982-03-25,827.63,0.521
1982-03-26,817.92,-1.1732
1982-03-29,823.82,0.7213
1982-03-30,824.49,0.0813
1982-03-31,822.77,-0.2086
1982-04-01,833.24,1.2725
1982-04-02,838.57,0.6397
1982-04-05,835.33,-0.3864
1982-04-06,839.33,0.4789
1982-04-07,836.85,-0.2955
1982-04-08,842.94,0.7277
1982-04-12,841.32,-0.1922
1982-04-13,841.04,-0.0333
1982-04-14,838.09,-0.3508
1982-04-15,839.61,0.1814
1982-04-16,843.42,0.4538
1982-04-19,846.08,0.3154
1982-04-20,840.56,-0.6524
1982-04-21,843.42,0.3402
1982-04-22,853.12,1.1501
1982-04-23,862.16,1.0596
1982-04-26,865.58,0.3967
1982-04-27,857.5,-0.9335
1982-04-28,852.64,-0.5668
1982-04-29,844.94,-0.9031
1982-04-30,848.36,0.4048
1982-05-03,849.03,0.079
1982-05-04,854.45,0.6384
1982-05-05,854.45,0
1982-05-06,863.2,1.0241
1982-05-07,869.2,0.6951
1982-05-10,860.92,-0.9526
1982-05-11,865.87,0.575
1982-05-12,865.77,-0.0115
1982-05-13,859.11,-0.7693
1982-05-14,857.78,-0.1548
1982-05-17,845.32,-1.4526
1982-05-18,840.85,-0.5288
1982-05-19,835.9,-0.5887
1982-05-20,832.48,-0.4091
1982-05-21,835.9,0.4108
1982-05-24,836.38,0.0574
1982-05-25,834.57,-0.2164
1982-05-26,828.77,-0.695
1982-05-27,824.96,-0.4597
1982-05-28,819.54,-0.657
1982-06-01,814.97,-0.5576
1982-06-02,816.88,0.2344
1982-06-03,816.5,-0.0465
1982-06-04,804.98,-1.4109
1982-06-07,804.03,-0.118
1982-06-08,802.23,-0.2239
1982-06-09,795.57,-0.8302
1982-06-10,798.71,0.3947
1982-06-11,809.74,1.381
1982-06-14,801.85,-0.9744
1982-06-15,801.27,-0.0723
1982-06-16,796.9,-0.5454
1982-06-17,791.48,-0.6801
1982-06-18,788.62,-0.3613
1982-06-21,789.95,0.1686
1982-06-22,799.66,1.2292
1982-06-23,813.17,1.6895
1982-06-24,810.41,-0.3394
1982-06-25,803.08,-0.9045
1982-06-28,811.93,1.102
1982-06-29,812.21,0.0345
1982-06-30,811.93,-0.0345
1982-07-01,803.27,-1.0666
1982-07-02,796.99,-0.7818
1982-07-06,798.9,0.2397
1982-07-07,799.66,0.0951
1982-07-08,804.98,0.6653
1982-07-09,814.12,1.1354
1982-07-12,824.87,1.3204
1982-07-13,824.2,-0.0812
1982-07-14,828.39,0.5084
1982-07-15,827.34,-0.1268
1982-07-16,828.67,0.1608
1982-07-19,826.1,-0.3101
1982-07-20,833.43,0.8873
1982-07-21,832.19,-0.1488
1982-07-22,832,-0.0228
1982-07-23,830.57,-0.1719
1982-07-26,825.44,-0.6176
1982-07-27,822.77,-0.3235
1982-07-28,811.83,-1.3297
1982-07-29,812.21,0.0468
1982-07-30,808.6,-0.4445
1982-08-02,822.11,1.6708
1982-08-03,816.4,-0.6946
1982-08-04,803.46,-1.585
1982-08-05,795.85,-0.9472
1982-08-06,784.34,-1.4463
1982-08-09,780.35,-0.5087
1982-08-10,779.3,-0.1346
1982-08-11,777.21,-0.2682
1982-08-12,776.92,-0.0373
1982-08-13,788.05,1.4326
1982-08-16,792.43,0.5558
1982-08-17,831.24,4.8976
1982-08-18,829.43,-0.2177
1982-08-19,838.57,1.102
1982-08-20,869.29,3.6634
1982-08-23,891.17,2.517
1982-08-24,874.9,-1.8257
1982-08-25,884.89,1.1418
1982-08-26,892.41,0.8498
1982-08-27,883.47,-1.0018
1982-08-30,893.3,1.1127
1982-08-31,901.31,0.8967
1982-09-01,895.05,-0.6945
1982-09-02,909.4,1.6033
1982-09-03,925.13,1.7297
1982-09-07,914.28,-1.1728
1982-09-08,915.75,0.1608
1982-09-09,912.53,-0.3516
1982-09-10,906.82,-0.6257
1982-09-13,918.69,1.309
1982-09-14,923.01,0.4702
1982-09-15,930.46,0.8071
1982-09-16,927.8,-0.2859
1982-09-17,916.94,-1.1705
1982-09-20,916.3,-0.0698
1982-09-21,934.79,2.0179
1982-09-22,927.61,-0.7681
1982-09-23,925.77,-0.1984
1982-09-24,919.52,-0.6751
1982-09-27,920.9,0.1501
1982-09-28,919.33,-0.1705
1982-09-29,906.27,-1.4206
1982-09-30,896.25,-1.1056
1982-10-01,907.74,1.282
1982-10-04,903.61,-0.455
1982-10-05,907.19,0.3962
1982-10-06,944.26,4.0862
1982-10-07,965.97,2.2992
1982-10-08,986.85,2.1616
1982-10-11,1012.79,2.6286
1982-10-12,1003.68,-0.8995
1982-10-13,1015.18,1.1458
1982-10-14,996.87,-1.8036
1982-10-15,993.1,-0.3782
1982-10-18,1019.22,2.6301
1982-10-19,1013.8,-0.5318
1982-10-20,1034.12,2.0043
1982-10-21,1036.98,0.2766
1982-10-22,1031.46,-0.5323
1982-10-25,995.13,-3.5222
1982-10-26,1006.07,1.0994
1982-10-27,1006.35,0.0278
1982-10-28,990.99,-1.5263
1982-10-29,991.72,0.0737
1982-11-01,1005.7,1.4097
1982-11-02,1022.08,1.6287
1982-11-03,1065.49,4.2472
1982-11-04,1050.22,-1.4331
1982-11-05,1051.78,0.1485
1982-11-08,1037.44,-1.3634
1982-11-09,1060.25,2.1987
1982-11-10,1044.52,-1.4836
1982-11-11,1054.73,0.9775
1982-11-12,1039.92,-1.4042
1982-11-15,1021.43,-1.778
1982-11-16,1008,-1.3148
1982-11-17,1027.5,1.9345
1982-11-18,1032.1,0.4477
1982-11-19,1021.25,-1.0513
1982-11-22,1000,-2.0808
1982-11-23,990.99,-0.901
1982-11-24,1000,0.9092
1982-11-26,1007.36,0.736
1982-11-29,1002.85,-0.4477
1982-11-30,1039.28,3.6326
1982-12-01,1031.09,-0.788
1982-12-02,1033.11,0.1959
1982-12-03,1031.36,-0.1694
1982-12-06,1055.65,2.3551
1982-12-07,1056.94,0.1222
1982-12-08,1047.09,-0.9319
1982-12-09,1027.96,-1.827
1982-12-10,1018.76,-0.895
1982-12-13,1024.28,0.5418
1982-12-14,1009.38,-1.4547
1982-12-15,992.64,-1.6584
1982-12-16,990.25,-0.2408
1982-12-17,1011.5,2.1459
1982-12-20,1004.51,-0.6911
1982-12-21,1030.26,2.5634
1982-12-22,1035.04,0.464
1982-12-23,1045.07,0.969
1982-12-27,1070.55,2.4381
1982-12-28,1058.87,-1.091
1982-12-29,1059.6,0.0689
1982-12-30,1047.37,-1.1542
1982-12-31,1046.54,-0.0792
1983-01-03,1027.04,-1.8633
1983-01-04,1046.08,1.8539
1983-01-05,1044.89,-0.1138
1983-01-06,1070.92,2.4912
1983-01-07,1076.07,0.4809
1983-01-10,1092.35,1.5129
1983-01-11,1083.79,-0.7836
1983-01-12,1083.61,-0.0166
1983-01-13,1073.95,-0.8915
1983-01-14,1080.85,0.6425
1983-01-17,1084.83,0.3682
1983-01-18,1079.63,-0.4793
1983-01-19,1068.06,-1.0717
1983-01-20,1070.82,0.2584
1983-01-21,1052.98,-1.666
1983-01-24,1030.17,-2.1662
1983-01-25,1042.03,1.1513
1983-01-26,1037.99,-0.3877
1983-01-27,1063.65,2.4721
1983-01-28,1064.74,0.1025
1983-01-31,1075.7,1.0294
1983-02-01,1059.79,-1.479
1983-02-02,1062.64,0.2689
1983-02-03,1064.66,0.1901
1983-02-04,1077.91,1.2445
1983-02-07,1087.1,0.8526
1983-02-08,1075.33,-1.0827
1983-02-09,1067.42,-0.7356
1983-02-10,1087.75,1.9046
1983-02-11,1086.5,-0.1149
1983-02-14,1097.1,0.9756
1983-02-15,1093.1,-0.3646
1983-02-16,1087.43,-0.5187
1983-02-17,1088.91,0.1361
1983-02-18,1092.82,0.3591
1983-02-22,1080.4,-1.1365
1983-02-23,1096.94,1.5309
1983-02-24,1121.81,2.2672
1983-02-25,1120.94,-0.0776
1983-02-28,1112.62,-0.7422
1983-03-01,1130.71,1.6259
1983-03-02,1135.06,0.3847
1983-03-03,1138.06,0.2643
1983-03-04,1140.96,0.2548
1983-03-07,1141.74,0.0684
1983-03-08,1119.78,-1.9234
1983-03-09,1132.64,1.1484
1983-03-10,1120.94,-1.033
1983-03-11,1117.74,-0.2855
1983-03-14,1114.45,-0.2943
1983-03-15,1124.52,0.9036
1983-03-16,1116,-0.7577
1983-03-17,1116.97,0.0869
1983-03-18,1117.74,0.0689
1983-03-21,1125.29,0.6755
1983-03-22,1122.97,-0.2062
1983-03-23,1140.87,1.594
1983-03-24,1145.9,0.4409
1983-03-25,1140.09,-0.507
1983-03-28,1133.32,-0.5938
1983-03-29,1131.19,-0.1879
1983-03-30,1143.29,1.0697
1983-03-31,1130.03,-1.1598
1983-04-04,1127.61,-0.2142
1983-04-05,1120.16,-0.6607
1983-04-06,1113.49,-0.5955
1983-04-07,1117.65,0.3736
1983-04-08,1124.71,0.6317
1983-04-11,1141.83,1.5222
1983-04-12,1145.32,0.3056
1983-04-13,1156.64,0.9884
1983-04-14,1165.25,0.7444
1983-04-15,1171.34,0.5226
1983-04-18,1183.24,1.0159
1983-04-19,1174.54,-0.7353
1983-04-20,1191.47,1.4414
1983-04-21,1188.27,-0.2686
1983-04-22,1196.3,0.6758
1983-04-25,1187.21,-0.7598
1983-04-26,1209.46,1.8741
1983-04-27,1208.4,-0.0876
1983-04-28,1219.52,0.9202
1983-04-29,1226.2,0.5478
1983-05-02,1204.33,-1.7836
1983-05-03,1208.01,0.3056
1983-05-04,1212.65,0.3841
1983-05-05,1219.72,0.583
1983-05-06,1232.59,1.0552
1983-05-09,1228.23,-0.3537
1983-05-10,1229.68,0.1181
1983-05-11,1219.72,-0.81
1983-05-12,1214.4,-0.4362
1983-05-13,1218.75,0.3582
1983-05-16,1202.98,-1.2939
1983-05-17,1205.79,0.2336
1983-05-18,1203.56,-0.1849
1983-05-19,1191.37,-1.0128
1983-05-20,1190.02,-0.1133
1983-05-23,1200.56,0.8857
1983-05-24,1219.04,1.5393
1983-05-25,1229.01,0.8179
1983-05-26,1223.49,-0.4491
1983-05-27,1216.14,-0.6007
1983-05-31,1199.98,-1.3288
1983-06-01,1202.21,0.1858
1983-06-02,1211.44,0.7678
1983-06-03,1213.04,0.1321
1983-06-06,1214.24,0.0989
1983-06-07,1194.91,-1.5919
1983-06-08,1185.5,-0.7875
1983-06-09,1189,0.2952
1983-06-10,1196.11,0.598
1983-06-13,1220.55,2.0433
1983-06-14,1227.26,0.5498
1983-06-15,1237.28,0.8165
1983-06-16,1248.3,0.8907
1983-06-17,1242.19,-0.4895
1983-06-20,1239.18,-0.2423
1983-06-21,1247.4,0.6633
1983-06-22,1245.69,-0.1371
1983-06-23,1241.79,-0.3131
1983-06-24,1241.69,-0.0081
1983-06-27,1229.47,-0.9841
1983-06-28,1209.23,-1.6462
1983-06-29,1213.84,0.3812
1983-06-30,1221.96,0.669
1983-07-01,1225.26,0.2701
1983-07-05,1208.53,-1.3654
1983-07-06,1220.65,1.0029
1983-07-07,1210.44,-0.8364
1983-07-08,1207.23,-0.2652
1983-07-11,1215.54,0.6884
1983-07-12,1198.52,-1.4002
1983-07-13,1197.82,-0.0584
1983-07-14,1204.33,0.5435
1983-07-15,1192.31,-0.9981
1983-07-18,1189.9,-0.2021
1983-07-19,1197.12,0.6068
1983-07-20,1227.86,2.5678
1983-07-21,1229.37,0.123
1983-07-22,1231.17,0.1464
1983-07-25,1232.87,0.1381
1983-07-26,1243.69,0.8776
1983-07-27,1230.47,-1.063
1983-07-28,1216.35,-1.1475
1983-07-29,1199.22,-1.4083
1983-08-01,1194.21,-0.4178
1983-08-02,1188,-0.52
1983-08-03,1197.82,0.8266
1983-08-04,1183.09,-1.2297
1983-08-05,1183.29,0.0169
1983-08-08,1163.06,-1.7096
1983-08-09,1168.27,0.448
1983-08-10,1175.98,0.66
1983-08-11,1174.39,-0.1352
1983-08-12,1182.83,0.7187
1983-08-15,1193.5,0.9021
1983-08-16,1190.45,-0.2556
1983-08-17,1206.5,1.3482
1983-08-18,1192.48,-1.162
1983-08-19,1194.21,0.1451
1983-08-22,1203.15,0.7486
1983-08-23,1192.89,-0.8528
1983-08-24,1184.25,-0.7243
1983-08-25,1185.01,0.0642
1983-08-26,1192.07,0.5958
1983-08-29,1194.11,0.1711
1983-08-30,1196.04,0.1616
1983-08-31,1216.16,1.6822
1983-09-01,1206.81,-0.7688
1983-09-02,1215.45,0.7159
1983-09-06,1238.72,1.9145
1983-09-07,1244.11,0.4351
1983-09-08,1246.14,0.1632
1983-09-09,1239.74,-0.5136
1983-09-12,1229.07,-0.8607
1983-09-13,1224.09,-0.4052
1983-09-14,1229.47,0.4395
1983-09-15,1215.04,-1.1737
1983-09-16,1225.71,0.8782
1983-09-19,1233.94,0.6714
1983-09-20,1249.19,1.2359
1983-09-21,1243.29,-0.4723
1983-09-22,1257.52,1.1445
1983-09-23,1255.59,-0.1535
1983-09-26,1260.77,0.4126
1983-09-27,1247.97,-1.0153
1983-09-28,1241.97,-0.4808
1983-09-29,1240.14,-0.1473
1983-09-30,1233.13,-0.5653
1983-10-03,1231.3,-0.1484
1983-10-04,1236.69,0.4377
1983-10-05,1250.2,1.0924
1983-10-06,1268.8,1.4878
1983-10-07,1272.15,0.264
1983-10-10,1284.65,0.9826
1983-10-11,1265.14,-1.5187
1983-10-12,1259.65,-0.4339
1983-10-13,1261.38,0.1373
1983-10-14,1263.52,0.1697
1983-10-17,1268.7,0.41
1983-10-18,1250.81,-1.4101
1983-10-19,1246.75,-0.3246
1983-10-20,1251.52,0.3826
1983-10-21,1248.88,-0.2109
1983-10-24,1248.98,0.008
1983-10-25,1252.44,0.277
1983-10-26,1243.8,-0.6899
1983-10-27,1242.07,-0.1391
1983-10-28,1223.48,-1.4967
1983-10-31,1225.2,0.1406
1983-11-01,1229.27,0.3322
1983-11-02,1237.3,0.6532
1983-11-03,1227.13,-0.822
1983-11-04,1218.29,-0.7204
1983-11-07,1214.84,-0.2832
1983-11-08,1214.94,0.0082
1983-11-09,1232.52,1.447
1983-11-10,1235.87,0.2718
1983-11-11,1250.2,1.1595
1983-11-14,1254.07,0.3096
1983-11-15,1247.97,-0.4864
1983-11-16,1251.32,0.2684
1983-11-17,1254.67,0.2677
1983-11-18,1251.02,-0.2909
1983-11-21,1268.8,1.4212
1983-11-22,1275.81,0.5525
1983-11-23,1275.61,-0.0157
1983-11-25,1277.44,0.1435
1983-11-28,1269.82,-0.5965
1983-11-29,1287.2,1.3687
1983-11-30,1276.02,-0.8686
1983-12-01,1275.1,-0.0721
1983-12-02,1265.24,-0.7733
1983-12-05,1270.53,0.4181
1983-12-06,1269.31,-0.096
1983-12-07,1273.78,0.3522
1983-12-08,1261.89,-0.9334
1983-12-09,1260.06,-0.145
1983-12-12,1261.59,0.1214
1983-12-13,1255.89,-0.4518
1983-12-14,1246.65,-0.7357
1983-12-15,1236.79,-0.7909
1983-12-16,1242.17,0.435
1983-12-19,1244.61,0.1964
1983-12-20,1241.97,-0.2121
1983-12-21,1254.98,1.0475
1983-12-22,1253.66,-0.1052
1983-12-23,1250.51,-0.2513
1983-12-27,1263.72,1.0564
1983-12-28,1263.21,-0.0404
1983-12-29,1260.16,-0.2414
1983-12-30,1258.64,-0.1206
1984-01-03,1252.74,-0.4688
1984-01-04,1269.05,1.3019
1984-01-05,1282.24,1.0394
1984-01-06,1286.64,0.3431
1984-01-09,1286.22,-0.0326
1984-01-10,1278.48,-0.6018
1984-01-11,1277.32,-0.0907
1984-01-12,1279.31,0.1558
1984-01-13,1270.1,-0.7199
1984-01-16,1267.59,-0.1976
1984-01-17,1271.46,0.3053
1984-01-18,1269.37,-0.1644
1984-01-19,1266.02,-0.2639
1984-01-20,1259.11,-0.5458
1984-01-23,1244.45,-1.1643
1984-01-24,1242.88,-0.1262
1984-01-25,1231.89,-0.8842
1984-01-26,1229.69,-0.1786
1984-01-27,1230,0.0252
1984-01-30,1221.52,-0.6894
1984-01-31,1220.58,-0.077
1984-02-01,1212.31,-0.6775
1984-02-02,1213.88,0.1295
1984-02-03,1197.03,-1.3881
1984-02-06,1174.31,-1.898
1984-02-07,1180.49,0.5263
1984-02-08,1156.3,-2.0491
1984-02-09,1152.74,-0.3079
1984-02-10,1160.7,0.6905
1984-02-13,1150.13,-0.9107
1984-02-14,1163.84,1.192
1984-02-15,1158.71,-0.4408
1984-02-16,1154.94,-0.3254
1984-02-17,1148.87,-0.5256
1984-02-21,1139.34,-0.8295
1984-02-22,1134.21,-0.4503
1984-02-23,1134.63,0.037
1984-02-24,1165.1,2.6855
1984-02-27,1179.96,1.2754
1984-02-28,1157.14,-1.934
1984-02-29,1154.65,-0.2152
1984-03-01,1159.44,0.4148
1984-03-02,1171.48,1.0384
1984-03-05,1165.2,-0.5361
1984-03-06,1152.53,-1.0874
1984-03-07,1143.63,-0.7722
1984-03-08,1147.09,0.3025
1984-03-09,1139.76,-0.639
1984-03-12,1155.36,1.3687
1984-03-13,1164.78,0.8153
1984-03-14,1166.04,0.1082
1984-03-15,1167.4,0.1166
1984-03-16,1184.36,1.4528
1984-03-19,1171.38,-1.096
1984-03-20,1175.77,0.3748
1984-03-21,1170.85,-0.4184
1984-03-22,1155.88,-1.2786
1984-03-23,1154.84,-0.09
1984-03-26,1152.95,-0.1637
1984-03-27,1154.31,0.118
1984-03-28,1174.62,1.7595
1984-03-29,1170.75,-0.3295
1984-03-30,1164.89,-0.5005
1984-04-02,1153.16,-1.007
1984-04-03,1148.76,-0.3816
1984-04-04,1148.56,-0.0174
1984-04-05,1130.55,-1.5681
1984-04-06,1132.22,0.1477
1984-04-09,1133.9,0.1484
1984-04-10,1138.3,0.388
1984-04-11,1130.97,-0.6439
1984-04-12,1157.14,2.3139
1984-04-13,1150.13,-0.6058
1984-04-16,1160.28,0.8825
1984-04-17,1164.57,0.3697
1984-04-18,1156.51,-0.6921
1984-04-19,1158.08,0.1358
1984-04-23,1149.5,-0.7409
1984-04-24,1162.9,1.1657
1984-04-25,1163.53,0.0542
1984-04-26,1175.25,1.0073
1984-04-27,1169.07,-0.5258
1984-04-30,1170.75,0.1437
1984-05-01,1183.06,1.0515
1984-05-02,1186.56,0.2958
1984-05-03,1181.53,-0.4239
1984-05-04,1165.31,-1.3728
1984-05-07,1166.56,0.1073
1984-05-08,1176.3,0.8349
1984-05-09,1165.52,-0.9164
1984-05-10,1167.19,0.1433
1984-05-11,1157.14,-0.861
1984-05-14,1151.07,-0.5246
1984-05-15,1150.86,-0.0182
1984-05-16,1153.16,0.1999
1984-05-17,1142.27,-0.9444
1984-05-18,1133.79,-0.7424
1984-05-21,1125.31,-0.7479
1984-05-22,1116.62,-0.7722
1984-05-23,1113.8,-0.2525
1984-05-24,1103.43,-0.931
1984-05-25,1107.1,0.3326
1984-05-29,1101.24,-0.5293
1984-05-30,1102.59,0.1226
1984-05-31,1104.85,0.205
1984-06-01,1124.35,1.7649
1984-06-04,1131.57,0.6421
1984-06-05,1124.89,-0.5903
1984-06-06,1133.84,0.7956
1984-06-07,1132.44,-0.1235
1984-06-08,1131.25,-0.1051
1984-06-11,1115.61,-1.3825
1984-06-12,1110.53,-0.4554
1984-06-13,1110.53,0
1984-06-14,1097.61,-1.1634
1984-06-15,1086.9,-0.9758
1984-06-18,1109.65,2.0931
1984-06-19,1115.83,0.5569
1984-06-20,1131.63,1.416
1984-06-21,1127.21,-0.3906
1984-06-22,1131.07,0.3424
1984-06-25,1130.52,-0.0486
1984-06-26,1122.79,-0.6838
1984-06-27,1116.72,-0.5406
1984-06-28,1126.55,0.8803
1984-06-29,1132.4,0.5193
1984-07-02,1130.08,-0.2049
1984-07-03,1134.28,0.3717
1984-07-05,1124.56,-0.8569
1984-07-06,1122.57,-0.177
1984-07-09,1134.05,1.0227
1984-07-10,1126.88,-0.6322
1984-07-11,1108.55,-1.6266
1984-07-12,1104.57,-0.359
1984-07-13,1109.87,0.4798
1984-07-16,1116.83,0.6271
1984-07-17,1122.9,0.5435
1984-07-18,1111.64,-1.0028
1984-07-19,1102.92,-0.7844
1984-07-20,1101.37,-0.1405
1984-07-23,1096.62,-0.4313
1984-07-24,1086.57,-0.9165
1984-07-25,1096.95,0.9553
1984-07-26,1107.55,0.9663
1984-07-27,1114.62,0.6383
1984-07-30,1109.98,-0.4163
1984-07-31,1115.28,0.4775
1984-08-01,1134.61,1.7332
1984-08-02,1166.08,2.7736
1984-08-03,1202.08,3.0873
1984-08-06,1202.96,0.0732
1984-08-07,1204.62,0.138
1984-08-08,1196.11,-0.7064
1984-08-09,1224.05,2.3359
1984-08-10,1218.09,-0.4869
1984-08-13,1220.08,0.1634
1984-08-14,1214.11,-0.4893
1984-08-15,1198.98,-1.2462
1984-08-16,1209.14,0.8474
1984-08-17,1211.9,0.2283
1984-08-20,1216.98,0.4192
1984-08-21,1239.73,1.8694
1984-08-22,1231.78,-0.6413
1984-08-23,1232.44,0.0536
1984-08-24,1236.53,0.3319
1984-08-27,1227.92,-0.6963
1984-08-28,1232.11,0.3412
1984-08-29,1226.92,-0.4212
1984-08-30,1223.28,-0.2967
1984-08-31,1224.38,0.0899
1984-09-04,1212.35,-0.9825
1984-09-05,1209.03,-0.2738
1984-09-06,1218.86,0.813
1984-09-07,1207.38,-0.9419
1984-09-10,1202.52,-0.4025
1984-09-11,1197.99,-0.3767
1984-09-12,1200.31,0.1937
1984-09-13,1228.25,2.3277
1984-09-14,1237.52,0.7547
1984-09-17,1237.08,-0.0356
1984-09-18,1226.26,-0.8746
1984-09-19,1213.01,-1.0805
1984-09-20,1216.54,0.291
1984-09-21,1201.74,-1.2166
1984-09-24,1205.06,0.2763
1984-09-25,1207.16,0.1743
1984-09-26,1212.12,0.4109
1984-09-27,1216.76,0.3828
1984-09-28,1206.74,-0.8235
1984-10-01,1198.98,-0.6431
1984-10-02,1191.36,-0.6355
1984-10-03,1182.86,-0.7135
1984-10-04,1187.39,0.383
1984-10-05,1182.53,-0.4093
1984-10-08,1177.89,-0.3924
1984-10-09,1175.13,-0.2343
1984-10-10,1177.23,0.1787
1984-10-11,1183.08,0.4969
1984-10-12,1190.7,0.6441
1984-10-15,1202.96,1.0296
1984-10-16,1197.77,-0.4314
1984-10-17,1195.89,-0.157
1984-10-18,1225.38,2.4659
1984-10-19,1225.93,0.0449
1984-10-22,1217.2,-0.7121
1984-10-23,1213.01,-0.3442
1984-10-24,1216.43,0.2819
1984-10-25,1211.02,-0.4447
1984-10-26,1204.95,-0.5012
1984-10-29,1201.41,-0.2938
1984-10-30,1217.31,1.3234
1984-10-31,1207.38,-0.8157
1984-11-01,1217.09,0.8042
1984-11-02,1216.65,-0.0362
1984-11-05,1229.24,1.0348
1984-11-06,1244.15,1.2129
1984-11-07,1233.22,-0.8785
1984-11-08,1228.69,-0.3673
1984-11-09,1218.97,-0.7911
1984-11-12,1219.19,0.018
1984-11-13,1206.6,-1.0327
1984-11-14,1206.93,0.0273
1984-11-15,1206.16,-0.0638
1984-11-16,1187.94,-1.5106
1984-11-19,1185.29,-0.2231
1984-11-20,1195.12,0.8293
1984-11-21,1201.52,0.5355
1984-11-23,1220.3,1.563
1984-11-26,1212.35,-0.6515
1984-11-27,1220.19,0.6467
1984-11-28,1205.39,-1.2129
1984-11-29,1193.46,-0.9897
1984-11-30,1188.94,-0.3787
1984-12-03,1182.42,-0.5484
1984-12-04,1185.07,0.2241
1984-12-05,1171.6,-1.1366
1984-12-06,1170.49,-0.0947
1984-12-07,1163.21,-0.622
1984-12-10,1172.26,0.778
1984-12-11,1178.33,0.5178
1984-12-12,1175.13,-0.2716
1984-12-13,1168.84,-0.5353
1984-12-14,1175.91,0.6049
1984-12-17,1176.79,0.0748
1984-12-18,1211.57,2.9555
1984-12-19,1208.04,-0.2914
1984-12-20,1203.29,-0.3932
1984-12-21,1198.98,-0.3582
1984-12-24,1210.14,0.9308
1984-12-26,1208.92,-0.1008
1984-12-27,1202.52,-0.5294
1984-12-28,1204.17,0.1372
1984-12-31,1211.57,0.6145
1985-01-02,1198.87,-1.0482
1985-01-03,1189.82,-0.7549
1985-01-04,1184.96,-0.4085
1985-01-07,1190.59,0.4751
1985-01-08,1191.7,0.0932
1985-01-09,1202.74,0.9264
1985-01-10,1223.5,1.7261
1985-01-11,1218.09,-0.4422
1985-01-14,1234.54,1.3505
1985-01-15,1230.79,-0.3038
1985-01-16,1230.68,-0.0089
1985-01-17,1228.69,-0.1617
1985-01-18,1227.36,-0.1082
1985-01-21,1261.37,2.771
1985-01-22,1259.5,-0.1483
1985-01-23,1274.73,1.2092
1985-01-24,1270.43,-0.3373
1985-01-25,1276.06,0.4432
1985-01-28,1277.83,0.1387
1985-01-29,1292.62,1.1574
1985-01-30,1287.88,-0.3667
1985-01-31,1286.77,-0.0862
1985-02-01,1277.72,-0.7033
1985-02-04,1290.08,0.9673
1985-02-05,1285.23,-0.3759
1985-02-06,1280.59,-0.361
1985-02-07,1290.08,0.7411
1985-02-08,1289.97,-0.0085
1985-02-11,1276.06,-1.0783
1985-02-12,1276.61,0.0431
1985-02-13,1297.92,1.6693
1985-02-14,1287.88,-0.7735
1985-02-15,1282.02,-0.455
1985-02-19,1280.59,-0.1115
1985-02-20,1283.13,0.1983
1985-02-21,1279.04,-0.3188
1985-02-22,1275.84,-0.2502
1985-02-25,1277.5,0.1301
1985-02-26,1286.11,0.674
1985-02-27,1281.03,-0.395
1985-02-28,1284.01,0.2326
1985-03-01,1299.36,1.1955
1985-03-04,1289.53,-0.7565
1985-03-05,1291.85,0.1799
1985-03-06,1280.37,-0.8886
1985-03-07,1271.53,-0.6904
1985-03-08,1269.66,-0.1471
1985-03-11,1268.55,-0.0874
1985-03-12,1271.75,0.2523
1985-03-13,1261.7,-0.7902
1985-03-14,1260.05,-0.1308
1985-03-15,1247.35,-1.0079
1985-03-18,1249.67,0.186
1985-03-19,1271.09,1.7141
1985-03-20,1265.24,-0.4602
1985-03-21,1268.22,0.2355
1985-03-22,1267.45,-0.0607
1985-03-25,1259.94,-0.5925
1985-03-26,1259.72,-0.0175
1985-03-27,1264.91,0.412
1985-03-28,1260.71,-0.332
1985-03-29,1266.78,0.4815
1985-04-01,1272.75,0.4713
1985-04-02,1265.68,-0.5555
1985-04-03,1258.06,-0.602
1985-04-04,1259.05,0.0787
1985-04-08,1252.98,-0.4821
1985-04-09,1253.86,0.0702
1985-04-10,1259.94,0.4849
1985-04-11,1263.69,0.2976
1985-04-12,1265.68,0.1575
1985-04-15,1266.78,0.0869
1985-04-16,1269.55,0.2187
1985-04-17,1272.31,0.2174
1985-04-18,1265.13,-0.5643
1985-04-19,1266.56,0.113
1985-04-22,1266.56,0
1985-04-23,1278.71,0.9593
1985-04-24,1278.49,-0.0172
1985-04-25,1284.78,0.492
1985-04-26,1275.18,-0.7472
1985-04-29,1259.72,-1.2124
1985-04-30,1258.06,-0.1318
1985-05-01,1242.05,-1.2726
1985-05-02,1242.27,0.0177
1985-05-03,1247.24,0.4001
1985-05-06,1247.79,0.0441
1985-05-07,1252.76,0.3983
1985-05-08,1249.78,-0.2379
1985-05-09,1260.27,0.8393
1985-05-10,1274.18,1.1037
1985-05-13,1277.5,0.2606
1985-05-14,1273.3,-0.3288
1985-05-15,1273.52,0.0173
1985-05-16,1278.05,0.3557
1985-05-17,1285.34,0.5704
1985-05-20,1304.88,1.5202
1985-05-21,1309.7,0.3694
1985-05-22,1303.76,-0.4535
1985-05-23,1296.71,-0.5407
1985-05-24,1301.97,0.4056
1985-05-28,1301.52,-0.0346
1985-05-29,1302.98,0.1122
1985-05-30,1305.78,0.2149
1985-05-31,1315.41,0.7375
1985-06-03,1310.93,-0.3406
1985-06-04,1315.3,0.3334
1985-06-05,1320.56,0.3999
1985-06-06,1327.28,0.5089
1985-06-07,1316.42,-0.8182
1985-06-10,1318.44,0.1534
1985-06-11,1313.84,-0.3489
1985-06-12,1306.34,-0.5708
1985-06-13,1290.1,-1.2432
1985-06-14,1300.96,0.8418
1985-06-17,1298.39,-0.1975
1985-06-18,1304.77,0.4914
1985-06-19,1297.38,-0.5664
1985-06-20,1299.73,0.1811
1985-06-21,1324.48,1.9042
1985-06-24,1320.56,-0.296
1985-06-25,1323.03,0.187
1985-06-26,1323.81,0.059
1985-06-27,1332.21,0.6345
1985-06-28,1335.46,0.244
1985-07-01,1337.14,0.1258
1985-07-02,1334.01,-0.2341
1985-07-03,1326.39,-0.5712
1985-07-05,1334.45,0.6077
1985-07-08,1328.41,-0.4526
1985-07-09,1321.91,-0.4893
1985-07-10,1332.89,0.8306
1985-07-11,1337.7,0.3609
1985-07-12,1338.6,0.0673
1985-07-15,1335.46,-0.2346
1985-07-16,1347.89,0.9308
1985-07-17,1357.97,0.7478
1985-07-18,1350.92,-0.5192
1985-07-19,1359.54,0.6381
1985-07-22,1357.64,-0.1398
1985-07-23,1351.81,-0.4294
1985-07-24,1348.9,-0.2153
1985-07-25,1353.61,0.3492
1985-07-26,1357.08,0.2564
1985-07-29,1343.86,-0.9742
1985-07-30,1346.1,0.1667
1985-07-31,1347.45,0.1003
1985-08-01,1355.62,0.6063
1985-08-02,1353.05,-0.1896
1985-08-05,1346.89,-0.4553
1985-08-06,1325.16,-1.6133
1985-08-07,1325.04,-0.0091
1985-08-08,1329.86,0.3638
1985-08-09,1320.79,-0.682
1985-08-12,1314.29,-0.4921
1985-08-13,1315.3,0.0768
1985-08-14,1316.98,0.1277
1985-08-15,1317.76,0.0592
1985-08-16,1312.72,-0.3825
1985-08-19,1312.5,-0.0168
1985-08-20,1323.7,0.8533
1985-08-21,1329.53,0.4404
1985-08-22,1318.1,-0.8597
1985-08-23,1318.32,0.0167
1985-08-26,1317.65,-0.0508
1985-08-27,1322.47,0.3658
1985-08-28,1331.09,0.6518
1985-08-29,1335.13,0.3035
1985-08-30,1334.01,-0.0839
1985-09-03,1329.19,-0.3613
1985-09-04,1326.72,-0.1858
1985-09-05,1325.83,-0.0671
1985-09-06,1335.69,0.7437
1985-09-09,1339.27,0.268
1985-09-10,1333.45,-0.4346
1985-09-11,1319.44,-1.0507
1985-09-12,1312.39,-0.5343
1985-09-13,1307.68,-0.3589
1985-09-16,1309.14,0.1116
1985-09-17,1298.16,-0.8387
1985-09-18,1300.4,0.1726
1985-09-19,1306.79,0.4914
1985-09-20,1297.94,-0.6772
1985-09-23,1316.31,1.4153
1985-09-24,1321.12,0.3654
1985-09-25,1312.05,-0.6865
1985-09-26,1320.79,0.6661
1985-09-30,1328.63,0.5936
1985-10-01,1340.95,0.9273
1985-10-02,1333.67,-0.5429
1985-10-03,1333.11,-0.042
1985-10-04,1328.74,-0.3278
1985-10-07,1324.37,-0.3289
1985-10-08,1325.49,0.0846
1985-10-09,1326.72,0.0928
1985-10-10,1328.07,0.1018
1985-10-11,1339.94,0.8938
1985-10-14,1354.73,1.1038
1985-10-15,1350.81,-0.2894
1985-10-16,1368.5,1.3096
1985-10-17,1369.29,0.0577
1985-10-18,1368.84,-0.0329
1985-10-21,1364.14,-0.3434
1985-10-22,1364.36,0.0161
1985-10-23,1367.16,0.2052
1985-10-24,1362.34,-0.3526
1985-10-25,1356.52,-0.4272
1985-10-28,1359.99,0.2558
1985-10-29,1368.73,0.6427
1985-10-30,1375.57,0.4997
1985-10-31,1374.31,-0.0916
1985-11-01,1390.25,1.1599
1985-11-04,1389.68,-0.041
1985-11-05,1396.67,0.503
1985-11-06,1403.44,0.4847
1985-11-07,1399.54,-0.2779
1985-11-08,1404.36,0.3444
1985-11-11,1431.88,1.9596
1985-11-12,1433.6,0.1201
1985-11-13,1427.75,-0.4081
1985-11-14,1439.22,0.8034
1985-11-15,1435.09,-0.287
1985-11-18,1440.02,0.3435
1985-11-19,1438.99,-0.0715
1985-11-20,1439.22,0.016
1985-11-21,1462.27,1.6016
1985-11-22,1464.33,0.1409
1985-11-25,1456.65,-0.5245
1985-11-26,1456.77,0.0082
1985-11-27,1475.69,1.2988
1985-11-29,1472.13,-0.2412
1985-12-02,1457.91,-0.9659
1985-12-03,1459.06,0.0789
1985-12-04,1484.4,1.7367
1985-12-05,1482.91,-0.1004
1985-12-06,1477.18,-0.3864
1985-12-09,1497.02,1.3431
1985-12-10,1499.2,0.1456
1985-12-11,1511.7,0.8338
1985-12-12,1511.24,-0.0304
1985-12-13,1535.21,1.5861
1985-12-16,1553.1,1.1653
1985-12-17,1544.5,-0.5537
1985-12-18,1542.43,-0.134
1985-12-19,1543.92,0.0966
1985-12-20,1543,-0.0596
1985-12-23,1528.78,-0.9216
1985-12-24,1519.15,-0.6299
1985-12-26,1526.49,0.4832
1985-12-27,1543,1.0816
1985-12-30,1550.46,0.4835
1985-12-31,1546.67,-0.2444
1986-01-02,1537.73,-0.578
1986-01-03,1549.2,0.7459
1986-01-06,1547.59,-0.1039
1986-01-07,1565.71,1.1709
1986-01-08,1526.61,-2.4973
1986-01-09,1518.23,-0.5489
1986-01-10,1513.53,-0.3096
1986-01-13,1520.53,0.4625
1986-01-14,1519.04,-0.098
1986-01-15,1527.29,0.5431
1986-01-16,1541.63,0.9389
1986-01-17,1536.7,-0.3198
1986-01-20,1529.13,-0.4926
1986-01-21,1514.45,-0.96
1986-01-22,1502.29,-0.8029
1986-01-23,1511.24,0.5958
1986-01-24,1529.93,1.2367
1986-01-27,1537.61,0.502
1986-01-28,1556.42,1.2233
1986-01-29,1558.94,0.1619
1986-01-30,1552.18,-0.4336
1986-01-31,1570.99,1.2118
1986-02-03,1594.27,1.4819
1986-02-04,1593.23,-0.0652
1986-02-05,1593.12,-0.0069
1986-02-06,1600.69,0.4752
1986-02-07,1613.42,0.7953
1986-02-10,1626.38,0.8033
1986-02-11,1622.82,-0.2189
1986-02-12,1629.93,0.4381
1986-02-13,1645.07,0.9289
1986-02-14,1664.45,1.1781
1986-02-18,1678.78,0.8609
1986-02-19,1658.26,-1.2223
1986-02-20,1672.82,0.878
1986-02-21,1697.71,1.4879
1986-02-24,1698.28,0.0336
1986-02-25,1692.66,-0.3309
1986-02-26,1696.9,0.2505
1986-02-27,1713.99,1.0071
1986-02-28,1709.06,-0.2876
1986-03-03,1696.67,-0.725
1986-03-04,1686.42,-0.6041
1986-03-05,1686.66,0.0142
1986-03-06,1696.6,0.5893
1986-03-07,1699.83,0.1904
1986-03-10,1702.95,0.1835
1986-03-11,1746.05,2.5309
1986-03-12,1745.45,-0.0344
1986-03-13,1753.71,0.4732
1986-03-14,1792.74,2.2256
1986-03-17,1776.82,-0.888
1986-03-18,1789.87,0.7345
1986-03-19,1787.95,-0.1073
1986-03-20,1804.24,0.9111
1986-03-21,1768.56,-1.9776
1986-03-24,1782.93,0.8125
1986-03-25,1778.5,-0.2485
1986-03-26,1810.7,1.8105
1986-03-27,1821.72,0.6086
1986-03-31,1818.61,-0.1707
1986-04-01,1790.11,-1.5671
1986-04-02,1795.26,0.2877
1986-04-03,1766.4,-1.6076
1986-04-04,1739.22,-1.5387
1986-04-07,1735.51,-0.2133
1986-04-08,1769.76,1.9735
1986-04-09,1778.62,0.5006
1986-04-10,1794.3,0.8816
1986-04-11,1790.18,-0.2296
1986-04-14,1805.31,0.8452
1986-04-15,1809.65,0.2404
1986-04-16,1847.97,2.1175
1986-04-17,1855.03,0.382
1986-04-18,1840.4,-0.7887
1986-04-21,1855.9,0.8422
1986-04-22,1830.98,-1.3427
1986-04-23,1829.61,-0.0748
1986-04-24,1831.72,0.1153
1986-04-25,1835.57,0.2102
1986-04-28,1843.75,0.4456
1986-04-29,1825.89,-0.9687
1986-04-30,1783.98,-2.2953
1986-05-01,1777.78,-0.3475
1986-05-02,1774.68,-0.1744
1986-05-05,1793.77,1.0757
1986-05-06,1787.95,-0.3245
1986-05-07,1775.3,-0.7075
1986-05-08,1786.21,0.6145
1986-05-09,1789.43,0.1803
1986-05-12,1787.33,-0.1174
1986-05-13,1785.34,-0.1113
1986-05-14,1808.28,1.2849
1986-05-15,1774.68,-1.8581
1986-05-16,1759.8,-0.8385
1986-05-19,1758.18,-0.0921
1986-05-20,1783.98,1.4674
1986-05-21,1775.17,-0.4938
1986-05-22,1806.3,1.7536
1986-05-23,1823.29,0.9406
1986-05-27,1853.03,1.6311
1986-05-28,1878.28,1.3626
1986-05-29,1882.35,0.2167
1986-05-30,1876.71,-0.2996
1986-06-02,1861.95,-0.7865
1986-06-03,1870.43,0.4554
1986-06-04,1863.29,-0.3817
1986-06-05,1879.44,0.8667
1986-06-06,1885.9,0.3437
1986-06-09,1840.15,-2.4259
1986-06-10,1837.19,-0.1609
1986-06-11,1846.07,0.4833
1986-06-12,1838.13,-0.4301
1986-06-13,1874.19,1.9618
1986-06-16,1871.77,-0.1291
1986-06-17,1865.78,-0.32
1986-06-18,1868.94,0.1694
1986-06-19,1855.86,-0.6999
1986-06-20,1879.54,1.276
1986-06-23,1864.26,-0.813
1986-06-24,1875.55,0.6056
1986-06-25,1885.05,0.5065
1986-06-26,1880.2,-0.2573
1986-06-27,1885.26,0.2691
1986-06-30,1892.72,0.3957
1986-07-01,1903.54,0.5717
1986-07-02,1909.03,0.2884
1986-07-03,1900.87,-0.4274
1986-07-07,1839,-3.2548
1986-07-08,1820.73,-0.9935
1986-07-09,1826.07,0.2933
1986-07-10,1831.83,0.3154
1986-07-11,1821.43,-0.5677
1986-07-14,1793.45,-1.5362
1986-07-15,1768.7,-1.38
1986-07-16,1774.18,0.3098
1986-07-17,1781.78,0.4284
1986-07-18,1777.98,-0.2133
1986-07-21,1779.11,0.0636
1986-07-22,1795.13,0.9005
1986-07-23,1798.37,0.1805
1986-07-24,1791.62,-0.3753
1986-07-25,1810.04,1.0281
1986-07-28,1773.9,-1.9966
1986-07-29,1766.87,-0.3963
1986-07-30,1779.39,0.7086
1986-07-31,1775.31,-0.2293
1986-08-01,1763.64,-0.6573
1986-08-04,1769.97,0.3589
1986-08-05,1777,0.3972
1986-08-06,1779.53,0.1424
1986-08-07,1786.28,0.3793
1986-08-08,1782.62,-0.2049
1986-08-11,1811.16,1.601
1986-08-12,1835.49,1.3433
1986-08-13,1844.49,0.4903
1986-08-14,1844.91,0.0228
1986-08-15,1855.6,0.5794
1986-08-18,1869.52,0.7502
1986-08-19,1862.91,-0.3536
1986-08-20,1881.33,0.9888
1986-08-21,1881.19,-0.0074
1986-08-22,1887.8,0.3514
1986-08-25,1871.77,-0.8491
1986-08-26,1904.25,1.7353
1986-08-27,1904.53,0.0147
1986-08-28,1900.17,-0.2289
1986-08-29,1898.34,-0.0963
1986-09-02,1870.36,-1.4739
1986-09-03,1881.33,0.5865
1986-09-04,1919.71,2.04
1986-09-05,1899.75,-1.0397
1986-09-08,1888.64,-0.5848
1986-09-09,1884.14,-0.2383
1986-09-10,1879.5,-0.2463
1986-09-11,1792.89,-4.6081
1986-09-12,1758.72,-1.9059
1986-09-15,1767.58,0.5038
1986-09-16,1778.54,0.6201
1986-09-17,1769.4,-0.5139
1986-09-18,1774.18,0.2701
1986-09-19,1762.65,-0.6499
1986-09-22,1793.45,1.7474
1986-09-23,1797.81,0.2431
1986-09-24,1803.29,0.3048
1986-09-25,1768.56,-1.9259
1986-09-26,1769.69,0.0639
1986-09-29,1755.2,-0.8188
1986-09-30,1767.58,0.7053
1986-10-01,1782.9,0.8667
1986-10-02,1781.21,-0.0948
1986-10-03,1774.18,-0.3947
1986-10-06,1784.45,0.5789
1986-10-07,1784.45,0
1986-10-08,1803.85,1.0872
1986-10-09,1796.82,-0.3897
1986-10-10,1793.17,-0.2031
1986-10-13,1798.37,0.29
1986-10-14,1800.2,0.1018
1986-10-15,1831.69,1.7493
1986-10-16,1836.19,0.2457
1986-10-17,1837.04,0.0463
1986-10-20,1811.02,-1.4164
1986-10-21,1805.68,-0.2949
1986-10-22,1808.35,0.1479
1986-10-23,1834.93,1.4698
1986-10-24,1832.26,-0.1455
1986-10-27,1841.82,0.5218
1986-10-28,1845.47,0.1982
1986-10-29,1851.8,0.343
1986-10-30,1878.37,1.4348
1986-10-31,1877.81,-0.0298
1986-11-03,1894.26,0.876
1986-11-04,1892.44,-0.0961
1986-11-05,1899.04,0.3488
1986-11-06,1891.59,-0.3923
1986-11-07,1886.53,-0.2675
1986-11-10,1892.29,0.3053
1986-11-11,1895.95,0.1934
1986-11-12,1893.7,-0.1187
1986-11-13,1862.2,-1.6634
1986-11-14,1873.59,0.6116
1986-11-17,1860.52,-0.6976
1986-11-18,1817.21,-2.3278
1986-11-19,1826.63,0.5184
1986-11-20,1860.66,1.863
1986-11-21,1893.56,1.7682
1986-11-24,1906.07,0.6607
1986-11-25,1912.12,0.3174
1986-11-26,1916.76,0.2427
1986-11-28,1914.23,-0.132
1986-12-01,1912.68,-0.081
1986-12-02,1955.57,2.2424
1986-12-03,1947.27,-0.4244
1986-12-04,1939.68,-0.3898
1986-12-05,1925.06,-0.7537
1986-12-08,1930.26,0.2701
1986-12-09,1916.9,-0.6921
1986-12-10,1932.93,0.8362
1986-12-11,1923.65,-0.4801
1986-12-12,1912.26,-0.5921
1986-12-15,1922.81,0.5517
1986-12-16,1936.16,0.6943
1986-12-17,1918.31,-0.9219
1986-12-18,1912.82,-0.2862
1986-12-19,1928.85,0.838
1986-12-22,1926.18,-0.1384
1986-12-23,1914.37,-0.6131
1986-12-24,1926.88,0.6535
1986-12-26,1930.4,0.1827
1986-12-29,1912.12,-0.947
1986-12-30,1908.61,-0.1836
1986-12-31,1895.95,-0.6633
1987-01-02,1927.31,1.6541
1987-01-05,1971.32,2.2835
1987-01-06,1974.83,0.1781
1987-01-07,1993.95,0.9682
1987-01-08,2002.25,0.4163
1987-01-09,2005.91,0.1828
1987-01-12,2009.42,0.175
1987-01-13,2012.94,0.1752
1987-01-14,2035.01,1.0964
1987-01-15,2070.73,1.7553
1987-01-16,2076.63,0.2849
1987-01-19,2102.5,1.2458
1987-01-20,2104.47,0.0937
1987-01-21,2094.07,-0.4942
1987-01-22,2145.67,2.4641
1987-01-23,2101.52,-2.0576
1987-01-26,2107.28,0.2741
1987-01-27,2150.45,2.0486
1987-01-28,2163.39,0.6017
1987-01-29,2160.01,-0.1562
1987-01-30,2158.04,-0.0912
1987-02-02,2179.42,0.9907
1987-02-03,2168.45,-0.5033
1987-02-04,2191.23,1.0505
1987-02-05,2201.49,0.4682
1987-02-06,2186.87,-0.6641
1987-02-09,2176.74,-0.4632
1987-02-10,2158.04,-0.8591
1987-02-11,2171.96,0.645
1987-02-12,2165.78,-0.2845
1987-02-13,2183.35,0.8113
1987-02-17,2237.49,2.4797
1987-02-18,2237.63,0.0063
1987-02-19,2244.09,0.2887
1987-02-20,2235.24,-0.3944
1987-02-23,2216.54,-0.8366
1987-02-24,2223.28,0.3041
1987-02-25,2226.24,0.1331
1987-02-26,2216.68,-0.4294
1987-02-27,2223.99,0.3298
1987-03-02,2220.47,-0.1583
1987-03-03,2226.52,0.2725
1987-03-04,2257.45,1.3892
1987-03-05,2276.43,0.8408
1987-03-06,2280.23,0.1669
1987-03-09,2260.12,-0.8819
1987-03-10,2280.09,0.8836
1987-03-11,2268.98,-0.4873
1987-03-12,2267.34,-0.0723
1987-03-13,2258.66,-0.3828
1987-03-16,2248.44,-0.4525
1987-03-17,2284.8,1.6171
1987-03-18,2286.93,0.0932
1987-03-19,2299.57,0.5527
1987-03-20,2333.52,1.4764
1987-03-23,2363.78,1.2968
1987-03-24,2369.18,0.2284
1987-03-25,2363.49,-0.2402
1987-03-26,2372.59,0.385
1987-03-27,2335.8,-1.5506
1987-03-30,2278.41,-2.457
1987-03-31,2304.69,1.1534
1987-04-01,2316.05,0.4929
1987-04-02,2320.45,0.19
1987-04-03,2390.34,3.0119
1987-04-06,2405.54,0.6359
1987-04-07,2360.94,-1.8541
1987-04-08,2372.36,0.4837
1987-04-09,2339.2,-1.3978
1987-04-10,2338.78,-0.018
1987-04-13,2287.07,-2.211
1987-04-14,2252.98,-1.4906
1987-04-15,2282.95,1.3302
1987-04-16,2275.99,-0.3049
1987-04-20,2270.6,-0.2368
1987-04-21,2337.07,2.9274
1987-04-22,2285.94,-2.1878
1987-04-23,2280.97,-0.2174
1987-04-24,2235.37,-1.9991
1987-04-27,2230.54,-0.2161
1987-04-28,2231.91,0.0614
1987-04-29,2254.26,1.0014
1987-04-30,2286.36,1.424
1987-05-01,2280.4,-0.2607
1987-05-04,2286.22,0.2552
1987-05-05,2338.07,2.2679
1987-05-06,2342.19,0.1762
1987-05-07,2334.66,-0.3215
1987-05-08,2322.3,-0.5294
1987-05-11,2307.3,-0.6459
1987-05-12,2322.6,0.6631
1987-05-13,2329.68,0.3048
1987-05-14,2325.49,-0.1799
1987-05-15,2272.52,-2.2778
1987-05-18,2258.66,-0.6099
1987-05-19,2221.28,-1.655
1987-05-20,2215.87,-0.2436
1987-05-21,2225.77,0.4468
1987-05-22,2243.2,0.7831
1987-05-26,2297.94,2.4403
1987-05-27,2295.81,-0.0927
1987-05-28,2310.68,0.6477
1987-05-29,2291.57,-0.827
1987-06-01,2288.23,-0.1458
1987-06-02,2278.22,-0.4375
1987-06-03,2320.69,1.8642
1987-06-04,2337.08,0.7063
1987-06-05,2326.15,-0.4677
1987-06-08,2351.64,1.0958
1987-06-09,2352.7,0.0451
1987-06-10,2353.61,0.0387
1987-06-11,2360.13,0.277
1987-06-12,2377.73,0.7457
1987-06-15,2391.54,0.5808
1987-06-16,2407.35,0.6611
1987-06-17,2407.35,0
1987-06-18,2408.13,0.0324
1987-06-19,2420.85,0.5282
1987-06-22,2445.51,1.0187
1987-06-23,2439.73,-0.2364
1987-06-24,2428.41,-0.464
1987-06-25,2451.05,0.9323
1987-06-26,2436.86,-0.5789
1987-06-29,2446.91,0.4124
1987-06-30,2418.53,-1.1598
1987-07-01,2409.76,-0.3626
1987-07-02,2436.7,1.118
1987-07-06,2429.53,-0.2943
1987-07-07,2449.78,0.8335
1987-07-08,2463.97,0.5792
1987-07-09,2451.21,-0.5179
1987-07-10,2455.99,0.195
1987-07-13,2452.97,-0.123
1987-07-14,2481.35,1.157
1987-07-15,2483.74,0.0963
1987-07-16,2496.97,0.5327
1987-07-17,2510.04,0.5234
1987-07-20,2487.72,-0.8892
1987-07-21,2467.95,-0.7947
1987-07-22,2470.18,0.0904
1987-07-23,2471.94,0.0712
1987-07-24,2485.53,0.5498
1987-07-27,2493.94,0.3384
1987-07-28,2519.77,1.0357
1987-07-29,2539.54,0.7846
1987-07-30,2567.44,1.0986
1987-07-31,2572.07,0.1803
1987-08-03,2557.08,-0.5828
1987-08-04,2546.72,-0.4051
1987-08-05,2566.65,0.7826
1987-08-06,2594.23,1.0746
1987-08-07,2592,-0.086
1987-08-10,2635.84,1.6914
1987-08-11,2680.48,1.6936
1987-08-12,2669.32,-0.4163
1987-08-13,2691.49,0.8305
1987-08-14,2685.43,-0.2252
1987-08-17,2700.57,0.5638
1987-08-18,2654.66,-1.7
1987-08-19,2665.82,0.4204
1987-08-20,2706.79,1.5369
1987-08-21,2709.5,0.1001
1987-08-24,2697.07,-0.4588
1987-08-25,2722.42,0.9399
1987-08-26,2701.85,-0.7556
1987-08-27,2675.06,-0.9915
1987-08-28,2639.35,-1.3349
1987-08-31,2662.95,0.8942
1987-09-01,2610.97,-1.952
1987-09-02,2602.04,-0.342
1987-09-03,2599.49,-0.098
1987-09-04,2561.38,-1.4661
1987-09-08,2545.12,-0.6348
1987-09-09,2549.27,0.1631
1987-09-10,2576.05,1.0505
1987-09-11,2608.74,1.269
1987-09-14,2613.04,0.1648
1987-09-15,2566.58,-1.778
1987-09-16,2530.19,-1.4178
1987-09-17,2527.9,-0.0905
1987-09-18,2524.64,-0.129
1987-09-21,2492.82,-1.2604
1987-09-22,2568.05,3.0179
1987-09-23,2585.67,0.6861
1987-09-24,2566.42,-0.7445
1987-09-25,2570.17,0.1461
1987-09-28,2601.5,1.219
1987-09-29,2590.57,-0.4201
1987-09-30,2596.28,0.2204
1987-10-01,2639.2,1.6531
1987-10-02,2640.99,0.0678
1987-10-05,2640.18,-0.0307
1987-10-06,2548.63,-3.4676
1987-10-07,2551.08,0.0961
1987-10-08,2516.64,-1.35
1987-10-09,2482.21,-1.3681
1987-10-12,2471.44,-0.4339
1987-10-13,2508.16,1.4858
1987-10-14,2412.7,-3.806
1987-10-15,2355.09,-2.3878
1987-10-16,2246.74,-4.6007
1987-10-19,1738.74,-22.6105
1987-10-20,1841.01,5.8818
1987-10-21,2027.85,10.1488
1987-10-22,1950.43,-3.8178
1987-10-23,1950.76,0.0169
1987-10-26,1793.93,-8.0394
1987-10-27,1846.49,2.9299
1987-10-28,1846.82,0.0179
1987-10-29,1938.33,4.955
1987-10-30,1993.53,2.8478
1987-11-02,2014.09,1.0313
1987-11-03,1963.53,-2.5103
1987-11-04,1945.29,-0.9289
1987-11-05,1985.41,2.0624
1987-11-06,1959.05,-1.3277
1987-11-09,1900.2,-3.004
1987-11-10,1878.15,-1.1604
1987-11-11,1899.2,1.1208
1987-11-12,1960.21,3.2124
1987-11-13,1935.01,-1.2856
1987-11-16,1949.1,0.7282
1987-11-17,1922.25,-1.3776
1987-11-18,1939.16,0.8797
1987-11-19,1895.39,-2.2572
1987-11-20,1913.63,0.9623
1987-11-23,1923.08,0.4938
1987-11-24,1963.53,2.1034
1987-11-25,1946.95,-0.8444
1987-11-27,1910.48,-1.8732
1987-11-30,1833.55,-4.0267
1987-12-01,1842.34,0.4794
1987-12-02,1848.97,0.3599
1987-12-03,1776.53,-3.9179
1987-12-04,1766.74,-0.5511
1987-12-07,1812.17,2.5714
1987-12-08,1868.37,3.1013
1987-12-09,1902.52,1.8278
1987-12-10,1855.44,-2.4746
1987-12-11,1867.04,0.6252
1987-12-14,1932.86,3.5254
1987-12-15,1941.48,0.446
1987-12-16,1974.47,1.6992
1987-12-17,1924.4,-2.5359
1987-12-18,1975.3,2.645
1987-12-21,1990.38,0.7634
1987-12-22,1978.45,-0.5994
1987-12-23,2005.64,1.3743
1987-12-24,1999.67,-0.2977
1987-12-28,1942.97,-2.8355
1987-12-29,1926.89,-0.8276
1987-12-30,1950.1,1.2045
1987-12-31,1938.83,-0.5779
1988-01-04,2015.25,3.9416
1988-01-05,2031.5,0.8064
1988-01-06,2037.8,0.3101
1988-01-07,2051.89,0.6914
1988-01-08,1911.31,-6.8512
1988-01-11,1945.13,1.7695
1988-01-12,1928.55,-0.8524
1988-01-13,1924.73,-0.1981
1988-01-14,1916.11,-0.4479
1988-01-15,1956.07,2.0855
1988-01-18,1963.86,0.3982
1988-01-19,1936.34,-1.4013
1988-01-20,1879.14,-2.954
1988-01-21,1879.31,0.009
1988-01-22,1903.51,1.2877
1988-01-25,1946.45,2.2558
1988-01-26,1920.59,-1.3286
1988-01-27,1911.14,-0.492
1988-01-28,1930.04,0.9889
1988-01-29,1958.22,1.4601
1988-02-01,1944.63,-0.694
1988-02-02,1952.92,0.4263
1988-02-03,1924.57,-1.4517
1988-02-04,1923.57,-0.052
1988-02-05,1910.48,-0.6805
1988-02-08,1895.72,-0.7726
1988-02-09,1914.46,0.9885
1988-02-10,1962.04,2.4853
1988-02-11,1961.54,-0.0255
1988-02-12,1983.26,1.1073
1988-02-16,2005.97,1.1451
1988-02-17,2000.99,-0.2483
1988-02-18,1986.41,-0.7286
1988-02-19,2014.59,1.4186
1988-02-22,2040.29,1.2757
1988-02-23,2039.12,-0.0573
1988-02-24,2039.95,0.0407
1988-02-25,2017.57,-1.0971
1988-02-26,2023.21,0.2795
1988-02-29,2071.62,2.3927
1988-03-01,2070.46,-0.056
1988-03-02,2071.29,0.0401
1988-03-03,2063.49,-0.3766
1988-03-04,2057.86,-0.2728
1988-03-07,2056.37,-0.0724
1988-03-08,2081.07,1.2011
1988-03-09,2074.27,-0.3268
1988-03-10,2026.03,-2.3256
1988-03-11,2034.98,0.4418
1988-03-14,2050.07,0.7415
1988-03-15,2047.41,-0.1298
1988-03-16,2064.32,0.8259
1988-03-17,2086.04,1.0522
1988-03-18,2087.37,0.0638
1988-03-21,2067.14,-0.9692
1988-03-22,2066.15,-0.0479
1988-03-23,2067.64,0.0721
1988-03-24,2023.87,-2.1169
1988-03-25,1978.95,-2.2195
1988-03-28,1979.77,0.0414
1988-03-29,1998.34,0.938
1988-03-30,1978.12,-1.0118
1988-03-31,1988.06,0.5025
1988-04-04,1980.6,-0.3752
1988-04-05,1997.51,0.8538
1988-04-06,2061.67,3.212
1988-04-07,2062.17,0.0243
1988-04-08,2090.19,1.3588
1988-04-11,2095.99,0.2775
1988-04-12,2110.08,0.6722
1988-04-13,2107.1,-0.1412
1988-04-14,2005.64,-4.8151
1988-04-15,2013.93,0.4133
1988-04-18,2008.12,-0.2885
1988-04-19,1999.5,-0.4293
1988-04-20,1985.41,-0.7047
1988-04-21,1987.4,0.1002
1988-04-22,2015.09,1.3933
1988-04-25,2035.97,1.0362
1988-04-26,2044.76,0.4317
1988-04-27,2047.91,0.1541
1988-04-28,2041.28,-0.3237
1988-04-29,2032.33,-0.4385
1988-05-02,2043.27,0.5383
1988-05-03,2058.36,0.7385
1988-05-04,2036.31,-1.0712
1988-05-05,2020.23,-0.7897
1988-05-06,2007.46,-0.6321
1988-05-09,1997.35,-0.5036
1988-05-10,2003.65,0.3154
1988-05-11,1965.85,-1.8866
1988-05-12,1968,0.1094
1988-05-13,1990.55,1.1458
1988-05-16,2007.63,0.8581
1988-05-17,1986.41,-1.057
1988-05-18,1951.09,-1.7781
1988-05-19,1958.72,0.3911
1988-05-20,1952.59,-0.313
1988-05-23,1941.48,-0.569
1988-05-24,1962.53,1.0842
1988-05-25,1961.37,-0.0591
1988-05-26,1966.75,0.2743
1988-05-27,1956.44,-0.5242
1988-05-31,2031.12,3.8171
1988-06-01,2064.01,1.6193
1988-06-02,2052.45,-0.5601
1988-06-03,2071.3,0.9184
1988-06-06,2075.21,0.1888
1988-06-07,2054.59,-0.9936
1988-06-08,2102.95,2.3538
1988-06-09,2093.35,-0.4565
1988-06-10,2101.71,0.3994
1988-06-13,2099.4,-0.1099
1988-06-14,2124.47,1.1942
1988-06-15,2131.4,0.3262
1988-06-16,2094.24,-1.7435
1988-06-17,2104.02,0.467
1988-06-20,2083.93,-0.9548
1988-06-21,2109.17,1.2112
1988-06-22,2152.2,2.0401
1988-06-23,2148.29,-0.1817
1988-06-24,2142.96,-0.2481
1988-06-27,2108.46,-1.6099
1988-06-28,2130.87,1.0629
1988-06-29,2121.98,-0.4172
1988-06-30,2141.71,0.9298
1988-07-01,2131.58,-0.473
1988-07-05,2158.61,1.2681
1988-07-06,2130.16,-1.318
1988-07-07,2122.69,-0.3507
1988-07-08,2106.15,-0.7792
1988-07-11,2111.31,0.245
1988-07-12,2092.64,-0.8843
1988-07-13,2104.37,0.5605
1988-07-14,2113.62,0.4396
1988-07-15,2129.45,0.749
1988-07-18,2117.89,-0.5429
1988-07-19,2097.26,-0.9741
1988-07-20,2110.6,0.6361
1988-07-21,2086.59,-1.1376
1988-07-22,2060.99,-1.2269
1988-07-25,2071.83,0.526
1988-07-26,2073.97,0.1033
1988-07-27,2053.7,-0.9774
1988-07-28,2082.33,1.3941
1988-07-29,2128.73,2.2283
1988-08-01,2130.51,0.0836
1988-08-02,2131.22,0.0333
1988-08-03,2134.07,0.1337
1988-08-04,2126.6,-0.35
1988-08-05,2119.13,-0.3513
1988-08-08,2107.4,-0.5535
1988-08-09,2079.13,-1.3415
1988-08-10,2034.14,-2.1639
1988-08-11,2039.3,0.2537
1988-08-12,2037.52,-0.0873
1988-08-15,2004.27,-1.6319
1988-08-16,2021.51,0.8602
1988-08-17,2025.96,0.2201
1988-08-18,2027.03,0.0528
1988-08-19,2016,-0.5441
1988-08-22,1990.22,-1.2788
1988-08-23,1989.33,-0.0447
1988-08-24,2026.67,1.877
1988-08-25,2010.85,-0.7806
1988-08-26,2017.43,0.3272
1988-08-29,2041.43,1.1896
1988-08-30,2038.23,-0.1568
1988-08-31,2031.65,-0.3228
1988-09-01,2002.31,-1.4441
1988-09-02,2054.59,2.611
1988-09-06,2065.26,0.5193
1988-09-07,2065.79,0.0257
1988-09-08,2063.12,-0.1292
1988-09-09,2068.81,0.2758
1988-09-12,2072.37,0.1721
1988-09-13,2083.04,0.5149
1988-09-14,2100.64,0.8449
1988-09-15,2092.28,-0.398
1988-09-16,2098.15,0.2806
1988-09-19,2081.08,-0.8136
1988-09-20,2087.48,0.3075
1988-09-21,2090.5,0.1447
1988-09-22,2080.01,-0.5018
1988-09-23,2090.68,0.513
1988-09-26,2085.17,-0.2636
1988-09-27,2082.33,-0.1362
1988-09-28,2085.53,0.1537
1988-09-29,2119.31,1.6197
1988-09-30,2112.91,-0.302
1988-10-03,2105.26,-0.3621
1988-10-04,2102.06,-0.152
1988-10-05,2106.51,0.2117
1988-10-06,2107.75,0.0589
1988-10-07,2150.25,2.0164
1988-10-10,2158.96,0.4051
1988-10-11,2156.47,-0.1153
1988-10-12,2126.24,-1.4018
1988-10-13,2133.36,0.3349
1988-10-14,2133.18,-0.0084
1988-10-17,2140.47,0.3417
1988-10-18,2159.85,0.9054
1988-10-19,2137.27,-1.0454
1988-10-20,2181.19,2.055
1988-10-21,2183.5,0.1059
1988-10-24,2170.34,-0.6027
1988-10-25,2173.36,0.1391
1988-10-26,2165.18,-0.3764
1988-10-27,2140.83,-1.1246
1988-10-28,2149.89,0.4232
1988-10-31,2148.65,-0.0577
1988-11-01,2150.96,0.1075
1988-11-02,2156.83,0.2729
1988-11-03,2170.34,0.6264
1988-11-04,2145.8,-1.1307
1988-11-07,2124.64,-0.9861
1988-11-08,2127.49,0.1341
1988-11-09,2118.24,-0.4348
1988-11-10,2114.69,-0.1676
1988-11-11,2067.03,-2.2538
1988-11-14,2065.08,-0.0943
1988-11-15,2077.17,0.5854
1988-11-16,2038.58,-1.8578
1988-11-17,2052.45,0.6804
1988-11-18,2062.41,0.4853
1988-11-21,2065.97,0.1726
1988-11-22,2077.7,0.5678
1988-11-23,2092.28,0.7017
1988-11-25,2074.68,-0.8412
1988-11-28,2081.44,0.3258
1988-11-29,2101.53,0.9652
1988-11-30,2114.51,0.6176
1988-12-01,2101.88,-0.5973
1988-12-02,2092.28,-0.4567
1988-12-05,2123.76,1.5046
1988-12-06,2149.36,1.2054
1988-12-07,2153.63,0.1987
1988-12-08,2141.71,-0.5535
1988-12-09,2143.49,0.0831
1988-12-12,2139.58,-0.1824
1988-12-13,2143.49,0.1827
1988-12-14,2134.25,-0.4311
1988-12-15,2133,-0.0586
1988-12-16,2150.71,0.8303
1988-12-19,2172.68,1.0215
1988-12-20,2166.07,-0.3042
1988-12-21,2164.64,-0.066
1988-12-22,2160.36,-0.1977
1988-12-23,2168.93,0.3967
1988-12-27,2162.68,-0.2882
1988-12-28,2166.43,0.1734
1988-12-29,2182.68,0.7501
1988-12-30,2168.57,-0.6465
1989-01-03,2144.64,-1.1035
1989-01-04,2177.68,1.5406
1989-01-05,2190.54,0.5905
1989-01-06,2194.29,0.1712
1989-01-09,2199.46,0.2356
1989-01-10,2193.21,-0.2842
1989-01-11,2206.43,0.6028
1989-01-12,2222.32,0.7202
1989-01-13,2226.07,0.1687
1989-01-16,2224.64,-0.0642
1989-01-17,2214.64,-0.4495
1989-01-18,2238.75,1.0887
1989-01-19,2239.11,0.0161
1989-01-20,2235.36,-0.1675
1989-01-23,2218.39,-0.7592
1989-01-24,2256.43,1.7148
1989-01-25,2265.89,0.4192
1989-01-26,2291.07,1.1113
1989-01-27,2322.86,1.3876
1989-01-30,2324.11,0.0538
1989-01-31,2342.32,0.7835
1989-02-01,2338.21,-0.1755
1989-02-02,2333.75,-0.1907
1989-02-03,2331.25,-0.1071
1989-02-06,2321.07,-0.4367
1989-02-07,2347.14,1.1232
1989-02-08,2343.21,-0.1674
1989-02-09,2323.04,-0.8608
1989-02-10,2286.07,-1.5914
1989-02-13,2282.5,-0.1562
1989-02-14,2281.25,-0.0548
1989-02-15,2303.93,0.9942
1989-02-16,2311.43,0.3255
1989-02-17,2324.82,0.5793
1989-02-21,2326.43,0.0693
1989-02-22,2283.93,-1.8268
1989-02-23,2289.46,0.2421
1989-02-24,2245.54,-1.9184
1989-02-27,2250.36,0.2146
1989-02-28,2258.39,0.3568
1989-03-01,2243.04,-0.6797
1989-03-02,2265.71,1.0107
1989-03-03,2274.29,0.3787
1989-03-06,2294.82,0.9027
1989-03-07,2290.71,-0.1791
1989-03-08,2295.54,0.2109
1989-03-09,2291.43,-0.179
1989-03-10,2282.14,-0.4054
1989-03-13,2306.25,1.0565
1989-03-14,2306.25,0
1989-03-15,2320.54,0.6196
1989-03-16,2340.71,0.8692
1989-03-17,2292.14,-2.075
1989-03-20,2262.5,-1.2931
1989-03-21,2266.25,0.1657
1989-03-22,2263.21,-0.1341
1989-03-23,2243.04,-0.8912
1989-03-27,2257.86,0.6607
1989-03-28,2275.54,0.783
1989-03-29,2281.52,0.2628
1989-03-30,2281.34,-0.0079
1989-03-31,2293.62,0.5383
1989-04-03,2304.8,0.4874
1989-04-04,2298.2,-0.2864
1989-04-05,2304.8,0.2872
1989-04-06,2291.97,-0.5567
1989-04-07,2304.8,0.5598
1989-04-10,2301.87,-0.1271
1989-04-11,2311.58,0.4218
1989-04-12,2319.65,0.3491
1989-04-13,2296,-1.0196
1989-04-14,2337.06,1.7883
1989-04-17,2337.79,0.0312
1989-04-18,2379.4,1.7799
1989-04-19,2386.91,0.3156
1989-04-20,2377.38,-0.3993
1989-04-21,2409.46,1.3494
1989-04-24,2402.68,-0.2814
1989-04-25,2386.91,-0.6564
1989-04-26,2389.11,0.0922
1989-04-27,2418.99,1.2507
1989-04-28,2418.8,-0.0079
1989-05-01,2414.96,-0.1588
1989-05-02,2402.86,-0.501
1989-05-03,2393.7,-0.3812
1989-05-04,2384.9,-0.3676
1989-05-05,2381.96,-0.1233
1989-05-08,2376.47,-0.2305
1989-05-09,2371.33,-0.2163
1989-05-10,2374.45,0.1316
1989-05-11,2382.88,0.355
1989-05-12,2439.7,2.3845
1989-05-15,2463.89,0.9915
1989-05-16,2453.45,-0.4237
1989-05-17,2462.43,0.366
1989-05-18,2470.12,0.3123
1989-05-19,2501.1,1.2542
1989-05-22,2502.02,0.0368
1989-05-23,2478.01,-0.9596
1989-05-24,2483.87,0.2365
1989-05-25,2482.59,-0.0515
1989-05-26,2493.77,0.4503
1989-05-30,2475.55,-0.7306
1989-05-31,2480.15,0.1858
1989-06-01,2490.63,0.4226
1989-06-02,2517.83,1.0921
1989-06-05,2480.7,-1.4747
1989-06-06,2496.32,0.6297
1989-06-07,2512.32,0.6409
1989-06-08,2516.91,0.1827
1989-06-09,2513.42,-0.1387
1989-06-12,2518.84,0.2156
1989-06-13,2503.54,-0.6074
1989-06-14,2503.36,-0.0072
1989-06-15,2475,-1.1329
1989-06-16,2486.38,0.4598
1989-06-19,2479.89,-0.261
1989-06-20,2472.88,-0.2827
1989-06-21,2464.91,-0.3223
1989-06-22,2482.17,0.7002
1989-06-23,2531.87,2.0023
1989-06-26,2511.38,-0.8093
1989-06-27,2526.37,0.5969
1989-06-28,2504.74,-0.8562
1989-06-29,2458.27,-1.8553
1989-06-30,2440.06,-0.7408
1989-07-03,2452.77,0.5209
1989-07-05,2456.56,0.1545
1989-07-06,2462.44,0.2394
1989-07-07,2487.86,1.0323
1989-07-10,2502.66,0.5949
1989-07-11,2514.61,0.4775
1989-07-12,2532.63,0.7166
1989-07-13,2538.32,0.2247
1989-07-14,2554.82,0.65
1989-07-17,2553.49,-0.0521
1989-07-18,2544.76,-0.3419
1989-07-19,2584.41,1.5581
1989-07-20,2575.49,-0.3451
1989-07-21,2607.36,1.2374
1989-07-24,2584.98,-0.8583
1989-07-25,2583.08,-0.0735
1989-07-26,2613.05,1.1602
1989-07-27,2635.43,0.8565
1989-07-28,2635.24,-0.0072
1989-07-31,2660.66,0.9646
1989-08-01,2641.12,-0.7344
1989-08-02,2657.44,0.6179
1989-08-03,2661.61,0.1569
1989-08-04,2653.45,-0.3066
1989-08-07,2694.99,1.5655
1989-08-08,2699.17,0.1551
1989-08-09,2686.08,-0.485
1989-08-10,2712.63,0.9884
1989-08-11,2683.99,-1.0558
1989-08-14,2677.92,-0.2262
1989-08-15,2687.78,0.3682
1989-08-16,2693.29,0.205
1989-08-17,2679.63,-0.5072
1989-08-18,2687.97,0.3112
1989-08-21,2647,-1.5242
1989-08-22,2650.99,0.1507
1989-08-23,2678.11,1.023
1989-08-24,2734.64,2.1108
1989-08-25,2732.36,-0.0834
1989-08-28,2743.36,0.4026
1989-08-29,2726.63,-0.6098
1989-08-30,2728.15,0.0557
1989-08-31,2737.27,0.3343
1989-09-01,2752.09,0.5414
1989-09-05,2744.68,-0.2692
1989-09-06,2719.79,-0.9068
1989-09-07,2706.88,-0.4747
1989-09-08,2709.54,0.0983
1989-09-11,2704.41,-0.1893
1989-09-12,2707.26,0.1054
1989-09-13,2679.52,-1.0247
1989-09-14,2664.89,-0.546
1989-09-15,2674.58,0.3636
1989-09-18,2687.5,0.4831
1989-09-19,2687.31,-0.0071
1989-09-20,2683.89,-0.1273
1989-09-21,2680.28,-0.1345
1989-09-22,2681.61,0.0496
1989-09-25,2659.19,-0.8361
1989-09-26,2663.94,0.1786
1989-09-27,2673.06,0.3424
1989-09-28,2694.91,0.8174
1989-09-29,2692.82,-0.0776
1989-10-02,2713.72,0.7761
1989-10-03,2754.56,1.5049
1989-10-04,2771.09,0.6001
1989-10-05,2773.56,0.0891
1989-10-06,2785.52,0.4312
1989-10-09,2791.41,0.2115
1989-10-10,2785.33,-0.2178
1989-10-11,2773.36,-0.4298
1989-10-12,2759.84,-0.4875
1989-10-13,2569.26,-6.9055
1989-10-16,2657.38,3.4298
1989-10-17,2638.73,-0.7018
1989-10-18,2643.65,0.1865
1989-10-19,2683.2,1.496
1989-10-20,2689.14,0.2214
1989-10-23,2662.91,-0.9754
1989-10-24,2659.22,-0.1386
1989-10-25,2653.28,-0.2234
1989-10-26,2613.73,-1.4906
1989-10-27,2596.72,-0.6508
1989-10-30,2603.48,0.2603
1989-10-31,2645.08,1.5979
1989-11-01,2645.9,0.031
1989-11-02,2631.56,-0.542
1989-11-03,2629.51,-0.0779
1989-11-06,2582.17,-1.8003
1989-11-07,2597.13,0.5794
1989-11-08,2623.36,1.01
1989-11-09,2603.69,-0.7498
1989-11-10,2625.61,0.8419
1989-11-13,2626.43,0.0312
1989-11-14,2610.25,-0.616
1989-11-15,2632.58,0.8555
1989-11-16,2635.66,0.117
1989-11-17,2652.66,0.645
1989-11-20,2632.04,-0.7773
1989-11-21,2639.29,0.2755
1989-11-22,2656.78,0.6627
1989-11-24,2675.55,0.7065
1989-11-27,2694.97,0.7258
1989-11-28,2702.01,0.2612
1989-11-29,2688.78,-0.4896
1989-11-30,2706.27,0.6505
1989-12-01,2747.65,1.529
1989-12-04,2753.63,0.2176
1989-12-05,2741.68,-0.434
1989-12-06,2736.77,-0.1791
1989-12-07,2720.78,-0.5843
1989-12-08,2731.44,0.3918
1989-12-11,2728.24,-0.1172
1989-12-12,2752.13,0.8757
1989-12-13,2761.09,0.3256
1989-12-14,2753.63,-0.2702
1989-12-15,2739.55,-0.5113
1989-12-18,2697.53,-1.5338
1989-12-19,2695.61,-0.0712
1989-12-20,2687.93,-0.2849
1989-12-21,2691.13,0.1191
1989-12-22,2711.39,0.7528
1989-12-26,2709.26,-0.0786
1989-12-27,2724.4,0.5588
1989-12-28,2732.3,0.29
1989-12-29,2753.2,0.7649
1990-01-02,2810.15,2.0685
1990-01-03,2809.73,-0.0149
1990-01-04,2796.08,-0.4858
1990-01-05,2773.25,-0.8165
1990-01-08,2794.37,0.7616
1990-01-09,2766,-1.0153
1990-01-10,2750.64,-0.5553
1990-01-11,2760.67,0.3646
1990-01-12,2689.21,-2.5885
1990-01-15,2669.37,-0.7378
1990-01-16,2692.62,0.871
1990-01-17,2659.13,-1.2438
1990-01-18,2666.38,0.2726
1990-01-19,2677.9,0.432
1990-01-22,2600.45,-2.8922
1990-01-23,2615.32,0.5718
1990-01-24,2604.5,-0.4137
1990-01-25,2561.04,-1.6687
1990-01-26,2559.23,-0.0707
1990-01-29,2553.38,-0.2286
1990-01-30,2543.24,-0.3971
1990-01-31,2590.54,1.8598
1990-02-01,2586.26,-0.1652
1990-02-02,2602.7,0.6357
1990-02-05,2622.52,0.7615
1990-02-06,2606.31,-0.6181
1990-02-07,2640.09,1.2961
1990-02-08,2644.37,0.1621
1990-02-09,2648.2,0.1448
1990-02-12,2619.14,-1.0973
1990-02-13,2624.1,0.1894
1990-02-14,2624.32,0.0084
1990-02-15,2649.55,0.9614
1990-02-16,2635.59,-0.5269
1990-02-20,2596.85,-1.4699
1990-02-21,2583.56,-0.5118
1990-02-22,2574.77,-0.3402
1990-02-23,2564.19,-0.4109
1990-02-26,2602.48,1.4933
1990-02-27,2617.12,0.5625
1990-02-28,2627.25,0.3871
1990-03-01,2635.59,0.3174
1990-03-02,2660.36,0.9398
1990-03-05,2649.55,-0.4063
1990-03-06,2676.8,1.0285
1990-03-07,2669.59,-0.2694
1990-03-08,2696.17,0.9957
1990-03-09,2683.33,-0.4762
1990-03-12,2686.71,0.126
1990-03-13,2674.55,-0.4526
1990-03-14,2687.84,0.4969
1990-03-15,2695.72,0.2932
1990-03-16,2741.22,1.6879
1990-03-19,2755.63,0.5257
1990-03-20,2738.74,-0.6129
1990-03-21,2727.93,-0.3947
1990-03-22,2695.72,-1.1807
1990-03-23,2704.28,0.3175
1990-03-26,2707.66,0.125
1990-03-27,2736.94,1.0814
1990-03-28,2743.69,0.2466
1990-03-29,2727.7,-0.5828
1990-03-30,2707.21,-0.7512
1990-04-02,2700.45,-0.2497
1990-04-03,2736.71,1.3427
1990-04-04,2719.37,-0.6336
1990-04-05,2721.17,0.0662
1990-04-06,2717.12,-0.1488
1990-04-09,2722.07,0.1822
1990-04-10,2731.08,0.331
1990-04-11,2729.73,-0.0494
1990-04-12,2751.8,0.8085
1990-04-16,2763.06,0.4092
1990-04-17,2765.77,0.0981
1990-04-18,2732.88,-1.1892
1990-04-19,2711.94,-0.7662
1990-04-20,2695.95,-0.5896
1990-04-23,2666.67,-1.0861
1990-04-24,2654.5,-0.4564
1990-04-25,2666.44,0.4498
1990-04-26,2676.58,0.3803
1990-04-27,2645.05,-1.178
1990-04-30,2656.76,0.4427
1990-05-01,2668.92,0.4577
1990-05-02,2689.64,0.7763
1990-05-03,2696.17,0.2428
1990-05-04,2710.36,0.5263
1990-05-07,2721.62,0.4154
1990-05-08,2733.56,0.4387
1990-05-09,2732.88,-0.0249
1990-05-10,2738.51,0.206
1990-05-11,2801.58,2.3031
1990-05-14,2821.53,0.7121
1990-05-15,2822.45,0.0326
1990-05-16,2819.68,-0.0981
1990-05-17,2831.71,0.4266
1990-05-18,2819.91,-0.4167
1990-05-21,2844.68,0.8784
1990-05-22,2852.23,0.2654
1990-05-23,2856.26,0.1413
1990-05-24,2855.55,-0.0249
1990-05-25,2820.92,-1.2127
1990-05-29,2870.49,1.7572
1990-05-30,2878.56,0.2811
1990-05-31,2876.66,-0.066
1990-06-01,2900.97,0.8451
1990-06-04,2935.19,1.1796
1990-06-05,2925,-0.3472
1990-06-06,2911.65,-0.4564
1990-06-07,2897.33,-0.4918
1990-06-08,2862.38,-1.2063
1990-06-11,2892.57,1.0547
1990-06-12,2933.42,1.4122
1990-06-13,2929.7,-0.1268
1990-06-14,2928.22,-0.0505
1990-06-15,2935.89,0.2619
1990-06-18,2882.18,-1.8294
1990-06-19,2893.56,0.3948
1990-06-20,2895.3,0.0601
1990-06-21,2901.73,0.2221
1990-06-22,2857.18,-1.5353
1990-06-25,2845.05,-0.4245
1990-06-26,2842.33,-0.0956
1990-06-27,2862.13,0.6966
1990-06-28,2878.71,0.5793
1990-06-29,2880.69,0.0688
1990-07-02,2899.26,0.6446
1990-07-03,2911.63,0.4267
1990-07-05,2879.21,-1.1135
1990-07-06,2904.95,0.894
1990-07-09,2914.11,0.3153
1990-07-10,2890.84,-0.7985
1990-07-11,2932.67,1.447
1990-07-12,2969.8,1.2661
1990-07-13,2980.2,0.3502
1990-07-16,2999.75,0.656
1990-07-17,2999.75,0
1990-07-18,2981.68,-0.6024
1990-07-19,2993.81,0.4068
1990-07-20,2961.14,-1.0913
1990-07-23,2904.7,-1.906
1990-07-24,2922.52,0.6135
1990-07-25,2930.94,0.2881
1990-07-26,2920.79,-0.3463
1990-07-27,2898.51,-0.7628
1990-07-30,2917.33,0.6493
1990-07-31,2905.2,-0.4158
1990-08-01,2899.26,-0.2045
1990-08-02,2864.6,-1.1955
1990-08-03,2809.65,-1.9182
1990-08-06,2716.34,-3.3211
1990-08-07,2710.64,-0.2098
1990-08-08,2734.9,0.895
1990-08-09,2758.91,0.8779
1990-08-10,2716.58,-1.5343
1990-08-13,2746.78,1.1117
1990-08-14,2747.77,0.036
1990-08-15,2748.27,0.0182
1990-08-16,2681.44,-2.4317
1990-08-17,2644.8,-1.3664
1990-08-20,2656.44,0.4401
1990-08-21,2603.96,-1.9756
1990-08-22,2560.15,-1.6824
1990-08-23,2483.42,-2.9971
1990-08-24,2532.92,1.9932
1990-08-27,2611.63,3.1075
1990-08-28,2614.85,0.1233
1990-08-29,2632.43,0.6723
1990-08-30,2593.32,-1.4857
1990-08-31,2614.36,0.8113
1990-09-04,2613.37,-0.0379
1990-09-05,2628.22,0.5682
1990-09-06,2596.29,-1.2149
1990-09-07,2619.55,0.8959
1990-09-10,2615.59,-0.1512
1990-09-11,2612.62,-0.1135
1990-09-12,2625.74,0.5022
1990-09-13,2582.67,-1.6403
1990-09-14,2564.11,-0.7186
1990-09-17,2567.33,0.1256
1990-09-18,2571.29,0.1542
1990-09-19,2557.43,-0.539
1990-09-20,2518.32,-1.5293
1990-09-21,2512.38,-0.2359
1990-09-24,2452.97,-2.3647
1990-09-25,2485.64,1.3319
1990-09-26,2459.65,-1.0456
1990-09-27,2427.48,-1.3079
1990-09-28,2452.48,1.0299
1990-10-01,2515.84,2.5835
1990-10-02,2505.2,-0.4229
1990-10-03,2489.36,-0.6323
1990-10-04,2516.83,1.1035
1990-10-05,2510.64,-0.2459
1990-10-08,2523.76,0.5226
1990-10-09,2445.54,-3.0993
1990-10-10,2407.92,-1.5383
1990-10-11,2365.1,-1.7783
1990-10-12,2398.02,1.3919
1990-10-15,2416.34,0.764
1990-10-16,2381.19,-1.4547
1990-10-17,2387.87,0.2805
1990-10-18,2452.72,2.7158
1990-10-19,2520.79,2.7753
1990-10-22,2516.09,-0.1864
1990-10-23,2494.06,-0.8756
1990-10-24,2504.21,0.407
1990-10-25,2484.16,-0.8007
1990-10-26,2436.14,-1.933
1990-10-29,2430.2,-0.2438
1990-10-30,2448.02,0.7333
1990-10-31,2442.33,-0.2324
1990-11-01,2454.95,0.5167
1990-11-02,2490.84,1.4619
1990-11-05,2502.23,0.4573
1990-11-06,2485.15,-0.6826
1990-11-07,2440.84,-1.783
1990-11-08,2443.81,0.1217
1990-11-09,2488.61,1.8332
1990-11-12,2540.35,2.0791
1990-11-13,2535.4,-0.1949
1990-11-14,2559.65,0.9565
1990-11-15,2545.05,-0.5704
1990-11-16,2550.25,0.2043
1990-11-19,2565.35,0.5921
1990-11-20,2530.2,-1.3702
1990-11-21,2539.36,0.362
1990-11-23,2527.23,-0.4777
1990-11-26,2533.17,0.235
1990-11-27,2543.81,0.42
1990-11-28,2535.15,-0.3404
1990-11-29,2518.81,-0.6445
1990-11-30,2559.65,1.6214
1990-12-03,2565.59,0.2321
1990-12-04,2579.7,0.55
1990-12-05,2610.4,1.1901
1990-12-06,2602.48,-0.3034
1990-12-07,2590.1,-0.4757
1990-12-10,2596.78,0.2579
1990-12-11,2586.14,-0.4097
1990-12-12,2622.28,1.3974
1990-12-13,2614.36,-0.302
1990-12-14,2593.81,-0.786
1990-12-17,2593.32,-0.0189
1990-12-18,2626.73,1.2883
1990-12-19,2626.73,0
1990-12-20,2629.46,0.1039
1990-12-21,2633.66,0.1597
1990-12-24,2621.29,-0.4697
1990-12-26,2637.13,0.6043
1990-12-27,2625.5,-0.441
1990-12-28,2629.21,0.1413
1990-12-31,2633.66,0.1693
1991-01-02,2610.64,-0.8741
1991-01-03,2573.51,-1.4223
1991-01-04,2566.09,-0.2883
1991-01-07,2522.77,-1.6882
1991-01-08,2509.41,-0.5296
1991-01-09,2470.3,-1.5585
1991-01-10,2498.76,1.1521
1991-01-11,2501.49,0.1093
1991-01-14,2483.91,-0.7028
1991-01-15,2490.59,0.2689
1991-01-16,2508.91,0.7356
1991-01-17,2623.51,4.5677
1991-01-18,2646.78,0.887
1991-01-21,2629.21,-0.6638
1991-01-22,2603.22,-0.9885
1991-01-23,2619.06,0.6085
1991-01-24,2643.07,0.9167
1991-01-25,2659.41,0.6182
1991-01-28,2654.46,-0.1861
1991-01-29,2662.62,0.3074
1991-01-30,2713.12,1.8966
1991-01-31,2736.39,0.8577
1991-02-01,2730.69,-0.2083
1991-02-04,2772.28,1.5231
1991-02-05,2788.37,0.5804
1991-02-06,2830.94,1.5267
1991-02-07,2810.64,-0.7171
1991-02-08,2830.69,0.7134
1991-02-11,2902.23,2.5273
1991-02-12,2874.75,-0.9469
1991-02-13,2909.16,1.197
1991-02-14,2877.23,-1.0976
1991-02-15,2934.65,1.9957
1991-02-19,2932.18,-0.0842
1991-02-20,2899.01,-1.1312
1991-02-21,2891.83,-0.2477
1991-02-22,2889.36,-0.0854
1991-02-25,2887.87,-0.0516
1991-02-26,2864.6,-0.8058
1991-02-27,2889.11,0.8556
1991-02-28,2882.18,-0.2399
1991-03-01,2909.9,0.9618
1991-03-04,2914.11,0.1447
1991-03-05,2972.52,2.0044
1991-03-06,2973.27,0.0252
1991-03-07,2963.37,-0.333
1991-03-08,2955.2,-0.2757
1991-03-11,2939.36,-0.536
1991-03-12,2922.52,-0.5729
1991-03-13,2955.2,1.1182
1991-03-14,2952.23,-0.1005
1991-03-15,2948.27,-0.1341
1991-03-18,2929.95,-0.6214
1991-03-19,2867.82,-2.1205
1991-03-20,2872.03,0.1468
1991-03-21,2855.45,-0.5773
1991-03-22,2858.91,0.1212
1991-03-25,2865.84,0.2424
1991-03-26,2914.85,1.7101
1991-03-27,2917.57,0.0933
1991-03-28,2913.86,-0.1272
1991-04-01,2881.19,-1.1212
1991-04-02,2945.05,2.2164
1991-04-03,2926.73,-0.6221
1991-04-04,2924.5,-0.0762
1991-04-05,2896.78,-0.9479
1991-04-08,2918.56,0.7519
1991-04-09,2873.02,-1.5604
1991-04-10,2874.5,0.0515
1991-04-11,2905.45,1.0767
1991-04-12,2920.79,0.528
1991-04-15,2933.17,0.4239
1991-04-16,2986.88,1.8311
1991-04-17,3004.46,0.5886
1991-04-18,2999.26,-0.1731
1991-04-19,2965.59,-1.1226
1991-04-22,2927.72,-1.277
1991-04-23,2930.45,0.0932
1991-04-24,2949.5,0.6501
1991-04-25,2921.04,-0.9649
1991-04-26,2912.38,-0.2965
1991-04-29,2876.98,-1.2155
1991-04-30,2887.87,0.3785
1991-05-01,2930.2,1.4658
1991-05-02,2938.61,0.287
1991-05-03,2938.86,0.0085
1991-05-06,2941.64,0.0946
1991-05-07,2917.49,-0.821
1991-05-08,2930.9,0.4596
1991-05-09,2971.15,1.3733
1991-05-10,2920.17,-1.7158
1991-05-13,2924.42,0.1455
1991-05-14,2886.85,-1.2847
1991-05-15,2865.38,-0.7437
1991-05-16,2894.01,0.9992
1991-05-17,2886.63,-0.255
1991-05-20,2892.22,0.1937
1991-05-21,2906.08,0.4792
1991-05-22,2910.33,0.1462
1991-05-23,2900.04,-0.3536
1991-05-24,2913.91,0.4783
1991-05-28,2958.86,1.5426
1991-05-29,2969.59,0.3626
1991-05-30,3000.45,1.0392
1991-05-31,3027.5,0.9015
1991-06-03,3035.33,0.2586
1991-06-04,3027.95,-0.2431
1991-06-05,3005.37,-0.7457
1991-06-06,2994.86,-0.3497
1991-06-07,2976.74,-0.605
1991-06-10,2975.4,-0.045
1991-06-11,2985.91,0.3532
1991-06-12,2961.99,-0.8011
1991-06-13,2965.12,0.1057
1991-06-14,3000.45,1.1915
1991-06-17,2993.96,-0.2163
1991-06-18,2986.81,-0.2388
1991-06-19,2955.5,-1.0483
1991-06-20,2953.94,-0.0528
1991-06-21,2965.56,0.3934
1991-06-24,2913.01,-1.772
1991-06-25,2910.11,-0.0996
1991-06-26,2913.01,0.0997
1991-06-27,2934.93,0.7525
1991-06-28,2906.75,-0.9602
1991-07-01,2958.41,1.7772
1991-07-02,2972.72,0.4837
1991-07-03,2934.7,-1.279
1991-07-05,2932.47,-0.076
1991-07-08,2961.99,1.0067
1991-07-09,2947.23,-0.4983
1991-07-10,2944.77,-0.0835
1991-07-11,2959.75,0.5087
1991-07-12,2980.77,0.7102
1991-07-15,2990.61,0.3301
1991-07-16,2983.9,-0.2244
1991-07-17,2978.76,-0.1723
1991-07-18,3016.32,1.2609
1991-07-19,3016.32,0
1991-07-22,3012.97,-0.1111
1991-07-23,2983.23,-0.9871
1991-07-24,2966.23,-0.5699
1991-07-25,2980.1,0.4676
1991-07-26,2972.5,-0.255
1991-07-29,2985.24,0.4286
1991-07-30,3016.32,1.0411
1991-07-31,3024.82,0.2818
1991-08-01,3017.67,-0.2364
1991-08-02,3006.26,-0.3781
1991-08-05,2989.04,-0.5728
1991-08-06,3027.28,1.2793
1991-08-07,3026.61,-0.0221
1991-08-08,3013.86,-0.4213
1991-08-09,2996.2,-0.586
1991-08-12,3001.34,0.1716
1991-08-13,3008.72,0.2459
1991-08-14,3005.37,-0.1113
1991-08-15,2998.43,-0.2309
1991-08-16,2968.02,-1.0142
1991-08-19,2898.03,-2.3581
1991-08-20,2913.69,0.5404
1991-08-21,3001.79,3.0237
1991-08-22,3007.38,0.1862
1991-08-23,3040.25,1.093
1991-08-26,3039.36,-0.0293
1991-08-27,3026.16,-0.4343
1991-08-28,3055.23,0.9606
1991-08-29,3049.64,-0.183
1991-08-30,3043.6,-0.1981
1991-09-03,3017.67,-0.852
1991-09-04,3008.5,-0.3039
1991-09-05,3008.5,0
1991-09-06,3011.63,0.104
1991-09-09,3007.16,-0.1484
1991-09-10,2982.56,-0.818
1991-09-11,2987.03,0.1499
1991-09-12,3007.83,0.6963
1991-09-13,2985.69,-0.7361
1991-09-16,3015.21,0.9887
1991-09-17,3013.19,-0.067
1991-09-18,3017.89,0.156
1991-09-19,3024.37,0.2147
1991-09-20,3019.23,-0.17
1991-09-23,3010.51,-0.2888
1991-09-24,3029.07,0.6165
1991-09-25,3021.02,-0.2658
1991-09-26,3017.22,-0.1258
1991-09-27,3006.04,-0.3705
1991-09-30,3016.77,0.3569
1991-10-01,3018.34,0.052
1991-10-02,3012.52,-0.1928
1991-10-03,2984.79,-0.9205
1991-10-04,2961.76,-0.7716
1991-10-07,2942.75,-0.6418
1991-10-08,2963.77,0.7143
1991-10-09,2946.33,-0.5884
1991-10-10,2976.52,1.0247
1991-10-11,2983.68,0.2405
1991-10-14,3019.45,1.1989
1991-10-15,3041.37,0.726
1991-10-16,3061.72,0.6691
1991-10-17,3053,-0.2848
1991-10-18,3077.15,0.791
1991-10-21,3060.38,-0.545
1991-10-22,3039.8,-0.6725
1991-10-23,3040.92,0.0368
1991-10-24,3016.32,-0.809
1991-10-25,3004.92,-0.3779
1991-10-28,3045.62,1.3544
1991-10-29,3061.94,0.5359
1991-10-30,3071.78,0.3214
1991-10-31,3069.1,-0.0872
1991-11-01,3056.35,-0.4154
1991-11-04,3045.62,-0.3511
1991-11-05,3031.31,-0.4699
1991-11-06,3038.46,0.2359
1991-11-07,3054.11,0.5151
1991-11-08,3045.62,-0.278
1991-11-11,3042.26,-0.1103
1991-11-12,3054.11,0.3895
1991-11-13,3065.3,0.3664
1991-11-14,3063.51,-0.0584
1991-11-15,2943.2,-3.9272
1991-11-18,2972.72,1.003
1991-11-19,2931.57,-1.3843
1991-11-20,2930.01,-0.0532
1991-11-21,2932.69,0.0915
1991-11-22,2902.73,-1.0216
1991-11-25,2902.06,-0.0231
1991-11-26,2916.14,0.4852
1991-11-27,2900.04,-0.5521
1991-11-29,2894.68,-0.1848
1991-12-02,2935.38,1.406
1991-12-03,2929.56,-0.1983
1991-12-04,2911.67,-0.6107
1991-12-05,2889.09,-0.7755
1991-12-06,2886.4,-0.0931
1991-12-09,2871.65,-0.511
1991-12-10,2863.82,-0.2727
1991-12-11,2865.38,0.0545
1991-12-12,2895.13,1.0383
1991-12-13,2914.36,0.6642
1991-12-16,2919.05,0.1609
1991-12-17,2902.28,-0.5745
1991-12-18,2908.09,0.2002
1991-12-19,2914.36,0.2156
1991-12-20,2934.48,0.6904
1991-12-23,3022.58,3.0022
1991-12-24,3050.98,0.9396
1991-12-26,3082.96,1.0482
1991-12-27,3101.52,0.602
1991-12-30,3163.91,2.0116
1991-12-31,3168.83,0.1555
1992-01-02,3172.4,0.1127
1992-01-03,3201.5,0.9173
1992-01-06,3200.1,-0.0437
1992-01-07,3204.8,0.1469
1992-01-08,3203.9,-0.0281
1992-01-09,3209.5,0.1748
1992-01-10,3199.5,-0.3116
1992-01-13,3185.6,-0.4344
1992-01-14,3246.2,1.9023
1992-01-15,3258.5,0.3789
1992-01-16,3249.6,-0.2731
1992-01-17,3265,0.4739
1992-01-20,3254,-0.3369
1992-01-21,3223.4,-0.9404
1992-01-22,3255.8,1.0051
1992-01-23,3226.7,-0.8938
1992-01-24,3232.8,0.189
1992-01-27,3240.6,0.2413
1992-01-28,3272.1,0.972
1992-01-29,3225,-1.4394
1992-01-30,3244.9,0.6171
1992-01-31,3223.4,-0.6626
1992-02-03,3234.1,0.3319
1992-02-04,3272.8,1.1966
1992-02-05,3257.6,-0.4644
1992-02-06,3255.6,-0.0614
1992-02-07,3225.4,-0.9276
1992-02-10,3245.1,0.6108
1992-02-11,3251.6,0.2003
1992-02-12,3276.8,0.775
1992-02-13,3246.7,-0.9186
1992-02-14,3246,-0.0216
1992-02-18,3224.7,-0.6562
1992-02-19,3230.3,0.1737
1992-02-20,3280.6,1.5571
1992-02-21,3280.2,-0.0122
1992-02-24,3282.4,0.0671
1992-02-25,3257.8,-0.7495
1992-02-26,3283.3,0.7827
1992-02-27,3269.5,-0.4203
1992-02-28,3267.7,-0.0551
1992-03-02,3275.3,0.2326
1992-03-03,3290.3,0.458
1992-03-04,3268.6,-0.6595
1992-03-05,3241.5,-0.8291
1992-03-06,3221.6,-0.6139
1992-03-09,3215.1,-0.2018
1992-03-10,3231,0.4945
1992-03-11,3208.6,-0.6933
1992-03-12,3208.6,0
1992-03-13,3235.9,0.8508
1992-03-16,3236.4,0.0155
1992-03-17,3256,0.6056
1992-03-18,3254.3,-0.0522
1992-03-19,3261.4,0.2182
1992-03-20,3276.4,0.4599
1992-03-23,3272.1,-0.1312
1992-03-24,3261,-0.3392
1992-03-25,3259.4,-0.0491
1992-03-26,3267.7,0.2546
1992-03-27,3231.4,-1.1109
1992-03-30,3235.2,0.1176
1992-03-31,3235.5,0.0093
1992-04-01,3249.3,0.4265
1992-04-02,3234.1,-0.4678
1992-04-03,3249.1,0.4638
1992-04-06,3275.5,0.8125
1992-04-07,3213.6,-1.8898
1992-04-08,3181.4,-1.002
1992-04-09,3225,1.3705
1992-04-10,3255.4,0.9426
1992-04-13,3269.9,0.4454
1992-04-14,3306.1,1.1071
1992-04-15,3353.8,1.4428
1992-04-16,3366.5,0.3787
1992-04-20,3336.3,-0.8971
1992-04-21,3343.3,0.2098
1992-04-22,3338.8,-0.1346
1992-04-23,3348.6,0.2935
1992-04-24,3324.5,-0.7197
1992-04-27,3304.56,-0.5998
1992-04-28,3307.9,0.1011
1992-04-29,3333.2,0.7648
1992-04-30,3359.1,0.777
1992-05-01,3336.1,-0.6847
1992-05-04,3378.1,1.259
1992-05-05,3359.4,-0.5536
1992-05-06,3369.4,0.2977
1992-05-07,3363.4,-0.1781
1992-05-08,3369.4,0.1784
1992-05-11,3397.6,0.8369
1992-05-12,3385.1,-0.3679
1992-05-13,3392,0.2038
1992-05-14,3368.9,-0.681
1992-05-15,3353.1,-0.469
1992-05-18,3376,0.683
1992-05-19,3398,0.6517
1992-05-20,3393.8,-0.1236
1992-05-21,3378.7,-0.4449
1992-05-22,3386.8,0.2397
1992-05-26,3364.2,-0.6673
1992-05-27,3370.4,0.1843
1992-05-28,3398.4,0.8308
1992-05-29,3396.9,-0.0441
1992-06-01,3413.2,0.4798
1992-06-02,3396.1,-0.501
1992-06-03,3407,0.321
1992-06-04,3399.7,-0.2143
1992-06-05,3398.7,-0.0294
1992-06-08,3404.1,0.1589
1992-06-09,3369.9,-1.0047
1992-06-10,3343.2,-0.7923
1992-06-11,3351.5,0.2483
1992-06-12,3354.4,0.0865
1992-06-15,3354.9,0.0149
1992-06-16,3329.5,-0.7571
1992-06-17,3287.8,-1.2524
1992-06-18,3274.1,-0.4167
1992-06-19,3285.4,0.3451
1992-06-22,3280.8,-0.14
1992-06-23,3285.6,0.1463
1992-06-24,3290.7,0.1552
1992-06-25,3284,-0.2036
1992-06-26,3282.4,-0.0487
1992-06-29,3319.86,1.1412
1992-06-30,3318.5,-0.041
1992-07-01,3354.1,1.0728
1992-07-02,3330.3,-0.7096
1992-07-06,3339.2,0.2672
1992-07-07,3295.2,-1.3177
1992-07-08,3293.3,-0.0577
1992-07-09,3324.1,0.9352
1992-07-10,3330.6,0.1955
1992-07-13,3337.3,0.2012
1992-07-14,3358.4,0.6322
1992-07-15,3345.4,-0.3871
1992-07-16,3361.6,0.4842
1992-07-17,3331.6,-0.8924
1992-07-20,3303,-0.8584
1992-07-21,3308.4,0.1635
1992-07-22,3277.6,-0.931
1992-07-23,3290,0.3783
1992-07-24,3285.7,-0.1307
1992-07-27,3282.2,-0.1065
1992-07-28,3334.1,1.5813
1992-07-29,3379.2,1.3527
1992-07-30,3391.9,0.3758
1992-07-31,3393.8,0.056
1992-08-03,3395.4,0.0471
1992-08-04,3384.3,-0.3269
1992-08-05,3365.1,-0.5673
1992-08-06,3340.6,-0.7281
1992-08-07,3332.2,-0.2515
1992-08-10,3337.56,0.1609
1992-08-11,3331.1,-0.1936
1992-08-12,3320.8,-0.3092
1992-08-13,3313.3,-0.2258
1992-08-14,3328.9,0.4708
1992-08-17,3324.9,-0.1202
1992-08-18,3329.5,0.1384
1992-08-19,3307.1,-0.6728
1992-08-20,3304.9,-0.0665
1992-08-21,3254.1,-1.5371
1992-08-24,3228.2,-0.7959
1992-08-25,3232.2,0.1239
1992-08-26,3246.8,0.4517
1992-08-27,3254.6,0.2402
1992-08-28,3267.6,0.3994
1992-08-31,3257.4,-0.3122
1992-09-01,3266.26,0.272
1992-09-02,3290.3,0.736
1992-09-03,3292.2,0.0577
1992-09-04,3281.9,-0.3129
1992-09-08,3260.6,-0.649
1992-09-09,3271.4,0.3312
1992-09-10,3305.2,1.0332
1992-09-11,3305.7,0.0151
1992-09-14,3376.2,2.1327
1992-09-15,3327.3,-1.4484
1992-09-16,3319.2,-0.2434
1992-09-17,3315.7,-0.1054
1992-09-18,3327.1,0.3438
1992-09-21,3320.8,-0.1894
1992-09-22,3280.9,-1.2015
1992-09-23,3278.7,-0.0671
1992-09-24,3287.9,0.2806
1992-09-25,3250.3,-1.1436
1992-09-28,3276.26,0.7987
1992-09-29,3266.8,-0.2887
1992-09-30,3271.7,0.15
1992-10-01,3254.4,-0.5288
1992-10-02,3200.6,-1.6531
1992-10-05,3179,-0.6749
1992-10-06,3178.2,-0.0252
1992-10-07,3152.3,-0.8149
1992-10-08,3176,0.7518
1992-10-09,3136.6,-1.2406
1992-10-12,3174.4,1.2051
1992-10-13,3201.4,0.8506
1992-10-14,3195.5,-0.1843
1992-10-15,3174.7,-0.6509
1992-10-16,3174.4,-0.0094
1992-10-19,3188.5,0.4442
1992-10-20,3186,-0.0784
1992-10-21,3187.1,0.0345
1992-10-22,3200.9,0.433
1992-10-23,3207.6,0.2093
1992-10-26,3244.1,1.1379
1992-10-27,3235.7,-0.2589
1992-10-28,3251.4,0.4852
1992-10-29,3246.3,-0.1569
1992-10-30,3226.3,-0.6161
1992-11-02,3262.2,1.1127
1992-11-03,3252.5,-0.2973
1992-11-04,3223,-0.907
1992-11-05,3243.8,0.6454
1992-11-06,3240.1,-0.1141
1992-11-09,3240.9,0.0247
1992-11-10,3225.5,-0.4752
1992-11-11,3240.3,0.4588
1992-11-12,3239.8,-0.0154
1992-11-13,3233,-0.2099
1992-11-16,3205.7,-0.8444
1992-11-17,3193.3,-0.3868
1992-11-18,3207.4,0.4415
1992-11-19,3209.5,0.0655
1992-11-20,3227.4,0.5577
1992-11-23,3223,-0.1363
1992-11-24,3248.7,0.7974
1992-11-25,3266.3,0.5418
1992-11-27,3282.2,0.4868
1992-11-30,3305.2,0.7007
1992-12-01,3294.4,-0.3268
1992-12-02,3286.3,-0.2459
1992-12-03,3276.5,-0.2982
1992-12-04,3288.7,0.3723
1992-12-07,3307.3,0.5656
1992-12-08,3322.2,0.4505
1992-12-09,3323.8,0.0482
1992-12-10,3312.2,-0.349
1992-12-11,3304.1,-0.2446
1992-12-14,3292.2,-0.3602
1992-12-15,3284.4,-0.2369
1992-12-16,3255.2,-0.8891
1992-12-17,3269.2,0.4301
1992-12-18,3313.3,1.349
1992-12-21,3312.5,-0.0241
1992-12-22,3321.1,0.2596
1992-12-23,3313.54,-0.2276
1992-12-24,3326.2,0.3821
1992-12-28,3333.26,0.2123
1992-12-29,3310.8,-0.6738
1992-12-30,3321.1,0.3111
1992-12-31,3301.11,-0.6019
1993-01-04,3309.2,0.2451
1993-01-05,3307.9,-0.0393
1993-01-06,3305.2,-0.0816
1993-01-07,3269,-1.0952
1993-01-08,3251.7,-0.5292
1993-01-11,3262.75,0.3398
1993-01-12,3264.6,0.0567
1993-01-13,3263.6,-0.0306
1993-01-14,3267.9,0.1318
1993-01-15,3271.1,0.0979
1993-01-18,3274.9,0.1162
1993-01-19,3256,-0.5771
1993-01-20,3242,-0.43
1993-01-21,3253,0.3393
1993-01-22,3256.8,0.1168
1993-01-25,3292.2,1.087
1993-01-26,3299,0.2065
1993-01-27,3291.4,-0.2304
1993-01-28,3306.3,0.4527
1993-01-29,3310,0.1119
1993-02-01,3332.2,0.6707
1993-02-02,3328.7,-0.105
1993-02-03,3373.8,1.3549
1993-02-04,3416.7,1.2716
1993-02-05,3442.1,0.7434
1993-02-08,3437.5,-0.1336
1993-02-09,3414.6,-0.6662
1993-02-10,3412.4,-0.0644
1993-02-11,3422.7,0.3018
1993-02-12,3392.43,-0.8844
1993-02-16,3309.5,-2.4446
1993-02-17,3312.2,0.0816
1993-02-18,3302.2,-0.3019
1993-02-19,3322.18,0.6051
1993-02-22,3342.99,0.6264
1993-02-23,3323.27,-0.5899
1993-02-24,3356.5,0.9999
1993-02-25,3365.14,0.2574
1993-02-26,3370.81,0.1685
1993-03-01,3355.41,-0.4569
1993-03-02,3400.53,1.3447
1993-03-03,3404.04,0.1032
1993-03-04,3398.91,-0.1507
1993-03-05,3404.58,0.1668
1993-03-08,3469.42,1.9045
1993-03-09,3472.12,0.0778
1993-03-10,3478.34,0.1791
1993-03-11,3457,-0.6135
1993-03-12,3427.82,-0.8441
1993-03-15,3442.41,0.4256
1993-03-16,3442.95,0.0157
1993-03-17,3426.74,-0.4708
1993-03-18,3465.64,1.1352
1993-03-19,3471.58,0.1714
1993-03-22,3463.48,-0.2333
1993-03-23,3461.86,-0.0468
1993-03-24,3445.38,-0.476
1993-03-25,3461.32,0.4626
1993-03-26,3439.98,-0.6165
1993-03-29,3455.1,0.4395
1993-03-30,3457.27,0.0628
1993-03-31,3435.11,-0.641
1993-04-01,3439.44,0.1261
1993-04-02,3370.81,-1.9954
1993-04-05,3379.19,0.2486
1993-04-06,3377.57,-0.0479
1993-04-07,3397.02,0.5759
1993-04-08,3396.48,-0.0159
1993-04-12,3428.09,0.9307
1993-04-13,3444.03,0.465
1993-04-14,3455.64,0.3371
1993-04-15,3455.92,0.0081
1993-04-16,3478.61,0.6566
1993-04-19,3466.99,-0.334
1993-04-20,3443.49,-0.6778
1993-04-21,3439.44,-0.1176
1993-04-22,3429.17,-0.2986
1993-04-23,3413.77,-0.4491
1993-04-26,3398.37,-0.4511
1993-04-27,3415.93,0.5167
1993-04-28,3413.5,-0.0711
1993-04-29,3425.12,0.3404
1993-04-30,3427.55,0.0709
1993-05-03,3446.46,0.5517
1993-05-04,3446.19,-0.0078
1993-05-05,3449.1,0.0844
1993-05-06,3441.9,-0.2088
1993-05-07,3437.19,-0.1368
1993-05-10,3443.28,0.1772
1993-05-11,3468.75,0.7397
1993-05-12,3482.31,0.3909
1993-05-13,3447.99,-0.9856
1993-05-14,3443.01,-0.1444
1993-05-17,3449.93,0.201
1993-05-18,3444.39,-0.1606
1993-05-19,3500.03,1.6154
1993-05-20,3523.28,0.6643
1993-05-21,3492.83,-0.8643
1993-05-24,3507.78,0.428
1993-05-25,3516.63,0.2523
1993-05-26,3540.16,0.6691
1993-05-27,3554.83,0.4144
1993-05-28,3527.43,-0.7708
1993-06-01,3552.34,0.7062
1993-06-02,3553.45,0.0312
1993-06-03,3544.87,-0.2415
1993-06-04,3545.14,0.0076
1993-06-07,3532.13,-0.367
1993-06-08,3510.54,-0.6112
1993-06-09,3511.93,0.0396
1993-06-10,3491.72,-0.5755
1993-06-11,3505.01,0.3806
1993-06-14,3514.69,0.2762
1993-06-15,3492,-0.6456
1993-06-16,3511.65,0.5627
1993-06-17,3521.89,0.2916
1993-06-18,3494.77,-0.77
1993-06-21,3510.82,0.4593
1993-06-22,3497.53,-0.3785
1993-06-23,3466.81,-0.8783
1993-06-24,3490.61,0.6865
1993-06-25,3490.89,0.008
1993-06-28,3530.2,1.1261
1993-06-29,3518.85,-0.3215
1993-06-30,3516.08,-0.0787
1993-07-01,3510.54,-0.1576
1993-07-02,3483.97,-0.7569
1993-07-06,3449.93,-0.977
1993-07-07,3475.67,0.7461
1993-07-08,3514.42,1.1149
1993-07-09,3521.06,0.1889
1993-07-12,3524.38,0.0943
1993-07-13,3515.44,-0.2537
1993-07-14,3542.55,0.7712
1993-07-15,3550.93,0.2366
1993-07-16,3528.29,-0.6376
1993-07-19,3535.28,0.1981
1993-07-20,3544.78,0.2687
1993-07-21,3555.4,0.2996
1993-07-22,3525.22,-0.8488
1993-07-23,3546.74,0.6105
1993-07-26,3567.7,0.591
1993-07-27,3565.46,-0.0628
1993-07-28,3553.45,-0.3368
1993-07-29,3567.42,0.3931
1993-07-30,3539.47,-0.7835
1993-08-02,3560.99,0.608
1993-08-03,3561.27,0.0079
1993-08-04,3552.05,-0.2589
1993-08-05,3548.97,-0.0867
1993-08-06,3560.43,0.3229
1993-08-09,3576.08,0.4396
1993-08-10,3572.73,-0.0937
1993-08-11,3583.35,0.2973
1993-08-12,3569.09,-0.398
1993-08-13,3569.65,0.0157
1993-08-16,3579.15,0.2661
1993-08-17,3586.98,0.2188
1993-08-18,3604.86,0.4985
1993-08-19,3612.13,0.2017
1993-08-20,3615.48,0.0927
1993-08-23,3605.98,-0.2628
1993-08-24,3638.96,0.9146
1993-08-25,3652.09,0.3608
1993-08-26,3648.18,-0.1071
1993-08-27,3640.63,-0.207
1993-08-30,3643.99,0.0923
1993-08-31,3651.25,0.1992
1993-09-01,3645.1,-0.1684
1993-09-02,3626.1,-0.5212
1993-09-03,3633.93,0.2159
1993-09-07,3607.1,-0.7383
1993-09-08,3588.93,-0.5037
1993-09-09,3589.49,0.0156
1993-09-10,3621.63,0.8954
1993-09-13,3634.21,0.3474
1993-09-14,3615.76,-0.5077
1993-09-15,3633.65,0.4948
1993-09-16,3630.85,-0.0771
1993-09-17,3613.25,-0.4847
1993-09-20,3575.8,-1.0365
1993-09-21,3537.24,-1.0784
1993-09-22,3547.02,0.2765
1993-09-23,3539.75,-0.205
1993-09-24,3543.11,0.0949
1993-09-27,3567.7,0.694
1993-09-28,3566.02,-0.0471
1993-09-29,3566.3,0.0079
1993-09-30,3555.12,-0.3135
1993-10-01,3581.11,0.7311
1993-10-04,3577.76,-0.0935
1993-10-05,3587.26,0.2655
1993-10-06,3598.99,0.327
1993-10-07,3583.63,-0.4268
1993-10-08,3584.74,0.031
1993-10-11,3593.41,0.2419
1993-10-12,3593.13,-0.0078
1993-10-13,3603.19,0.28
1993-10-14,3621.63,0.5118
1993-10-15,3629.73,0.2237
1993-10-18,3642.31,0.3466
1993-10-19,3635.32,-0.1919
1993-10-20,3645.1,0.269
1993-10-21,3636.16,-0.2453
1993-10-22,3649.3,0.3614
1993-10-25,3673.61,0.6662
1993-10-26,3672.49,-0.0305
1993-10-27,3664.66,-0.2132
1993-10-28,3687.86,0.6331
1993-10-29,3680.59,-0.1971
1993-11-01,3692.61,0.3266
1993-11-02,3697.64,0.1362
1993-11-03,3661.87,-0.9674
1993-11-04,3624.98,-1.0074
1993-11-05,3643.43,0.509
1993-11-08,3647.9,0.1227
1993-11-09,3640.07,-0.2146
1993-11-10,3663.55,0.645
1993-11-11,3662.43,-0.0306
1993-11-12,3684.5,0.6026
1993-11-15,3677.52,-0.1894
1993-11-16,3710.77,0.9041
1993-11-17,3704.35,-0.173
1993-11-18,3685.34,-0.5132
1993-11-19,3694.01,0.2353
1993-11-22,3670.25,-0.6432
1993-11-23,3674.17,0.1068
1993-11-24,3687.58,0.365
1993-11-26,3683.95,-0.0984
1993-11-29,3677.8,-0.1669
1993-11-30,3683.95,0.1672
1993-12-01,3697.08,0.3564
1993-12-02,3702.11,0.1361
1993-12-03,3704.07,0.0529
1993-12-06,3710.21,0.1658
1993-12-07,3718.88,0.2337
1993-12-08,3734.53,0.4208
1993-12-09,3729.78,-0.1272
1993-12-10,3740.67,0.292
1993-12-13,3764.43,0.6352
1993-12-14,3742.63,-0.5791
1993-12-15,3716.92,-0.687
1993-12-16,3726.14,0.2481
1993-12-17,3751.57,0.6825
1993-12-20,3755.21,0.097
1993-12-21,3745.15,-0.2679
1993-12-22,3762.19,0.455
1993-12-23,3757.72,-0.1188
1993-12-27,3792.93,0.937
1993-12-28,3793.77,0.0221
1993-12-29,3794.33,0.0148
1993-12-30,3775.88,-0.4863
1993-12-31,3754.09,-0.5771
1994-01-03,3756.6,0.0669
1994-01-04,3783.9,0.7267
1994-01-05,3798.82,0.3943
1994-01-06,3803.88,0.1332
1994-01-07,3820.77,0.444
1994-01-10,3865.51,1.171
1994-01-11,3850.31,-0.3932
1994-01-12,3848.63,-0.0436
1994-01-13,3842.43,-0.1611
1994-01-14,3867.2,0.6446
1994-01-17,3870.29,0.0799
1994-01-18,3870.29,0
1994-01-19,3884.37,0.3638
1994-01-20,3891.96,0.1954
1994-01-21,3914.48,0.5786
1994-01-24,3912.79,-0.0432
1994-01-25,3895.34,-0.446
1994-01-26,3908,0.325
1994-01-27,3926.3,0.4683
1994-01-28,3945.43,0.4872
1994-01-31,3978.36,0.8346
1994-02-01,3964.01,-0.3607
1994-02-02,3975.54,0.2909
1994-02-03,3967.66,-0.1982
1994-02-04,3871.42,-2.4256
1994-02-07,3906.32,0.9015
1994-02-08,3906.03,-0.0074
1994-02-09,3931.92,0.6628
1994-02-10,3895.34,-0.9303
1994-02-11,3894.78,-0.0144
1994-02-14,3904.06,0.2383
1994-02-15,3928.27,0.6201
1994-02-16,3937.27,0.2291
1994-02-17,3922.64,-0.3716
1994-02-18,3887.46,-0.8968
1994-02-22,3911.66,0.6225
1994-02-23,3891.68,-0.5108
1994-02-24,3839.9,-1.3305
1994-02-25,3838.78,-0.0292
1994-02-28,3832.02,-0.1761
1994-03-01,3809.23,-0.5947
1994-03-02,3831.74,0.5909
1994-03-03,3824.42,-0.191
1994-03-04,3832.3,0.206
1994-03-07,3856.22,0.6242
1994-03-08,3851.72,-0.1167
1994-03-09,3853.41,0.0439
1994-03-10,3830.62,-0.5914
1994-03-11,3862.7,0.8375
1994-03-14,3862.98,0.0072
1994-03-15,3849.59,-0.3466
1994-03-16,3848.15,-0.0374
1994-03-17,3865.14,0.4415
1994-03-18,3895.65,0.7894
1994-03-21,3864.85,-0.7906
1994-03-22,3862.55,-0.0595
1994-03-23,3869.46,0.1789
1994-03-24,3821.09,-1.25
1994-03-25,3774.73,-1.2133
1994-03-28,3762.35,-0.328
1994-03-29,3699.02,-1.6833
1994-03-30,3626.75,-1.9538
1994-03-31,3635.96,0.2539
1994-04-04,3593.35,-1.1719
1994-04-05,3675.41,2.2837
1994-04-06,3679.73,0.1175
1994-04-07,3693.26,0.3677
1994-04-08,3674.26,-0.5145
1994-04-11,3688.83,0.3965
1994-04-12,3681.69,-0.1936
1994-04-13,3661.47,-0.5492
1994-04-14,3663.25,0.0486
1994-04-15,3661.47,-0.0486
1994-04-18,3620.42,-1.1211
1994-04-19,3619.82,-0.0166
1994-04-20,3598.71,-0.5832
1994-04-21,3652.54,1.4958
1994-04-22,3648.68,-0.1057
1994-04-25,3705.78,1.5649
1994-04-26,3699.54,-0.1684
1994-04-28,3668.31,-0.8442
1994-04-29,3681.69,0.3647
1994-05-02,3701.02,0.525
1994-05-03,3714.41,0.3618
1994-05-04,3697.75,-0.4485
1994-05-05,3695.97,-0.0481
1994-05-06,3669.5,-0.7162
1994-05-09,3629.04,-1.1026
1994-05-10,3656.41,0.7542
1994-05-11,3629.04,-0.7485
1994-05-12,3652.84,0.6558
1994-05-13,3659.68,0.1873
1994-05-16,3671.5,0.323
1994-05-17,3720.61,1.3376
1994-05-18,3732.89,0.3301
1994-05-19,3758.98,0.6989
1994-05-20,3766.35,0.1961
1994-05-23,3742.41,-0.6356
1994-05-24,3745.17,0.0737
1994-05-25,3755.3,0.2705
1994-05-26,3753.46,-0.049
1994-05-27,3757.14,0.098
1994-05-31,3758.37,0.0327
1994-06-01,3760.83,0.0655
1994-06-02,3758.99,-0.0489
1994-06-03,3772.22,0.352
1994-06-06,3768.52,-0.0981
1994-06-07,3755.91,-0.3346
1994-06-08,3749.45,-0.172
1994-06-09,3753.14,0.0984
1994-06-10,3773.45,0.5411
1994-06-13,3783.12,0.2563
1994-06-14,3814.83,0.8382
1994-06-15,3790.41,-0.6401
1994-06-16,3811.34,0.5522
1994-06-17,3776.78,-0.9068
1994-06-20,3741.9,-0.9235
1994-06-21,3707.97,-0.9068
1994-06-22,3724.77,0.4531
1994-06-23,3699.09,-0.6894
1994-06-24,3636.94,-1.6801
1994-06-27,3685.5,1.3352
1994-06-28,3669.64,-0.4303
1994-06-29,3667.05,-0.0706
1994-06-30,3624.96,-1.1478
1994-07-01,3646.65,0.5984
1994-07-05,3652.48,0.1599
1994-07-06,3674.5,0.6029
1994-07-07,3688.42,0.3788
1994-07-08,3709.14,0.5618
1994-07-11,3702.99,-0.1658
1994-07-12,3702.66,-0.0089
1994-07-13,3704.28,0.0438
1994-07-14,3739.25,0.944
1994-07-15,3753.81,0.3894
1994-07-18,3755.43,0.0432
1994-07-19,3748.31,-0.1896
1994-07-20,3727.27,-0.5613
1994-07-21,3732.45,0.139
1994-07-22,3735.04,0.0694
1994-07-25,3741.84,0.1821
1994-07-26,3735.68,-0.1646
1994-07-27,3720.47,-0.4072
1994-07-28,3730.83,0.2785
1994-07-29,3764.5,0.9025
1994-08-01,3798.17,0.8944
1994-08-02,3796.22,-0.0513
1994-08-03,3792.66,-0.0938
1994-08-04,3765.79,-0.7085
1994-08-05,3747.02,-0.4984
1994-08-08,3753.81,0.1812
1994-08-09,3755.76,0.0519
1994-08-10,3766.76,0.2929
1994-08-11,3750.9,-0.4211
1994-08-12,3768.71,0.4748
1994-08-15,3760.29,-0.2234
1994-08-16,3784.57,0.6457
1994-08-17,3776.48,-0.2138
1994-08-18,3755.43,-0.5574
1994-08-19,3755.11,-0.0085
1994-08-22,3751.22,-0.1036
1994-08-23,3775.83,0.6561
1994-08-24,3846.73,1.8777
1994-08-25,3829.89,-0.4378
1994-08-26,3881.05,1.3358
1994-08-29,3898.85,0.4586
1994-08-30,3917.3,0.4732
1994-08-31,3913.42,-0.099
1994-09-01,3901.44,-0.3061
1994-09-02,3885.58,-0.4065
1994-09-06,3898.7,0.3377
1994-09-07,3886.25,-0.3193
1994-09-08,3908.46,0.5715
1994-09-09,3874.81,-0.861
1994-09-12,3860.34,-0.3734
1994-09-13,3879.86,0.5057
1994-09-14,3895.33,0.3987
1994-09-15,3953.88,1.5031
1994-09-16,3933.35,-0.5192
1994-09-19,3936.72,0.0857
1994-09-20,3869.09,-1.7179
1994-09-21,3851.6,-0.452
1994-09-22,3837.13,-0.3757
1994-09-23,3831.75,-0.1402
1994-09-26,3849.24,0.4564
1994-09-27,3863.04,0.3585
1994-09-28,3878.18,0.3919
1994-09-29,3854.63,-0.6072
1994-09-30,3843.19,-0.2968
1994-10-03,3846.89,0.0963
1994-10-04,3801.13,-1.1895
1994-10-05,3787.34,-0.3628
1994-10-06,3775.56,-0.311
1994-10-07,3797.43,0.5793
1994-10-10,3821.32,0.6291
1994-10-11,3876.83,1.4526
1994-10-12,3875.15,-0.0433
1994-10-13,3889.95,0.3819
1994-10-14,3910.47,0.5275
1994-10-17,3923.93,0.3442
1994-10-18,3917.54,-0.1628
1994-10-19,3936.04,0.4722
1994-10-20,3911.15,-0.6324
1994-10-21,3891.3,-0.5075
1994-10-24,3855.3,-0.9251
1994-10-25,3850.59,-0.1222
1994-10-26,3848.23,-0.0613
1994-10-27,3875.15,0.6995
1994-10-28,3930.66,1.4325
1994-10-31,3908.12,-0.5734
1994-11-01,3863.37,-1.1451
1994-11-02,3837.13,-0.6792
1994-11-03,3845.88,0.228
1994-11-04,3807.52,-0.9974
1994-11-07,3808.87,0.0355
1994-11-08,3830.74,0.5742
1994-11-09,3831.75,0.0264
1994-11-10,3821.99,-0.2547
1994-11-11,3801.47,-0.5369
1994-11-14,3829.73,0.7434
1994-11-15,3826.36,-0.088
1994-11-16,3845.2,0.4924
1994-11-17,3828.05,-0.446
1994-11-18,3815.26,-0.3341
1994-11-21,3769.51,-1.1991
1994-11-22,3677.99,-2.4279
1994-11-23,3674.63,-0.0914
1994-11-25,3708.27,0.9155
1994-11-28,3739.56,0.8438
1994-11-29,3738.55,-0.027
1994-11-30,3739.23,0.0182
1994-12-01,3700.87,-1.0259
1994-12-02,3745.62,1.2092
1994-12-05,3741.92,-0.0988
1994-12-06,3745.95,0.1077
1994-12-07,3735.52,-0.2784
1994-12-08,3685.73,-1.3329
1994-12-09,3691.11,0.146
1994-12-12,3718.37,0.7385
1994-12-13,3715.34,-0.0815
1994-12-14,3746.29,0.833
1994-12-15,3765.47,0.512
1994-12-16,3807.19,1.108
1994-12-19,3790.7,-0.4331
1994-12-20,3767.15,-0.6213
1994-12-21,3801.8,0.9198
1994-12-22,3814.92,0.3451
1994-12-23,3833.43,0.4852
1994-12-27,3861.69,0.7372
1994-12-28,3839.49,-0.5749
1994-12-29,3833.43,-0.1578
1994-12-30,3834.44,0.0263
1995-01-03,3838.48,0.1054
1995-01-04,3857.65,0.4994
1995-01-05,3850.92,-0.1745
1995-01-06,3867.41,0.4282
1995-01-09,3861.35,-0.1567
1995-01-10,3866.74,0.1396
1995-01-11,3862.03,-0.1218
1995-01-12,3859,-0.0785
1995-01-13,3908.46,1.2817
1995-01-16,3932.34,0.611
1995-01-17,3930.66,-0.0427
1995-01-18,3928.98,-0.0427
1995-01-19,3882.21,-1.1904
1995-01-20,3869.43,-0.3292
1995-01-23,3867.41,-0.0522
1995-01-24,3862.7,-0.1218
1995-01-25,3871.45,0.2265
1995-01-26,3870.44,-0.0261
1995-01-27,3857.99,-0.3217
1995-01-30,3832.08,-0.6716
1995-01-31,3843.86,0.3074
1995-02-01,3847.56,0.0963
1995-02-02,3870.77,0.6032
1995-02-03,3928.64,1.4951
1995-02-06,3937.73,0.2314
1995-02-07,3937.39,-0.0086
1995-02-08,3935.37,-0.0513
1995-02-09,3932.68,-0.0684
1995-02-10,3939.07,0.1625
1995-02-13,3954.21,0.3844
1995-02-14,3958.25,0.1022
1995-02-15,3986.17,0.7054
1995-02-16,3987.52,0.0339
1995-02-17,3953.54,-0.8522
1995-02-21,3963.97,0.2638
1995-02-22,3973.05,0.2291
1995-02-23,4003.33,0.7621
1995-02-24,4011.74,0.2101
1995-02-27,3988.57,-0.5776
1995-02-28,4011.05,0.5636
1995-03-01,3994.8,-0.4051
1995-03-02,3979.93,-0.3722
1995-03-03,3989.61,0.2432
1995-03-06,3997.56,0.1993
1995-03-07,3962.63,-0.8738
1995-03-08,3979.23,0.4189
1995-03-09,3983.39,0.1045
1995-03-10,4035.61,1.3109
1995-03-13,4025.23,-0.2572
1995-03-14,4048.75,0.5843
1995-03-15,4038.37,-0.2564
1995-03-16,4069.15,0.7622
1995-03-17,4073.65,0.1106
1995-03-20,4083.68,0.2462
1995-03-21,4072.61,-0.2711
1995-03-22,4082.99,0.2549
1995-03-23,4087.83,0.1185
1995-03-24,4138.67,1.2437
1995-03-27,4157.34,0.4511
1995-03-28,4151.81,-0.133
1995-03-29,4160.8,0.2165
1995-03-30,4172.56,0.2826
1995-03-31,4157.69,-0.3564
1995-04-03,4168.41,0.2578
1995-04-04,4201.61,0.7965
1995-04-05,4200.57,-0.0248
1995-04-06,4205.41,0.1152
1995-04-07,4192.62,-0.3041
1995-04-10,4198.15,0.1319
1995-04-11,4187.08,-0.2637
1995-04-12,4197.81,0.2563
1995-04-13,4208.18,0.247
1995-04-17,4195.38,-0.3042
1995-04-18,4179.13,-0.3873
1995-04-19,4207.49,0.6786
1995-04-20,4230.66,0.5507
1995-04-21,4270.09,0.932
1995-04-24,4303.98,0.7937
1995-04-25,4300.17,-0.0885
1995-04-26,4299.83,-0.0079
1995-04-27,4314.7,0.3458
1995-04-28,4321.27,0.1523
1995-05-01,4316.08,-0.1201
1995-05-02,4328.88,0.2966
1995-05-03,4373.15,1.0227
1995-05-04,4359.66,-0.3085
1995-05-05,4343.4,-0.373
1995-05-08,4383.87,0.9318
1995-05-09,4390.78,0.1576
1995-05-10,4404.62,0.3152
1995-05-11,4411.19,0.1492
1995-05-12,4430.56,0.4391
1995-05-15,4437.47,0.156
1995-05-16,4435.05,-0.0545
1995-05-17,4422.6,-0.2807
1995-05-18,4340.64,-1.8532
1995-05-19,4341.33,0.0159
1995-05-22,4395.63,1.2508
1995-05-23,4436.44,0.9284
1995-05-24,4438.16,0.0388
1995-05-25,4412.23,-0.5843
1995-05-26,4369,-0.9798
1995-05-30,4378.68,0.2216
1995-05-31,4465.14,1.9746
1995-06-01,4472.75,0.1704
1995-06-02,4444.39,-0.6341
1995-06-05,4476.55,0.7236
1995-06-06,4485.2,0.1932
1995-06-07,4462.03,-0.5166
1995-06-08,4458.57,-0.0775
1995-06-09,4423.99,-0.7756
1995-06-12,4446.46,0.5079
1995-06-13,4484.51,0.8557
1995-06-14,4491.08,0.1465
1995-06-15,4496.27,0.1156
1995-06-16,4510.79,0.3229
1995-06-19,4553.68,0.9508
1995-06-20,4550.56,-0.0685
1995-06-21,4547.1,-0.076
1995-06-22,4589.64,0.9355
1995-06-23,4585.84,-0.0828
1995-06-26,4551.25,-0.7543
1995-06-27,4542.61,-0.1898
1995-06-28,4556.79,0.3122
1995-06-29,4550.56,-0.1367
1995-06-30,4556.1,0.1217
1995-07-03,4585.15,0.6376
1995-07-05,4615.23,0.656
1995-07-06,4664,1.0567
1995-07-07,4702.73,0.8304
1995-07-10,4702.39,-0.0072
1995-07-11,4680.6,-0.4634
1995-07-12,4727.29,0.9975
1995-07-13,4727.48,0.004
1995-07-14,4708.82,-0.3947
1995-07-17,4736.29,0.5834
1995-07-18,4686.28,-1.0559
1995-07-19,4628.87,-1.2251
1995-07-20,4641.55,0.2739
1995-07-21,4641.55,0
1995-07-24,4668.67,0.5843
1995-07-25,4714.45,0.9806
1995-07-26,4707.06,-0.1568
1995-07-27,4732.77,0.5462
1995-07-28,4715.51,-0.3647
1995-07-31,4708.47,-0.1493
1995-08-01,4700.37,-0.172
1995-08-02,4690.15,-0.2174
1995-08-03,4701.42,0.2403
1995-08-04,4683.46,-0.382
1995-08-07,4693.32,0.2105
1995-08-08,4693.32,0
1995-08-09,4671.49,-0.4651
1995-08-10,4643.66,-0.5957
1995-08-11,4618.3,-0.5461
1995-08-14,4659.86,0.8999
1995-08-15,4640.84,-0.4082
1995-08-16,4639.08,-0.0379
1995-08-17,4630.63,-0.1821
1995-08-18,4617.6,-0.2814
1995-08-21,4614.78,-0.0611
1995-08-22,4620.42,0.1222
1995-08-23,4584.85,-0.7698
1995-08-24,4580.62,-0.0923
1995-08-25,4601.4,0.4537
1995-08-28,4594,-0.1608
1995-08-29,4608.44,0.3143
1995-08-30,4604.6,-0.0833
1995-08-31,4610.56,0.1294
1995-09-01,4647.54,0.8021
1995-09-05,4670.08,0.485
1995-09-06,4683.81,0.294
1995-09-07,4669.72,-0.3008
1995-09-08,4700.72,0.6639
1995-09-11,4704.94,0.0898
1995-09-12,4747.21,0.8984
1995-09-13,4765.52,0.3857
1995-09-14,4801.8,0.7613
1995-09-15,4797.57,-0.0881
1995-09-18,4780.41,-0.3577
1995-09-19,4767.04,-0.2797
1995-09-20,4792.69,0.5381
1995-09-21,4767.4,-0.5277
1995-09-22,4764.15,-0.0682
1995-09-25,4769.93,0.1213
1995-09-26,4765.6,-0.0908
1995-09-27,4762.35,-0.0682
1995-09-28,4787.64,0.531
1995-09-29,4789.08,0.0301
1995-10-02,4761.26,-0.5809
1995-10-03,4749.7,-0.2428
1995-10-04,4740.67,-0.1901
1995-10-05,4762.71,0.4649
1995-10-06,4769.21,0.1365
1995-10-09,4726.22,-0.9014
1995-10-10,4720.8,-0.1147
1995-10-11,4735.25,0.3061
1995-10-12,4764.88,0.6257
1995-10-13,4793.78,0.6065
1995-10-16,4784.38,-0.1961
1995-10-17,4795.95,0.2418
1995-10-18,4777.52,-0.3843
1995-10-19,4802.45,0.5218
1995-10-20,4794.86,-0.158
1995-10-23,4755.48,-0.8213
1995-10-24,4783.66,0.5926
1995-10-25,4753.68,-0.6267
1995-10-26,4703.82,-1.0489
1995-10-27,4741.75,0.8064
1995-10-30,4756.57,0.3125
1995-10-31,4755.48,-0.0229
1995-11-01,4766.68,0.2355
1995-11-02,4808.59,0.8792
1995-11-03,4825.57,0.3531
1995-11-06,4814.01,-0.2396
1995-11-07,4797.03,-0.3527
1995-11-08,4852.67,1.1599
1995-11-09,4864.23,0.2382
1995-11-10,4870.37,0.1262
1995-11-13,4872.9,0.0519
1995-11-14,4871.81,-0.0224
1995-11-15,4922.75,1.0456
1995-11-16,4969.36,0.9468
1995-11-17,4989.95,0.4143
1995-11-20,4983.09,-0.1375
1995-11-21,5023.55,0.8119
1995-11-22,5041.61,0.3595
1995-11-24,5048.84,0.1434
1995-11-27,5070.88,0.4365
1995-11-28,5078.1,0.1424
1995-11-29,5105.56,0.5408
1995-11-30,5074.49,-0.6086
1995-12-01,5087.13,0.2491
1995-12-04,5139.52,1.0299
1995-12-05,5177.45,0.738
1995-12-06,5199.13,0.4187
1995-12-07,5159.39,-0.7644
1995-12-08,5156.86,-0.049
1995-12-11,5184.32,0.5325
1995-12-12,5174.92,-0.1813
1995-12-13,5216.47,0.8029
1995-12-14,5182.15,-0.6579
1995-12-15,5176.73,-0.1046
1995-12-18,5075.21,-1.9611
1995-12-19,5109.89,0.6833
1995-12-20,5059.32,-0.9896
1995-12-21,5096.53,0.7355
1995-12-22,5097.97,0.0283
1995-12-26,5110.26,0.2411
1995-12-27,5105.92,-0.0849
1995-12-28,5095.8,-0.1982
1995-12-29,5117.12,0.4184
1996-01-02,5177.45,1.179
1996-01-03,5194.07,0.321
1996-01-04,5173.84,-0.3895
1996-01-05,5181.43,0.1467
1996-01-08,5197.7,0.314
1996-01-09,5130.13,-1.3
1996-01-10,5032.94,-1.8945
1996-01-11,5065.1,0.639
1996-01-12,5061.12,-0.0786
1996-01-15,5043.78,-0.3426
1996-01-16,5088.22,0.8811
1996-01-17,5066.9,-0.419
1996-01-18,5124.35,1.1338
1996-01-19,5184.68,1.1773
1996-01-22,5219.36,0.6689
1996-01-23,5192.27,-0.519
1996-01-24,5242.84,0.9739
1996-01-25,5216.83,-0.4961
1996-01-26,5271.75,1.0527
1996-01-29,5304.98,0.6303
1996-01-30,5381.21,1.437
1996-01-31,5395.3,0.2618
1996-02-01,5405.06,0.1809
1996-02-02,5373.99,-0.5748
1996-02-05,5407.59,0.6252
1996-02-06,5459.61,0.962
1996-02-07,5492.12,0.5955
1996-02-08,5539.45,0.8618
1996-02-09,5541.62,0.0392
1996-02-12,5600.15,1.0562
1996-02-13,5601.23,0.0193
1996-02-14,5579.55,-0.3871
1996-02-15,5551.37,-0.5051
1996-02-16,5503.32,-0.8656
1996-02-20,5458.53,-0.8139
1996-02-21,5515.97,1.0523
1996-02-22,5608.46,1.6768
1996-02-23,5630.49,0.3928
1996-02-26,5565.1,-1.1614
1996-02-27,5549.21,-0.2855
1996-02-28,5506.21,-0.7749
1996-02-29,5485.62,-0.3739
1996-03-01,5536.56,0.9286
1996-03-04,5600.15,1.1485
1996-03-05,5642.42,0.7548
1996-03-06,5629.77,-0.2242
1996-03-07,5641.69,0.2117
1996-03-08,5470.45,-3.0353
1996-03-11,5581,2.0209
1996-03-12,5583.89,0.0518
1996-03-13,5568.72,-0.2717
1996-03-14,5586.06,0.3114
1996-03-15,5584.97,-0.0195
1996-03-18,5683.6,1.766
1996-03-19,5669.51,-0.2479
1996-03-20,5655.42,-0.2485
1996-03-21,5626.88,-0.5046
1996-03-22,5636.64,0.1735
1996-03-25,5643.86,0.1281
1996-03-26,5670.6,0.4738
1996-03-27,5626.88,-0.771
1996-03-28,5630.85,0.0706
1996-03-29,5587.14,-0.7763
1996-04-01,5637.72,0.9053
1996-04-02,5671.68,0.6024
1996-04-03,5689.74,0.3184
1996-04-04,5682.88,-0.1206
1996-04-08,5594.37,-1.5575
1996-04-09,5560.41,-0.607
1996-04-10,5485.98,-1.3386
1996-04-11,5487.07,0.0199
1996-04-12,5532.59,0.8296
1996-04-15,5592.92,1.0904
1996-04-16,5620.02,0.4845
1996-04-17,5549.93,-1.2471
1996-04-18,5551.74,0.0326
1996-04-19,5535.48,-0.2929
1996-04-22,5564.74,0.5286
1996-04-23,5588.59,0.4286
1996-04-24,5553.9,-0.6207
1996-04-25,5566.91,0.2342
1996-04-26,5567.99,0.0194
1996-04-29,5573.41,0.0973
1996-04-30,5569.08,-0.0777
1996-05-01,5575.22,0.1103
1996-05-02,5498.27,-1.3802
1996-05-03,5478.03,-0.3681
1996-05-06,5464.31,-0.2505
1996-05-07,5420.95,-0.7935
1996-05-08,5474.06,0.9797
1996-05-09,5475.14,0.0197
1996-05-10,5518.14,0.7854
1996-05-13,5582.6,1.1681
1996-05-14,5624.71,0.7543
1996-05-15,5625.44,0.013
1996-05-16,5635.05,0.1708
1996-05-17,5687.5,0.9308
1996-05-20,5748.82,1.0782
1996-05-21,5736.26,-0.2185
1996-05-22,5778,0.7277
1996-05-23,5762.12,-0.2748
1996-05-24,5762.86,0.0128
1996-05-28,5709.67,-0.923
1996-05-29,5673.83,-0.6277
1996-05-30,5693.41,0.3451
1996-05-31,5643.18,-0.8822
1996-06-03,5624.71,-0.3273
1996-06-04,5665.71,0.7289
1996-06-05,5697.48,0.5607
1996-06-06,5667.19,-0.5316
1996-06-07,5697.11,0.528
1996-06-10,5687.87,-0.1622
1996-06-11,5668.66,-0.3377
1996-06-12,5668.29,-0.0065
1996-06-13,5657.95,-0.1824
1996-06-14,5649.45,-0.1502
1996-06-17,5652.78,0.0589
1996-06-18,5628.03,-0.4378
1996-06-19,5648.35,0.361
1996-06-20,5659.43,0.1962
1996-06-21,5705.23,0.8093
1996-06-24,5717.79,0.2201
1996-06-25,5719.27,0.0259
1996-06-26,5682.7,-0.6394
1996-06-27,5677.53,-0.091
1996-06-28,5654.63,-0.4033
1996-07-01,5729.98,1.3325
1996-07-02,5720.38,-0.1675
1996-07-03,5703.02,-0.3035
1996-07-05,5588.14,-2.0144
1996-07-08,5550.83,-0.6677
1996-07-09,5581.86,0.559
1996-07-10,5603.65,0.3904
1996-07-11,5520.54,-1.4831
1996-07-12,5510.56,-0.1808
1996-07-15,5349.51,-2.9226
1996-07-16,5358.76,0.1729
1996-07-17,5376.88,0.3381
1996-07-18,5464.18,1.6236
1996-07-19,5426.82,-0.6837
1996-07-22,5390.94,-0.6612
1996-07-23,5346.55,-0.8234
1996-07-24,5354.69,0.1522
1996-07-25,5422.01,1.2572
1996-07-26,5473.06,0.9415
1996-07-29,5434.59,-0.7029
1996-07-30,5481.93,0.8711
1996-07-31,5528.91,0.857
1996-08-01,5594.75,1.1908
1996-08-02,5679.83,1.5207
1996-08-05,5674.28,-0.0977
1996-08-06,5696.11,0.3847
1996-08-07,5718.67,0.3961
1996-08-08,5713.49,-0.0906
1996-08-09,5681.31,-0.5632
1996-08-12,5704.98,0.4166
1996-08-13,5647.28,-1.0114
1996-08-14,5666.9,0.3474
1996-08-15,5665.78,-0.0198
1996-08-16,5689.45,0.4178
1996-08-19,5699.44,0.1756
1996-08-20,5721.26,0.3828
1996-08-21,5689.82,-0.5495
1996-08-22,5733.47,0.7672
1996-08-23,5722.74,-0.1871
1996-08-26,5693.89,-0.5041
1996-08-27,5711.27,0.3052
1996-08-28,5712.38,0.0194
1996-08-29,5647.65,-1.1332
1996-08-30,5616.21,-0.5567
1996-09-03,5648.39,0.573
1996-09-04,5656.9,0.1507
1996-09-05,5606.96,-0.8828
1996-09-06,5659.86,0.9435
1996-09-09,5733.84,1.3071
1996-09-10,5727.18,-0.1162
1996-09-11,5754.92,0.4844
1996-09-12,5771.94,0.2957
1996-09-13,5838.52,1.1535
1996-09-16,5889.2,0.868
1996-09-17,5888.83,-0.0063
1996-09-18,5877.36,-0.1948
1996-09-19,5867.74,-0.1637
1996-09-20,5888.46,0.3531
1996-09-23,5894.74,0.1066
1996-09-24,5874.03,-0.3513
1996-09-25,5877.36,0.0567
1996-09-26,5868.85,-0.1448
1996-09-27,5872.92,0.0693
1996-09-30,5882.17,0.1575
1996-10-01,5904.9,0.3864
1996-10-02,5933.97,0.4923
1996-10-03,5932.85,-0.0189
1996-10-04,5992.86,1.0115
1996-10-07,5979.81,-0.2178
1996-10-08,5966.77,-0.2181
1996-10-09,5930.62,-0.6059
1996-10-10,5921.67,-0.1509
1996-10-11,5969.38,0.8057
1996-10-14,6010,0.6805
1996-10-15,6004.78,-0.0869
1996-10-16,6020.81,0.267
1996-10-17,6059.2,0.6376
1996-10-18,6094.23,0.5781
1996-10-21,6090.87,-0.0551
1996-10-22,6061.8,-0.4773
1996-10-23,6036.46,-0.418
1996-10-24,5992.48,-0.7286
1996-10-25,6007.02,0.2426
1996-10-28,5972.73,-0.5708
1996-10-29,6007.02,0.5741
1996-10-30,5993.23,-0.2296
1996-10-31,6029.38,0.6032
1996-11-01,6021.93,-0.1236
1996-11-04,6041.68,0.328
1996-11-05,6081.18,0.6538
1996-11-06,6177.71,1.5874
1996-11-07,6206.04,0.4586
1996-11-08,6219.82,0.222
1996-11-11,6255.6,0.5753
1996-11-12,6266.04,0.1669
1996-11-13,6274.24,0.1309
1996-11-14,6313,0.6178
1996-11-15,6348.03,0.5549
1996-11-18,6346.91,-0.0176
1996-11-19,6397.6,0.7987
1996-11-20,6430.02,0.5068
1996-11-21,6418.47,-0.1796
1996-11-22,6471.76,0.8303
1996-11-25,6547.79,1.1748
1996-11-26,6528.41,-0.296
1996-11-27,6499.34,-0.4453
1996-11-29,6521.7,0.344
1996-12-02,6521.7,0
1996-12-03,6442.69,-1.2115
1996-12-04,6422.94,-0.3065
1996-12-05,6437.1,0.2205
1996-12-06,6381.94,-0.8569
1996-12-09,6463.94,1.2849
1996-12-10,6473.25,0.144
1996-12-11,6402.52,-1.0927
1996-12-12,6303.71,-1.5433
1996-12-13,6304.87,0.0184
1996-12-16,6268.35,-0.5792
1996-12-17,6308.33,0.6378
1996-12-18,6346.77,0.6094
1996-12-19,6473.64,1.999
1996-12-20,6484.4,0.1662
1996-12-23,6489.02,0.0712
1996-12-24,6522.85,0.5213
1996-12-26,6546.68,0.3653
1996-12-27,6560.91,0.2174
1996-12-30,6549.37,-0.1759
1996-12-31,6448.27,-1.5437
1997-01-02,6442.49,-0.0896
1997-01-03,6544.09,1.577
1997-01-06,6567.18,0.3528
1997-01-07,6600.66,0.5098
1997-01-08,6549.48,-0.7754
1997-01-09,6625.67,1.1633
1997-01-10,6703.79,1.1791
1997-01-13,6709.18,0.0804
1997-01-14,6762.29,0.7916
1997-01-15,6726.88,-0.5236
1997-01-16,6765.37,0.5722
1997-01-17,6833.1,1.0011
1997-01-20,6843.87,0.1576
1997-01-21,6883.9,0.5849
1997-01-22,6850.03,-0.492
1997-01-23,6755.75,-1.3763
1997-01-24,6696.48,-0.8773
1997-01-27,6660.69,-0.5345
1997-01-28,6656.08,-0.0692
1997-01-29,6740.74,1.2719
1997-01-30,6823.86,1.2331
1997-01-31,6813.09,-0.1578
1997-02-03,6806.16,-0.1017
1997-02-04,6833.48,0.4014
1997-02-05,6746.9,-1.267
1997-02-06,6773.06,0.3877
1997-02-07,6855.8,1.2216
1997-02-10,6806.54,-0.7185
1997-02-11,6858.11,0.7577
1997-02-12,6961.63,1.5095
1997-02-13,7022.44,0.8735
1997-02-14,6988.96,-0.4768
1997-02-18,7067.46,1.1232
1997-02-19,7020.13,-0.6697
1997-02-20,6927.38,-1.3212
1997-02-21,6931.62,0.0612
1997-02-24,7008.2,1.1048
1997-02-25,7037.83,0.4228
1997-02-26,6983.18,-0.7765
1997-02-27,6925.07,-0.8321
1997-02-28,6877.74,-0.6835
1997-03-03,6918.92,0.5987
1997-03-04,6852.72,-0.9568
1997-03-05,6945.85,1.359
1997-03-06,6944.7,-0.0166
1997-03-07,7000.89,0.8091
1997-03-10,7079.39,1.1213
1997-03-11,7085.16,0.0815
1997-03-12,7039.37,-0.6463
1997-03-13,6878.89,-2.2797
1997-03-14,6935.46,0.8224
1997-03-17,6955.48,0.2887
1997-03-18,6896.56,-0.8471
1997-03-19,6877.68,-0.2738
1997-03-20,6820.28,-0.8346
1997-03-21,6804.79,-0.2271
1997-03-24,6905.25,1.4763
1997-03-25,6876.17,-0.4211
1997-03-26,6880.7,0.0659
1997-03-27,6740.59,-2.0363
1997-03-31,6583.48,-2.3308
1997-04-01,6611.05,0.4188
1997-04-02,6517,-1.4226
1997-04-03,6477.4,-0.6076
1997-04-04,6526.1,0.7518
1997-04-07,6555.9,0.4566
1997-04-08,6609.2,0.813
1997-04-09,6563.8,-0.6869
1997-04-10,6540.05,-0.3618
1997-04-11,6391.7,-2.2683
1997-04-14,6451.9,0.9418
1997-04-15,6587.16,2.0964
1997-04-16,6679.87,1.4074
1997-04-17,6658.6,-0.3184
1997-04-18,6703.35,0.6721
1997-04-21,6660.2,-0.6437
1997-04-22,6833.6,2.6035
1997-04-23,6812.7,-0.3058
1997-04-24,6792.3,-0.2994
1997-04-25,6738.9,-0.7862
1997-04-28,6783,0.6544
1997-04-29,6962,2.639
1997-04-30,7009,0.6751
1997-05-01,6976.5,-0.4637
1997-05-02,7071.2,1.3574
1997-05-05,7213.68,2.0149
1997-05-06,7225.3,0.1611
1997-05-07,7085.65,-1.9328
1997-05-08,7136.6,0.7191
1997-05-09,7169.5,0.461
1997-05-12,7292.8,1.7198
1997-05-13,7274.2,-0.255
1997-05-14,7286.2,0.165
1997-05-15,7333.5,0.6492
1997-05-16,7194.7,-1.8927
1997-05-19,7228.9,0.4753
1997-05-20,7303.5,1.032
1997-05-21,7290.7,-0.1753
1997-05-22,7258.1,-0.4471
1997-05-23,7345.9,1.2097
1997-05-27,7383.4,0.5105
1997-05-28,7357.2,-0.3549
1997-05-29,7330.2,-0.367
1997-05-30,7331,0.0109
1997-06-02,7289.4,-0.5675
1997-06-03,7312.1,0.3114
1997-06-04,7269.7,-0.5799
1997-06-05,7305.3,0.4897
1997-06-06,7435.8,1.7864
1997-06-09,7478.5,0.5742
1997-06-10,7539.27,0.8126
1997-06-11,7575.8,0.4845
1997-06-12,7711.5,1.7912
1997-06-13,7782,0.9142
1997-06-16,7772.1,-0.1272
1997-06-17,7760.8,-0.1454
1997-06-18,7718.7,-0.5425
1997-06-19,7777.1,0.7566
1997-06-20,7796.5,0.2495
1997-06-23,7604.3,-2.4652
1997-06-24,7758.06,2.022
1997-06-25,7690,-0.8773
1997-06-26,7654.3,-0.4642
1997-06-27,7687.7,0.4364
1997-06-30,7672.8,-0.1938
1997-07-01,7722.3,0.6451
1997-07-02,7795.38,0.9464
1997-07-03,7895.8,1.2882
1997-07-07,7858.5,-0.4724
1997-07-08,7962.3,1.3209
1997-07-09,7842.4,-1.5058
1997-07-10,7886.8,0.5662
1997-07-11,7921.8,0.4438
1997-07-14,7923,0.0151
1997-07-15,7975.7,0.6652
1997-07-16,8038.9,0.7924
1997-07-17,8020.8,-0.2252
1997-07-18,7890.5,-1.6245
1997-07-21,7906.7,0.2053
1997-07-22,8061.6,1.9591
1997-07-23,8088.36,0.3319
1997-07-24,8116.9,0.3529
1997-07-25,8113.4,-0.0431
1997-07-28,8121.1,0.0949
1997-07-29,8174.5,0.6575
1997-07-30,8254.9,0.9835
1997-07-31,8222.6,-0.3913
1997-08-01,8194,-0.3478
1997-08-04,8198.5,0.0549
1997-08-05,8187.5,-0.1342
1997-08-06,8259.3,0.8769
1997-08-07,8188,-0.8633
1997-08-08,8031.2,-1.915
1997-08-11,8062.1,0.3847
1997-08-12,7960.8,-1.2565
1997-08-13,7928.3,-0.4083
1997-08-14,7942,0.1728
1997-08-15,7694.7,-3.1138
1997-08-18,7803.36,1.4121
1997-08-19,7918.1,1.4704
1997-08-20,8021.2,1.3021
1997-08-21,7894,-1.5858
1997-08-22,7887.9,-0.0773
1997-08-25,7859.6,-0.3588
1997-08-26,7782.2,-0.9848
1997-08-27,7787.3,0.0655
1997-08-28,7694.4,-1.193
1997-08-29,7622.4,-0.9357
1997-09-02,7879.8,3.3769
1997-09-03,7894.6,0.1878
1997-09-04,7867.2,-0.3471
1997-09-05,7822.4,-0.5695
1997-09-08,7835.2,0.1636
1997-09-09,7851.9,0.2131
1997-09-10,7719.3,-1.6888
1997-09-11,7661,-0.7552
1997-09-12,7743,1.0704
1997-09-15,7721.1,-0.2828
1997-09-16,7895.9,2.2639
1997-09-17,7886.4,-0.1203
1997-09-18,7922.7,0.4603
1997-09-19,7917.3,-0.0682
1997-09-22,7996.8,1.0041
1997-09-23,7970.1,-0.3339
1997-09-24,7906.7,-0.7955
1997-09-25,7848,-0.7424
1997-09-26,7922.2,0.9455
1997-09-29,7991.4,0.8735
1997-09-30,7945.3,-0.5769
1997-10-01,8015.5,0.8835
1997-10-02,8027.5,0.1497
1997-10-03,8038.6,0.1383
1997-10-06,8100.2,0.7663
1997-10-07,8178.3,0.9642
1997-10-08,8095.1,-1.0173
1997-10-09,8061.4,-0.4163
1997-10-10,8045.2,-0.201
1997-10-13,8072.2,0.3356
1997-10-14,8096.3,0.2986
1997-10-15,8058,-0.4731
1997-10-16,7938.9,-1.478
1997-10-17,7847,-1.1576
1997-10-20,7921.4,0.9481
1997-10-21,8060.4,1.7547
1997-10-22,8034.6,-0.3201
1997-10-23,7847.8,-2.3249
1997-10-24,7715.4,-1.6871
1997-10-27,7161.2,-7.183
1997-10-28,7498.3,4.7073
1997-10-29,7506.7,0.112
1997-10-30,7381.7,-1.6652
1997-10-31,7442.1,0.8182
1997-11-03,7674.4,3.1214
1997-11-04,7689.1,0.1915
1997-11-05,7692.6,0.0455
1997-11-06,7683.2,-0.1222
1997-11-07,7581.3,-1.3263
1997-11-10,7552.6,-0.3786
1997-11-11,7558.7,0.0808
1997-11-12,7401.3,-2.0824
1997-11-13,7487.8,1.1687
1997-11-14,7572.5,1.1312
1997-11-17,7698.2,1.66
1997-11-18,7650.8,-0.6157
1997-11-19,7724.7,0.9659
1997-11-20,7826.6,1.3191
1997-11-21,7881.07,0.696
1997-11-24,7767.9,-1.436
1997-11-25,7809,0.5291
1997-11-26,7794.8,-0.1818
1997-11-28,7823.1,0.3631
1997-12-01,8013.1,2.4287
1997-12-02,8018.8,0.0711
1997-12-03,8032,0.1646
1997-12-04,8050.2,0.2266
1997-12-05,8149.1,1.2285
1997-12-08,8110.8,-0.47
1997-12-09,8049.7,-0.7533
1997-12-10,7978.8,-0.8808
1997-12-11,7849,-1.6268
1997-12-12,7838.3,-0.1363
1997-12-15,7922.6,1.0755
1997-12-16,7976.3,0.6778
1997-12-17,7957.4,-0.237
1997-12-18,7846.5,-1.3937
1997-12-19,7756.3,-1.1496
1997-12-22,7819.3,0.8122
1997-12-23,7691.8,-1.6306
1997-12-24,7660.13,-0.4117
1997-12-26,7679.3,0.2503
1997-12-29,7792.4,1.4728
1997-12-30,7916,1.5862
1997-12-31,7908.3,-0.0973
1998-01-02,7965,0.717
1998-01-05,7979,0.1758
1998-01-06,7906.25,-0.9118
1998-01-07,7902.3,-0.05
1998-01-08,7802.6,-1.2617
1998-01-09,7580.4,-2.8478
1998-01-12,7647.2,0.8812
1998-01-13,7732.1,1.1102
1998-01-14,7784.7,0.6803
1998-01-15,7691.8,-1.1934
1998-01-16,7753.5,0.8022
1998-01-20,7873.1,1.5425
1998-01-21,7794.4,-0.9996
1998-01-22,7730.9,-0.8147
1998-01-23,7700.7,-0.3906
1998-01-26,7712.94,0.1589
1998-01-27,7815.08,1.3243
1998-01-28,7915.47,1.2846
1998-01-29,7973.02,0.7271
1998-01-30,7906.5,-0.8343
1998-02-02,8107.78,2.5458
1998-02-03,8160.35,0.6484
1998-02-04,8129.71,-0.3755
1998-02-05,8117.25,-0.1533
1998-02-06,8189.49,0.89
1998-02-09,8180.52,-0.1095
1998-02-10,8295.61,1.4069
1998-02-11,8314.55,0.2283
1998-02-12,8369.6,0.6621
1998-02-13,8370.1,0.006
1998-02-17,8398.5,0.3393
1998-02-18,8451.06,0.6258
1998-02-19,8375.58,-0.8931
1998-02-20,8413.94,0.458
1998-02-23,8410.2,-0.0445
1998-02-24,8370.1,-0.4768
1998-02-25,8457.78,1.0475
1998-02-26,8490.67,0.3889
1998-02-27,8545.72,0.6484
1998-03-02,8550.45,0.0553
1998-03-03,8584.83,0.4021
1998-03-04,8539.24,-0.5311
1998-03-05,8444.33,-1.1115
1998-03-06,8569.39,1.481
1998-03-09,8567.14,-0.0263
1998-03-10,8643.12,0.8869
1998-03-11,8675.75,0.3775
1998-03-12,8659.56,-0.1866
1998-03-13,8602.52,-0.6587
1998-03-16,8718.85,1.3523
1998-03-17,8749.99,0.3572
1998-03-18,8775.4,0.2904
1998-03-19,8803.05,0.3151
1998-03-20,8906.43,1.1744
1998-03-23,8816.25,-1.0125
1998-03-24,8904.44,1.0003
1998-03-25,8872.8,-0.3553
1998-03-26,8846.89,-0.292
1998-03-27,8796.08,-0.5743
1998-03-30,8782.12,-0.1587
1998-03-31,8799.81,0.2014
1998-04-01,8868.32,0.7785
1998-04-02,8986.64,1.3342
1998-04-03,8983.41,-0.0359
1998-04-06,9033.23,0.5546
1998-04-07,8956.5,-0.8494
1998-04-08,8891.48,-0.726
1998-04-09,8994.86,1.1627
1998-04-13,9012.3,0.1939
1998-04-14,9110.2,1.0863
1998-04-15,9162.27,0.5716
1998-04-16,9076.57,-0.9354
1998-04-17,9167.5,1.0018
1998-04-20,9141.84,-0.2799
1998-04-21,9184.94,0.4715
1998-04-22,9176.72,-0.0895
1998-04-23,9143.33,-0.3639
1998-04-24,9064.62,-0.8608
1998-04-27,8917.64,-1.6215
1998-04-28,8898.96,-0.2095
1998-04-29,8951.52,0.5906
1998-04-30,9063.37,1.2495
1998-05-01,9147.07,0.9235
1998-05-04,9192.66,0.4984
1998-05-05,9147.57,-0.4905
1998-05-06,9054.65,-1.0158
1998-05-07,8976.68,-0.8611
1998-05-08,9055.15,0.8742
1998-05-11,9091.52,0.4016
1998-05-12,9161.77,0.7727
1998-05-13,9211.84,0.5465
1998-05-14,9172.23,-0.43
1998-05-15,9096,-0.8311
1998-05-18,9050.91,-0.4957
1998-05-19,9054.65,0.0413
1998-05-20,9171.48,1.2903
1998-05-21,9132.37,-0.4264
1998-05-22,9114.44,-0.1963
1998-05-26,8963.73,-1.6535
1998-05-27,8936.57,-0.303
1998-05-28,8970.2,0.3763
1998-05-29,8899.95,-0.7831
1998-06-01,8922.37,0.2519
1998-06-02,8891.24,-0.3489
1998-06-03,8803.8,-0.9834
1998-06-04,8870.56,0.7583
1998-06-05,9037.71,1.8843
1998-06-08,9069.6,0.3529
1998-06-09,9049.92,-0.217
1998-06-10,8971.7,-0.8643
1998-06-11,8811.77,-1.7826
1998-06-12,8834.94,0.2629
1998-06-15,8627.93,-2.3431
1998-06-16,8665.29,0.433
1998-06-17,8829.46,1.8946
1998-06-18,8813.01,-0.1863
1998-06-19,8712.87,-1.1363
1998-06-22,8711.13,-0.02
1998-06-23,8828.46,1.3469
1998-06-24,8923.87,1.0807
1998-06-25,8935.58,0.1312
1998-06-26,8944.54,0.1003
1998-06-29,8997.36,0.5905
1998-06-30,8952.02,-0.5039
1998-07-01,9048.67,1.0796
1998-07-02,9025.26,-0.2587
1998-07-06,9091.77,0.7369
1998-07-07,9085.04,-0.074
1998-07-08,9174.97,0.9899
1998-07-09,9089.78,-0.9285
1998-07-10,9105.74,0.1756
1998-07-13,9096.21,-0.1047
1998-07-14,9245.54,1.6417
1998-07-15,9234.47,-0.1197
1998-07-16,9328.19,1.0149
1998-07-17,9337.97,0.1048
1998-07-20,9295.75,-0.4521
1998-07-21,9190.19,-1.1356
1998-07-22,9128.91,-0.6668
1998-07-23,8932.98,-2.1463
1998-07-24,8937.36,0.049
1998-07-27,9028.24,1.0169
1998-07-28,8934.78,-1.0352
1998-07-29,8914.96,-0.2218
1998-07-30,9026.95,1.2562
1998-07-31,8883.29,-1.5915
1998-08-03,8786.74,-1.0869
1998-08-04,8487.31,-3.4077
1998-08-05,8546.78,0.7007
1998-08-06,8577.68,0.3615
1998-08-07,8598.02,0.2371
1998-08-10,8574.85,-0.2695
1998-08-11,8462.85,-1.3061
1998-08-12,8552.96,1.0648
1998-08-13,8459.5,-1.0927
1998-08-14,8425,-0.4078
1998-08-17,8574.85,1.7786
1998-08-18,8714.65,1.6303
1998-08-19,8693.28,-0.2452
1998-08-20,8611.41,-0.9418
1998-08-21,8533.65,-0.903
1998-08-24,8566.61,0.3862
1998-08-25,8602.65,0.4207
1998-08-26,8523.35,-0.9218
1998-08-27,8165.99,-4.1927
1998-08-28,8051.68,-1.3998
1998-08-31,7539.07,-6.3665
1998-09-01,7827.43,3.8249
1998-09-02,7782.37,-0.5757
1998-09-03,7682.22,-1.2869
1998-09-04,7640.25,-0.5463
1998-09-08,8020.78,4.9806
1998-09-09,7865.02,-1.942
1998-09-10,7615.54,-3.172
1998-09-11,7795.5,2.3631
1998-09-14,7945.35,1.9223
1998-09-15,8024.39,0.9948
1998-09-16,8089.78,0.8149
1998-09-17,7873.77,-2.6702
1998-09-18,7895.66,0.278
1998-09-21,7933.25,0.4761
1998-09-22,7897.2,-0.4544
1998-09-23,8154.41,3.257
1998-09-24,8001.99,-1.8692
1998-09-25,8028.77,0.3347
1998-09-28,8108.84,0.9973
1998-09-29,8080.52,-0.3492
1998-09-30,7842.62,-2.9441
1998-10-01,7632.53,-2.6788
1998-10-02,7784.69,1.9936
1998-10-05,7726.24,-0.7508
1998-10-06,7742.98,0.2167
1998-10-07,7741.69,-0.0167
1998-10-08,7731.91,-0.1263
1998-10-09,7899.52,2.1678
1998-10-12,8001.47,1.2906
1998-10-13,7938.14,-0.7915
1998-10-14,7968.78,0.386
1998-10-15,8299.36,4.1484
1998-10-16,8416.76,1.4146
1998-10-19,8466.45,0.5904
1998-10-20,8505.85,0.4654
1998-10-21,8519.23,0.1573
1998-10-22,8533.14,0.1633
1998-10-23,8452.29,-0.9475
1998-10-26,8432.21,-0.2376
1998-10-27,8366.04,-0.7847
1998-10-28,8371.97,0.0709
1998-10-29,8495.03,1.4699
1998-10-30,8592.1,1.1427
1998-11-02,8706.15,1.3274
1998-11-03,8706.15,0
1998-11-04,8783.14,0.8843
1998-11-05,8915.47,1.5066
1998-11-06,8975.46,0.6729
1998-11-09,8897.96,-0.8635
1998-11-10,8863.98,-0.3819
1998-11-11,8823.82,-0.4531
1998-11-12,8829.74,0.0671
1998-11-13,8919.59,1.0176
1998-11-16,9011.25,1.0276
1998-11-17,8986.28,-0.2771
1998-11-18,9041.11,0.6102
1998-11-19,9056.05,0.1652
1998-11-20,9159.55,1.1429
1998-11-23,9374.27,2.3442
1998-11-24,9301.15,-0.78
1998-11-25,9314.28,0.1412
1998-11-27,9333.08,0.2018
1998-11-30,9116.55,-2.32
1998-12-01,9133.54,0.1864
1998-12-02,9064.54,-0.7555
1998-12-03,8879.68,-2.0394
1998-12-04,9016.14,1.5368
1998-12-07,9070.47,0.6026
1998-12-08,9027.98,-0.4684
1998-12-09,9009.19,-0.2081
1998-12-10,8841.58,-1.8604
1998-12-11,8821.76,-0.2242
1998-12-14,8695.6,-1.4301
1998-12-15,8823.3,1.4686
1998-12-16,8790.6,-0.3706
1998-12-17,8875.82,0.9694
1998-12-18,8903.63,0.3133
1998-12-21,8988.85,0.9571
1998-12-22,9044.46,0.6187
1998-12-23,9202.03,1.7422
1998-12-24,9217.99,0.1734
1998-12-28,9226.75,0.095
1998-12-29,9320.98,1.0213
1998-12-30,9274.64,-0.4972
1998-12-31,9181.43,-1.005
1999-01-04,9184.27,0.0309
1999-01-05,9311.19,1.3819
1999-01-06,9544.97,2.5107
1999-01-07,9537.76,-0.0755
1999-01-08,9643.32,1.1068
1999-01-11,9619.89,-0.243
1999-01-12,9474.68,-1.5095
1999-01-13,9349.56,-1.3206
1999-01-14,9120.93,-2.4454
1999-01-15,9340.55,2.4079
1999-01-19,9355.22,0.1571
1999-01-20,9335.91,-0.2064
1999-01-21,9264.08,-0.7694
1999-01-22,9120.67,-1.548
1999-01-25,9203.32,0.9062
1999-01-26,9324.58,1.3176
1999-01-27,9200.23,-1.3336
1999-01-28,9281.33,0.8815
1999-01-29,9358.83,0.835
1999-02-01,9345.7,-0.1403
1999-02-02,9274.12,-0.7659
1999-02-03,9366.81,0.9994
1999-02-04,9304.5,-0.6652
1999-02-05,9304.24,-0.0028
1999-02-08,9291.11,-0.1411
1999-02-09,9133.03,-1.7014
1999-02-10,9177.31,0.4848
1999-02-11,9363.46,2.0284
1999-02-12,9274.89,-0.9459
1999-02-16,9297.03,0.2387
1999-02-17,9195.47,-1.0924
1999-02-18,9298.63,1.1219
1999-02-19,9339.95,0.4444
1999-02-22,9552.68,2.2776
1999-02-23,9544.42,-0.0865
1999-02-24,9399.67,-1.5166
1999-02-25,9366.34,-0.3546
1999-02-26,9306.58,-0.638
1999-03-01,9324.78,0.1956
1999-03-02,9297.61,-0.2914
1999-03-03,9275.88,-0.2337
1999-03-04,9467.4,2.0647
1999-03-05,9736.08,2.8379
1999-03-08,9727.61,-0.087
1999-03-09,9693.76,-0.348
1999-03-10,9772.84,0.8158
1999-03-11,9897.44,1.275
1999-03-12,9876.35,-0.2131
1999-03-15,9958.77,0.8345
1999-03-16,9930.47,-0.2842
1999-03-17,9879.41,-0.5142
1999-03-18,9997.62,1.1965
1999-03-19,9903.55,-0.9409
1999-03-22,9890.51,-0.1317
1999-03-23,9671.83,-2.211
1999-03-24,9666.84,-0.0516
1999-03-25,9836.39,1.7539
1999-03-26,9822.24,-0.1439
1999-03-29,10006.78,1.8788
1999-03-30,9913.26,-0.9346
1999-03-31,9786.16,-1.2821
1999-04-01,9832.51,0.4736
1999-04-05,10007.33,1.778
1999-04-06,9963.49,-0.4381
1999-04-07,10085.31,1.2227
1999-04-08,10197.7,1.1144
1999-04-09,10173.84,-0.234
1999-04-12,10339.51,1.6284
1999-04-13,10395.01,0.5368
1999-04-14,10411.66,0.1602
1999-04-15,10462.72,0.4904
1999-04-16,10493.89,0.2979
1999-04-19,10440.53,-0.5085
1999-04-20,10448.55,0.0768
1999-04-21,10581.42,1.2717
1999-04-22,10727.18,1.3775
1999-04-23,10689.67,-0.3497
1999-04-26,10718.59,0.2705
1999-04-27,10831.71,1.0554
1999-04-28,10845.45,0.1268
1999-04-29,10878.38,0.3036
1999-04-30,10789.04,-0.8213
1999-05-03,11014.69,2.0915
1999-05-04,10886.11,-1.1674
1999-05-05,10955.41,0.6366
1999-05-06,10946.82,-0.0784
1999-05-07,11031.59,0.7744
1999-05-10,11007.25,-0.2206
1999-05-11,11026.15,0.1717
1999-05-12,11000.37,-0.2338
1999-05-13,11107.19,0.9711
1999-05-14,10913.32,-1.7454
1999-05-17,10853.47,-0.5484
1999-05-18,10836.95,-0.1522
1999-05-19,10887.39,0.4654
1999-05-20,10866.74,-0.1897
1999-05-21,10829.28,-0.3447
1999-05-24,10654.67,-1.6124
1999-05-25,10531.09,-1.1599
1999-05-26,10702.16,1.6244
1999-05-27,10466.93,-2.198
1999-05-28,10559.74,0.8867
1999-06-01,10596.26,0.3458
1999-06-02,10577.89,-0.1734
1999-06-03,10663.69,0.8111
1999-06-04,10799.84,1.2768
1999-06-07,10909.38,1.0143
1999-06-08,10765.64,-1.3176
1999-06-09,10690.29,-0.6999
1999-06-10,10621.27,-0.6456
1999-06-11,10490.51,-1.2311
1999-06-14,10563.33,0.6942
1999-06-15,10594.99,0.2997
1999-06-16,10784.95,1.7929
1999-06-17,10841.63,0.5255
1999-06-18,10855.56,0.1285
1999-06-21,10815.98,-0.3646
1999-06-22,10721.63,-0.8723
1999-06-23,10666.86,-0.5108
1999-06-24,10534.83,-1.2378
1999-06-25,10552.56,0.1683
1999-06-28,10655.15,0.9722
1999-06-29,10815.35,1.5035
1999-06-30,10970.8,1.4373
1999-07-01,11066.42,0.8716
1999-07-02,11139.24,0.658
1999-07-06,11135.12,-0.037
1999-07-07,11187.36,0.4691
1999-07-08,11126.89,-0.5405
1999-07-09,11193.7,0.6004
1999-07-12,11200.98,0.065
1999-07-13,11175.02,-0.2318
1999-07-14,11148.1,-0.2409
1999-07-15,11186.41,0.3436
1999-07-16,11209.84,0.2095
1999-07-19,11187.68,-0.1977
1999-07-20,10996.13,-1.7122
1999-07-21,11002.78,0.0605
1999-07-22,10969.22,-0.305
1999-07-23,10910.96,-0.5311
1999-07-26,10863.16,-0.4381
1999-07-27,10979.04,1.0667
1999-07-28,10972.07,-0.0635
1999-07-29,10791.29,-1.6476
1999-07-30,10655.15,-1.2616
1999-08-02,10645.96,-0.0862
1999-08-03,10677.31,0.2945
1999-08-04,10674.77,-0.0238
1999-08-05,10793.82,1.1152
1999-08-06,10714.03,-0.7392
1999-08-09,10707.7,-0.0591
1999-08-10,10655.15,-0.4908
1999-08-11,10787.8,1.2449
1999-08-12,10789.39,0.0147
1999-08-13,10973.65,1.7078
1999-08-16,11046.79,0.6665
1999-08-17,11117.08,0.6363
1999-08-18,10991.38,-1.1307
1999-08-19,10963.84,-0.2506
1999-08-20,11100.61,1.2475
1999-08-23,11299.76,1.794
1999-08-24,11283.3,-0.1457
1999-08-25,11326.04,0.3788
1999-08-26,11198.45,-1.1265
1999-08-27,11090.17,-0.9669
1999-08-30,10914.13,-1.5874
1999-08-31,10829.28,-0.7774
1999-09-01,10937.88,1.0028
1999-09-02,10843.21,-0.8655
1999-09-03,11078.45,2.1695
1999-09-07,11034.13,-0.4001
1999-09-08,11036.34,0.02
1999-09-09,11079.4,0.3902
1999-09-10,11028.43,-0.46
1999-09-13,11030.33,0.0172
1999-09-14,10910.33,-1.0879
1999-09-15,10801.42,-0.9982
1999-09-16,10737.46,-0.5921
1999-09-17,10803.63,0.6163
1999-09-20,10823.9,0.1876
1999-09-21,10598.47,-2.0827
1999-09-22,10524.07,-0.702
1999-09-23,10318.59,-1.9525
1999-09-24,10279.33,-0.3805
1999-09-27,10303.39,0.2341
1999-09-28,10275.53,-0.2704
1999-09-29,10213.48,-0.6039
1999-09-30,10336.95,1.2089
1999-10-01,10273,-0.6187
1999-10-04,10401.23,1.2482
1999-10-05,10400.59,-0.0062
1999-10-06,10588.34,1.8052
1999-10-07,10537.05,-0.4844
1999-10-08,10649.76,1.0697
1999-10-11,10648.18,-0.0148
1999-10-12,10417.06,-2.1705
1999-10-13,10232.16,-1.775
1999-10-14,10286.61,0.5321
1999-10-15,10019.71,-2.5946
1999-10-18,10116.28,0.9638
1999-10-19,10204.93,0.8763
1999-10-20,10392.36,1.8367
1999-10-21,10297.69,-0.911
1999-10-22,10470.25,1.6757
1999-10-25,10349.93,-1.1492
1999-10-26,10302.13,-0.4618
1999-10-27,10394.89,0.9004
1999-10-28,10622.53,2.1899
1999-10-29,10729.86,1.0104
1999-11-01,10648.51,-0.7582
1999-11-02,10581.84,-0.6261
1999-11-03,10609.06,0.2572
1999-11-04,10639.64,0.2882
1999-11-05,10704.48,0.6094
1999-11-08,10718.85,0.1342
1999-11-09,10617.32,-0.9472
1999-11-10,10597.74,-0.1844
1999-11-11,10595.3,-0.023
1999-11-12,10769.32,1.6424
1999-11-15,10760.75,-0.0796
1999-11-16,10932.33,1.5945
1999-11-17,10883.09,-0.4504
1999-11-18,11035.7,1.4023
1999-11-19,11003.89,-0.2882
1999-11-22,11089.52,0.7782
1999-11-23,10995.63,-0.8467
1999-11-24,11008.17,0.114
1999-11-26,10988.91,-0.175
1999-11-29,10947.92,-0.373
1999-11-30,10877.81,-0.6404
1999-12-01,10998.39,1.1085
1999-12-02,11039.06,0.3698
1999-12-03,11286.18,2.2386
1999-12-06,11225.01,-0.542
1999-12-07,11106.65,-1.0544
1999-12-08,11068.12,-0.3469
1999-12-09,11134.79,0.6024
1999-12-10,11224.7,0.8075
1999-12-13,11192.59,-0.2861
1999-12-14,11160.17,-0.2897
1999-12-15,11225.32,0.5838
1999-12-16,11244.89,0.1743
1999-12-17,11257.43,0.1115
1999-12-20,11144.27,-1.0052
1999-12-21,11200.54,0.5049
1999-12-22,11203.6,0.0273
1999-12-23,11405.76,1.8044
1999-12-27,11391.08,-0.1287
1999-12-28,11476.71,0.7517
1999-12-29,11484.66,0.0693
1999-12-30,11452.86,-0.2769
1999-12-31,11497.12,0.3865
2000-01-03,11357.51,-1.2143
2000-01-04,10997.93,-3.166
2000-01-05,11122.65,1.134
2000-01-06,11253.26,1.1743
2000-01-07,11522.56,2.3931
2000-01-10,11572.2,0.4308
2000-01-11,11511.08,-0.5282
2000-01-12,11551.1,0.3477
2000-01-13,11582.43,0.2712
2000-01-14,11722.98,1.2135
2000-01-18,11560.72,-1.3841
2000-01-19,11489.36,-0.6173
2000-01-20,11351.3,-1.2016
2000-01-21,11251.71,-0.8773
2000-01-24,11008.17,-2.1645
2000-01-25,11029.89,0.1973
2000-01-26,11032.99,0.0281
2000-01-27,11028.02,-0.045
2000-01-28,10738.87,-2.622
2000-01-31,10940.53,1.8779
2000-02-01,11041.05,0.9188
2000-02-02,11003.2,-0.3428
2000-02-03,11013.44,0.0931
2000-02-04,10963.8,-0.4507
2000-02-07,10905.79,-0.5291
2000-02-08,10957.6,0.4751
2000-02-09,10699.16,-2.3585
2000-02-10,10643.63,-0.519
2000-02-11,10425.21,-2.0521
2000-02-14,10519.84,0.9077
2000-02-15,10718.09,1.8845
2000-02-16,10561.41,-1.4618
2000-02-17,10514.57,-0.4435
2000-02-18,10219.52,-2.8061
2000-02-22,10304.84,0.8349
2000-02-23,10225.73,-0.7677
2000-02-24,10092.63,-1.3016
2000-02-25,9862.12,-2.2839
2000-02-28,10038.65,1.79
2000-02-29,10128.31,0.8931
2000-03-01,10137.93,0.095
2000-03-02,10164.92,0.2662
2000-03-03,10367.2,1.99
2000-03-06,10170.5,-1.8973
2000-03-07,9796.03,-3.6819
2000-03-08,9856.53,0.6176
2000-03-09,10010.73,1.5644
2000-03-10,9928.82,-0.8182
2000-03-13,9947.13,0.1844
2000-03-14,9811.24,-1.3661
2000-03-15,10131.41,3.2633
2000-03-16,10630.6,4.9272
2000-03-17,10595.23,-0.3327
2000-03-20,10680.24,0.8023
2000-03-21,10907.34,2.1264
2000-03-22,10866.7,-0.3726
2000-03-23,11119.86,2.3297
2000-03-24,11112.72,-0.0642
2000-03-27,11025.85,-0.7817
2000-03-28,10936.11,-0.8139
2000-03-29,11018.72,0.7554
2000-03-30,10980.25,-0.3491
2000-03-31,10921.92,-0.5312
2000-04-03,11221.93,2.7469
2000-04-04,11164.84,-0.5087
2000-04-05,11033.92,-1.1726
2000-04-06,11114.27,0.7282
2000-04-07,11111.48,-0.0251
2000-04-10,11186.56,0.6757
2000-04-11,11287.08,0.8986
2000-04-12,11125.13,-1.4348
2000-04-13,10923.55,-1.8119
2000-04-14,10305.77,-5.6555
2000-04-17,10582.51,2.6853
2000-04-18,10767.42,1.7473
2000-04-19,10674.96,-0.8587
2000-04-20,10844.05,1.584
2000-04-24,10906.1,0.5722
2000-04-25,11124.82,2.0055
2000-04-26,10945.5,-1.6119
2000-04-27,10888.1,-0.5244
2000-04-28,10733.91,-1.4161
2000-05-01,10811.78,0.7255
2000-05-02,10731.12,-0.746
2000-05-03,10480.13,-2.3389
2000-05-04,10412.49,-0.6454
2000-05-05,10577.86,1.5882
2000-05-08,10603.63,0.2436
2000-05-09,10536.75,-0.6307
2000-05-10,10367.78,-1.6036
2000-05-11,10545.97,1.7187
2000-05-12,10609.37,0.6012
2000-05-15,10807.78,1.8701
2000-05-16,10934.57,1.1731
2000-05-17,10769.74,-1.5074
2000-05-18,10777.28,0.07
2000-05-19,10626.85,-1.3958
2000-05-22,10542.55,-0.7933
2000-05-23,10422.27,-1.1409
2000-05-24,10535.35,1.085
2000-05-25,10323.92,-2.0069
2000-05-26,10299.24,-0.2391
2000-05-30,10527.13,2.2127
2000-05-31,10522.33,-0.0456
2000-06-01,10652.2,1.2342
2000-06-02,10794.76,1.3383
2000-06-05,10815.3,0.1903
2000-06-06,10735.57,-0.7372
2000-06-07,10812.86,0.7199
2000-06-08,10668.72,-1.333
2000-06-09,10614.06,-0.5123
2000-06-12,10564.21,-0.4697
2000-06-13,10621.84,0.5455
2000-06-14,10687.95,0.6224
2000-06-15,10714.82,0.2514
2000-06-16,10449.3,-2.4781
2000-06-19,10557.84,1.0387
2000-06-20,10435.16,-1.162
2000-06-21,10497.74,0.5997
2000-06-22,10376.12,-1.1585
2000-06-23,10404.75,0.2759
2000-06-26,10542.99,1.3286
2000-06-27,10504.46,-0.3655
2000-06-28,10527.79,0.2221
2000-06-29,10398.04,-1.2325
2000-06-30,10447.89,0.4794
2000-07-03,10560.67,1.0795
2000-07-05,10483.6,-0.7298
2000-07-06,10481.47,-0.0203
2000-07-07,10635.98,1.4741
2000-07-10,10646.58,0.0997
2000-07-11,10727.19,0.7571
2000-07-12,10783.76,0.5274
2000-07-13,10788.71,0.0459
2000-07-14,10812.75,0.2228
2000-07-17,10804.27,-0.0784
2000-07-18,10739.92,-0.5956
2000-07-19,10696.08,-0.4082
2000-07-20,10843.87,1.3817
2000-07-21,10733.56,-1.0173
2000-07-24,10685.12,-0.4513
2000-07-25,10699.97,0.139
2000-07-26,10516.48,-1.7149
2000-07-27,10586.13,0.6623
2000-07-28,10511.17,-0.7081
2000-07-31,10521.98,0.1028
2000-08-01,10606.95,0.8075
2000-08-02,10687.53,0.7597
2000-08-03,10706.58,0.1782
2000-08-04,10767.75,0.5713
2000-08-07,10867.01,0.9218
2000-08-08,10976.89,1.0111
2000-08-09,10905.83,-0.6474
2000-08-10,10908.76,0.0269
2000-08-11,11027.8,1.0912
2000-08-14,11176.14,1.3451
2000-08-15,11067,-0.9765
2000-08-16,11008.39,-0.5296
2000-08-17,11055.64,0.4292
2000-08-18,11046.48,-0.0829
2000-08-21,11079.81,0.3017
2000-08-22,11139.15,0.5356
2000-08-23,11144.65,0.0494
2000-08-24,11182.74,0.3418
2000-08-25,11192.63,0.0884
2000-08-28,11252.84,0.5379
2000-08-29,11215.1,-0.3354
2000-08-30,11103.01,-0.9995
2000-08-31,11215.1,1.0095
2000-09-01,11238.78,0.2111
2000-09-05,11260.61,0.1942
2000-09-06,11310.64,0.4443
2000-09-07,11259.87,-0.4489
2000-09-08,11220.65,-0.3483
2000-09-11,11195.49,-0.2242
2000-09-12,11233.23,0.3371
2000-09-13,11182.18,-0.4545
2000-09-14,11087.47,-0.847
2000-09-15,10927,-1.4473
2000-09-18,10808.52,-1.0843
2000-09-19,10789.29,-0.1779
2000-09-20,10687.92,-0.9395
2000-09-21,10765.52,0.7261
2000-09-22,10847.37,0.7603
2000-09-25,10808.15,-0.3616
2000-09-26,10631.32,-1.6361
2000-09-27,10628.36,-0.0278
2000-09-28,10824.06,1.8413
2000-09-29,10650.92,-1.5996
2000-10-02,10700.13,0.462
2000-10-03,10719.74,0.1833
2000-10-04,10784.48,0.6039
2000-10-05,10724.92,-0.5523
2000-10-06,10596.54,-1.197
2000-10-09,10568.43,-0.2653
2000-10-10,10524.4,-0.4166
2000-10-11,10413.79,-1.051
2000-10-12,10034.58,-3.6414
2000-10-13,10192.18,1.5706
2000-10-16,10238.8,0.4574
2000-10-17,10089.71,-1.4561
2000-10-18,9975.02,-1.1367
2000-10-19,10142.98,1.6838
2000-10-20,10226.59,0.8243
2000-10-23,10271.72,0.4413
2000-10-24,10393.07,1.1814
2000-10-25,10326.48,-0.6407
2000-10-26,10380.12,0.5194
2000-10-27,10590.62,2.0279
2000-10-30,10835.77,2.3148
2000-10-31,10971.14,1.2493
2000-11-01,10899.47,-0.6533
2000-11-02,10880.51,-0.174
2000-11-03,10817.95,-0.575
2000-11-06,10977.21,1.4722
2000-11-07,10952.18,-0.228
2000-11-08,10907.06,-0.412
2000-11-09,10834.25,-0.6675
2000-11-10,10602.95,-2.1349
2000-11-13,10517.25,-0.8083
2000-11-14,10681.06,1.5575
2000-11-15,10707.6,0.2485
2000-11-16,10656.03,-0.4816
2000-11-17,10629.87,-0.2455
2000-11-20,10462.65,-1.5731
2000-11-21,10494.5,0.3044
2000-11-22,10399.32,-0.907
2000-11-24,10470.23,0.6819
2000-11-27,10546.07,0.7243
2000-11-28,10507.58,-0.365
2000-11-29,10629.11,1.1566
2000-11-30,10414.49,-2.0192
2000-12-01,10373.54,-0.3932
2000-12-04,10560.95,1.8066
2000-12-05,10898.72,3.1983
2000-12-06,10664.38,-2.1502
2000-12-07,10617.36,-0.4409
2000-12-08,10712.91,0.8999
2000-12-11,10725.8,0.1203
2000-12-12,10768.27,0.396
2000-12-13,10794.44,0.243
2000-12-14,10674.99,-1.1066
2000-12-15,10434.96,-2.2485
2000-12-18,10645.42,2.0169
2000-12-19,10584.37,-0.5735
2000-12-20,10318.93,-2.5078
2000-12-21,10487.29,1.6316
2000-12-22,10635.56,1.4138
2000-12-26,10692.44,0.5348
2000-12-27,10803.16,1.0355
2000-12-28,10868.76,0.6072
2000-12-29,10787.99,-0.7431
2001-01-02,10646.15,-1.3148
2001-01-03,10945.75,2.8142
2001-01-04,10912.41,-0.3046
2001-01-05,10662.01,-2.2946
2001-01-08,10621.35,-0.3814
2001-01-09,10572.55,-0.4595
2001-01-10,10604.27,0.3
2001-01-11,10609.55,0.0498
2001-01-12,10525.38,-0.7933
2001-01-16,10652.66,1.2093
2001-01-17,10584.34,-0.6413
2001-01-18,10678.28,0.8875
2001-01-19,10587.59,-0.8493
2001-01-22,10578.24,-0.0883
2001-01-23,10649.81,0.6766
2001-01-24,10646.97,-0.0267
2001-01-25,10729.52,0.7753
2001-01-26,10659.98,-0.6481
2001-01-29,10702.19,0.396
2001-01-30,10881.2,1.6726
2001-01-31,10887.36,0.0566
2001-02-01,10983.63,0.8842
2001-02-02,10864.1,-1.0883
2001-02-05,10965.85,0.9366
2001-02-06,10957.42,-0.0769
2001-02-07,10946.72,-0.0977
2001-02-08,10880.55,-0.6045
2001-02-09,10781.45,-0.9108
2001-02-12,10946.77,1.5334
2001-02-13,10903.32,-0.3969
2001-02-14,10795.41,-0.9897
2001-02-15,10891.02,0.8857
2001-02-16,10799.82,-0.8374
2001-02-20,10730.88,-0.6383
2001-02-21,10526.58,-1.9039
2001-02-22,10526.81,0.0022
2001-02-23,10441.9,-0.8066
2001-02-26,10642.53,1.9214
2001-02-27,10636.88,-0.0531
2001-02-28,10495.28,-1.3312
2001-03-01,10450.14,-0.4301
2001-03-02,10466.31,0.1547
2001-03-05,10562.3,0.9171
2001-03-06,10591.22,0.2738
2001-03-07,10729.6,1.3066
2001-03-08,10858.25,1.199
2001-03-09,10644.62,-1.9674
2001-03-12,10208.25,-4.0994
2001-03-13,10290.8,0.8087
2001-03-14,9973.46,-3.0837
2001-03-15,10031.28,0.5797
2001-03-16,9823.41,-2.0722
2001-03-19,9959.11,1.3814
2001-03-20,9720.76,-2.3933
2001-03-21,9487,-2.4048
2001-03-22,9389.48,-1.0279
2001-03-23,9504.78,1.228
2001-03-26,9687.53,1.9227
2001-03-27,9947.54,2.684
2001-03-28,9785.35,-1.6305
2001-03-29,9799.06,0.1401
2001-03-30,9878.78,0.8135
2001-04-02,9777.93,-1.0209
2001-04-03,9485.71,-2.9886
2001-04-04,9515.42,0.3132
2001-04-05,9918.05,4.2313
2001-04-06,9791.09,-1.2801
2001-04-09,9845.15,0.5521
2001-04-10,10102.74,2.6164
2001-04-11,10013.47,-0.8836
2001-04-12,10126.94,1.1332
2001-04-16,10158.56,0.3122
2001-04-17,10216.73,0.5726
2001-04-18,10615.83,3.9063
2001-04-19,10693.71,0.7336
2001-04-20,10579.85,-1.0647
2001-04-23,10532.23,-0.4501
2001-04-24,10454.34,-0.7395
2001-04-25,10625.2,1.6343
2001-04-26,10692.35,0.632
2001-04-27,10810.05,1.1008
2001-04-30,10734.97,-0.6945
2001-05-01,10898.34,1.5218
2001-05-02,10876.68,-0.1987
2001-05-03,10796.65,-0.7358
2001-05-04,10951.24,1.4318
2001-05-07,10935.17,-0.1467
2001-05-08,10883.51,-0.4724
2001-05-09,10866.98,-0.1519
2001-05-10,10910.44,0.3999
2001-05-11,10821.31,-0.8169
2001-05-14,10877.33,0.5177
2001-05-15,10872.97,-0.0401
2001-05-16,11215.92,3.1542
2001-05-17,11248.58,0.2912
2001-05-18,11301.74,0.4726
2001-05-21,11337.92,0.3201
2001-05-22,11257.24,-0.7116
2001-05-23,11105.51,-1.3478
2001-05-24,11122.42,0.1523
2001-05-25,11005.37,-1.0524
2001-05-29,11039.14,0.3069
2001-05-30,10872.64,-1.5083
2001-05-31,10911.94,0.3615
2001-06-01,10990.41,0.7191
2001-06-04,11061.52,0.647
2001-06-05,11175.84,1.0335
2001-06-06,11070.24,-0.9449
2001-06-07,11090.74,0.1852
2001-06-08,10977,-1.0255
2001-06-11,10922.09,-0.5002
2001-06-12,10948.38,0.2407
2001-06-13,10871.62,-0.7011
2001-06-14,10690.13,-1.6694
2001-06-15,10623.64,-0.622
2001-06-18,10645.38,0.2046
2001-06-19,10596.67,-0.4576
2001-06-20,10647.33,0.4781
2001-06-21,10715.43,0.6396
2001-06-22,10604.59,-1.0344
2001-06-25,10504.22,-0.9465
2001-06-26,10472.48,-0.3022
2001-06-27,10434.84,-0.3594
2001-06-28,10566.21,1.259
2001-06-29,10502.4,-0.6039
2001-07-02,10593.72,0.8695
2001-07-03,10571.11,-0.2134
2001-07-05,10479.86,-0.8632
2001-07-06,10252.68,-2.1678
2001-07-09,10299.4,0.4557
2001-07-10,10175.64,-1.2016
2001-07-11,10241.02,0.6425
2001-07-12,10478.99,2.3237
2001-07-13,10539.06,0.5732
2001-07-16,10472.12,-0.6352
2001-07-17,10606.39,1.2822
2001-07-18,10569.83,-0.3447
2001-07-19,10610,0.38
2001-07-20,10576.65,-0.3143
2001-07-23,10424.42,-1.4393
2001-07-24,10241.12,-1.7584
2001-07-25,10405.67,1.6068
2001-07-26,10455.63,0.4801
2001-07-27,10416.67,-0.3726
2001-07-30,10401.72,-0.1435
2001-07-31,10522.81,1.1641
2001-08-01,10510.01,-0.1216
2001-08-02,10551.18,0.3917
2001-08-03,10512.78,-0.3639
2001-08-06,10401.31,-1.0603
2001-08-07,10458.74,0.5521
2001-08-08,10293.5,-1.5799
2001-08-09,10298.56,0.0492
2001-08-10,10416.25,1.1428
2001-08-13,10415.91,-0.0033
2001-08-14,10412.17,-0.0359
2001-08-15,10345.95,-0.636
2001-08-16,10392.52,0.4501
2001-08-17,10240.78,-1.4601
2001-08-20,10320.07,0.7743
2001-08-21,10174.14,-1.414
2001-08-22,10276.9,1.01
2001-08-23,10229.15,-0.4646
2001-08-24,10423.17,1.8967
2001-08-27,10382.35,-0.3916
2001-08-28,10222.03,-1.5442
2001-08-29,10090.9,-1.2828
2001-08-30,9919.58,-1.6978
2001-08-31,9949.75,0.3041
2001-09-04,9997.49,0.4798
2001-09-05,10033.27,0.3579
2001-09-06,9840.84,-1.9179
2001-09-07,9605.85,-2.3879
2001-09-10,9605.51,-0.0035
2001-09-17,8920.7,-7.1293
2001-09-18,8903.4,-0.1939
2001-09-19,8759.13,-1.6204
2001-09-20,8376.21,-4.3717
2001-09-21,8235.81,-1.6762
2001-09-24,8603.86,4.4689
2001-09-25,8659.97,0.6521
2001-09-26,8567.39,-1.0691
2001-09-27,8681.42,1.331
2001-09-28,8847.56,1.9137
2001-10-01,8836.83,-0.1213
2001-10-02,8950.59,1.2873
2001-10-03,9123.78,1.935
2001-10-04,9060.88,-0.6894
2001-10-05,9119.77,0.6499
2001-10-08,9067.94,-0.5683
2001-10-09,9052.44,-0.1709
2001-10-10,9240.86,2.0814
2001-10-11,9410.45,1.8352
2001-10-12,9344.16,-0.7044
2001-10-15,9347.62,0.037
2001-10-16,9384.23,0.3917
2001-10-17,9232.97,-1.6119
2001-10-18,9163.22,-0.7554
2001-10-19,9204.11,0.4462
2001-10-22,9377.03,1.8787
2001-10-23,9340.08,-0.394
2001-10-24,9345.62,0.0593
2001-10-25,9462.9,1.2549
2001-10-26,9545.17,0.8694
2001-10-29,9269.5,-2.8881
2001-10-30,9121.98,-1.5915
2001-10-31,9075.14,-0.5135
2001-11-01,9263.9,2.08
2001-11-02,9323.54,0.6438
2001-11-05,9441.03,1.2601
2001-11-06,9591.12,1.5898
2001-11-07,9554.37,-0.3832
2001-11-08,9587.52,0.347
2001-11-09,9608,0.2136
2001-11-12,9554.37,-0.5582
2001-11-13,9750.95,2.0575
2001-11-14,9823.61,0.7452
2001-11-15,9872.39,0.4966
2001-11-16,9866.99,-0.0547
2001-11-19,9976.46,1.1095
2001-11-20,9901.38,-0.7526
2001-11-21,9834.68,-0.6736
2001-11-23,9959.71,1.2713
2001-11-26,9982.75,0.2313
2001-11-27,9872.6,-1.1034
2001-11-28,9711.86,-1.6281
2001-11-29,9829.42,1.2105
2001-11-30,9851.56,0.2252
2001-12-03,9763.96,-0.8892
2001-12-04,9893.84,1.3302
2001-12-05,10114.29,2.2282
2001-12-06,10099.14,-0.1498
2001-12-07,10049.46,-0.4919
2001-12-10,9921.45,-1.2738
2001-12-11,9888.37,-0.3334
2001-12-12,9894.81,0.0651
2001-12-13,9766.45,-1.2972
2001-12-14,9811.15,0.4577
2001-12-17,9891.97,0.8238
2001-12-18,9998.39,1.0758
2001-12-19,10070.49,0.7211
2001-12-20,9985.18,-0.8471
2001-12-21,10035.34,0.5023
2001-12-24,10035.34,0
2001-12-26,10088.14,0.5261
2001-12-27,10131.31,0.4279
2001-12-28,10136.99,0.0561
2001-12-31,10021.57,-1.1386
2002-01-02,10073.4,0.5172
2002-01-03,10172.14,0.9802
2002-01-04,10259.74,0.8612
2002-01-07,10197.05,-0.611
2002-01-08,10150.55,-0.456
2002-01-09,10094.09,-0.5562
2002-01-10,10067.86,-0.2599
2002-01-11,9987.53,-0.7979
2002-01-14,9891.42,-0.9623
2002-01-15,9924.15,0.3309
2002-01-16,9712.27,-2.135
2002-01-17,9850.04,1.4185
2002-01-18,9771.85,-0.7938
2002-01-22,9713.8,-0.5941
2002-01-23,9730.96,0.1767
2002-01-24,9796.07,0.6691
2002-01-25,9840.08,0.4493
2002-01-28,9865.75,0.2609
2002-01-29,9618.24,-2.5088
2002-01-30,9762.86,1.5036
2002-01-31,9920,1.6096
2002-02-01,9907.26,-0.1284
2002-02-04,9687.09,-2.2223
2002-02-05,9685.43,-0.0171
2002-02-06,9653.39,-0.3308
2002-02-07,9625.44,-0.2895
2002-02-08,9744.24,1.2342
2002-02-11,9884.78,1.4423
2002-02-12,9863.74,-0.2129
2002-02-13,9989.67,1.2767
2002-02-14,10001.99,0.1233
2002-02-15,9903.04,-0.9893
2002-02-19,9745.14,-1.5945
2002-02-20,9941.17,2.0116
2002-02-21,9834.68,-1.0712
2002-02-22,9968.15,1.3571
2002-02-25,10145.71,1.7813
2002-02-26,10115.26,-0.3001
2002-02-27,10127.58,0.1218
2002-02-28,10106.13,-0.2118
2002-03-01,10368.86,2.5997
2002-03-04,10586.82,2.1021
2002-03-05,10433.41,-1.4491
2002-03-06,10574.29,1.3503
2002-03-07,10525.37,-0.4626
2002-03-08,10572.49,0.4477
2002-03-11,10611.24,0.3665
2002-03-12,10632.35,0.1989
2002-03-13,10501.85,-1.2274
2002-03-14,10517.14,0.1456
2002-03-15,10607.23,0.8566
2002-03-18,10577.75,-0.2779
2002-03-19,10635.25,0.5436
2002-03-20,10501.57,-1.257
2002-03-21,10479.84,-0.2069
2002-03-22,10427.67,-0.4978
2002-03-25,10281.67,-1.4001
2002-03-26,10353.36,0.6973
2002-03-27,10426.91,0.7104
2002-03-28,10403.94,-0.2203
2002-04-01,10362.7,-0.3964
2002-04-02,10313.71,-0.4728
2002-04-03,10198.29,-1.1191
2002-04-04,10235.17,0.3616
2002-04-05,10271.64,0.3563
2002-04-08,10249.08,-0.2196
2002-04-09,10208.67,-0.3943
2002-04-10,10381.73,1.6952
2002-04-11,10176.08,-1.9809
2002-04-12,10190.82,0.1448
2002-04-15,10093.67,-0.9533
2002-04-16,10301.32,2.0572
2002-04-17,10220.78,-0.7818
2002-04-18,10205.28,-0.1517
2002-04-19,10257.11,0.5079
2002-04-22,10136.43,-1.1765
2002-04-23,10089.24,-0.4655
2002-04-24,10030.43,-0.5829
2002-04-25,10035.06,0.0462
2002-04-26,9910.72,-1.2391
2002-04-29,9819.87,-0.9167
2002-04-30,9946.22,1.2867
2002-05-01,10059.63,1.1402
2002-05-02,10091.87,0.3205
2002-05-03,10006.63,-0.8446
2002-05-06,9808.04,-1.9846
2002-05-07,9836.55,0.2907
2002-05-08,10141.83,3.1035
2002-05-09,10037.42,-1.0295
2002-05-10,9939.92,-0.9714
2002-05-13,10109.66,1.7077
2002-05-14,10298.14,1.8644
2002-05-15,10243.68,-0.5288
2002-05-16,10289.21,0.4445
2002-05-17,10353.08,0.6207
2002-05-20,10229.5,-1.1937
2002-05-21,10105.71,-1.2101
2002-05-22,10157.88,0.5162
2002-05-23,10216.08,0.573
2002-05-24,10104.26,-1.0945
2002-05-28,9981.58,-1.2141
2002-05-29,9923.04,-0.5865
2002-05-30,9911.69,-0.1144
2002-05-31,9925.25,0.1368
2002-06-03,9709.79,-2.1708
2002-06-04,9687.84,-0.2261
2002-06-05,9796.8,1.1247
2002-06-06,9624.64,-1.7573
2002-06-07,9589.67,-0.3633
2002-06-10,9645.4,0.5811
2002-06-11,9517.26,-1.3285
2002-06-12,9617.71,1.0555
2002-06-13,9502.8,-1.1948
2002-06-14,9474.21,-0.3009
2002-06-17,9687.42,2.2504
2002-06-18,9706.12,0.193
2002-06-19,9561.57,-1.4893
2002-06-20,9431.77,-1.3575
2002-06-21,9253.79,-1.887
2002-06-24,9281.82,0.3029
2002-06-25,9126.82,-1.6699
2002-06-26,9120.11,-0.0735
2002-06-27,9269.92,1.6426
2002-06-28,9243.26,-0.2876
2002-07-01,9109.79,-1.444
2002-07-02,9007.75,-1.1201
2002-07-03,9054.97,0.5242
2002-07-05,9379.5,3.584
2002-07-08,9274.9,-1.1152
2002-07-09,9096.09,-1.9279
2002-07-10,8813.5,-3.1067
2002-07-11,8801.53,-0.1358
2002-07-12,8684.53,-1.3293
2002-07-15,8639.19,-0.5221
2002-07-16,8473.11,-1.9224
2002-07-17,8542.48,0.8187
2002-07-18,8409.49,-1.5568
2002-07-19,8019.26,-4.6404
2002-07-22,7784.58,-2.9265
2002-07-23,7702.34,-1.0564
2002-07-24,8191.29,6.3481
2002-07-25,8186.31,-0.0608
2002-07-26,8264.39,0.9538
2002-07-29,8711.88,5.4147
2002-07-30,8680.03,-0.3656
2002-07-31,8736.59,0.6516
2002-08-01,8506.62,-2.6323
2002-08-02,8313.13,-2.2746
2002-08-05,8043.63,-3.2419
2002-08-06,8274.09,2.8651
2002-08-07,8456.15,2.2004
2002-08-08,8712.02,3.0258
2002-08-09,8745.45,0.3837
2002-08-12,8688.89,-0.6467
2002-08-13,8482.39,-2.3766
2002-08-14,8743.31,3.076
2002-08-15,8818.14,0.8559
2002-08-16,8778.06,-0.4545
2002-08-19,8990.79,2.4234
2002-08-20,8872.07,-1.3205
2002-08-21,8957.23,0.9599
2002-08-22,9053.64,1.0763
2002-08-23,8872.96,-1.9957
2002-08-26,8919.01,0.519
2002-08-27,8824.41,-1.0607
2002-08-28,8694.09,-1.4768
2002-08-29,8670.99,-0.2657
2002-08-30,8663.5,-0.0864
2002-09-03,8308.05,-4.1028
2002-09-04,8425.12,1.4091
2002-09-05,8283.7,-1.6786
2002-09-06,8427.2,1.7323
2002-09-09,8519.38,1.0938
2002-09-10,8602.61,0.9769
2002-09-11,8581.17,-0.2492
2002-09-12,8379.41,-2.3512
2002-09-13,8312.69,-0.7962
2002-09-16,8380.18,0.8119
2002-09-17,8207.55,-2.06
2002-09-18,8172.45,-0.4277
2002-09-19,7942.39,-2.8151
2002-09-20,7986.02,0.5493
2002-09-23,7872.15,-1.4259
2002-09-24,7683.13,-2.4011
2002-09-25,7841.82,2.0654
2002-09-26,7997.12,1.9804
2002-09-27,7701.45,-3.6972
2002-09-30,7591.93,-1.4221
2002-10-01,7938.79,4.5688
2002-10-02,7755.61,-2.3074
2002-10-03,7717.19,-0.4954
2002-10-04,7528.4,-2.4464
2002-10-07,7422.84,-1.4022
2002-10-08,7501.49,1.0596
2002-10-09,7286.27,-2.869
2002-10-10,7533.95,3.3993
2002-10-11,7850.29,4.1989
2002-10-14,7877.4,0.3453
2002-10-15,8255.68,4.8021
2002-10-16,8036.03,-2.6606
2002-10-17,8275.04,2.9742
2002-10-18,8322.4,0.5723
2002-10-21,8538.24,2.5935
2002-10-22,8450.16,-1.0316
2002-10-23,8494.27,0.522
2002-10-24,8317.34,-2.0829
2002-10-25,8443.99,1.5227
2002-10-28,8368.04,-0.8995
2002-10-29,8368.94,0.0108
2002-10-30,8427.41,0.6987
2002-10-31,8397.03,-0.3605
2002-11-01,8517.64,1.4363
2002-11-04,8571.6,0.6335
2002-11-05,8678.27,1.2445
2002-11-06,8771.01,1.0686
2002-11-07,8586.24,-2.1066
2002-11-08,8537.13,-0.572
2002-11-11,8358.95,-2.0871
2002-11-12,8386,0.3236
2002-11-13,8398.49,0.1489
2002-11-14,8542.13,1.7103
2002-11-15,8579.09,0.4327
2002-11-18,8486.57,-1.0784
2002-11-19,8474.78,-0.1389
2002-11-20,8623.01,1.7491
2002-11-21,8845.15,2.5761
2002-11-22,8804.84,-0.4557
2002-11-25,8849.4,0.5061
2002-11-26,8676.42,-1.9547
2002-11-27,8931.68,2.942
2002-11-29,8896.09,-0.3985
2002-12-02,8862.57,-0.3768
2002-12-03,8742.93,-1.3499
2002-12-04,8737.85,-0.0581
2002-12-05,8623.28,-1.3112
2002-12-06,8645.77,0.2608
2002-12-09,8473.41,-1.9936
2002-12-10,8574.26,1.1902
2002-12-11,8589.14,0.1735
2002-12-12,8538.4,-0.5907
2002-12-13,8433.71,-1.2261
2002-12-16,8627.4,2.2966
2002-12-17,8535.39,-1.0665
2002-12-18,8447.35,-1.0315
2002-12-19,8364.8,-0.9772
2002-12-20,8511.32,1.7516
2002-12-23,8493.29,-0.2118
2002-12-24,8448.11,-0.5319
2002-12-26,8432.61,-0.1835
2002-12-27,8303.78,-1.5278
2002-12-30,8332.85,0.3501
2002-12-31,8341.63,0.1054
2003-01-02,8607.52,3.1875
2003-01-03,8601.69,-0.0677
2003-01-06,8773.57,1.9982
2003-01-07,8740.59,-0.3759
2003-01-08,8595.31,-1.6621
2003-01-09,8776.18,2.1043
2003-01-10,8784.89,0.0992
2003-01-13,8785.98,0.0124
2003-01-14,8842.62,0.6447
2003-01-15,8723.18,-1.3507
2003-01-16,8697.87,-0.2901
2003-01-17,8586.74,-1.2777
2003-01-21,8442.9,-1.6751
2003-01-22,8318.73,-1.4707
2003-01-23,8369.47,0.6099
2003-01-24,8131.01,-2.8492
2003-01-27,7989.56,-1.7396
2003-01-28,8088.84,1.2426
2003-01-29,8110.71,0.2704
2003-01-30,7945.13,-2.0415
2003-01-31,8053.81,1.3679
2003-02-03,8109.82,0.6954
2003-02-04,8013.29,-1.1903
2003-02-05,7985.18,-0.3508
2003-02-06,7929.3,-0.6998
2003-02-07,7864.23,-0.8206
2003-02-10,7920.11,0.7106
2003-02-11,7843.11,-0.9722
2003-02-12,7758.17,-1.083
2003-02-13,7749.87,-0.107
2003-02-14,7908.8,2.0507
2003-02-18,8041.15,1.6735
2003-02-19,8000.6,-0.5043
2003-02-20,7914.96,-1.0704
2003-02-21,8018.11,1.3032
2003-02-24,7858.24,-1.9939
2003-02-25,7909.5,0.6523
2003-02-26,7806.98,-1.2962
2003-02-27,7884.99,0.9992
2003-02-28,7891.08,0.0772
2003-03-03,7837.86,-0.6744
2003-03-04,7704.87,-1.6968
2003-03-05,7775.6,0.918
2003-03-06,7673.99,-1.3068
2003-03-07,7740.03,0.8606
2003-03-10,7568.18,-2.2203
2003-03-11,7524.06,-0.583
2003-03-12,7552.07,0.3723
2003-03-13,7821.75,3.5709
2003-03-14,7859.71,0.4853
2003-03-17,8141.92,3.5906
2003-03-18,8194.23,0.6425
2003-03-19,8265.45,0.8691
2003-03-20,8286.6,0.2559
2003-03-21,8521.97,2.8404
2003-03-24,8214.68,-3.6059
2003-03-25,8280.23,0.798
2003-03-26,8229.88,-0.6081
2003-03-27,8201.45,-0.3454
2003-03-28,8145.77,-0.6789
2003-03-31,7992.13,-1.8861
2003-04-01,8069.86,0.9726
2003-04-02,8285.06,2.6667
2003-04-03,8240.38,-0.5393
2003-04-04,8277.15,0.4462
2003-04-07,8300.41,0.281
2003-04-08,8298.92,-0.018
2003-04-09,8197.94,-1.2168
2003-04-10,8221.33,0.2853
2003-04-11,8203.41,-0.218
2003-04-14,8351.1,1.8003
2003-04-15,8402.36,0.6138
2003-04-16,8257.61,-1.7227
2003-04-17,8337.65,0.9693
2003-04-21,8328.9,-0.1049
2003-04-22,8484.99,1.8741
2003-04-23,8515.66,0.3615
2003-04-24,8440.04,-0.888
2003-04-25,8306.35,-1.584
2003-04-28,8471.61,1.9896
2003-04-29,8502.99,0.3704
2003-04-30,8480.09,-0.2693
2003-05-01,8454.25,-0.3047
2003-05-02,8582.68,1.5191
2003-05-05,8531.57,-0.5955
2003-05-06,8588.36,0.6656
2003-05-07,8560.63,-0.3229
2003-05-08,8491.22,-0.8108
2003-05-09,8604.6,1.3353
2003-05-12,8726.73,1.4194
2003-05-13,8679.25,-0.5441
2003-05-14,8647.82,-0.3621
2003-05-15,8713.14,0.7553
2003-05-16,8678.97,-0.3922
2003-05-19,8493.39,-2.1383
2003-05-20,8491.36,-0.0239
2003-05-21,8516.43,0.2952
2003-05-22,8594.02,0.9111
2003-05-23,8601.38,0.0856
2003-05-27,8781.35,2.0923
2003-05-28,8793.12,0.134
2003-05-29,8711.18,-0.9319
2003-05-30,8850.26,1.5966
2003-06-02,8897.81,0.5373
2003-06-03,8922.95,0.2825
2003-06-04,9038.98,1.3004
2003-06-05,9041.3,0.0257
2003-06-06,9062.79,0.2377
2003-06-09,8980,-0.9135
2003-06-10,9054.89,0.834
2003-06-11,9183.22,1.4172
2003-06-12,9196.55,0.1452
2003-06-13,9117.12,-0.8637
2003-06-16,9318.96,2.2139
2003-06-17,9323.02,0.0436
2003-06-18,9293.8,-0.3134
2003-06-19,9179.53,-1.2295
2003-06-20,9200.75,0.2312
2003-06-23,9072.95,-1.389
2003-06-24,9109.85,0.4067
2003-06-25,9011.53,-1.0793
2003-06-26,9079.04,0.7492
2003-06-27,8989.05,-0.9912
2003-06-30,8985.44,-0.0402
2003-07-01,9040.95,0.6178
2003-07-02,9142.84,1.127
2003-07-03,9070.21,-0.7944
2003-07-07,9216.79,1.6161
2003-07-08,9223.09,0.0684
2003-07-09,9156.21,-0.7251
2003-07-10,9036.04,-1.3124
2003-07-11,9119.59,0.9246
2003-07-14,9177.15,0.6312
2003-07-15,9128.97,-0.525
2003-07-16,9094.59,-0.3766
2003-07-17,9050.82,-0.4813
2003-07-18,9188.15,1.5173
2003-07-21,9096.69,-0.9954
2003-07-22,9158.45,0.6789
2003-07-23,9194.24,0.3908
2003-07-24,9112.51,-0.8889
2003-07-25,9284.57,1.8882
2003-07-28,9266.51,-0.1945
2003-07-29,9204.46,-0.6696
2003-07-30,9200.05,-0.0479
2003-07-31,9233.8,0.3668
2003-08-01,9153.97,-0.8645
2003-08-04,9186.04,0.3503
2003-08-05,9036.32,-1.6299
2003-08-06,9061.74,0.2813
2003-08-07,9126.45,0.7141
2003-08-08,9191.09,0.7083
2003-08-11,9217.35,0.2857
2003-08-12,9310.06,1.0058
2003-08-13,9271.76,-0.4114
2003-08-14,9310.56,0.4185
2003-08-15,9321.69,0.1195
2003-08-18,9412.45,0.9736
2003-08-19,9428.9,0.1748
2003-08-20,9397.51,-0.3329
2003-08-21,9423.68,0.2785
2003-08-22,9348.87,-0.7939
2003-08-25,9317.64,-0.3341
2003-08-26,9340.45,0.2448
2003-08-27,9333.79,-0.0713
2003-08-28,9374.21,0.4331
2003-08-29,9415.82,0.4439
2003-09-02,9523.27,1.1412
2003-09-03,9568.46,0.4745
2003-09-04,9587.9,0.2032
2003-09-05,9503.34,-0.8819
2003-09-08,9586.29,0.8729
2003-09-09,9507.2,-0.825
2003-09-10,9420.46,-0.9124
2003-09-11,9459.76,0.4172
2003-09-12,9471.55,0.1246
2003-09-15,9448.81,-0.2401
2003-09-16,9567.34,1.2544
2003-09-17,9545.65,-0.2267
2003-09-18,9659.13,1.1888
2003-09-19,9644.82,-0.1481
2003-09-22,9535.41,-1.1344
2003-09-23,9576.04,0.4261
2003-09-24,9425.51,-1.5719
2003-09-25,9343.96,-0.8652
2003-09-26,9313.08,-0.3305
2003-09-29,9380.24,0.7211
2003-09-30,9275.06,-1.1213
2003-10-01,9469.2,2.0931
2003-10-02,9487.8,0.1964
2003-10-03,9572.31,0.8907
2003-10-06,9594.98,0.2368
2003-10-07,9654.61,0.6215
2003-10-08,9630.9,-0.2456
2003-10-09,9680.01,0.5099
2003-10-10,9674.68,-0.0551
2003-10-13,9764.38,0.9272
2003-10-14,9812.98,0.4977
2003-10-15,9803.05,-0.1012
2003-10-16,9791.72,-0.1156
2003-10-17,9721.79,-0.7142
2003-10-20,9777.94,0.5776
2003-10-21,9747.64,-0.3099
2003-10-22,9598.24,-1.5327
2003-10-23,9613.13,0.1551
2003-10-24,9582.46,-0.319
2003-10-27,9608.16,0.2682
2003-10-28,9748.31,1.4587
2003-10-29,9774.53,0.269
2003-10-30,9786.61,0.1236
2003-10-31,9801.12,0.1483
2003-11-03,9858.46,0.585
2003-11-04,9838.83,-0.1991
2003-11-05,9820.83,-0.1829
2003-11-06,9856.97,0.368
2003-11-07,9809.79,-0.4786
2003-11-10,9756.53,-0.5429
2003-11-11,9737.79,-0.1921
2003-11-12,9848.83,1.1403
2003-11-13,9837.94,-0.1106
2003-11-14,9768.68,-0.704
2003-11-17,9710.83,-0.5922
2003-11-18,9624.16,-0.8925
2003-11-19,9690.46,0.6889
2003-11-20,9619.42,-0.7331
2003-11-21,9628.53,0.0947
2003-11-24,9747.79,1.2386
2003-11-25,9763.94,0.1657
2003-11-26,9779.57,0.1601
2003-11-28,9782.46,0.0296
2003-12-01,9899.05,1.1918
2003-12-02,9853.64,-0.4587
2003-12-03,9873.42,0.2007
2003-12-04,9930.82,0.5814
2003-12-05,9862.68,-0.6861
2003-12-08,9965.27,1.0402
2003-12-09,9923.42,-0.42
2003-12-10,9921.86,-0.0157
2003-12-11,10008.16,0.8698
2003-12-12,10042.16,0.3397
2003-12-15,10022.82,-0.1926
2003-12-16,10129.56,1.065
2003-12-17,10145.26,0.155
2003-12-18,10248.08,1.0135
2003-12-19,10278.22,0.2941
2003-12-22,10338,0.5816
2003-12-23,10341.26,0.0315
2003-12-24,10305.19,-0.3488
2003-12-26,10324.67,0.189
2003-12-29,10450,1.2139
2003-12-30,10425.04,-0.2389
2003-12-31,10453.92,0.277
2004-01-02,10409.85,-0.4216
2004-01-05,10544.07,1.2894
2004-01-06,10538.66,-0.0513
2004-01-07,10529.03,-0.0914
2004-01-08,10592.44,0.6022
2004-01-09,10458.89,-1.2608
2004-01-12,10485.18,0.2514
2004-01-13,10427.18,-0.5532
2004-01-14,10538.37,1.0663
2004-01-15,10553.85,0.1469
2004-01-16,10600.51,0.4421
2004-01-20,10528.66,-0.6778
2004-01-21,10623.62,0.9019
2004-01-22,10623.18,-0.0041
2004-01-23,10568.29,-0.5167
2004-01-26,10702.51,1.27
2004-01-27,10609.92,-0.8651
2004-01-28,10468.37,-1.3341
2004-01-29,10510.29,0.4004
2004-01-30,10488.07,-0.2114
2004-02-02,10499.18,0.1059
2004-02-03,10505.18,0.0571
2004-02-04,10470.74,-0.3278
2004-02-05,10495.55,0.2369
2004-02-06,10593.03,0.9288
2004-02-09,10579.03,-0.1322
2004-02-10,10613.85,0.3291
2004-02-11,10737.7,1.1669
2004-02-12,10694.07,-0.4063
2004-02-13,10627.85,-0.6192
2004-02-17,10714.88,0.8189
2004-02-18,10671.99,-0.4003
2004-02-19,10664.73,-0.068
2004-02-20,10619.03,-0.4285
2004-02-23,10609.62,-0.0886
2004-02-24,10566.37,-0.4076
2004-02-25,10601.62,0.3336
2004-02-26,10580.14,-0.2026
2004-02-27,10583.92,0.0357
2004-03-01,10678.14,0.8902
2004-03-02,10591.48,-0.8116
2004-03-03,10593.11,0.0154
2004-03-04,10588,-0.0482
2004-03-05,10595.55,0.0713
2004-03-08,10529.48,-0.6236
2004-03-09,10456.96,-0.6887
2004-03-10,10296.89,-1.5308
2004-03-11,10128.38,-1.6365
2004-03-12,10240.08,1.1028
2004-03-15,10102.89,-1.3397
2004-03-16,10184.67,0.8095
2004-03-17,10300.3,1.1353
2004-03-18,10295.78,-0.0439
2004-03-19,10186.6,-1.0604
2004-03-22,10064.75,-1.1962
2004-03-23,10063.64,-0.011
2004-03-24,10048.23,-0.1531
2004-03-25,10218.82,1.6977
2004-03-26,10212.97,-0.0572
2004-03-29,10329.63,1.1423
2004-03-30,10381.7,0.5041
2004-03-31,10357.7,-0.2312
2004-04-01,10373.33,0.1509
2004-04-02,10470.59,0.9376
2004-04-05,10558.37,0.8383
2004-04-06,10570.81,0.1178
2004-04-07,10480.15,-0.8576
2004-04-08,10442.03,-0.3637
2004-04-12,10515.56,0.7042
2004-04-13,10381.28,-1.277
2004-04-14,10377.95,-0.0321
2004-04-15,10397.46,0.188
2004-04-16,10451.97,0.5243
2004-04-19,10437.85,-0.1351
2004-04-20,10314.5,-1.1818
2004-04-21,10317.27,0.0269
2004-04-22,10461.2,1.395
2004-04-23,10472.84,0.1113
2004-04-26,10444.73,-0.2684
2004-04-27,10478.16,0.3201
2004-04-28,10342.6,-1.2937
2004-04-29,10272.27,-0.68
2004-04-30,10225.57,-0.4546
2004-05-03,10314,0.8648
2004-05-04,10317.2,0.031
2004-05-05,10310.95,-0.0606
2004-05-06,10241.26,-0.6759
2004-05-07,10117.34,-1.21
2004-05-10,9990.02,-1.2584
2004-05-11,10019.47,0.2948
2004-05-12,10045.16,0.2564
2004-05-13,10010.74,-0.3427
2004-05-14,10012.87,0.0213
2004-05-17,9906.91,-1.0582
2004-05-18,9968.51,0.6218
2004-05-19,9937.71,-0.309
2004-05-20,9937.64,-0.0007
2004-05-21,9966.74,0.2928
2004-05-24,9958.43,-0.0834
2004-05-25,10117.62,1.5985
2004-05-26,10109.89,-0.0764
2004-05-27,10205.2,0.9427
2004-05-28,10188.45,-0.1641
2004-06-01,10202.65,0.1394
2004-06-02,10262.97,0.5912
2004-06-03,10195.91,-0.6534
2004-06-04,10242.82,0.4601
2004-06-07,10391.08,1.4475
2004-06-08,10432.52,0.3988
2004-06-09,10368.44,-0.6142
2004-06-10,10410.1,0.4018
2004-06-14,10334.73,-0.724
2004-06-15,10380.43,0.4422
2004-06-16,10379.58,-0.0082
2004-06-17,10377.52,-0.0198
2004-06-18,10416.41,0.3748
2004-06-21,10371.47,-0.4314
2004-06-22,10395.07,0.2275
2004-06-23,10479.57,0.8129
2004-06-24,10443.81,-0.3412
2004-06-25,10371.84,-0.6891
2004-06-28,10357.09,-0.1422
2004-06-29,10413.43,0.544
2004-06-30,10435.48,0.2117
2004-07-01,10334.16,-0.9709
2004-07-02,10282.83,-0.4967
2004-07-06,10219.34,-0.6174
2004-07-07,10240.29,0.205
2004-07-08,10171.56,-0.6712
2004-07-09,10213.22,0.4096
2004-07-12,10238.22,0.2448
2004-07-13,10247.59,0.0915
2004-07-14,10208.8,-0.3785
2004-07-15,10163.16,-0.4471
2004-07-16,10139.78,-0.23
2004-07-19,10094.06,-0.4509
2004-07-20,10149.07,0.545
2004-07-21,10046.13,-1.0143
2004-07-22,10050.33,0.0418
2004-07-23,9962.22,-0.8767
2004-07-26,9961.92,-0.003
2004-07-27,10085.14,1.2369
2004-07-28,10117.07,0.3166
2004-07-29,10129.24,0.1203
2004-07-30,10139.71,0.1034
2004-08-02,10179.16,0.3891
2004-08-03,10120.24,-0.5788
2004-08-04,10126.51,0.062
2004-08-05,9963.03,-1.6144
2004-08-06,9815.33,-1.4825
2004-08-09,9814.66,-0.0068
2004-08-10,9944.67,1.3247
2004-08-11,9938.32,-0.0639
2004-08-12,9814.59,-1.245
2004-08-13,9825.35,0.1096
2004-08-16,9954.55,1.315
2004-08-17,9972.83,0.1836
2004-08-18,10083.15,1.1062
2004-08-19,10040.82,-0.4198
2004-08-20,10110.14,0.6904
2004-08-23,10073.05,-0.3669
2004-08-24,10098.63,0.2539
2004-08-25,10181.74,0.823
2004-08-26,10173.41,-0.0818
2004-08-27,10195.01,0.2123
2004-08-30,10122.52,-0.711
2004-08-31,10173.92,0.5078
2004-09-01,10168.46,-0.0537
2004-09-02,10290.28,1.198
2004-09-03,10260.2,-0.2923
2004-09-07,10342.79,0.805
2004-09-08,10313.36,-0.2845
2004-09-09,10289.1,-0.2352
2004-09-10,10313.07,0.233
2004-09-13,10314.76,0.0164
2004-09-14,10318.16,0.033
2004-09-15,10231.36,-0.8412
2004-09-16,10244.49,0.1283
2004-09-17,10284.46,0.3902
2004-09-20,10204.89,-0.7737
2004-09-21,10244.93,0.3924
2004-09-22,10109.18,-1.325
2004-09-23,10038.9,-0.6952
2004-09-24,10047.24,0.0831
2004-09-27,9988.54,-0.5842
2004-09-28,10077.4,0.8896
2004-09-29,10136.24,0.5839
2004-09-30,10080.27,-0.5522
2004-10-01,10192.65,1.1149
2004-10-04,10216.54,0.2344
2004-10-05,10177.68,-0.3804
2004-10-06,10239.92,0.6115
2004-10-07,10125.4,-1.1184
2004-10-08,10055.2,-0.6933
2004-10-11,10081.97,0.2662
2004-10-12,10077.18,-0.0475
2004-10-13,10002.33,-0.7428
2004-10-14,9894.45,-1.0785
2004-10-15,9933.38,0.3935
2004-10-18,9956.32,0.2309
2004-10-19,9897.62,-0.5896
2004-10-20,9886.93,-0.108
2004-10-21,9865.76,-0.2141
2004-10-22,9757.81,-1.0942
2004-10-25,9749.99,-0.0801
2004-10-26,9888.48,1.4204
2004-10-27,10002.03,1.1483
2004-10-28,10004.54,0.0251
2004-10-29,10027.47,0.2292
2004-11-01,10054.39,0.2685
2004-11-02,10035.73,-0.1856
2004-11-03,10137.05,1.0096
2004-11-04,10314.76,1.7531
2004-11-05,10387.54,0.7056
2004-11-08,10391.31,0.0363
2004-11-09,10386.37,-0.0475
2004-11-10,10385.48,-0.0086
2004-11-11,10469.84,0.8123
2004-11-12,10539.01,0.6607
2004-11-15,10550.24,0.1066
2004-11-16,10487.65,-0.5933
2004-11-17,10549.57,0.5904
2004-11-18,10572.55,0.2178
2004-11-19,10456.91,-1.0938
2004-11-22,10489.42,0.3109
2004-11-23,10492.6,0.0303
2004-11-24,10520.31,0.2641
2004-11-26,10522.23,0.0183
2004-11-29,10475.9,-0.4403
2004-11-30,10428.02,-0.457
2004-12-01,10590.22,1.5554
2004-12-02,10585.12,-0.0482
2004-12-03,10592.21,0.067
2004-12-06,10547.06,-0.4263
2004-12-07,10440.58,-1.0096
2004-12-08,10494.23,0.5139
2004-12-09,10552.82,0.5583
2004-12-10,10543.22,-0.091
2004-12-13,10638.32,0.902
2004-12-14,10676.45,0.3584
2004-12-15,10691.45,0.1405
2004-12-16,10705.64,0.1327
2004-12-17,10649.92,-0.5205
2004-12-20,10661.6,0.1097
2004-12-21,10759.43,0.9176
2004-12-22,10815.89,0.5247
2004-12-23,10827.12,0.1038
2004-12-27,10776.13,-0.4709
2004-12-28,10854.54,0.7276
2004-12-29,10829.19,-0.2335
2004-12-30,10800.3,-0.2668
2004-12-31,10783.01,-0.1601
2005-01-03,10729.43,-0.4969
2005-01-04,10630.78,-0.9194
2005-01-05,10597.83,-0.3099
2005-01-06,10622.88,0.2364
2005-01-07,10603.96,-0.1781
2005-01-10,10621.03,0.161
2005-01-11,10556.22,-0.6102
2005-01-12,10617.78,0.5832
2005-01-13,10505.83,-1.0544
2005-01-14,10558,0.4966
2005-01-18,10628.79,0.6705
2005-01-19,10539.97,-0.8357
2005-01-20,10471.47,-0.6499
2005-01-21,10392.99,-0.7495
2005-01-24,10368.61,-0.2346
2005-01-25,10461.56,0.8965
2005-01-26,10498.59,0.354
2005-01-27,10467.4,-0.2971
2005-01-28,10427.2,-0.384
2005-01-31,10489.94,0.6017
2005-02-01,10551.94,0.591
2005-02-02,10596.79,0.425
2005-02-03,10593.1,-0.0348
2005-02-04,10716.13,1.1614
2005-02-07,10715.76,-0.0035
2005-02-08,10724.63,0.0828
2005-02-09,10664.11,-0.5643
2005-02-10,10749.61,0.8018
2005-02-11,10796.01,0.4316
2005-02-14,10791.13,-0.0452
2005-02-15,10837.32,0.428
2005-02-16,10834.88,-0.0225
2005-02-17,10754.26,-0.7441
2005-02-18,10785.22,0.2879
2005-02-22,10611.2,-1.6135
2005-02-23,10673.79,0.5898
2005-02-24,10748.79,0.7027
2005-02-25,10841.6,0.8634
2005-02-28,10766.23,-0.6952
2005-03-01,10830,0.5923
2005-03-02,10811.97,-0.1665
2005-03-03,10833.03,0.1948
2005-03-04,10940.55,0.9925
2005-03-07,10936.86,-0.0337
2005-03-08,10912.62,-0.2216
2005-03-09,10805.62,-0.9805
2005-03-10,10851.51,0.4247
2005-03-11,10774.36,-0.711
2005-03-14,10804.51,0.2798
2005-03-15,10745.1,-0.5499
2005-03-16,10633.07,-1.0426
2005-03-17,10626.35,-0.0632
2005-03-18,10629.67,0.0312
2005-03-21,10565.39,-0.6047
2005-03-22,10470.51,-0.898
2005-03-23,10456.02,-0.1384
2005-03-24,10442.87,-0.1258
2005-03-28,10485.65,0.4097
2005-03-29,10405.7,-0.7625
2005-03-30,10540.93,1.2996
2005-03-31,10503.76,-0.3526
2005-04-01,10404.3,-0.9469
2005-04-04,10421.14,0.1619
2005-04-05,10458.46,0.3581
2005-04-06,10486.02,0.2635
2005-04-07,10546.32,0.5751
2005-04-08,10461.34,-0.8058
2005-04-11,10448.56,-0.1222
2005-04-12,10507.97,0.5686
2005-04-13,10403.93,-0.9901
2005-04-14,10278.75,-1.2032
2005-04-15,10087.51,-1.8605
2005-04-18,10071.25,-0.1612
2005-04-19,10127.41,0.5576
2005-04-20,10012.36,-1.136
2005-04-21,10218.6,2.0599
2005-04-22,10157.71,-0.5959
2005-04-25,10242.47,0.8344
2005-04-26,10151.13,-0.8918
2005-04-27,10198.8,0.4696
2005-04-28,10070.37,-1.2593
2005-04-29,10192.51,1.2129
2005-05-02,10251.7,0.5807
2005-05-03,10256.95,0.0512
2005-05-04,10384.64,1.2449
2005-05-05,10340.38,-0.4262
2005-05-06,10345.4,0.0485
2005-05-09,10384.34,0.3764
2005-05-10,10281.11,-0.9941
2005-05-11,10300.25,0.1862
2005-05-12,10189.48,-1.0754
2005-05-13,10140.12,-0.4844
2005-05-16,10252.29,1.1062
2005-05-17,10331.88,0.7763
2005-05-18,10464.45,1.2831
2005-05-19,10493.19,0.2746
2005-05-20,10471.91,-0.2028
2005-05-23,10523.56,0.4932
2005-05-24,10503.68,-0.1889
2005-05-25,10457.8,-0.4368
2005-05-26,10537.6,0.7631
2005-05-27,10542.55,0.047
2005-05-31,10467.48,-0.7121
2005-06-01,10549.87,0.7871
2005-06-02,10553.49,0.0343
2005-06-03,10460.97,-0.8767
2005-06-06,10467.03,0.0579
2005-06-07,10483.07,0.1532
2005-06-08,10476.86,-0.0592
2005-06-09,10503.02,0.2497
2005-06-10,10512.63,0.0915
2005-06-13,10522.56,0.0945
2005-06-14,10547.57,0.2377
2005-06-15,10566.37,0.1782
2005-06-16,10578.65,0.1162
2005-06-17,10623.07,0.4199
2005-06-20,10609.11,-0.1314
2005-06-21,10599.67,-0.089
2005-06-22,10587.93,-0.1108
2005-06-23,10421.44,-1.5725
2005-06-24,10297.84,-1.186
2005-06-27,10290.78,-0.0686
2005-06-28,10405.63,1.116
2005-06-29,10374.48,-0.2994
2005-06-30,10274.97,-0.9592
2005-07-01,10303.44,0.2771
2005-07-05,10371.8,0.6635
2005-07-06,10270.68,-0.975
2005-07-07,10302.29,0.3078
2005-07-08,10449.14,1.4254
2005-07-11,10519.72,0.6755
2005-07-12,10513.89,-0.0554
2005-07-13,10557.39,0.4137
2005-07-14,10628.89,0.6773
2005-07-15,10640.83,0.1123
2005-07-18,10574.99,-0.6187
2005-07-19,10646.56,0.6768
2005-07-20,10689.15,0.4
2005-07-21,10627.77,-0.5742
2005-07-22,10651.18,0.2203
2005-07-25,10596.48,-0.5136
2005-07-26,10579.77,-0.1577
2005-07-27,10637.09,0.5418
2005-07-28,10705.55,0.6436
2005-07-29,10640.91,-0.6038
2005-08-01,10623.15,-0.1669
2005-08-02,10683.74,0.5704
2005-08-03,10697.59,0.1296
2005-08-04,10610.1,-0.8178
2005-08-05,10558.03,-0.4908
2005-08-08,10536.93,-0.1998
2005-08-09,10615.67,0.7473
2005-08-10,10594.41,-0.2003
2005-08-11,10685.89,0.8635
2005-08-12,10600.31,-0.8009
2005-08-15,10634.38,0.3214
2005-08-16,10513.45,-1.1372
2005-08-17,10550.71,0.3544
2005-08-18,10554.93,0.04
2005-08-19,10559.23,0.0407
2005-08-22,10569.89,0.101
2005-08-23,10519.58,-0.476
2005-08-24,10434.87,-0.8053
2005-08-25,10450.63,0.151
2005-08-26,10397.29,-0.5104
2005-08-29,10463.05,0.6325
2005-08-30,10412.82,-0.4801
2005-08-31,10481.6,0.6605
2005-09-01,10459.63,-0.2096
2005-09-02,10447.37,-0.1172
2005-09-06,10589.24,1.3579
2005-09-07,10633.5,0.418
2005-09-08,10595.93,-0.3533
2005-09-09,10678.56,0.7798
2005-09-12,10682.94,0.041
2005-09-13,10597.44,-0.8003
2005-09-14,10544.9,-0.4958
2005-09-15,10558.75,0.1313
2005-09-16,10641.94,0.7879
2005-09-19,10557.63,-0.7922
2005-09-20,10481.52,-0.7209
2005-09-21,10378.03,-0.9874
2005-09-22,10422.05,0.4242
2005-09-23,10419.59,-0.0236
2005-09-26,10443.63,0.2307
2005-09-27,10456.21,0.1205
2005-09-28,10473.09,0.1614
2005-09-29,10552.78,0.7609
2005-09-30,10568.7,0.1509
2005-10-03,10535.48,-0.3143
2005-10-04,10441.11,-0.8957
2005-10-05,10317.36,-1.1852
2005-10-06,10287.1,-0.2933
2005-10-07,10292.31,0.0506
2005-10-10,10238.76,-0.5203
2005-10-11,10253.17,0.1407
2005-10-12,10216.91,-0.3536
2005-10-13,10216.59,-0.0031
2005-10-14,10287.34,0.6925
2005-10-17,10348.1,0.5906
2005-10-18,10285.26,-0.6073
2005-10-19,10414.13,1.253
2005-10-20,10281.1,-1.2774
2005-10-21,10215.22,-0.6408
2005-10-24,10385,1.662
2005-10-25,10377.87,-0.0687
2005-10-26,10344.98,-0.3169
2005-10-27,10229.95,-1.1119
2005-10-28,10402.77,1.6894
2005-10-31,10440.07,0.3586
2005-11-01,10406.77,-0.319
2005-11-02,10472.73,0.6338
2005-11-03,10522.59,0.4761
2005-11-04,10530.76,0.0776
2005-11-07,10586.23,0.5267
2005-11-08,10539.72,-0.4393
2005-11-09,10546.21,0.0616
2005-11-10,10640.1,0.8903
2005-11-11,10686.04,0.4318
2005-11-14,10697.17,0.1042
2005-11-15,10686.44,-0.1003
2005-11-16,10674.76,-0.1093
2005-11-17,10720.22,0.4259
2005-11-18,10766.33,0.4301
2005-11-21,10820.28,0.5011
2005-11-22,10871.43,0.4727
2005-11-23,10916.09,0.4108
2005-11-25,10931.62,0.1423
2005-11-28,10890.72,-0.3741
2005-11-29,10888.16,-0.0235
2005-11-30,10805.87,-0.7558
2005-12-01,10912.57,0.9874
2005-12-02,10877.51,-0.3213
2005-12-05,10835.01,-0.3907
2005-12-06,10856.86,0.2017
2005-12-07,10810.91,-0.4232
2005-12-08,10755.12,-0.5161
2005-12-09,10778.58,0.2181
2005-12-12,10767.77,-0.1003
2005-12-13,10823.72,0.5196
2005-12-14,10883.51,0.5524
2005-12-15,10881.67,-0.0169
2005-12-16,10875.59,-0.0559
2005-12-19,10836.53,-0.3592
2005-12-20,10805.55,-0.2859
2005-12-21,10833.73,0.2608
2005-12-22,10889.44,0.5142
2005-12-23,10883.27,-0.0567
2005-12-27,10777.77,-0.9694
2005-12-28,10796.26,0.1716
2005-12-29,10784.82,-0.106
2005-12-30,10717.5,-0.6242
2006-01-03,10847.41,1.2121
2006-01-04,10880.15,0.3018
2006-01-05,10882.15,0.0184
2006-01-06,10959.31,0.7091
2006-01-09,11011.9,0.4799
2006-01-10,11011.58,-0.0029
2006-01-11,11043.44,0.2893
2006-01-12,10962.36,-0.7342
2006-01-13,10959.87,-0.0227
2006-01-17,10896.32,-0.5798
2006-01-18,10854.86,-0.3805
2006-01-19,10880.71,0.2381
2006-01-20,10667.39,-1.9605
2006-01-23,10688.77,0.2004
2006-01-24,10712.22,0.2194
2006-01-25,10709.74,-0.0232
2006-01-26,10809.47,0.9312
2006-01-27,10907.21,0.9042
2006-01-30,10899.92,-0.0668
2006-01-31,10864.86,-0.3217
2006-02-01,10953.95,0.82
2006-02-02,10851.98,-0.9309
2006-02-03,10793.62,-0.5378
2006-02-06,10798.27,0.0431
2006-02-07,10749.76,-0.4492
2006-02-08,10858.62,1.0127
2006-02-09,10883.35,0.2277
2006-02-10,10919.05,0.328
2006-02-13,10892.32,-0.2448
2006-02-14,11028.39,1.2492
2006-02-15,11058.97,0.2773
2006-02-16,11120.68,0.558
2006-02-17,11115.32,-0.0482
2006-02-21,11069.06,-0.4162
2006-02-22,11137.17,0.6153
2006-02-23,11069.22,-0.6101
2006-02-24,11061.85,-0.0666
2006-02-27,11097.55,0.3227
2006-02-28,10993.41,-0.9384
2006-03-01,11053.53,0.5469
2006-03-02,11025.51,-0.2535
2006-03-03,11021.59,-0.0356
2006-03-06,10958.59,-0.5716
2006-03-07,10980.69,0.2017
2006-03-08,11005.74,0.2281
2006-03-09,10972.28,-0.304
2006-03-10,11076.34,0.9484
2006-03-13,11076.02,-0.0029
2006-03-14,11151.34,0.68
2006-03-15,11209.77,0.524
2006-03-16,11253.24,0.3878
2006-03-17,11279.65,0.2347
2006-03-20,11274.53,-0.0454
2006-03-21,11235.47,-0.3464
2006-03-22,11317.43,0.7295
2006-03-23,11270.29,-0.4165
2006-03-24,11279.97,0.0859
2006-03-27,11250.11,-0.2647
2006-03-28,11154.54,-0.8495
2006-03-29,11215.7,0.5483
2006-03-30,11150.7,-0.5795
2006-03-31,11109.32,-0.3711
2006-04-03,11144.94,0.3206
2006-04-04,11203.85,0.5286
2006-04-05,11239.55,0.3186
2006-04-06,11216.5,-0.2051
2006-04-07,11120.04,-0.86
2006-04-10,11141.33,0.1915
2006-04-11,11089.63,-0.464
2006-04-12,11129.97,0.3638
2006-04-13,11137.65,0.069
2006-04-17,11073.78,-0.5735
2006-04-18,11268.77,1.7608
2006-04-19,11278.77,0.0887
2006-04-20,11342.89,0.5685
2006-04-21,11347.45,0.0402
2006-04-24,11336.32,-0.0981
2006-04-25,11283.25,-0.4681
2006-04-26,11354.49,0.6314
2006-04-27,11382.51,0.2468
2006-04-28,11367.14,-0.135
2006-05-01,11343.29,-0.2098
2006-05-02,11416.45,0.645
2006-05-03,11400.28,-0.1416
2006-05-04,11438.86,0.3384
2006-05-05,11577.74,1.2141
2006-05-08,11584.54,0.0587
2006-05-09,11639.77,0.4768
2006-05-10,11642.65,0.0247
2006-05-11,11500.73,-1.219
2006-05-12,11380.99,-1.0412
2006-05-15,11428.77,0.4198
2006-05-16,11419.89,-0.0777
2006-05-17,11205.61,-1.8764
2006-05-18,11128.29,-0.69
2006-05-19,11144.06,0.1417
2006-05-22,11125.33,-0.1681
2006-05-23,11098.35,-0.2425
2006-05-24,11117.32,0.1709
2006-05-25,11211.05,0.8431
2006-05-26,11278.61,0.6026
2006-05-30,11094.43,-1.633
2006-05-31,11168.31,0.6659
2006-06-01,11260.28,0.8235
2006-06-02,11247.87,-0.1102
2006-06-05,11048.72,-1.7706
2006-06-06,11002.14,-0.4216
2006-06-07,10930.9,-0.6475
2006-06-08,10938.82,0.0725
2006-06-09,10891.92,-0.4287
2006-06-12,10792.58,-0.9121
2006-06-13,10706.14,-0.8009
2006-06-14,10816.92,1.0347
2006-06-15,11015.19,1.833
2006-06-16,11014.55,-0.0058
2006-06-19,10942.11,-0.6577
2006-06-20,10974.84,0.2991
2006-06-21,11079.46,0.9533
2006-06-22,11019.11,-0.5447
2006-06-23,10989.09,-0.2724
2006-06-26,11045.28,0.5113
2006-06-27,10924.74,-1.0913
2006-06-28,10973.56,0.4469
2006-06-29,11190.8,1.9797
2006-06-30,11150.22,-0.3626
2006-07-03,11228.02,0.6977
2006-07-05,11151.82,-0.6787
2006-07-06,11225.3,0.6589
2006-07-07,11090.67,-1.1993
2006-07-10,11103.55,0.1161
2006-07-11,11134.77,0.2812
2006-07-12,11013.18,-1.092
2006-07-13,10846.29,-1.5154
2006-07-14,10739.35,-0.986
2006-07-17,10747.36,0.0746
2006-07-18,10799.23,0.4826
2006-07-19,11011.42,1.9649
2006-07-20,10928.1,-0.7567
2006-07-21,10868.38,-0.5465
2006-07-24,11051.05,1.6807
2006-07-25,11103.71,0.4765
2006-07-26,11102.51,-0.0108
2006-07-27,11100.43,-0.0187
2006-07-28,11219.7,1.0745
2006-07-31,11185.68,-0.3032
2006-08-01,11125.73,-0.536
2006-08-02,11199.93,0.6669
2006-08-03,11242.59,0.3809
2006-08-04,11240.35,-0.0199
2006-08-07,11219.38,-0.1866
2006-08-08,11173.59,-0.4081
2006-08-09,11076.18,-0.8718
2006-08-10,11124.37,0.4351
2006-08-11,11088.03,-0.3267
2006-08-14,11097.87,0.0887
2006-08-15,11230.26,1.1929
2006-08-16,11327.12,0.8625
2006-08-17,11334.96,0.0692
2006-08-18,11381.47,0.4103
2006-08-21,11345.05,-0.32
2006-08-22,11339.84,-0.0459
2006-08-23,11297.9,-0.3698
2006-08-24,11304.46,0.0581
2006-08-25,11284.05,-0.1805
2006-08-28,11352.01,0.6023
2006-08-29,11369.94,0.1579
2006-08-30,11382.91,0.1141
2006-08-31,11381.15,-0.0155
2006-09-01,11464.15,0.7293
2006-09-05,11469.28,0.0447
2006-09-06,11406.2,-0.55
2006-09-07,11331.44,-0.6554
2006-09-08,11392.11,0.5354
2006-09-11,11396.84,0.0415
2006-09-12,11498.09,0.8884
2006-09-13,11543.32,0.3934
2006-09-14,11527.39,-0.138
2006-09-15,11560.77,0.2896
2006-09-18,11555,-0.0499
2006-09-19,11540.91,-0.1219
2006-09-20,11613.19,0.6263
2006-09-21,11533.23,-0.6885
2006-09-22,11508.1,-0.2179
2006-09-25,11575.81,0.5884
2006-09-26,11669.39,0.8084
2006-09-27,11689.24,0.1701
2006-09-28,11718.45,0.2499
2006-09-29,11679.07,-0.3361
2006-10-02,11670.35,-0.0747
2006-10-03,11727.34,0.4883
2006-10-04,11850.61,1.0511
2006-10-05,11866.69,0.1357
2006-10-06,11850.21,-0.1389
2006-10-09,11857.81,0.0641
2006-10-10,11867.17,0.0789
2006-10-11,11852.13,-0.1267
2006-10-12,11947.7,0.8064
2006-10-13,11960.51,0.1072
2006-10-16,11980.6,0.168
2006-10-17,11950.02,-0.2552
2006-10-18,11992.68,0.357
2006-10-19,12011.73,0.1588
2006-10-20,12002.37,-0.0779
2006-10-23,12116.91,0.9543
2006-10-24,12127.88,0.0905
2006-10-25,12134.68,0.0561
2006-10-26,12163.66,0.2388
2006-10-27,12090.26,-0.6034
2006-10-30,12086.5,-0.0311
2006-10-31,12080.73,-0.0477
2006-11-01,12031.02,-0.4115
2006-11-02,12018.54,-0.1037
2006-11-03,11986.04,-0.2704
2006-11-06,12105.55,0.9971
2006-11-07,12156.77,0.4231
2006-11-08,12176.54,0.1626
2006-11-09,12103.3,-0.6015
2006-11-10,12108.43,0.0424
2006-11-13,12131.88,0.1937
2006-11-14,12218.01,0.7099
2006-11-15,12251.71,0.2758
2006-11-16,12305.82,0.4417
2006-11-17,12342.56,0.2986
2006-11-20,12316.54,-0.2108
2006-11-21,12321.59,0.041
2006-11-22,12326.95,0.0435
2006-11-24,12280.17,-0.3795
2006-11-27,12121.71,-1.2904
2006-11-28,12136.45,0.1216
2006-11-29,12226.73,0.7439
2006-11-30,12221.93,-0.0393
2006-12-01,12194.13,-0.2275
2006-12-04,12283.85,0.7358
2006-12-05,12331.6,0.3887
2006-12-06,12309.25,-0.1812
2006-12-07,12278.41,-0.2505
2006-12-08,12307.49,0.2368
2006-12-11,12328.48,0.1705
2006-12-12,12315.58,-0.1046
2006-12-13,12317.5,0.0156
2006-12-14,12416.76,0.8058
2006-12-15,12445.52,0.2316
2006-12-18,12441.27,-0.0341
2006-12-19,12471.32,0.2415
2006-12-20,12463.87,-0.0597
2006-12-21,12421.25,-0.3419
2006-12-22,12343.22,-0.6282
2006-12-26,12407.63,0.5218
2006-12-27,12510.57,0.8297
2006-12-28,12501.52,-0.0723
2006-12-29,12463.15,-0.3069
2007-01-03,12474.52,0.0912
2007-01-04,12480.69,0.0495
2007-01-05,12398.01,-0.6625
2007-01-08,12423.49,0.2055
2007-01-09,12416.6,-0.0555
2007-01-10,12442.16,0.2059
2007-01-11,12514.98,0.5853
2007-01-12,12556.08,0.3284
2007-01-16,12582.59,0.2111
2007-01-17,12577.15,-0.0432
2007-01-18,12567.93,-0.0733
2007-01-19,12565.53,-0.0191
2007-01-22,12477.16,-0.7033
2007-01-23,12533.8,0.4539
2007-01-24,12621.77,0.7019
2007-01-25,12502.56,-0.9445
2007-01-26,12487.02,-0.1243
2007-01-29,12490.78,0.0301
2007-01-30,12523.31,0.2604
2007-01-31,12621.69,0.7856
2007-02-01,12673.68,0.4119
2007-02-02,12653.49,-0.1593
2007-02-05,12661.74,0.0652
2007-02-06,12666.31,0.0361
2007-02-07,12666.87,0.0044
2007-02-08,12637.63,-0.2308
2007-02-09,12580.83,-0.4495
2007-02-12,12552.55,-0.2248
2007-02-13,12654.85,0.815
2007-02-14,12741.86,0.6876
2007-02-15,12765.01,0.1817
2007-02-16,12767.57,0.0201
2007-02-20,12786.64,0.1494
2007-02-21,12738.41,-0.3772
2007-02-22,12686.02,-0.4113
2007-02-23,12647.48,-0.3038
2007-02-26,12632.26,-0.1203
2007-02-27,12216.24,-3.2933
2007-02-28,12268.63,0.4289
2007-03-01,12234.34,-0.2795
2007-03-02,12114.1,-0.9828
2007-03-05,12050.41,-0.5258
2007-03-06,12207.59,1.3044
2007-03-07,12192.45,-0.124
2007-03-08,12260.7,0.5598
2007-03-09,12276.32,0.1274
2007-03-12,12318.62,0.3446
2007-03-13,12075.96,-1.9699
2007-03-14,12133.4,0.4757
2007-03-15,12159.68,0.2166
2007-03-16,12110.41,-0.4052
2007-03-19,12226.17,0.9559
2007-03-20,12288.1,0.5065
2007-03-21,12447.52,1.2974
2007-03-22,12461.14,0.1094
2007-03-23,12481.01,0.1595
2007-03-26,12469.07,-0.0957
2007-03-27,12397.29,-0.5757
2007-03-28,12300.36,-0.7819
2007-03-29,12348.75,0.3934
2007-03-30,12354.35,0.0453
2007-04-02,12382.3,0.2262
2007-04-03,12510.3,1.0337
2007-04-04,12530.05,0.1579
2007-04-05,12560.2,0.2406
2007-04-09,12569.14,0.0712
2007-04-10,12573.85,0.0375
2007-04-11,12484.62,-0.7096
2007-04-12,12552.96,0.5474
2007-04-13,12612.13,0.4714
2007-04-16,12720.46,0.8589
2007-04-17,12773.04,0.4133
2007-04-18,12803.84,0.2411
2007-04-19,12808.63,0.0374
2007-04-20,12961.98,1.1972
2007-04-23,12919.4,-0.3285
2007-04-24,12953.94,0.2673
2007-04-25,13089.89,1.0495
2007-04-26,13105.5,0.1193
2007-04-27,13120.94,0.1178
2007-04-30,13062.91,-0.4423
2007-05-01,13136.14,0.5606
2007-05-02,13211.88,0.5766
2007-05-03,13241.38,0.2233
2007-05-04,13264.62,0.1755
2007-05-07,13312.97,0.3645
2007-05-08,13309.07,-0.0293
2007-05-09,13362.87,0.4042
2007-05-10,13215.13,-1.1056
2007-05-11,13326.22,0.8406
2007-05-14,13346.78,0.1543
2007-05-15,13383.84,0.2777
2007-05-16,13487.53,0.7747
2007-05-17,13476.72,-0.0801
2007-05-18,13556.53,0.5922
2007-05-21,13542.88,-0.1007
2007-05-22,13539.95,-0.0216
2007-05-23,13525.65,-0.1056
2007-05-24,13441.13,-0.6249
2007-05-25,13507.28,0.4921
2007-05-29,13521.34,0.1041
2007-05-30,13633.08,0.8264
2007-05-31,13627.64,-0.0399
2007-06-01,13668.11,0.297
2007-06-04,13676.32,0.0601
2007-06-05,13595.46,-0.5912
2007-06-06,13465.67,-0.9547
2007-06-07,13266.73,-1.4774
2007-06-08,13424.39,1.1884
2007-06-11,13424.96,0.0042
2007-06-12,13295.01,-0.968
2007-06-13,13482.35,1.4091
2007-06-14,13553.73,0.5294
2007-06-15,13639.48,0.6327
2007-06-18,13612.98,-0.1943
2007-06-19,13635.42,0.1648
2007-06-20,13489.42,-1.0707
2007-06-21,13545.84,0.4183
2007-06-22,13360.26,-1.37
2007-06-25,13352.05,-0.0615
2007-06-26,13337.66,-0.1078
2007-06-27,13427.73,0.6753
2007-06-28,13422.28,-0.0406
2007-06-29,13408.62,-0.1018
2007-07-02,13535.43,0.9457
2007-07-03,13577.3,0.3093
2007-07-05,13565.84,-0.0844
2007-07-06,13611.68,0.3379
2007-07-09,13649.97,0.2813
2007-07-10,13501.7,-1.0862
2007-07-11,13577.87,0.5642
2007-07-12,13861.73,2.0906
2007-07-13,13907.25,0.3284
2007-07-16,13950.98,0.3144
2007-07-17,13971.55,0.1474
2007-07-18,13918.22,-0.3817
2007-07-19,14000.41,0.5905
2007-07-20,13851.08,-1.0666
2007-07-23,13943.42,0.6667
2007-07-24,13716.95,-1.6242
2007-07-25,13785.07,0.4966
2007-07-26,13473.57,-2.2597
2007-07-27,13265.47,-1.5445
2007-07-30,13358.31,0.6999
2007-07-31,13211.99,-1.0953
2007-08-01,13362.37,1.1382
2007-08-02,13463.33,0.7556
2007-08-03,13181.91,-2.0903
2007-08-06,13468.78,2.1762
2007-08-07,13504.3,0.2637
2007-08-08,13657.86,1.1371
2007-08-09,13270.68,-2.8349
2007-08-10,13239.54,-0.2347
2007-08-13,13236.53,-0.0227
2007-08-14,13028.92,-1.5685
2007-08-15,12861.47,-1.2852
2007-08-16,12845.78,-0.122
2007-08-17,13079.08,1.8162
2007-08-20,13121.35,0.3232
2007-08-21,13090.86,-0.2324
2007-08-22,13236.13,1.1097
2007-08-23,13235.88,-0.0019
2007-08-24,13378.87,1.0803
2007-08-27,13322.13,-0.4241
2007-08-28,13041.85,-2.1039
2007-08-29,13289.29,1.8973
2007-08-30,13238.73,-0.3805
2007-08-31,13357.74,0.899
2007-09-04,13448.86,0.6822
2007-09-05,13305.47,-1.0662
2007-09-06,13363.35,0.435
2007-09-07,13113.38,-1.8706
2007-09-10,13127.85,0.1103
2007-09-11,13308.39,1.3752
2007-09-12,13291.65,-0.1258
2007-09-13,13424.88,1.0024
2007-09-14,13442.52,0.1314
2007-09-17,13403.42,-0.2909
2007-09-18,13739.39,2.5066
2007-09-19,13815.56,0.5544
2007-09-20,13766.7,-0.3537
2007-09-21,13820.19,0.3885
2007-09-24,13759.06,-0.4423
2007-09-25,13778.65,0.1424
2007-09-26,13878.15,0.7221
2007-09-27,13912.94,0.2507
2007-09-28,13895.63,-0.1244
2007-10-01,14087.55,1.3812
2007-10-02,14047.31,-0.2856
2007-10-03,13968.05,-0.5642
2007-10-04,13974.31,0.0448
2007-10-05,14066.01,0.6562
2007-10-08,14043.73,-0.1584
2007-10-09,14164.53,0.8602
2007-10-10,14078.69,-0.606
2007-10-11,14015.12,-0.4515
2007-10-12,14093.08,0.5563
2007-10-15,13984.8,-0.7683
2007-10-16,13912.94,-0.5138
2007-10-17,13892.54,-0.1466
2007-10-18,13888.96,-0.0258
2007-10-19,13522.02,-2.642
2007-10-22,13566.97,0.3324
2007-10-23,13676.23,0.8053
2007-10-24,13675.25,-0.0072
2007-10-25,13671.92,-0.0244
2007-10-26,13806.7,0.9858
2007-10-29,13870.26,0.4604
2007-10-30,13792.47,-0.5608
2007-10-31,13930.01,0.9972
2007-11-01,13567.87,-2.5997
2007-11-02,13595.1,0.2007
2007-11-05,13543.4,-0.3803
2007-11-06,13660.94,0.8679
2007-11-07,13300.02,-2.642
2007-11-08,13266.29,-0.2536
2007-11-09,13042.74,-1.6851
2007-11-12,12987.55,-0.4231
2007-11-13,13307.09,2.4604
2007-11-14,13231.01,-0.5717
2007-11-15,13110.05,-0.9142
2007-11-16,13176.79,0.5091
2007-11-19,12958.44,-1.6571
2007-11-20,13010.14,0.399
2007-11-21,12799.04,-1.6226
2007-11-23,12980.88,1.4207
2007-11-26,12743.44,-1.8292
2007-11-27,12958.44,1.6871
2007-11-28,13289.45,2.5544
2007-11-29,13311.73,0.1677
2007-11-30,13371.72,0.4507
2007-12-03,13314.57,-0.4274
2007-12-04,13248.73,-0.4945
2007-12-05,13444.96,1.4811
2007-12-06,13619.89,1.3011
2007-12-07,13625.58,0.0418
2007-12-10,13727.03,0.7446
2007-12-11,13432.77,-2.1437
2007-12-12,13473.9,0.3062
2007-12-13,13517.96,0.327
2007-12-14,13339.85,-1.3176
2007-12-17,13167.2,-1.2942
2007-12-18,13232.47,0.4957
2007-12-19,13207.27,-0.1904
2007-12-20,13245.64,0.2905
2007-12-21,13450.65,1.5478
2007-12-24,13550.04,0.7389
2007-12-26,13551.69,0.0122
2007-12-27,13359.61,-1.4174
2007-12-28,13365.87,0.0469
2007-12-31,13264.82,-0.756
2008-01-02,13043.96,-1.665
2008-01-03,13056.72,0.0978
2008-01-04,12800.18,-1.9648
2008-01-07,12827.49,0.2134
2008-01-08,12589.07,-1.8587
2008-01-09,12735.31,1.1616
2008-01-10,12853.09,0.9248
2008-01-11,12606.3,-1.9201
2008-01-14,12778.15,1.3632
2008-01-15,12501.11,-2.1681
2008-01-16,12466.16,-0.2796
2008-01-17,12159.21,-2.4623
2008-01-18,12099.3,-0.4927
2008-01-22,11971.19,-1.0588
2008-01-23,12270.17,2.4975
2008-01-24,12378.61,0.8838
2008-01-25,12207.17,-1.385
2008-01-28,12383.89,1.4477
2008-01-29,12480.3,0.7785
2008-01-30,12442.83,-0.3002
2008-01-31,12650.36,1.6679
2008-02-01,12743.19,0.7338
2008-02-04,12635.16,-0.8477
2008-02-05,12265.13,-2.9286
2008-02-06,12200.1,-0.5302
2008-02-07,12247,0.3844
2008-02-08,12182.13,-0.5297
2008-02-11,12240.01,0.4751
2008-02-12,12373.41,1.0899
2008-02-13,12552.24,1.4453
2008-02-14,12376.98,-1.3962
2008-02-15,12348.21,-0.2324
2008-02-19,12337.22,-0.089
2008-02-20,12427.26,0.7298
2008-02-21,12284.3,-1.1504
2008-02-22,12381.02,0.7873
2008-02-25,12570.22,1.5281
2008-02-26,12684.92,0.9125
2008-02-27,12694.28,0.0738
2008-02-28,12582.18,-0.8831
2008-02-29,12266.39,-2.5098
2008-03-03,12258.9,-0.0611
2008-03-04,12213.8,-0.3679
2008-03-05,12254.99,0.3372
2008-03-06,12040.39,-1.7511
2008-03-07,11893.69,-1.2184
2008-03-10,11740.15,-1.2909
2008-03-11,12156.81,3.549
2008-03-12,12110.24,-0.3831
2008-03-13,12145.74,0.2931
2008-03-14,11951.09,-1.6026
2008-03-17,11972.25,0.1771
2008-03-18,12392.66,3.5115
2008-03-19,12099.66,-2.3643
2008-03-20,12361.32,2.1625
2008-03-24,12548.64,1.5154
2008-03-25,12532.6,-0.1278
2008-03-26,12422.86,-0.8756
2008-03-27,12302.46,-0.9692
2008-03-28,12216.4,-0.6995
2008-03-31,12262.89,0.3806
2008-04-01,12654.36,3.1923
2008-04-02,12608.92,-0.3591
2008-04-03,12626.03,0.1357
2008-04-04,12609.42,-0.1316
2008-04-07,12612.43,0.0239
2008-04-08,12576.44,-0.2854
2008-04-09,12527.26,-0.391
2008-04-10,12581.98,0.4368
2008-04-11,12325.42,-2.0391
2008-04-14,12302.06,-0.1895
2008-04-15,12362.47,0.4911
2008-04-16,12619.27,2.0773
2008-04-17,12620.49,0.0097
2008-04-18,12849.36,1.8135
2008-04-21,12825.02,-0.1894
2008-04-22,12720.23,-0.8171
2008-04-23,12763.22,0.338
2008-04-24,12848.95,0.6717
2008-04-25,12891.86,0.334
2008-04-28,12871.75,-0.156
2008-04-29,12831.94,-0.3093
2008-04-30,12820.13,-0.092
2008-05-01,13010,1.481
2008-05-02,13058.2,0.3705
2008-05-05,12969.54,-0.679
2008-05-06,13020.83,0.3955
2008-05-07,12814.35,-1.5858
2008-05-08,12866.78,0.4092
2008-05-09,12745.88,-0.9396
2008-05-12,12876.31,1.0233
2008-05-13,12832.18,-0.3427
2008-05-14,12898.38,0.5159
2008-05-15,12992.66,0.7309
2008-05-16,12986.8,-0.0451
2008-05-19,13028.16,0.3185
2008-05-20,12828.68,-1.5311
2008-05-21,12601.19,-1.7733
2008-05-22,12625.62,0.1939
2008-05-23,12479.63,-1.1563
2008-05-27,12548.35,0.5507
2008-05-28,12594.03,0.364
2008-05-29,12646.22,0.4144
2008-05-30,12638.32,-0.0625
2008-06-02,12503.82,-1.0642
2008-06-03,12402.85,-0.8075
2008-06-04,12390.48,-0.0997
2008-06-05,12604.45,1.7269
2008-06-06,12209.81,-3.131
2008-06-09,12280.32,0.5775
2008-06-10,12289.76,0.0769
2008-06-11,12083.77,-1.6761
2008-06-12,12141.58,0.4784
2008-06-13,12307.35,1.3653
2008-06-16,12269.08,-0.311
2008-06-17,12160.3,-0.8866
2008-06-18,12029.06,-1.0792
2008-06-19,12063.09,0.2829
2008-06-20,11842.69,-1.8271
2008-06-23,11842.36,-0.0028
2008-06-24,11807.43,-0.295
2008-06-25,11811.83,0.0373
2008-06-26,11453.42,-3.0343
2008-06-27,11346.51,-0.9334
2008-06-30,11350.01,0.0308
2008-07-01,11382.26,0.2841
2008-07-02,11215.51,-1.465
2008-07-03,11288.54,0.6512
2008-07-07,11231.96,-0.5012
2008-07-08,11384.21,1.3555
2008-07-09,11147.44,-2.0798
2008-07-10,11229.02,0.7318
2008-07-11,11100.54,-1.1442
2008-07-14,11055.19,-0.4085
2008-07-15,10962.54,-0.8381
2008-07-16,11239.28,2.5244
2008-07-17,11446.66,1.8451
2008-07-18,11496.57,0.436
2008-07-21,11467.34,-0.2542
2008-07-22,11602.5,1.1787
2008-07-23,11632.38,0.2575
2008-07-24,11349.28,-2.4337
2008-07-25,11370.69,0.1886
2008-07-28,11131.08,-2.1073
2008-07-29,11397.56,2.394
2008-07-30,11583.69,1.6331
2008-07-31,11378.02,-1.7755
2008-08-01,11326.32,-0.4544
2008-08-04,11284.15,-0.3723
2008-08-05,11615.77,2.9388
2008-08-06,11656.07,0.3469
2008-08-07,11431.43,-1.9272
2008-08-08,11734.32,2.6496
2008-08-11,11782.35,0.4093
2008-08-12,11642.47,-1.1872
2008-08-13,11532.96,-0.9406
2008-08-14,11615.93,0.7194
2008-08-15,11659.9,0.3785
2008-08-18,11479.39,-1.5481
2008-08-19,11348.55,-1.1398
2008-08-20,11417.43,0.6069
2008-08-21,11430.21,0.1119
2008-08-22,11628.06,1.7309
2008-08-25,11386.25,-2.0795
2008-08-26,11412.87,0.2338
2008-08-27,11502.51,0.7854
2008-08-28,11715.18,1.8489
2008-08-29,11543.96,-1.4615
2008-09-02,11516.92,-0.2342
2008-09-03,11532.88,0.1386
2008-09-04,11188.23,-2.9884
2008-09-05,11220.96,0.2925
2008-09-08,11510.74,2.5825
2008-09-09,11230.73,-2.4326
2008-09-10,11268.92,0.34
2008-09-11,11433.71,1.4623
2008-09-12,11421.99,-0.1025
2008-09-15,10917.51,-4.4167
2008-09-16,11059.02,1.2962
2008-09-17,10609.66,-4.0633
2008-09-18,11019.69,3.8647
2008-09-19,11388.44,3.3463
2008-09-22,11015.69,-3.2731
2008-09-23,10854.17,-1.4663
2008-09-24,10825.17,-0.2672
2008-09-25,11022.06,1.8188
2008-09-26,11143.13,1.0984
2008-09-29,10365.45,-6.979
2008-09-30,10850.66,4.681
2008-10-01,10831.07,-0.1805
2008-10-02,10482.85,-3.215
2008-10-03,10325.38,-1.5022
2008-10-06,9955.5,-3.5822
2008-10-07,9447.11,-5.1066
2008-10-08,9258.1,-2.0007
2008-10-09,8579.19,-7.3331
2008-10-10,8451.19,-1.492
2008-10-13,9387.61,11.0803
2008-10-14,9310.99,-0.8162
2008-10-15,8577.91,-7.8733
2008-10-16,8979.26,4.6789
2008-10-17,8852.22,-1.4148
2008-10-20,9265.43,4.6679
2008-10-21,9033.66,-2.5014
2008-10-22,8519.21,-5.6948
2008-10-23,8691.25,2.0194
2008-10-24,8378.95,-3.5933
2008-10-27,8175.77,-2.4249
2008-10-28,9065.12,10.8779
2008-10-29,8990.96,-0.8181
2008-10-30,9180.69,2.1102
2008-10-31,9325.01,1.572
2008-11-03,9319.83,-0.0555
2008-11-04,9625.28,3.2774
2008-11-05,9139.27,-5.0493
2008-11-06,8695.79,-4.8525
2008-11-07,8943.81,2.8522
2008-11-10,8870.54,-0.8192
2008-11-11,8693.96,-1.9906
2008-11-12,8282.66,-4.7309
2008-11-13,8835.25,6.6716
2008-11-14,8497.31,-3.8249
2008-11-17,8273.58,-2.633
2008-11-18,8424.75,1.8271
2008-11-19,7997.28,-5.074
2008-11-20,7552.29,-5.5643
2008-11-21,8046.42,6.5428
2008-11-24,8443.39,4.9335
2008-11-25,8479.47,0.4273
2008-11-26,8726.61,2.9146
2008-11-28,8829.04,1.1738
2008-12-01,8149.09,-7.7013
2008-12-02,8419.09,3.3133
2008-12-03,8591.69,2.0501
2008-12-04,8376.24,-2.5077
2008-12-05,8635.42,3.0942
2008-12-08,8934.18,3.4597
2008-12-09,8691.33,-2.7182
2008-12-10,8761.42,0.8064
2008-12-11,8565.09,-2.2408
2008-12-12,8629.68,0.7541
2008-12-15,8564.53,-0.755
2008-12-16,8924.14,4.1988
2008-12-17,8824.34,-1.1183
2008-12-18,8604.99,-2.4857
2008-12-19,8579.11,-0.3008
2008-12-22,8519.69,-0.6926
2008-12-23,8419.49,-1.1761
2008-12-24,8468.48,0.5819
2008-12-26,8515.55,0.5558
2008-12-29,8483.93,-0.3713
2008-12-30,8668.39,2.1742
2008-12-31,8776.39,1.2459
2009-01-02,9034.69,2.9431
2009-01-05,8952.89,-0.9054
2009-01-06,9015.1,0.6949
2009-01-07,8769.7,-2.7221
2009-01-08,8742.46,-0.3106
2009-01-09,8599.18,-1.6389
2009-01-12,8473.97,-1.4561
2009-01-13,8448.56,-0.2999
2009-01-14,8200.14,-2.9404
2009-01-15,8212.49,0.1506
2009-01-16,8281.22,0.8369
2009-01-20,7949.09,-4.0106
2009-01-21,8228.1,3.51
2009-01-22,8122.8,-1.2798
2009-01-23,8077.56,-0.557
2009-01-26,8116.03,0.4763
2009-01-27,8174.73,0.7233
2009-01-28,8375.45,2.4554
2009-01-29,8149.01,-2.7036
2009-01-30,8000.86,-1.818
2009-02-02,7936.75,-0.8013
2009-02-03,8078.36,1.7842
2009-02-04,7956.66,-1.5065
2009-02-05,8063.07,1.3374
2009-02-06,8280.59,2.6977
2009-02-09,8270.87,-0.1174
2009-02-10,7888.88,-4.6185
2009-02-11,7939.53,0.642
2009-02-12,7932.76,-0.0853
2009-02-13,7850.41,-1.0381
2009-02-17,7552.6,-3.7936
2009-02-18,7555.63,0.0401
2009-02-19,7465.95,-1.1869
2009-02-20,7365.67,-1.3432
2009-02-23,7114.78,-3.4062
2009-02-24,7350.94,3.3193
2009-02-25,7270.89,-1.089
2009-02-26,7182.08,-1.2214
2009-02-27,7062.93,-1.659
2009-03-02,6763.29,-4.2424
2009-03-03,6726.02,-0.5511
2009-03-04,6875.84,2.2275
2009-03-05,6594.44,-4.0926
2009-03-06,6626.94,0.4928
2009-03-09,6547.05,-1.2055
2009-03-10,6926.49,5.7956
2009-03-11,6930.4,0.0564
2009-03-12,7170.06,3.4581
2009-03-13,7223.98,0.752
2009-03-16,7216.97,-0.097
2009-03-17,7395.7,2.4765
2009-03-18,7486.58,1.2288
2009-03-19,7400.8,-1.1458
2009-03-20,7278.38,-1.6541
2009-03-23,7775.86,6.835
2009-03-24,7659.97,-1.4904
2009-03-25,7749.81,1.1729
2009-03-26,7924.56,2.2549
2009-03-27,7776.18,-1.8724
2009-03-30,7522.02,-3.2684
2009-03-31,7608.92,1.1553
2009-04-01,7761.6,2.0066
2009-04-02,7978.08,2.7891
2009-04-03,8017.59,0.4952
2009-04-06,7975.85,-0.5206
2009-04-07,7789.56,-2.3357
2009-04-08,7837.11,0.6104
2009-04-09,8083.38,3.1424
2009-04-13,8057.81,-0.3163
2009-04-14,7920.18,-1.708
2009-04-15,8029.62,1.3818
2009-04-16,8125.43,1.1932
2009-04-17,8131.33,0.0726
2009-04-20,7841.73,-3.5615
2009-04-21,7969.56,1.6301
2009-04-22,7886.57,-1.0413
2009-04-23,7957.06,0.8938
2009-04-24,8076.29,1.4984
2009-04-27,8025,-0.6351
2009-04-28,8016.95,-0.1003
2009-04-29,8185.73,2.1053
2009-04-30,8168.12,-0.2151
2009-05-01,8212.41,0.5422
2009-05-04,8426.74,2.6098
2009-05-05,8410.65,-0.1909
2009-05-06,8512.28,1.2083
2009-05-07,8409.85,-1.2033
2009-05-08,8574.65,1.9596
2009-05-11,8418.77,-1.8179
2009-05-12,8469.11,0.5979
2009-05-13,8284.89,-2.1752
2009-05-14,8331.32,0.5604
2009-05-15,8268.64,-0.7523
2009-05-18,8504.08,2.8474
2009-05-19,8474.85,-0.3437
2009-05-20,8422.04,-0.6231
2009-05-21,8292.13,-1.5425
2009-05-22,8277.32,-0.1786
2009-05-26,8473.49,2.37
2009-05-27,8300.02,-2.0472
2009-05-28,8403.8,1.2504
2009-05-29,8500.33,1.1486
2009-06-01,8721.44,2.6012
2009-06-02,8740.87,0.2228
2009-06-03,8675.24,-0.7508
2009-06-04,8750.24,0.8645
2009-06-05,8763.13,0.1473
2009-06-08,8764.49,0.0155
2009-06-09,8763.06,-0.0163
2009-06-10,8739.02,-0.2743
2009-06-11,8770.92,0.365
2009-06-12,8799.26,0.3231
2009-06-15,8612.13,-2.1267
2009-06-16,8504.67,-1.2478
2009-06-17,8497.18,-0.0881
2009-06-18,8555.6,0.6875
2009-06-19,8539.73,-0.1855
2009-06-22,8339.01,-2.3504
2009-06-23,8322.91,-0.1931
2009-06-24,8299.86,-0.2769
2009-06-25,8472.4,2.0788
2009-06-26,8438.39,-0.4014
2009-06-29,8529.38,1.0783
2009-06-30,8447,-0.9658
2009-07-01,8504.06,0.6755
2009-07-02,8280.74,-2.626
2009-07-06,8324.87,0.5329
2009-07-07,8163.6,-1.9372
2009-07-08,8178.41,0.1814
2009-07-09,8183.17,0.0582
2009-07-10,8146.52,-0.4479
2009-07-13,8331.68,2.2729
2009-07-14,8359.49,0.3338
2009-07-15,8616.21,3.071
2009-07-16,8711.82,1.1097
2009-07-17,8743.94,0.3687
2009-07-20,8848.15,1.1918
2009-07-21,8915.94,0.7661
2009-07-22,8881.26,-0.389
2009-07-23,9069.29,2.1172
2009-07-24,9093.24,0.2641
2009-07-27,9108.51,0.1679
2009-07-28,9096.72,-0.1294
2009-07-29,9070.72,-0.2858
2009-07-30,9154.46,0.9232
2009-07-31,9171.61,0.1873
2009-08-03,9286.56,1.2533
2009-08-04,9320.19,0.3621
2009-08-05,9280.97,-0.4208
2009-08-06,9256.26,-0.2662
2009-08-07,9370.07,1.2295
2009-08-10,9337.95,-0.3428
2009-08-11,9241.45,-1.0334
2009-08-12,9361.61,1.3002
2009-08-13,9398.19,0.3907
2009-08-14,9321.4,-0.8171
2009-08-17,9135.34,-1.9961
2009-08-18,9217.94,0.9042
2009-08-19,9279.16,0.6641
2009-08-20,9350.05,0.764
2009-08-21,9505.96,1.6675
2009-08-24,9509.28,0.0349
2009-08-25,9539.29,0.3156
2009-08-26,9543.52,0.0443
2009-08-27,9580.63,0.3889
2009-08-28,9544.2,-0.3802
2009-08-31,9496.28,-0.5021
2009-09-01,9310.6,-1.9553
2009-09-02,9280.67,-0.3215
2009-09-03,9344.61,0.689
2009-09-04,9441.27,1.0344
2009-09-08,9497.34,0.5939
2009-09-09,9547.22,0.5252
2009-09-10,9627.48,0.8407
2009-09-11,9605.41,-0.2292
2009-09-14,9626.8,0.2227
2009-09-15,9683.41,0.588
2009-09-16,9791.71,1.1184
2009-09-17,9783.92,-0.0796
2009-09-18,9820.2,0.3708
2009-09-21,9778.86,-0.421
2009-09-22,9829.87,0.5216
2009-09-23,9748.55,-0.8273
2009-09-24,9707.44,-0.4217
2009-09-25,9665.19,-0.4352
2009-09-28,9789.36,1.2847
2009-09-29,9742.2,-0.4817
2009-09-30,9712.28,-0.3071
2009-10-01,9509.28,-2.0901
2009-10-02,9487.67,-0.2273
2009-10-05,9599.75,1.1813
2009-10-06,9731.25,1.3698
2009-10-07,9725.58,-0.0583
2009-10-08,9786.87,0.6302
2009-10-09,9864.94,0.7977
2009-10-12,9885.8,0.2115
2009-10-13,9871.06,-0.1491
2009-10-14,10015.86,1.4669
2009-10-15,10062.94,0.4701
2009-10-16,9995.91,-0.6661
2009-10-19,10092.19,0.9632
2009-10-20,10041.48,-0.5025
2009-10-21,9949.36,-0.9174
2009-10-22,10081.31,1.3262
2009-10-23,9972.18,-1.0825
2009-10-26,9867.96,-1.0451
2009-10-27,9882.17,0.144
2009-10-28,9762.69,-1.209
2009-10-29,9962.58,2.0475
2009-10-30,9712.73,-2.5079
2009-11-02,9789.44,0.7898
2009-11-03,9771.91,-0.1791
2009-11-04,9802.14,0.3094
2009-11-05,10005.96,2.0793
2009-11-06,10023.42,0.1745
2009-11-09,10226.94,2.0304
2009-11-10,10246.97,0.1959
2009-11-11,10291.26,0.4322
2009-11-12,10197.47,-0.9114
2009-11-13,10270.47,0.7159
2009-11-16,10406.96,1.329
2009-11-17,10437.42,0.2927
2009-11-18,10426.31,-0.1064
2009-11-19,10332.44,-0.9003
2009-11-20,10318.16,-0.1382
2009-11-23,10450.95,1.287
2009-11-24,10433.71,-0.165
2009-11-25,10464.4,0.2941
2009-11-27,10309.92,-1.4762
2009-11-30,10344.84,0.3387
2009-12-01,10471.58,1.2252
2009-12-02,10452.68,-0.1805
2009-12-03,10366.15,-0.8278
2009-12-04,10388.9,0.2195
2009-12-07,10390.11,0.0116
2009-12-08,10285.97,-1.0023
2009-12-09,10337.05,0.4966
2009-12-10,10405.83,0.6654
2009-12-11,10471.5,0.6311
2009-12-14,10501.05,0.2822
2009-12-15,10452,-0.4671
2009-12-16,10441.12,-0.1041
2009-12-17,10308.26,-1.2725
2009-12-18,10328.89,0.2001
2009-12-21,10414.14,0.8254
2009-12-22,10464.93,0.4877
2009-12-23,10466.44,0.0144
2009-12-24,10520.09,0.5126
2009-12-28,10547.08,0.2566
2009-12-29,10545.41,-0.0158
2009-12-30,10548.51,0.0294
2009-12-31,10428.05,-1.142
2010-01-04,10583.96,1.4951
2010-01-05,10572.02,-0.1128
2010-01-06,10573.68,0.0157
2010-01-07,10606.86,0.3138
2010-01-08,10618.19,0.1068
2010-01-11,10663.99,0.4313
2010-01-12,10627.26,-0.3444
2010-01-13,10680.77,0.5035
2010-01-14,10710.55,0.2788
2010-01-15,10609.65,-0.9421
2010-01-19,10725.43,1.0913
2010-01-20,10603.15,-1.1401
2010-01-21,10389.88,-2.0114
2010-01-22,10172.98,-2.0876
2010-01-25,10196.86,0.2347
2010-01-26,10194.29,-0.0252
2010-01-27,10236.16,0.4107
2010-01-28,10120.46,-1.1303
2010-01-29,10067.33,-0.525
2010-02-01,10185.53,1.1741
2010-02-02,10296.85,1.0929
2010-02-03,10270.55,-0.2554
2010-02-04,10002.18,-2.613
2010-02-05,10012.23,0.1005
2010-02-08,9908.39,-1.0371
2010-02-09,10058.64,1.5164
2010-02-10,10038.38,-0.2014
2010-02-11,10144.19,1.0541
2010-02-12,10099.14,-0.4441
2010-02-16,10268.81,1.68
2010-02-17,10309.24,0.3937
2010-02-18,10392.9,0.8115
2010-02-19,10402.35,0.0909
2010-02-22,10383.38,-0.1824
2010-02-23,10282.41,-0.9724
2010-02-24,10374.16,0.8923
2010-02-25,10321.03,-0.5121
2010-02-26,10325.26,0.041
2010-03-01,10403.79,0.7606
2010-03-02,10405.98,0.0211
2010-03-03,10396.76,-0.0886
2010-03-04,10444.14,0.4557
2010-03-05,10566.2,1.1687
2010-03-08,10552.52,-0.1295
2010-03-09,10564.38,0.1124
2010-03-10,10567.33,0.0279
2010-03-11,10611.84,0.4212
2010-03-12,10624.69,0.1211
2010-03-15,10642.15,0.1643
2010-03-16,10685.98,0.4119
2010-03-17,10733.67,0.4463
2010-03-18,10779.17,0.4239
2010-03-19,10741.98,-0.345
2010-03-22,10785.89,0.4088
2010-03-23,10888.83,0.9544
2010-03-24,10836.15,-0.4838
2010-03-25,10841.21,0.0467
2010-03-26,10850.36,0.0844
2010-03-29,10895.86,0.4193
2010-03-30,10907.42,0.1061
2010-03-31,10856.63,-0.4656
2010-04-01,10927.07,0.6488
2010-04-05,10973.55,0.4254
2010-04-06,10969.99,-0.0324
2010-04-07,10897.52,-0.6606
2010-04-08,10927.07,0.2712
2010-04-09,10997.35,0.6432
2010-04-12,11005.97,0.0784
2010-04-13,11019.42,0.1222
2010-04-14,11123.11,0.941
2010-04-15,11144.57,0.1929
2010-04-16,11018.66,-1.1298
2010-04-19,11092.05,0.6661
2010-04-20,11117.06,0.2255
2010-04-21,11124.92,0.0707
2010-04-22,11134.29,0.0842
2010-04-23,11204.28,0.6286
2010-04-26,11205.03,0.0067
2010-04-27,10991.99,-1.9013
2010-04-28,11045.27,0.4847
2010-04-29,11167.32,1.105
2010-04-30,11008.61,-1.4212
2010-05-03,11151.83,1.301
2010-05-04,10926.77,-2.0181
2010-05-05,10866.83,-0.5486
2010-05-06,10520.32,-3.1887
2010-05-07,10380.43,-1.3297
2010-05-10,10785.14,3.8988
2010-05-11,10748.26,-0.342
2010-05-12,10896.91,1.383
2010-05-13,10782.95,-1.0458
2010-05-14,10620.16,-1.5097
2010-05-17,10625.83,0.0534
2010-05-18,10510.95,-1.0811
2010-05-19,10444.37,-0.6334
2010-05-20,10068.01,-3.6035
2010-05-21,10193.39,1.2453
2010-05-24,10066.57,-1.2441
2010-05-25,10043.75,-0.2267
2010-05-26,9974.45,-0.69
2010-05-27,10258.99,2.8527
2010-05-28,10136.63,-1.1927
2010-06-01,10024.02,-1.1109
2010-06-02,10249.54,2.2498
2010-06-03,10255.28,0.056
2010-06-04,9931.97,-3.1526
2010-06-07,9816.49,-1.1627
2010-06-08,9939.98,1.258
2010-06-09,9899.25,-0.4098
2010-06-10,10172.53,2.7606
2010-06-11,10211.07,0.3789
2010-06-14,10190.89,-0.1976
2010-06-15,10404.77,2.0987
2010-06-16,10409.46,0.0451
2010-06-17,10434.17,0.2374
2010-06-18,10450.64,0.1578
2010-06-21,10442.41,-0.0788
2010-06-22,10293.52,-1.4258
2010-06-23,10298.44,0.0478
2010-06-24,10152.8,-1.4142
2010-06-25,10143.81,-0.0885
2010-06-28,10138.52,-0.0522
2010-06-29,9870.3,-2.6456
2010-06-30,9774.02,-0.9755
2010-07-01,9732.53,-0.4245
2010-07-02,9686.48,-0.4732
2010-07-06,9743.62,0.5899
2010-07-07,10018.28,2.8189
2010-07-08,10138.99,1.2049
2010-07-09,10198.03,0.5823
2010-07-12,10216.27,0.1789
2010-07-13,10363.02,1.4364
2010-07-14,10366.72,0.0357
2010-07-15,10359.31,-0.0715
2010-07-16,10097.9,-2.5234
2010-07-19,10154.43,0.5598
2010-07-20,10229.96,0.7438
2010-07-21,10120.53,-1.0697
2010-07-22,10322.3,1.9937
2010-07-23,10424.62,0.9913
2010-07-26,10525.43,0.967
2010-07-27,10537.69,0.1165
2010-07-28,10497.88,-0.3778
2010-07-29,10467.16,-0.2926
2010-07-30,10465.94,-0.0117
2010-08-02,10674.38,1.9916
2010-08-03,10636.38,-0.356
2010-08-04,10680.43,0.4141
2010-08-05,10674.98,-0.051
2010-08-06,10653.56,-0.2007
2010-08-09,10698.75,0.4242
2010-08-10,10644.25,-0.5094
2010-08-11,10378.83,-2.4936
2010-08-12,10319.95,-0.5673
2010-08-13,10303.15,-0.1628
2010-08-16,10302.01,-0.0111
2010-08-17,10405.85,1.008
2010-08-18,10415.54,0.0931
2010-08-19,10271.21,-1.3857
2010-08-20,10213.62,-0.5607
2010-08-23,10174.41,-0.3839
2010-08-24,10040.45,-1.3166
2010-08-25,10060.06,0.1953
2010-08-26,9985.81,-0.7381
2010-08-27,10150.65,1.6507
2010-08-30,10009.73,-1.3883
2010-08-31,10014.72,0.0499
2010-09-01,10269.47,2.5438
2010-09-02,10320.1,0.493
2010-09-03,10447.93,1.2387
2010-09-07,10340.69,-1.0264
2010-09-08,10387.01,0.4479
2010-09-09,10415.24,0.2718
2010-09-10,10462.77,0.4564
2010-09-13,10544.13,0.7776
2010-09-14,10526.49,-0.1673
2010-09-15,10572.73,0.4393
2010-09-16,10594.83,0.209
2010-09-17,10607.85,0.1229
2010-09-20,10753.62,1.3742
2010-09-21,10761.03,0.0689
2010-09-22,10739.31,-0.2018
2010-09-23,10662.42,-0.716
2010-09-24,10860.26,1.8555
2010-09-27,10812.04,-0.444
2010-09-28,10858.14,0.4264
2010-09-29,10835.28,-0.2105
2010-09-30,10788.05,-0.4359
2010-10-01,10829.68,0.3859
2010-10-04,10751.27,-0.724
2010-10-05,10944.72,1.7993
2010-10-06,10967.65,0.2095
2010-10-07,10948.58,-0.1739
2010-10-08,11006.48,0.5288
2010-10-11,11010.34,0.0351
2010-10-12,11020.4,0.0914
2010-10-13,11096.08,0.6867
2010-10-14,11094.57,-0.0136
2010-10-15,11062.78,-0.2865
2010-10-18,11143.69,0.7314
2010-10-19,10978.62,-1.4813
2010-10-20,11107.97,1.1782
2010-10-21,11146.57,0.3475
2010-10-22,11132.56,-0.1257
2010-10-25,11164.05,0.2829
2010-10-26,11169.46,0.0485
2010-10-27,11126.28,-0.3866
2010-10-28,11113.95,-0.1108
2010-10-29,11118.49,0.0408
2010-11-01,11124.62,0.0551
2010-11-02,11188.72,0.5762
2010-11-03,11215.13,0.236
2010-11-04,11434.84,1.959
2010-11-05,11444.08,0.0808
2010-11-08,11406.84,-0.3254
2010-11-09,11346.75,-0.5268
2010-11-10,11357.04,0.0907
2010-11-11,11283.1,-0.651
2010-11-12,11192.58,-0.8023
2010-11-15,11201.97,0.0839
2010-11-16,11023.5,-1.5932
2010-11-17,11007.88,-0.1417
2010-11-18,11181.23,1.5748
2010-11-19,11203.55,0.1996
2010-11-22,11178.58,-0.2229
2010-11-23,11036.37,-1.2722
2010-11-24,11187.28,1.3674
2010-11-26,11091.87,-0.8528
2010-11-29,11052.49,-0.355
2010-11-30,11006.02,-0.4204
2010-12-01,11255.78,2.2693
2010-12-02,11362.41,0.9473
2010-12-03,11382.09,0.1732
2010-12-06,11362.19,-0.1748
2010-12-07,11359.16,-0.0267
2010-12-08,11372.48,0.1173
2010-12-09,11370.06,-0.0213
2010-12-10,11410.32,0.3541
2010-12-13,11428.56,0.1599
2010-12-14,11476.54,0.4198
2010-12-15,11457.47,-0.1662
2010-12-16,11499.25,0.3647
2010-12-17,11491.91,-0.0638
2010-12-20,11478.13,-0.1199
2010-12-21,11533.16,0.4794
2010-12-22,11559.49,0.2283
2010-12-23,11573.49,0.1211
2010-12-27,11555.03,-0.1595
2010-12-28,11575.54,0.1775
2010-12-29,11585.38,0.085
2010-12-30,11569.71,-0.1353
2010-12-31,11577.51,0.0674
2011-01-03,11670.75,0.8054
2011-01-04,11691.18,0.1751
2011-01-05,11722.89,0.2712
2011-01-06,11697.31,-0.2182
2011-01-07,11674.76,-0.1928
2011-01-10,11637.45,-0.3196
2011-01-11,11671.88,0.2959
2011-01-12,11755.44,0.7159
2011-01-13,11731.9,-0.2002
2011-01-14,11787.38,0.4729
2011-01-18,11837.93,0.4288
2011-01-19,11825.29,-0.1068
2011-01-20,11822.8,-0.0211
2011-01-21,11871.84,0.4148
2011-01-24,11980.52,0.9154
2011-01-25,11977.19,-0.0278
2011-01-26,11985.44,0.0689
2011-01-27,11989.83,0.0366
2011-01-28,11823.7,-1.3856
2011-01-31,11891.93,0.5771
2011-02-01,12040.16,1.2465
2011-02-02,12041.97,0.015
2011-02-03,12062.26,0.1685
2011-02-04,12092.15,0.2478
2011-02-07,12161.63,0.5746
2011-02-08,12233.15,0.5881
2011-02-09,12239.89,0.0551
2011-02-10,12229.29,-0.0866
2011-02-11,12273.26,0.3595
2011-02-14,12268.19,-0.0413
2011-02-15,12226.64,-0.3387
2011-02-16,12288.17,0.5032
2011-02-17,12318.14,0.2439
2011-02-18,12391.25,0.5935
2011-02-22,12212.79,-1.4402
2011-02-23,12105.78,-0.8762
2011-02-24,12068.5,-0.308
2011-02-25,12130.45,0.5133
2011-02-28,12226.34,0.7905
2011-03-01,12058.02,-1.3767
2011-03-02,12066.8,0.0728
2011-03-03,12258.2,1.5862
2011-03-04,12169.88,-0.7205
2011-03-07,12090.03,-0.6561
2011-03-08,12214.38,1.0285
2011-03-09,12213.09,-0.0106
2011-03-10,11984.61,-1.8708
2011-03-11,12044.4,0.4989
2011-03-14,11993.16,-0.4254
2011-03-15,11855.42,-1.1485
2011-03-16,11613.3,-2.0423
2011-03-17,11774.59,1.3888
2011-03-18,11858.52,0.7128
2011-03-21,12036.53,1.5011
2011-03-22,12018.63,-0.1487
2011-03-23,12086.02,0.5607
2011-03-24,12170.56,0.6995
2011-03-25,12220.59,0.4111
2011-03-28,12197.88,-0.1858
2011-03-29,12279.01,0.6651
2011-03-30,12350.61,0.5831
2011-03-31,12319.73,-0.25
2011-04-01,12376.72,0.4626
2011-04-04,12400.03,0.1883
2011-04-05,12393.9,-0.0494
2011-04-06,12426.75,0.265
2011-04-07,12409.49,-0.1389
2011-04-08,12380.05,-0.2372
2011-04-11,12381.11,0.0086
2011-04-12,12263.58,-0.9493
2011-04-13,12270.99,0.0604
2011-04-14,12285.15,0.1154
2011-04-15,12341.83,0.4614
2011-04-18,12201.59,-1.1363
2011-04-19,12266.75,0.534
2011-04-20,12453.54,1.5227
2011-04-21,12505.99,0.4212
2011-04-25,12479.88,-0.2088
2011-04-26,12595.37,0.9254
2011-04-27,12690.96,0.7589
2011-04-28,12763.31,0.5701
2011-04-29,12810.54,0.37
2011-05-02,12807.36,-0.0248
2011-05-03,12807.51,0.0012
2011-05-04,12723.58,-0.6553
2011-05-05,12584.17,-1.0957
2011-05-06,12638.74,0.4336
2011-05-09,12684.68,0.3635
2011-05-10,12760.36,0.5966
2011-05-11,12630.03,-1.0214
2011-05-12,12695.92,0.5217
2011-05-13,12595.75,-0.789
2011-05-16,12548.37,-0.3762
2011-05-17,12479.58,-0.5482
2011-05-18,12560.18,0.6459
2011-05-19,12605.32,0.3594
2011-05-20,12512.04,-0.74
2011-05-23,12381.26,-1.0452
2011-05-24,12356.21,-0.2023
2011-05-25,12394.66,0.3112
2011-05-26,12402.76,0.0654
2011-05-27,12441.58,0.313
2011-05-31,12569.79,1.0305
2011-06-01,12290.14,-2.2248
2011-06-02,12248.55,-0.3384
2011-06-03,12151.26,-0.7943
2011-06-06,12089.96,-0.5045
2011-06-07,12070.81,-0.1584
2011-06-08,12048.94,-0.1812
2011-06-09,12124.36,0.6259
2011-06-10,11951.91,-1.4223
2011-06-13,11952.97,0.0089
2011-06-14,12076.11,1.0302
2011-06-15,11897.27,-1.4809
2011-06-16,11961.52,0.54
2011-06-17,12004.36,0.3581
2011-06-20,12080.38,0.6333
2011-06-21,12190.01,0.9075
2011-06-22,12109.67,-0.6591
2011-06-23,12050,-0.4927
2011-06-24,11934.58,-0.9578
2011-06-27,12043.56,0.9131
2011-06-28,12188.69,1.205
2011-06-29,12261.42,0.5967
2011-06-30,12414.34,1.2472
2011-07-01,12582.77,1.3567
2011-07-05,12569.87,-0.1025
2011-07-06,12626.02,0.4467
2011-07-07,12719.49,0.7403
2011-07-08,12657.2,-0.4897
2011-07-11,12505.76,-1.1965
2011-07-12,12446.88,-0.4708
2011-07-13,12491.61,0.3594
2011-07-14,12437.12,-0.4362
2011-07-15,12479.73,0.3426
2011-07-18,12385.16,-0.7578
2011-07-19,12587.42,1.6331
2011-07-20,12571.91,-0.1232
2011-07-21,12724.41,1.213
2011-07-22,12681.16,-0.3399
2011-07-25,12592.8,-0.6968
2011-07-26,12501.3,-0.7266
2011-07-27,12302.55,-1.5898
2011-07-28,12240.11,-0.5075
2011-07-29,12143.24,-0.7914
2011-08-01,12132.49,-0.0885
2011-08-02,11866.62,-2.1914
2011-08-03,11896.44,0.2513
2011-08-04,11383.68,-4.3102
2011-08-05,11444.61,0.5352
2011-08-08,10809.85,-5.5464
2011-08-09,11239.77,3.9771
2011-08-10,10719.94,-4.6249
2011-08-11,11143.31,3.9494
2011-08-12,11269.02,1.1281
2011-08-15,11482.9,1.8979
2011-08-16,11405.93,-0.6703
2011-08-17,11410.21,0.0375
2011-08-18,10990.58,-3.6777
2011-08-19,10817.65,-1.5734
2011-08-22,10854.65,0.342
2011-08-23,11176.76,2.9675
2011-08-24,11320.71,1.2879
2011-08-25,11149.82,-1.5095
2011-08-26,11284.54,1.2083
2011-08-29,11539.25,2.2572
2011-08-30,11559.95,0.1794
2011-08-31,11613.53,0.4635
2011-09-01,11493.57,-1.0329
2011-09-02,11240.26,-2.2039
2011-09-06,11139.3,-0.8982
2011-09-07,11414.86,2.4738
2011-09-08,11295.81,-1.0429
2011-09-09,10992.13,-2.6884
2011-09-12,11061.12,0.6276
2011-09-13,11105.85,0.4044
2011-09-14,11246.73,1.2685
2011-09-15,11433.18,1.6578
2011-09-16,11509.09,0.6639
2011-09-19,11401.01,-0.9391
2011-09-20,11408.66,0.0671
2011-09-21,11124.84,-2.4878
2011-09-22,10733.83,-3.5147
2011-09-23,10771.48,0.3508
2011-09-26,11043.86,2.5287
2011-09-27,11190.69,1.3295
2011-09-28,11010.9,-1.6066
2011-09-29,11153.98,1.2994
2011-09-30,10913.38,-2.1571
2011-10-03,10655.3,-2.3648
2011-10-04,10808.71,1.4398
2011-10-05,10939.95,1.2142
2011-10-06,11123.33,1.6762
2011-10-07,11103.12,-0.1817
2011-10-10,11433.18,2.9727
2011-10-11,11416.3,-0.1476
2011-10-12,11518.85,0.8983
2011-10-13,11478.13,-0.3535
2011-10-14,11644.49,1.4494
2011-10-17,11397,-2.1254
2011-10-18,11577.05,1.5798
2011-10-19,11504.62,-0.6256
2011-10-20,11541.78,0.323
2011-10-21,11808.79,2.3134
2011-10-24,11913.62,0.8877
2011-10-25,11706.62,-1.7375
2011-10-26,11869.04,1.3874
2011-10-27,12208.55,2.8605
2011-10-28,12231.11,0.1848
2011-10-31,11955.01,-2.2574
2011-11-01,11657.96,-2.4847
2011-11-02,11836.04,1.5275
2011-11-03,12044.47,1.761
2011-11-04,11983.24,-0.5084
2011-11-07,12068.39,0.7106
2011-11-08,12170.18,0.8434
2011-11-09,11780.94,-3.1983
2011-11-10,11893.86,0.9585
2011-11-11,12153.68,2.1845
2011-11-14,12078.98,-0.6146
2011-11-15,12096.16,0.1422
2011-11-16,11905.59,-1.5755
2011-11-17,11770.73,-1.1327
2011-11-18,11796.16,0.216
2011-11-21,11547.31,-2.1096
2011-11-22,11493.72,-0.4641
2011-11-23,11257.55,-2.0548
2011-11-25,11231.65,-0.2301
2011-11-28,11523.01,2.5941
2011-11-29,11555.63,0.2831
2011-11-30,12045.68,4.2408
2011-12-01,12020.03,-0.2129
2011-12-02,12019.42,-0.0051
2011-12-05,12097.83,0.6524
2011-12-06,12150.13,0.4323
2011-12-07,12196.37,0.3806
2011-12-08,11997.7,-1.6289
2011-12-09,12184.26,1.555
2011-12-12,12021.39,-1.3367
2011-12-13,11954.94,-0.5528
2011-12-14,11823.48,-1.0996
2011-12-15,11868.81,0.3834
2011-12-16,11866.39,-0.0204
2011-12-19,11766.26,-0.8438
2011-12-20,12103.58,2.8668
2011-12-21,12107.74,0.0344
2011-12-22,12169.65,0.5113
2011-12-23,12294,1.0218
2011-12-27,12291.35,-0.0216
2011-12-28,12151.41,-1.1385
2011-12-29,12287.04,1.1162
2011-12-30,12217.56,-0.5655
2012-01-03,12397.38,1.4718
2012-01-04,12418.42,0.1697
2012-01-05,12415.7,-0.0219
2012-01-06,12359.92,-0.4493
2012-01-09,12392.69,0.2651
2012-01-10,12462.47,0.5631
2012-01-11,12449.45,-0.1045
2012-01-12,12471.02,0.1733
2012-01-13,12422.06,-0.3926
2012-01-17,12482.07,0.4831
2012-01-18,12578.95,0.7762
2012-01-19,12623.98,0.358
2012-01-20,12720.48,0.7644
2012-01-23,12708.82,-0.0917
2012-01-24,12675.75,-0.2602
2012-01-25,12758.85,0.6556
2012-01-26,12734.63,-0.1898
2012-01-27,12660.46,-0.5824
2012-01-30,12653.72,-0.0532
2012-01-31,12632.91,-0.1645
2012-02-01,12716.46,0.6614
2012-02-02,12705.41,-0.0869
2012-02-03,12862.23,1.2343
2012-02-06,12845.13,-0.1329
2012-02-07,12878.2,0.2575
2012-02-08,12883.95,0.0446
2012-02-09,12890.46,0.0505
2012-02-10,12801.23,-0.6922
2012-02-13,12874.04,0.5688
2012-02-14,12878.28,0.0329
2012-02-15,12780.95,-0.7558
2012-02-16,12904.08,0.9634
2012-02-17,12949.87,0.3548
2012-02-21,12965.69,0.1222
2012-02-22,12938.67,-0.2084
2012-02-23,12984.69,0.3557
2012-02-24,12982.95,-0.0134
2012-02-27,12981.51,-0.0111
2012-02-28,13005.12,0.1819
2012-02-29,12952.07,-0.4079
2012-03-01,12980.3,0.218
2012-03-02,12977.57,-0.021
2012-03-05,12962.81,-0.1137
2012-03-06,12759.15,-1.5711
2012-03-07,12837.33,0.6127
2012-03-08,12907.94,0.55
2012-03-09,12922.02,0.1091
2012-03-12,12959.71,0.2917
2012-03-13,13177.68,1.6819
2012-03-14,13194.1,0.1246
2012-03-15,13252.76,0.4446
2012-03-16,13232.62,-0.152
2012-03-19,13239.13,0.0492
2012-03-20,13170.19,-0.5207
2012-03-21,13124.62,-0.346
2012-03-22,13046.14,-0.598
2012-03-23,13080.73,0.2651
2012-03-26,13241.63,1.2301
2012-03-27,13197.73,-0.3315
2012-03-28,13126.21,-0.5419
2012-03-29,13145.82,0.1494
2012-03-30,13212.04,0.5037
2012-04-02,13264.49,0.397
2012-04-03,13199.55,-0.4896
2012-04-04,13074.75,-0.9455
2012-04-05,13060.14,-0.1117
2012-04-09,12929.59,-0.9996
2012-04-10,12715.93,-1.6525
2012-04-11,12805.39,0.7035
2012-04-12,12986.58,1.415
2012-04-13,12849.59,-1.0549
2012-04-16,12921.41,0.5589
2012-04-17,13115.54,1.5024
2012-04-18,13032.75,-0.6312
2012-04-19,12964.1,-0.5267
2012-04-20,13029.26,0.5026
2012-04-23,12927.17,-0.7835
2012-04-24,13001.56,0.5755
2012-04-25,13090.72,0.6858
2012-04-26,13204.62,0.8701
2012-04-27,13228.31,0.1794
2012-04-30,13213.63,-0.111
2012-05-01,13279.32,0.4971
2012-05-02,13268.57,-0.081
2012-05-03,13206.59,-0.4671
2012-05-04,13038.27,-1.2745
2012-05-07,13008.53,-0.2281
2012-05-08,12932.09,-0.5876
2012-05-09,12835.06,-0.7503
2012-05-10,12855.04,0.1557
2012-05-11,12820.6,-0.2679
2012-05-14,12695.35,-0.9769
2012-05-15,12632,-0.499
2012-05-16,12598.55,-0.2648
2012-05-17,12442.49,-1.2387
2012-05-18,12369.38,-0.5876
2012-05-21,12504.48,1.0922
2012-05-22,12502.81,-0.0134
2012-05-23,12496.15,-0.0533
2012-05-24,12529.75,0.2689
2012-05-25,12454.83,-0.5979
2012-05-29,12580.69,1.0105
2012-05-30,12419.86,-1.2784
2012-05-31,12393.45,-0.2126
2012-06-01,12118.57,-2.2179
2012-06-04,12101.46,-0.1412
2012-06-05,12127.95,0.2189
2012-06-06,12414.79,2.3651
2012-06-07,12460.96,0.3719
2012-06-08,12554.2,0.7483
2012-06-11,12411.23,-1.1388
2012-06-12,12573.8,1.3099
2012-06-13,12496.38,-0.6157
2012-06-14,12651.91,1.2446
2012-06-15,12767.17,0.911
2012-06-18,12741.82,-0.1986
2012-06-19,12837.33,0.7496
2012-06-20,12824.39,-0.1008
2012-06-21,12573.57,-1.9558
2012-06-22,12640.78,0.5345
2012-06-25,12502.66,-1.0927
2012-06-26,12534.67,0.256
2012-06-27,12627.01,0.7367
2012-06-28,12602.26,-0.196
2012-06-29,12880.09,2.2046
2012-07-02,12871.39,-0.0675
2012-07-03,12943.66,0.5615
2012-07-05,12896.67,-0.363
2012-07-06,12772.47,-0.963
2012-07-09,12736.29,-0.2833
2012-07-10,12653.12,-0.653
2012-07-11,12604.53,-0.384
2012-07-12,12573.27,-0.248
2012-07-13,12777.09,1.6211
2012-07-16,12727.21,-0.3904
2012-07-17,12805.54,0.6155
2012-07-18,12908.7,0.8056
2012-07-19,12943.36,0.2685
2012-07-20,12822.57,-0.9332
2012-07-23,12721.46,-0.7885
2012-07-24,12617.32,-0.8186
2012-07-25,12676.05,0.4655
2012-07-26,12887.93,1.6715
2012-07-27,13075.66,1.4566
2012-07-30,13073.01,-0.0203
2012-07-31,13008.68,-0.4921
2012-08-01,12976.13,-0.2502
2012-08-02,12878.88,-0.7495
2012-08-03,13096.17,1.6872
2012-08-06,13117.51,0.1629
2012-08-07,13168.6,0.3895
2012-08-08,13175.64,0.0535
2012-08-09,13165.19,-0.0793
2012-08-10,13207.95,0.3248
2012-08-13,13169.43,-0.2916
2012-08-14,13172.14,0.0206
2012-08-15,13164.78,-0.0559
2012-08-16,13250.11,0.6482
2012-08-17,13275.2,0.1894
2012-08-20,13271.64,-0.0268
2012-08-21,13203.58,-0.5128
2012-08-22,13172.76,-0.2334
2012-08-23,13057.46,-0.8753
2012-08-24,13157.97,0.7698
2012-08-27,13124.67,-0.2531
2012-08-28,13102.99,-0.1652
2012-08-29,13107.48,0.0343
2012-08-30,13000.71,-0.8146
2012-08-31,13090.84,0.6933
2012-09-04,13035.94,-0.4194
2012-09-05,13047.48,0.0885
2012-09-06,13292,1.8741
2012-09-07,13306.64,0.1101
2012-09-10,13254.29,-0.3934
2012-09-11,13323.36,0.5211
2012-09-12,13333.35,0.075
2012-09-13,13539.86,1.5488
2012-09-14,13593.37,0.3952
2012-09-17,13553.1,-0.2962
2012-09-18,13564.64,0.0851
2012-09-19,13577.96,0.0982
2012-09-20,13596.93,0.1397
2012-09-21,13579.47,-0.1284
2012-09-24,13558.92,-0.1513
2012-09-25,13457.55,-0.7476
2012-09-26,13413.51,-0.3273
2012-09-27,13485.97,0.5402
2012-09-28,13437.13,-0.3622
2012-10-01,13515.11,0.5803
2012-10-02,13482.36,-0.2423
2012-10-03,13494.61,0.0909
2012-10-04,13575.36,0.5984
2012-10-05,13610.15,0.2563
2012-10-08,13583.65,-0.1947
2012-10-09,13473.53,-0.8107
2012-10-10,13344.97,-0.9542
2012-10-11,13326.39,-0.1392
2012-10-12,13328.85,0.0185
2012-10-15,13424.23,0.7156
2012-10-16,13551.78,0.9501
2012-10-17,13557,0.0385
2012-10-18,13548.94,-0.0595
2012-10-19,13343.51,-1.5162
2012-10-22,13345.89,0.0178
2012-10-23,13102.53,-1.8235
2012-10-24,13077.34,-0.1923
2012-10-25,13103.68,0.2014
2012-10-26,13107.21,0.0269
2012-10-31,13096.46,-0.082
2012-11-01,13232.62,1.0397
2012-11-02,13093.16,-1.0539
2012-11-05,13112.44,0.1473
2012-11-06,13245.68,1.0161
2012-11-07,12932.73,-2.3627
2012-11-08,12811.32,-0.9388
2012-11-09,12815.39,0.0318
2012-11-12,12815.08,-0.0024
2012-11-13,12756.18,-0.4596
2012-11-14,12570.95,-1.4521
2012-11-15,12542.38,-0.2273
2012-11-16,12588.31,0.3662
2012-11-19,12795.96,1.6495
2012-11-20,12788.51,-0.0582
2012-11-21,12836.89,0.3783
2012-11-23,13009.53,1.3449
2012-11-26,12967.37,-0.3241
2012-11-27,12878.13,-0.6882
2012-11-28,12985.11,0.8307
2012-11-29,13021.82,0.2827
2012-11-30,13025.58,0.0289
2012-12-03,12965.6,-0.4605
2012-12-04,12951.78,-0.1066
2012-12-05,13034.49,0.6386
2012-12-06,13074.04,0.3034
2012-12-07,13155.13,0.6202
2012-12-10,13169.88,0.1121
2012-12-11,13248.44,0.5965
2012-12-12,13245.45,-0.0226
2012-12-13,13170.72,-0.5642
2012-12-14,13135.01,-0.2711
2012-12-17,13235.39,0.7642
2012-12-18,13350.96,0.8732
2012-12-19,13251.97,-0.7414
2012-12-20,13311.72,0.4509
2012-12-21,13190.84,-0.9081
2012-12-24,13138.93,-0.3935
2012-12-26,13114.59,-0.1853
2012-12-27,13096.31,-0.1394
2012-12-28,12938.11,-1.208
2012-12-31,13104.14,1.2833
2013-01-02,13412.55,2.3535
2013-01-03,13391.36,-0.158
2013-01-04,13435.21,0.3274
2013-01-07,13384.29,-0.379
2013-01-08,13328.85,-0.4142
2013-01-09,13390.51,0.4626
2013-01-10,13471.22,0.6027
2013-01-11,13488.43,0.1278
2013-01-14,13507.32,0.14
2013-01-15,13534.89,0.2041
2013-01-16,13511.23,-0.1748
2013-01-17,13596.02,0.6276
2013-01-18,13649.7,0.3948
2013-01-22,13712.21,0.458
2013-01-23,13779.33,0.4895
2013-01-24,13825.33,0.3338
2013-01-25,13895.98,0.511
2013-01-28,13881.93,-0.1011
2013-01-29,13954.42,0.5222
2013-01-30,13910.42,-0.3153
2013-01-31,13860.58,-0.3583
2013-02-01,14009.79,1.0765
2013-02-04,13880.08,-0.9259
2013-02-05,13979.3,0.7148
2013-02-06,13986.52,0.0516
2013-02-07,13944.05,-0.3036
2013-02-08,13992.97,0.3508
2013-02-11,13971.24,-0.1553
2013-02-12,14018.7,0.3397
2013-02-13,13982.91,-0.2553
2013-02-14,13973.39,-0.0681
2013-02-15,13981.76,0.0599
2013-02-19,14035.67,0.3856
2013-02-20,13927.54,-0.7704
2013-02-21,13880.62,-0.3369
2013-02-22,14000.57,0.8642
2013-02-25,13784.17,-1.5457
2013-02-26,13900.13,0.8413
2013-02-27,14075.37,1.2607
2013-02-28,14054.49,-0.1483
2013-03-01,14089.66,0.2502
2013-03-04,14127.82,0.2708
2013-03-05,14253.77,0.8915
2013-03-06,14296.24,0.298
2013-03-07,14329.49,0.2326
2013-03-08,14397.07,0.4716
2013-03-11,14447.29,0.3488
2013-03-12,14450.06,0.0192
2013-03-13,14455.28,0.0361
2013-03-14,14539.14,0.5801
2013-03-15,14514.11,-0.1722
2013-03-18,14452.06,-0.4275
2013-03-19,14455.82,0.026
2013-03-20,14511.73,0.3868
2013-03-21,14421.49,-0.6218
2013-03-22,14512.03,0.6278
2013-03-25,14447.75,-0.4429
2013-03-26,14559.65,0.7745
2013-03-27,14526.16,-0.23
2013-03-28,14578.54,0.3606
2013-04-01,14572.85,-0.039
2013-04-02,14662.01,0.6118
2013-04-03,14550.35,-0.7616
2013-04-04,14606.11,0.3832
2013-04-05,14565.25,-0.2797
2013-04-08,14613.48,0.3311
2013-04-09,14673.46,0.4104
2013-04-10,14802.24,0.8776
2013-04-11,14865.14,0.4249
2013-04-12,14865.06,-0.0005
2013-04-15,14599.2,-1.7885
2013-04-16,14756.78,1.0794
2013-04-17,14618.59,-0.9365
2013-04-18,14537.14,-0.5572
2013-04-19,14547.51,0.0713
2013-04-22,14567.17,0.1351
2013-04-23,14719.46,1.0454
2013-04-24,14676.3,-0.2932
2013-04-25,14700.8,0.1669
2013-04-26,14712.55,0.0799
2013-04-29,14818.75,0.7218
2013-04-30,14839.8,0.142
2013-05-01,14700.95,-0.9357
2013-05-02,14831.58,0.8886
2013-05-03,14973.96,0.96
2013-05-06,14968.89,-0.0339
2013-05-07,15056.2,0.5833
2013-05-08,15105.12,0.3249
2013-05-09,15082.62,-0.149
2013-05-10,15118.49,0.2378
2013-05-13,15091.68,-0.1773
2013-05-14,15215.25,0.8188
2013-05-15,15275.69,0.3972
2013-05-16,15233.22,-0.278
2013-05-17,15354.4,0.7955
2013-05-20,15335.28,-0.1245
2013-05-21,15387.58,0.341
2013-05-22,15307.17,-0.5226
2013-05-23,15294.5,-0.0828
2013-05-24,15303.1,0.0562
2013-05-28,15409.39,0.6946
2013-05-29,15302.8,-0.6917
2013-05-30,15324.53,0.142
2013-05-31,15115.57,-1.3636
2013-06-03,15254.03,0.916
2013-06-04,15177.54,-0.5014
2013-06-05,14960.59,-1.4294
2013-06-06,15040.62,0.5349
2013-06-07,15248.12,1.3796
2013-06-10,15238.59,-0.0625
2013-06-11,15122.02,-0.765
2013-06-12,14995.23,-0.8384
2013-06-13,15176.08,1.2061
2013-06-14,15070.18,-0.6978
2013-06-17,15179.85,0.7277
2013-06-18,15318.23,0.9116
2013-06-19,15112.19,-1.3451
2013-06-20,14758.32,-2.3416
2013-06-21,14799.4,0.2784
2013-06-24,14659.56,-0.9449
2013-06-25,14760.31,0.6873
2013-06-26,14910.14,1.0151
2013-06-27,15024.49,0.7669
2013-06-28,14909.6,-0.7647
2013-07-01,14974.96,0.4384
2013-07-02,14932.41,-0.2841
2013-07-03,14988.37,0.3748
2013-07-05,15135.84,0.9839
2013-07-08,15224.69,0.587
2013-07-09,15300.34,0.4969
2013-07-10,15291.66,-0.0567
2013-07-11,15460.92,1.1069
2013-07-12,15464.3,0.0219
2013-07-15,15484.26,0.1291
2013-07-16,15451.85,-0.2093
2013-07-17,15470.52,0.1208
2013-07-18,15548.54,0.5043
2013-07-19,15543.74,-0.0309
2013-07-22,15545.55,0.0116
2013-07-23,15567.74,0.1427
2013-07-24,15542.24,-0.1638
2013-07-25,15555.61,0.086
2013-07-26,15558.83,0.0207
2013-07-29,15521.97,-0.2369
2013-07-30,15520.59,-0.0089
2013-07-31,15499.54,-0.1356
2013-08-01,15628.02,0.8289
2013-08-02,15658.36,0.1941
2013-08-05,15612.13,-0.2952
2013-08-06,15518.74,-0.5982
2013-08-07,15470.67,-0.3098
2013-08-08,15498.32,0.1787
2013-08-09,15425.51,-0.4698
2013-08-12,15419.68,-0.0378
2013-08-13,15451.01,0.2032
2013-08-14,15337.66,-0.7336
2013-08-15,15112.19,-1.47
2013-08-16,15081.47,-0.2033
2013-08-19,15010.74,-0.469
2013-08-20,15002.99,-0.0516
2013-08-21,14897.55,-0.7028
2013-08-22,14963.74,0.4443
2013-08-23,15010.51,0.3126
2013-08-26,14946.46,-0.4267
2013-08-27,14776.13,-1.1396
2013-08-28,14824.51,0.3274
2013-08-29,14840.95,0.1109
2013-08-30,14810.31,-0.2065
2013-09-03,14833.96,0.1597
2013-09-04,14930.87,0.6533
2013-09-05,14937.48,0.0443
2013-09-06,14922.5,-0.1003
2013-09-09,15063.12,0.9423
2013-09-10,15191.06,0.8494
2013-09-11,15326.6,0.8922
2013-09-12,15300.64,-0.1694
2013-09-13,15376.06,0.4929
2013-09-16,15494.78,0.7721
2013-09-17,15529.73,0.2256
2013-09-18,15676.94,0.9479
2013-09-19,15636.55,-0.2576
2013-09-20,15451.09,-1.1861
2013-09-23,15401.38,-0.3217
2013-09-24,15334.59,-0.4337
2013-09-25,15273.26,-0.3999
2013-09-26,15328.3,0.3604
2013-09-27,15258.24,-0.4571
2013-09-30,15129.67,-0.8426
2013-10-01,15191.7,0.41
2013-10-02,15133.14,-0.3855
2013-10-03,14996.48,-0.9031
2013-10-04,15072.58,0.5075
2013-10-07,14936.24,-0.9046
2013-10-08,14776.53,-1.0693
2013-10-09,14802.98,0.179
2013-10-10,15126.07,2.1826
2013-10-11,15237.11,0.7341
2013-10-14,15301.26,0.421
2013-10-15,15168.01,-0.8708
2013-10-16,15373.83,1.3569
2013-10-17,15371.65,-0.0142
2013-10-18,15399.65,0.1822
2013-10-21,15392.2,-0.0484
2013-10-22,15467.66,0.4902
2013-10-23,15413.33,-0.3512
2013-10-24,15509.21,0.6221
2013-10-25,15570.28,0.3938
2013-10-28,15568.93,-0.0087
2013-10-29,15680.35,0.7157
2013-10-30,15618.76,-0.3928
2013-10-31,15545.75,-0.4675
2013-11-01,15615.55,0.449
2013-11-04,15639.12,0.1509
2013-11-05,15618.22,-0.1336
2013-11-06,15746.88,0.8238
2013-11-07,15593.98,-0.971
2013-11-08,15761.78,1.0761
2013-11-11,15783.1,0.1353
2013-11-12,15750.67,-0.2055
2013-11-13,15821.63,0.4505
2013-11-14,15876.22,0.345
2013-11-15,15961.7,0.5384
2013-11-18,15976.02,0.0897
2013-11-19,15967.03,-0.0563
2013-11-20,15900.82,-0.4147
2013-11-21,16009.99,0.6866
2013-11-22,16064.77,0.3422
2013-11-25,16072.54,0.0484
2013-11-26,16072.8,0.0016
2013-11-27,16097.33,0.1526
2013-11-29,16086.41,-0.0678
2013-12-02,16008.77,-0.4826
2013-12-03,15914.62,-0.5881
2013-12-04,15889.77,-0.1561
2013-12-05,15821.51,-0.4296
2013-12-06,16020.2,1.2558
2013-12-09,16025.53,0.0333
2013-12-10,15973.13,-0.327
2013-12-11,15843.53,-0.8114
2013-12-12,15739.43,-0.6571
2013-12-13,15755.36,0.1012
2013-12-16,15884.57,0.8201
2013-12-17,15875.26,-0.0586
2013-12-18,16167.97,1.8438
2013-12-19,16179.08,0.0687
2013-12-20,16221.14,0.26
2013-12-23,16294.61,0.4529
2013-12-24,16357.55,0.3863
2013-12-26,16479.88,0.7479
2013-12-27,16478.41,-0.0089
2013-12-30,16504.29,0.1571
2013-12-31,16576.66,0.4385
2014-01-02,16441.35,-0.8163
2014-01-03,16469.99,0.1742
2014-01-06,16425.1,-0.2726
2014-01-07,16530.94,0.6444
2014-01-08,16462.74,-0.4126
2014-01-09,16444.76,-0.1092
2014-01-10,16437.05,-0.0469
2014-01-13,16257.94,-1.0897
2014-01-14,16373.86,0.713
2014-01-15,16481.94,0.6601
2014-01-16,16417.01,-0.3939
2014-01-17,16458.56,0.2531
2014-01-21,16414.44,-0.2681
2014-01-22,16373.34,-0.2504
2014-01-23,16197.35,-1.0749
2014-01-24,15879.11,-1.9648
2014-01-27,15837.88,-0.2596
2014-01-28,15928.56,0.5726
2014-01-29,15738.79,-1.1914
2014-01-30,15848.61,0.6978
2014-01-31,15698.85,-0.9449
2014-02-03,15372.8,-2.0769
2014-02-04,15445.24,0.4712
2014-02-05,15440.23,-0.0324
2014-02-06,15628.53,1.2195
2014-02-07,15794.08,1.0593
2014-02-10,15801.79,0.0488
2014-02-11,15994.77,1.2213
2014-02-12,15963.94,-0.1928
2014-02-13,16027.59,0.3987
2014-02-14,16154.39,0.7911
2014-02-18,16130.4,-0.1485
2014-02-19,16040.56,-0.557
2014-02-20,16133.23,0.5777
2014-02-21,16103.3,-0.1855
2014-02-24,16207.14,0.6448
2014-02-25,16179.66,-0.1696
2014-02-26,16198.41,0.1159
2014-02-27,16272.65,0.4583
2014-02-28,16321.71,0.3015
2014-03-03,16168.03,-0.9416
2014-03-04,16395.88,1.4093
2014-03-05,16360.18,-0.2177
2014-03-06,16421.89,0.3772
2014-03-07,16452.72,0.1877
2014-03-10,16418.68,-0.2069
2014-03-11,16351.25,-0.4107
2014-03-12,16340.08,-0.0683
2014-03-13,16108.89,-1.4149
2014-03-14,16065.67,-0.2683
2014-03-17,16247.22,1.13
2014-03-18,16336.19,0.5476
2014-03-19,16222.17,-0.698
2014-03-20,16331.05,0.6712
2014-03-21,16302.77,-0.1732
2014-03-24,16276.69,-0.16
2014-03-25,16367.88,0.5602
2014-03-26,16268.99,-0.6042
2014-03-27,16264.23,-0.0293
2014-03-28,16323.06,0.3617
2014-03-31,16457.66,0.8246
2014-04-01,16532.61,0.4554
2014-04-02,16573,0.2443
2014-04-03,16572.55,-0.0027
2014-04-04,16412.71,-0.9645
2014-04-07,16245.87,-1.0165
2014-04-08,16256.14,0.0632
2014-04-09,16437.18,1.1137
2014-04-10,16170.22,-1.6241
2014-04-11,16026.75,-0.8872
2014-04-14,16173.24,0.914
2014-04-15,16262.56,0.5523
2014-04-16,16424.85,0.9979
2014-04-17,16408.54,-0.0993
2014-04-21,16449.25,0.2481
2014-04-22,16514.37,0.3959
2014-04-23,16501.65,-0.077
2014-04-24,16501.65,0
2014-04-25,16361.46,-0.8496
2014-04-28,16448.74,0.5334
2014-04-29,16535.37,0.5267
2014-04-30,16580.84,0.275
2014-05-01,16558.87,-0.1325
2014-05-02,16512.89,-0.2777
2014-05-05,16530.55,0.1069
2014-05-06,16401.02,-0.7836
2014-05-07,16518.54,0.7165
2014-05-08,16550.97,0.1963
2014-05-09,16583.34,0.1956
2014-05-12,16695.47,0.6762
2014-05-13,16715.44,0.1196
2014-05-14,16613.97,-0.607
2014-05-15,16446.81,-1.0061
2014-05-16,16491.31,0.2706
2014-05-19,16511.86,0.1246
2014-05-20,16374.31,-0.833
2014-05-21,16533.06,0.9695
2014-05-22,16543.08,0.0606
2014-05-23,16606.27,0.382
2014-05-27,16675.5,0.4169
2014-05-28,16633.18,-0.2538
2014-05-29,16698.74,0.3942
2014-05-30,16717.17,0.1104
2014-06-02,16743.63,0.1583
2014-06-03,16722.34,-0.1272
2014-06-04,16737.53,0.0908
2014-06-05,16836.11,0.589
2014-06-06,16924.28,0.5237
2014-06-09,16943.1,0.1112
2014-06-10,16945.92,0.0166
2014-06-11,16843.88,-0.6022
2014-06-12,16734.19,-0.6512
2014-06-13,16775.74,0.2483
2014-06-16,16781.01,0.0314
2014-06-17,16808.49,0.1638
2014-06-18,16906.62,0.5838
2014-06-19,16921.46,0.0878
2014-06-20,16947.08,0.1514
2014-06-23,16937.26,-0.0579
2014-06-24,16818.13,-0.7034
2014-06-25,16867.51,0.2936
2014-06-26,16846.13,-0.1268
2014-06-27,16851.84,0.0339
2014-06-30,16826.6,-0.1498
2014-07-01,16956.07,0.7694
2014-07-02,16976.24,0.119
2014-07-03,17068.26,0.5421
2014-07-07,17024.21,-0.2581
2014-07-08,16906.62,-0.6907
2014-07-09,16985.61,0.4672
2014-07-10,16915.07,-0.4153
2014-07-11,16943.81,0.1699
2014-07-14,17055.42,0.6587
2014-07-15,17060.68,0.0308
2014-07-16,17138.2,0.4544
2014-07-17,16976.81,-0.9417
2014-07-18,17100.18,0.7267
2014-07-21,17051.73,-0.2833
2014-07-22,17113.54,0.3625
2014-07-23,17086.63,-0.1572
2014-07-24,17083.8,-0.0166
2014-07-25,16960.57,-0.7213
2014-07-28,16982.59,0.1298
2014-07-29,16912.11,-0.415
2014-07-30,16880.36,-0.1877
2014-07-31,16563.3,-1.8783
2014-08-01,16493.37,-0.4222
2014-08-04,16569.28,0.4602
2014-08-05,16429.47,-0.8438
2014-08-06,16443.34,0.0844
2014-08-07,16368.27,-0.4565
2014-08-08,16553.93,1.1343
2014-08-11,16569.98,0.097
2014-08-12,16560.54,-0.057
2014-08-13,16651.8,0.5511
2014-08-14,16713.58,0.371
2014-08-15,16662.91,-0.3032
2014-08-18,16838.74,1.0552
2014-08-19,16919.59,0.4801
2014-08-20,16979.13,0.3519
2014-08-21,17039.49,0.3555
2014-08-22,17001.22,-0.2246
2014-08-25,17076.87,0.445
2014-08-26,17106.7,0.1747
2014-08-27,17122.01,0.0895
2014-08-28,17079.57,-0.2479
2014-08-29,17098.45,0.1105
2014-09-02,17067.56,-0.1807
2014-09-03,17078.28,0.0628
2014-09-04,17069.58,-0.0509
2014-09-05,17137.36,0.3971
2014-09-08,17111.42,-0.1514
2014-09-09,17013.87,-0.5701
2014-09-10,17068.71,0.3223
2014-09-11,17049,-0.1155
2014-09-12,16987.51,-0.3607
2014-09-15,17031.14,0.2568
2014-09-16,17131.97,0.592
2014-09-17,17156.85,0.1452
2014-09-18,17265.99,0.6361
2014-09-19,17279.74,0.0796
2014-09-22,17172.68,-0.6196
2014-09-23,17055.87,-0.6802
2014-09-24,17210.06,0.904
2014-09-25,16945.8,-1.5355
2014-09-26,17113.15,0.9876
2014-09-29,17071.22,-0.245
2014-09-30,17042.9,-0.1659
2014-10-01,16804.71,-1.3976
2014-10-02,16801.05,-0.0218
2014-10-03,17009.69,1.2418
2014-10-06,16991.91,-0.1045
2014-10-07,16719.39,-1.6038
2014-10-08,16994.22,1.6438
2014-10-09,16659.25,-1.9711
2014-10-10,16544.1,-0.6912
2014-10-13,16321.07,-1.3481
2014-10-14,16315.19,-0.036
2014-10-15,16141.74,-1.0631
2014-10-16,16117.24,-0.1518
2014-10-17,16380.41,1.6328
2014-10-20,16399.67,0.1176
2014-10-21,16614.81,1.3119
2014-10-22,16461.32,-0.9238
2014-10-23,16677.9,1.3157
2014-10-24,16805.41,0.7645
2014-10-27,16817.94,0.0746
2014-10-28,17005.75,1.1167
2014-10-29,16974.31,-0.1849
2014-10-30,17195.42,1.3026
2014-10-31,17390.52,1.1346
2014-11-03,17366.24,-0.1396
2014-11-04,17383.84,0.1013
2014-11-05,17484.53,0.5792
2014-11-06,17554.47,0.4
2014-11-07,17573.93,0.1109
2014-11-10,17613.74,0.2265
2014-11-11,17614.9,0.0066
2014-11-12,17612.2,-0.0153
2014-11-13,17652.79,0.2305
2014-11-14,17634.74,-0.1023
2014-11-17,17647.75,0.0738
2014-11-18,17687.82,0.2271
2014-11-19,17685.73,-0.0118
2014-11-20,17719,0.1881
2014-11-21,17810.06,0.5139
2014-11-24,17817.9,0.044
2014-11-25,17814.94,-0.0166
2014-11-26,17827.75,0.0719
2014-11-28,17828.24,0.0027
2014-12-01,17776.8,-0.2885
2014-12-02,17879.55,0.578
2014-12-03,17912.62,0.185
2014-12-04,17900.1,-0.0699
2014-12-05,17958.79,0.3279
2014-12-08,17852.48,-0.592
2014-12-09,17801.2,-0.2872
2014-12-10,17533.15,-1.5058
2014-12-11,17596.34,0.3604
2014-12-12,17280.83,-1.793
2014-12-15,17180.84,-0.5786
2014-12-16,17068.87,-0.6517
2014-12-17,17356.87,1.6873
2014-12-18,17778.15,2.4272
2014-12-19,17804.8,0.1499
2014-12-22,17959.44,0.8685
2014-12-23,18024.17,0.3604
2014-12-24,18030.21,0.0335
2014-12-26,18053.71,0.1303
2014-12-29,18038.23,-0.0857
2014-12-30,17983.07,-0.3058
2014-12-31,17823.07,-0.8897
2015-01-02,17832.99,0.0557
2015-01-05,17501.65,-1.858
2015-01-06,17371.64,-0.7428
2015-01-07,17584.52,1.2254
2015-01-08,17907.87,1.8388
2015-01-09,17737.37,-0.9521
2015-01-12,17640.84,-0.5442
2015-01-13,17613.68,-0.154
2015-01-14,17427.09,-1.0593
2015-01-15,17320.71,-0.6104
2015-01-16,17511.57,1.1019
2015-01-20,17515.23,0.0209
2015-01-21,17554.28,0.2229
2015-01-22,17813.98,1.4794
2015-01-23,17672.6,-0.7936
2015-01-26,17678.7,0.0345
2015-01-27,17387.21,-1.6488
2015-01-28,17191.37,-1.1263
2015-01-29,17416.85,1.3116
2015-01-30,17164.95,-1.4463
2015-02-02,17361.04,1.1424
2015-02-03,17666.4,1.7589
2015-02-04,17673.02,0.0375
2015-02-05,17884.88,1.1988
2015-02-06,17824.29,-0.3388
2015-02-09,17729.21,-0.5334
2015-02-10,17868.76,0.7871
2015-02-11,17862.14,-0.037
2015-02-12,17972.38,0.6172
2015-02-13,18019.35,0.2613
2015-02-17,18047.58,0.1567
2015-02-18,18029.85,-0.0982
2015-02-19,17985.77,-0.2445
2015-02-20,18140.44,0.86
2015-02-23,18116.84,-0.1301
2015-02-24,18209.19,0.5097
2015-02-25,18224.57,0.0845
2015-02-26,18214.42,-0.0557
2015-02-27,18132.7,-0.4487
2015-03-02,18288.63,0.8599
2015-03-03,18203.37,-0.4662
2015-03-04,18096.9,-0.5849
2015-03-05,18135.72,0.2145
2015-03-06,17856.78,-1.5381
2015-03-09,17995.72,0.7781
2015-03-10,17662.94,-1.8492
2015-03-11,17635.39,-0.156
2015-03-12,17895.22,1.4733
2015-03-13,17749.31,-0.8154
2015-03-16,17977.42,1.2852
2015-03-17,17849.08,-0.7139
2015-03-18,18076.19,1.2724
2015-03-19,17959.03,-0.6481
2015-03-20,18127.65,0.9389
2015-03-23,18116.04,-0.064
2015-03-24,18011.14,-0.579
2015-03-25,17718.54,-1.6246
2015-03-26,17678.23,-0.2275
2015-03-27,17712.66,0.1948
2015-03-30,17976.31,1.4885
2015-03-31,17776.12,-1.1136
2015-04-01,17698.18,-0.4385
2015-04-02,17763.24,0.3676
2015-04-06,17880.85,0.6621
2015-04-07,17875.42,-0.0304
2015-04-08,17902.51,0.1515
2015-04-09,17958.73,0.314
2015-04-10,18057.65,0.5508
2015-04-13,17977.04,-0.4464
2015-04-14,18036.7,0.3319
2015-04-15,18112.61,0.4209
2015-04-16,18105.77,-0.0378
2015-04-17,17826.3,-1.5435
2015-04-20,18034.93,1.1703
2015-04-21,17949.59,-0.4732
2015-04-22,18038.27,0.4941
2015-04-23,18058.69,0.1132
2015-04-24,18080.14,0.1188
2015-04-27,18037.97,-0.2332
2015-04-28,18110.14,0.4001
2015-04-29,18035.53,-0.412
2015-04-30,17840.52,-1.0813
2015-05-01,18024.06,1.0288
2015-05-04,18070.4,0.2571
2015-05-05,17928.2,-0.7869
2015-05-06,17841.98,-0.4809
2015-05-07,17924.06,0.46
2015-05-08,18191.11,1.4899
2015-05-11,18105.17,-0.4724
2015-05-12,18068.23,-0.204
2015-05-13,18060.49,-0.0428
2015-05-14,18252.24,1.0617
2015-05-15,18272.56,0.1113
2015-05-18,18298.88,0.144
2015-05-19,18312.39,0.0738
2015-05-20,18285.4,-0.1474
2015-05-21,18285.74,0.0019
2015-05-22,18232.02,-0.2938
2015-05-26,18041.54,-1.0448
2015-05-27,18162.99,0.6732
2015-05-28,18126.12,-0.203
2015-05-29,18010.68,-0.6369
2015-06-01,18040.37,0.1648
2015-06-02,18011.94,-0.1576
2015-06-03,18076.27,0.3572
2015-06-04,17905.58,-0.9443
2015-06-05,17849.46,-0.3134
2015-06-08,17766.55,-0.4645
2015-06-09,17764.04,-0.0141
2015-06-10,18000.4,1.3306
2015-06-11,18039.37,0.2165
2015-06-12,17898.84,-0.779
2015-06-15,17791.17,-0.6015
2015-06-16,17904.48,0.6369
2015-06-17,17935.74,0.1746
2015-06-18,18115.84,1.0041
2015-06-19,18015.95,-0.5514
2015-06-22,18119.78,0.5763
2015-06-23,18144.07,0.1341
2015-06-24,17966.07,-0.981
2015-06-25,17890.36,-0.4214
2015-06-26,17946.68,0.3148
2015-06-29,17596.35,-1.9521
2015-06-30,17619.51,0.1316
2015-07-01,17757.91,0.7855
2015-07-02,17730.11,-0.1565
2015-07-06,17683.58,-0.2624
2015-07-07,17776.91,0.5278
2015-07-08,17515.42,-1.471
2015-07-09,17548.62,0.1895
2015-07-10,17760.41,1.2069
2015-07-13,17977.68,1.2233
2015-07-14,18053.58,0.4222
2015-07-15,18050.17,-0.0189
2015-07-16,18120.25,0.3883
2015-07-17,18086.45,-0.1865
2015-07-20,18100.41,0.0772
2015-07-21,17919.29,-1.0006
2015-07-22,17851.04,-0.3809
2015-07-23,17731.92,-0.6673
2015-07-24,17568.53,-0.9214
2015-07-27,17440.59,-0.7282
2015-07-28,17630.27,1.0876
2015-07-29,17751.39,0.687
2015-07-30,17745.98,-0.0305
2015-07-31,17689.86,-0.3162
2015-08-03,17598.2,-0.5181
2015-08-04,17550.69,-0.27
2015-08-05,17540.47,-0.0582
2015-08-06,17419.75,-0.6882
2015-08-07,17373.38,-0.2662
2015-08-10,17615.17,1.3917
2015-08-11,17402.84,-1.2054
2015-08-12,17402.51,-0.0019
2015-08-13,17408.25,0.033
2015-08-14,17477.4,0.3972
2015-08-17,17545.18,0.3878
2015-08-18,17511.34,-0.1929
2015-08-19,17348.73,-0.9286
2015-08-20,16990.69,-2.0638
2015-08-21,16459.75,-3.1249
2015-08-24,15871.35,-3.5748
2015-08-25,15666.44,-1.2911
2015-08-26,16285.51,3.9516
2015-08-27,16654.77,2.2674
2015-08-28,16643.01,-0.0706
2015-08-31,16528.03,-0.6909
2015-09-01,16058.35,-2.8417
2015-09-02,16351.38,1.8248
2015-09-03,16374.76,0.143
2015-09-04,16102.38,-1.6634
2015-09-08,16492.68,2.4239
2015-09-09,16253.57,-1.4498
2015-09-10,16330.4,0.4727
2015-09-11,16433.09,0.6288
2015-09-14,16370.96,-0.3781
2015-09-15,16599.85,1.3981
2015-09-16,16739.95,0.844
2015-09-17,16674.74,-0.3895
2015-09-18,16384.58,-1.7401
2015-09-21,16510.19,0.7666
2015-09-22,16330.47,-1.0885
2015-09-23,16279.89,-0.3097
2015-09-24,16201.32,-0.4826
2015-09-25,16314.67,0.6996
2015-09-28,16001.89,-1.9172
2015-09-29,16049.13,0.2952
2015-09-30,16284.7,1.4678
2015-10-01,16272.01,-0.0779
2015-10-02,16472.37,1.2313
2015-10-05,16776.43,1.8459
2015-10-06,16790.19,0.082
2015-10-07,16912.29,0.7272
2015-10-08,17050.75,0.8187
2015-10-09,17084.49,0.1979
2015-10-12,17131.86,0.2773
2015-10-13,17081.89,-0.2917
2015-10-14,16924.75,-0.9199
2015-10-15,17141.75,1.2821
2015-10-16,17215.97,0.433
2015-10-19,17230.54,0.0846
2015-10-20,17217.11,-0.0779
2015-10-21,17168.61,-0.2817
2015-10-22,17489.16,1.8671
2015-10-23,17646.7,0.9008
2015-10-26,17623.05,-0.134
2015-10-27,17581.43,-0.2362
2015-10-28,17779.52,1.1267
2015-10-29,17755.8,-0.1334
2015-10-30,17663.54,-0.5196
2015-11-02,17828.76,0.9354
2015-11-03,17918.15,0.5014
2015-11-04,17867.58,-0.2822
2015-11-05,17863.43,-0.0232
2015-11-06,17910.33,0.2625
2015-11-09,17730.48,-1.0042
2015-11-10,17758.21,0.1564
2015-11-11,17702.22,-0.3153
2015-11-12,17448.07,-1.4357
2015-11-13,17245.24,-1.1625
2015-11-16,17483.01,1.3788
2015-11-17,17489.5,0.0371
2015-11-18,17737.16,1.416
2015-11-19,17732.75,-0.0249
2015-11-20,17823.81,0.5135
2015-11-23,17792.68,-0.1747
2015-11-24,17812.19,0.1097
2015-11-25,17813.39,0.0067
2015-11-27,17813.39,0
2015-11-30,17719.92,-0.5247
2015-12-01,17888.35,0.9505
2015-12-02,17729.68,-0.887
2015-12-03,17477.67,-1.4214
2015-12-04,17847.63,2.1168
2015-12-07,17730.51,-0.6562
2015-12-08,17568,-0.9166
2015-12-09,17492.3,-0.4309
2015-12-10,17574.75,0.4714
2015-12-11,17265.21,-1.7613
2015-12-14,17368.5,0.5983
2015-12-15,17524.91,0.9005
2015-12-16,17749.09,1.2792
2015-12-17,17495.84,-1.4268
2015-12-18,17128.55,-2.0993
2015-12-21,17251.62,0.7185
2015-12-22,17417.27,0.9602
2015-12-23,17602.61,1.0641
2015-12-24,17552.17,-0.2865
2015-12-28,17528.27,-0.1362
2015-12-29,17720.98,1.0994
2015-12-30,17603.87,-0.6609
2015-12-31,17425.03,-1.0159
2016-01-04,17148.94,-1.5844
2016-01-05,17158.66,0.0567
2016-01-06,16906.51,-1.4695
2016-01-07,16514.1,-2.3211
2016-01-08,16346.45,-1.0152
2016-01-11,16398.57,0.3188
2016-01-12,16516.22,0.7174
2016-01-13,16151.41,-2.2088
2016-01-14,16379.05,1.4094
2016-01-15,15988.08,-2.387
2016-01-19,16016.02,0.1748
2016-01-20,15766.74,-1.5564
2016-01-21,15882.68,0.7353
2016-01-22,16093.51,1.3274
2016-01-25,15885.22,-1.2942
2016-01-26,16167.23,1.7753
2016-01-27,15944.46,-1.3779
2016-01-28,16069.64,0.7851
2016-01-29,16466.3,2.4684
2016-02-01,16449.18,-0.104
2016-02-02,16153.54,-1.7973
2016-02-03,16336.66,1.1336
2016-02-04,16416.58,0.4892
2016-02-05,16204.97,-1.289
2016-02-08,16027.05,-1.0979
2016-02-09,16014.38,-0.0791
2016-02-10,15914.74,-0.6222
2016-02-11,15660.18,-1.5995
2016-02-12,15973.84,2.0029
2016-02-16,16196.41,1.3933
2016-02-17,16453.83,1.5894
2016-02-18,16413.43,-0.2455
2016-02-19,16391.99,-0.1306
2016-02-22,16620.66,1.395
2016-02-23,16431.78,-1.1364
2016-02-24,16484.99,0.3238
2016-02-25,16697.29,1.2878
2016-02-26,16639.97,-0.3433
2016-02-29,16516.5,-0.742
2016-03-01,16865.08,2.1105
2016-03-02,16899.32,0.203
2016-03-03,16943.9,0.2638
2016-03-04,17006.77,0.371
2016-03-07,17073.95,0.395
2016-03-08,16964.1,-0.6434
2016-03-09,17000.36,0.2137
2016-03-10,16995.13,-0.0308
2016-03-11,17213.31,1.2838
2016-03-14,17229.13,0.0919
2016-03-15,17251.53,0.13
2016-03-16,17325.76,0.4303
2016-03-17,17481.49,0.8988
2016-03-18,17602.3,0.6911
2016-03-21,17623.87,0.1225
2016-03-22,17582.57,-0.2343
2016-03-23,17502.59,-0.4549
2016-03-24,17515.73,0.0751
2016-03-28,17535.39,0.1122
2016-03-29,17633.11,0.5573
2016-03-30,17716.66,0.4738
2016-03-31,17685.09,-0.1782
2016-04-01,17792.75,0.6088
2016-04-04,17737,-0.3133
2016-04-05,17603.32,-0.7537
2016-04-06,17716.05,0.6404
2016-04-07,17541.96,-0.9827
2016-04-08,17576.96,0.1995
2016-04-11,17556.41,-0.1169
2016-04-12,17721.25,0.9389
2016-04-13,17908.28,1.0554
2016-04-14,17926.43,0.1013
2016-04-15,17897.46,-0.1616
2016-04-18,18004.16,0.5962
2016-04-19,18053.6,0.2746
2016-04-20,18096.27,0.2364
2016-04-21,17982.52,-0.6286
2016-04-22,18003.75,0.1181
2016-04-25,17977.24,-0.1472
2016-04-26,17990.32,0.0728
2016-04-27,18041.55,0.2848
2016-04-28,17830.76,-1.1684
2016-04-29,17773.64,-0.3203
2016-05-02,17891.16,0.6612
2016-05-03,17750.91,-0.7839
2016-05-04,17651.26,-0.5614
2016-05-05,17660.71,0.0535
2016-05-06,17740.63,0.4525
2016-05-09,17705.91,-0.1957
2016-05-10,17928.35,1.2563
2016-05-11,17711.12,-1.2117
2016-05-12,17720.5,0.053
2016-05-13,17535.32,-1.045
2016-05-16,17710.71,1.0002
2016-05-17,17529.98,-1.0205
2016-05-18,17526.62,-0.0192
2016-05-19,17435.4,-0.5205
2016-05-20,17500.94,0.3759
2016-05-23,17492.93,-0.0458
2016-05-24,17706.05,1.2183
2016-05-25,17851.51,0.8215
2016-05-26,17828.29,-0.1301
2016-05-27,17873.22,0.252
2016-05-31,17787.2,-0.4813
2016-06-01,17789.67,0.0139
2016-06-02,17838.56,0.2748
2016-06-03,17807.06,-0.1766
2016-06-06,17920.33,0.6361
2016-06-07,17938.28,0.1002
2016-06-08,18005.05,0.3722
2016-06-09,17985.19,-0.1103
2016-06-10,17865.34,-0.6664
2016-06-13,17732.48,-0.7437
2016-06-14,17674.82,-0.3252
2016-06-15,17640.17,-0.196
2016-06-16,17733.1,0.5268
2016-06-17,17675.16,-0.3267
2016-06-20,17804.87,0.7339
2016-06-21,17829.73,0.1396
2016-06-22,17780.83,-0.2743
2016-06-23,18011.07,1.2949
2016-06-24,17400.75,-3.3886
2016-06-27,17140.24,-1.4971
2016-06-28,17409.72,1.5722
2016-06-29,17694.68,1.6368
2016-06-30,17929.99,1.3298
2016-07-01,17949.37,0.1081
2016-07-05,17840.62,-0.6059
2016-07-06,17918.62,0.4372
2016-07-07,17895.88,-0.1269
2016-07-08,18146.74,1.4018
2016-07-11,18226.93,0.4419
2016-07-12,18347.67,0.6624
2016-07-13,18372.12,0.1333
2016-07-14,18506.41,0.7309
2016-07-15,18516.55,0.0548
2016-07-18,18533.05,0.0891
2016-07-19,18559.01,0.1401
2016-07-20,18595.03,0.1941
2016-07-21,18517.23,-0.4184
2016-07-22,18570.85,0.2896
2016-07-25,18493.06,-0.4189
2016-07-26,18473.75,-0.1044
2016-07-27,18472.17,-0.0086
2016-07-28,18456.35,-0.0856
2016-07-29,18432.24,-0.1306
2016-08-01,18404.51,-0.1504
2016-08-02,18313.77,-0.493
2016-08-03,18355,0.2251
2016-08-04,18352.05,-0.0161
2016-08-05,18543.53,1.0434
2016-08-08,18529.29,-0.0768
2016-08-09,18533.05,0.0203
2016-08-10,18495.66,-0.2017
2016-08-11,18613.52,0.6372
2016-08-12,18576.47,-0.199
2016-08-15,18636.05,0.3207
2016-08-16,18552.02,-0.4509
2016-08-17,18573.94,0.1182
2016-08-18,18597.7,0.1279
2016-08-19,18552.57,-0.2427
2016-08-22,18529.42,-0.1248
2016-08-23,18547.3,0.0965
2016-08-24,18481.48,-0.3549
2016-08-25,18448.41,-0.1789
2016-08-26,18395.4,-0.2873
2016-08-29,18502.99,0.5849
2016-08-30,18454.3,-0.2631
2016-08-31,18400.88,-0.2895
2016-09-01,18419.3,0.1001
2016-09-02,18491.96,0.3945
2016-09-06,18538.12,0.2496
2016-09-07,18526.14,-0.0646
2016-09-08,18479.91,-0.2495
2016-09-09,18085.45,-2.1345
2016-09-12,18325.07,1.3249
2016-09-13,18066.75,-1.4097
2016-09-14,18034.77,-0.177
2016-09-15,18212.48,0.9854
2016-09-16,18123.8,-0.4869
2016-09-19,18120.17,-0.02
2016-09-20,18129.96,0.054
2016-09-21,18293.7,0.9031
2016-09-22,18392.46,0.5399
2016-09-23,18261.45,-0.7123
2016-09-26,18094.83,-0.9124
2016-09-27,18228.3,0.7376
2016-09-28,18339.24,0.6086
2016-09-29,18143.45,-1.0676
2016-09-30,18308.15,0.9078
2016-10-03,18253.85,-0.2966
2016-10-04,18168.45,-0.4678
2016-10-05,18281.03,0.6196
2016-10-06,18268.5,-0.0685
2016-10-07,18240.49,-0.1533
2016-10-10,18329.04,0.4855
2016-10-11,18128.66,-1.0932
2016-10-12,18144.2,0.0857
2016-10-13,18098.94,-0.2494
2016-10-14,18138.38,0.2179
2016-10-17,18086.4,-0.2866
2016-10-18,18161.94,0.4177
2016-10-19,18202.62,0.224
2016-10-20,18162.35,-0.2212
2016-10-21,18145.71,-0.0916
2016-10-24,18223.03,0.4261
2016-10-25,18169.27,-0.295
2016-10-26,18199.33,0.1654
2016-10-27,18169.68,-0.1629
2016-10-28,18161.19,-0.0467
2016-10-31,18142.42,-0.1034
2016-11-01,18037.1,-0.5805
2016-11-02,17959.64,-0.4294
2016-11-03,17930.67,-0.1613
2016-11-04,17888.28,-0.2364
2016-11-07,18259.6,2.0758
2016-11-08,18332.74,0.4006
2016-11-09,18589.69,1.4016
2016-11-10,18807.88,1.1737
2016-11-11,18847.66,0.2115
2016-11-14,18868.69,0.1116
2016-11-15,18923.06,0.2881
2016-11-16,18868.14,-0.2902
2016-11-17,18903.82,0.1891
2016-11-18,18867.93,-0.1899
2016-11-21,18956.69,0.4704
2016-11-22,19023.87,0.3544
2016-11-23,19083.18,0.3118
2016-11-25,19152.14,0.3614
2016-11-28,19097.9,-0.2832
2016-11-29,19121.6,0.1241
2016-11-30,19123.58,0.0104
2016-12-01,19191.93,0.3574
2016-12-02,19170.42,-0.1121
2016-12-05,19216.24,0.239
2016-12-06,19251.78,0.1849
2016-12-07,19549.62,1.5471
2016-12-08,19614.81,0.3335
2016-12-09,19756.85,0.7241
2016-12-12,19796.43,0.2003
2016-12-13,19911.21,0.5798
2016-12-14,19792.53,-0.596
2016-12-15,19852.24,0.3017
2016-12-16,19843.41,-0.0445
2016-12-19,19883.06,0.1998
2016-12-20,19974.62,0.4605
2016-12-21,19941.96,-0.1635
2016-12-22,19918.88,-0.1157
2016-12-23,19933.81,0.075
2016-12-27,19945.04,0.0563
2016-12-28,19833.68,-0.5583
2016-12-29,19819.78,-0.0701
2016-12-30,19762.6,-0.2885
2017-01-03,19881.76,0.603
2017-01-04,19942.16,0.3038
2017-01-05,19899.29,-0.215
2017-01-06,19963.8,0.3242
2017-01-09,19887.38,-0.3828
2017-01-10,19855.53,-0.1602
2017-01-11,19954.28,0.4973
2017-01-12,19891,-0.3171
2017-01-13,19885.73,-0.0265
2017-01-17,19826.77,-0.2965
2017-01-18,19804.72,-0.1112
2017-01-19,19732.4,-0.3652
2017-01-20,19827.25,0.4807
2017-01-23,19799.85,-0.1382
2017-01-24,19912.71,0.57
2017-01-25,20068.51,0.7824
2017-01-26,20100.91,0.1614
2017-01-27,20093.78,-0.0355
2017-01-30,19971.13,-0.6104
2017-01-31,19864.09,-0.536
2017-02-01,19890.94,0.1352
2017-02-02,19884.91,-0.0303
2017-02-03,20071.46,0.9381
2017-02-06,20052.42,-0.0949
2017-02-07,20090.29,0.1889
2017-02-08,20054.34,-0.1789
2017-02-09,20172.4,0.5887
2017-02-10,20269.37,0.4807
2017-02-13,20412.16,0.7045
2017-02-14,20504.41,0.4519
2017-02-15,20611.86,0.524
2017-02-16,20619.77,0.0384
2017-02-17,20624.05,0.0208
2017-02-21,20743,0.5768
2017-02-22,20775.6,0.1572
2017-02-23,20810.32,0.1671
2017-02-24,20821.76,0.055
2017-02-27,20837.44,0.0753
2017-02-28,20812.24,-0.1209
2017-03-01,21115.55,1.4574
2017-03-02,21002.97,-0.5332
2017-03-03,21005.71,0.013
2017-03-06,20954.34,-0.2446
2017-03-07,20924.76,-0.1412
2017-03-08,20855.73,-0.3299
2017-03-09,20858.19,0.0118
2017-03-10,20902.98,0.2147
2017-03-13,20881.48,-0.1029
2017-03-14,20837.37,-0.2112
2017-03-15,20950.1,0.541
2017-03-16,20934.55,-0.0742
2017-03-17,20914.62,-0.0952
2017-03-20,20905.86,-0.0419
2017-03-21,20668.01,-1.1377
2017-03-22,20661.3,-0.0325
2017-03-23,20656.58,-0.0228
2017-03-24,20596.72,-0.2898
2017-03-27,20550.98,-0.2221
2017-03-28,20701.5,0.7324
2017-03-29,20659.32,-0.2038
2017-03-30,20728.49,0.3348
2017-03-31,20663.22,-0.3149
2017-04-03,20650.21,-0.063
2017-04-04,20689.24,0.189
2017-04-05,20648.15,-0.1986
2017-04-06,20662.95,0.0717
2017-04-07,20656.1,-0.0332
2017-04-10,20658.02,0.0093
2017-04-11,20651.3,-0.0325
2017-04-12,20591.86,-0.2878
2017-04-13,20453.25,-0.6731
2017-04-17,20636.92,0.898
2017-04-18,20523.28,-0.5507
2017-04-19,20404.49,-0.5788
2017-04-20,20578.71,0.8538
2017-04-21,20547.76,-0.1504
2017-04-24,20763.89,1.0518
2017-04-25,20996.12,1.1184
2017-04-26,20975.09,-0.1002
2017-04-27,20981.33,0.0297
2017-04-28,20940.51,-0.1946
2017-05-01,20913.46,-0.1292
2017-05-02,20949.89,0.1742
2017-05-03,20957.9,0.0382
2017-05-04,20951.47,-0.0307
2017-05-05,21006.94,0.2648
2017-05-08,21012.28,0.0254
2017-05-09,20975.78,-0.1737
2017-05-10,20943.11,-0.1558
2017-05-11,20919.42,-0.1131
2017-05-12,20896.61,-0.109
2017-05-15,20981.94,0.4083
2017-05-16,20979.75,-0.0104
2017-05-17,20606.93,-1.777
2017-05-18,20663.02,0.2722
2017-05-19,20804.84,0.6863
2017-05-22,20894.83,0.4325
2017-05-23,20937.91,0.2062
2017-05-24,21012.42,0.3559
2017-05-25,21082.95,0.3357
2017-05-26,21080.28,-0.0127
2017-05-30,21029.47,-0.241
2017-05-31,21008.65,-0.099
2017-06-01,21144.18,0.6451
2017-06-02,21206.29,0.2937
2017-06-05,21184.04,-0.1049
2017-06-06,21136.23,-0.2257
2017-06-07,21173.69,0.1772
2017-06-08,21182.53,0.0417
2017-06-09,21271.97,0.4222
2017-06-12,21235.67,-0.1706
2017-06-13,21328.47,0.437
2017-06-14,21374.56,0.2161
2017-06-15,21359.9,-0.0686
2017-06-16,21384.28,0.1141
2017-06-19,21528.99,0.6767
2017-06-20,21467.14,-0.2873
2017-06-21,21410.03,-0.266
2017-06-22,21397.29,-0.0595
2017-06-23,21394.76,-0.0118
2017-06-26,21409.55,0.0691
2017-06-27,21310.66,-0.4619
2017-06-28,21454.61,0.6755
2017-06-29,21287.03,-0.7811
2017-06-30,21349.63,0.2941
2017-07-03,21479.27,0.6072
2017-07-05,21478.17,-0.0051
2017-07-06,21320.04,-0.7362
2017-07-07,21414.34,0.4423
2017-07-10,21408.52,-0.0272
2017-07-11,21409.07,0.0026
2017-07-12,21532.14,0.5748
2017-07-13,21553.09,0.0973
2017-07-14,21637.74,0.3928
2017-07-17,21629.72,-0.0371
2017-07-18,21574.73,-0.2542
2017-07-19,21640.75,0.306
2017-07-20,21611.78,-0.1339
2017-07-21,21580.07,-0.1467
2017-07-24,21513.17,-0.31
2017-07-25,21613.43,0.466
2017-07-26,21711.01,0.4515
2017-07-27,21796.55,0.394
2017-07-28,21830.31,0.1549
2017-07-31,21891.12,0.2786
2017-08-01,21963.92,0.3326
2017-08-02,22016.24,0.2382
2017-08-03,22026.1,0.0448
2017-08-04,22092.81,0.3029
2017-08-07,22118.42,0.1159
2017-08-08,22085.34,-0.1496
2017-08-09,22048.7,-0.1659
2017-08-10,21844.01,-0.9284
2017-08-11,21858.32,0.0655
2017-08-14,21993.71,0.6194
2017-08-15,21998.99,0.024
2017-08-16,22024.87,0.1176
2017-08-17,21750.73,-1.2447
2017-08-18,21674.51,-0.3504
2017-08-21,21703.75,0.1349
2017-08-22,21899.89,0.9037
2017-08-23,21812.09,-0.4009
2017-08-24,21783.4,-0.1315
2017-08-25,21813.67,0.139
2017-08-28,21808.4,-0.0242
2017-08-29,21865.37,0.2612
2017-08-30,21892.43,0.1238
2017-08-31,21948.1,0.2543
2017-09-01,21987.56,0.1798
2017-09-05,21753.31,-1.0654
2017-09-06,21807.64,0.2498
2017-09-07,21784.78,-0.1048
2017-09-08,21797.79,0.0597
2017-09-11,22057.37,1.1909
2017-09-12,22118.86,0.2788
2017-09-13,22158.18,0.1778
2017-09-14,22203.48,0.2044
2017-09-15,22268.34,0.2921
2017-09-18,22331.35,0.283
2017-09-19,22370.8,0.1767
2017-09-20,22412.59,0.1868
2017-09-21,22359.23,-0.2381
2017-09-22,22349.59,-0.0431
2017-09-25,22296.09,-0.2394
2017-09-26,22284.32,-0.0528
2017-09-27,22340.71,0.253
2017-09-28,22381.2,0.1812
2017-09-29,22405.09,0.1067
2017-10-02,22557.6,0.6807
2017-10-03,22641.67,0.3727
2017-10-04,22661.64,0.0882
2017-10-05,22775.39,0.5019
2017-10-06,22773.67,-0.0076
2017-10-09,22761.07,-0.0553
2017-10-10,22830.68,0.3058
2017-10-11,22872.89,0.1849
2017-10-12,22841.01,-0.1394
2017-10-13,22871.72,0.1345
2017-10-16,22956.96,0.3727
2017-10-17,22997.44,0.1763
2017-10-18,23157.6,0.6964
2017-10-19,23163.04,0.0235
2017-10-20,23328.63,0.7149
2017-10-23,23273.96,-0.2343
2017-10-24,23441.76,0.721
2017-10-25,23329.46,-0.4791
2017-10-26,23400.86,0.3061
2017-10-27,23434.19,0.1424
2017-10-30,23348.74,-0.3646
2017-10-31,23377.24,0.1221
2017-11-01,23435.01,0.2471
2017-11-02,23516.26,0.3467
2017-11-03,23539.19,0.0975
2017-11-06,23548.42,0.0392
2017-11-07,23557.23,0.0374
2017-11-08,23563.36,0.026
2017-11-09,23461.94,-0.4304
2017-11-10,23422.21,-0.1693
2017-11-13,23439.7,0.0747
2017-11-14,23409.47,-0.129
2017-11-15,23271.28,-0.5903
2017-11-16,23458.36,0.8039
2017-11-17,23358.24,-0.4268
2017-11-20,23430.33,0.3086
2017-11-21,23590.83,0.685
2017-11-22,23526.18,-0.274
2017-11-24,23557.99,0.1352
2017-11-27,23580.78,0.0967
2017-11-28,23836.71,1.0853
2017-11-29,23940.68,0.4362
2017-11-30,24272.35,1.3854
2017-12-01,24231.59,-0.1679
2017-12-04,24290.05,0.2413
2017-12-05,24180.64,-0.4504
2017-12-06,24140.91,-0.1643
2017-12-07,24211.48,0.2923
2017-12-08,24329.16,0.4861
2017-12-11,24386.03,0.2338
2017-12-12,24504.8,0.487
2017-12-13,24585.43,0.329
2017-12-14,24508.66,-0.3123
2017-12-15,24651.74,0.5838
2017-12-18,24792.2,0.5698
2017-12-19,24754.75,-0.1511
2017-12-20,24726.65,-0.1135
2017-12-21,24782.29,0.225
2017-12-22,24754.06,-0.1139
2017-12-26,24746.21,-0.0317
2017-12-27,24774.3,0.1135
2017-12-28,24837.51,0.2551
2017-12-29,24719.22,-0.4763
2018-01-02,24824.01,0.4239
2018-01-03,24922.68,0.3975
2018-01-04,25075.13,0.6117
2018-01-05,25295.87,0.8803
2018-01-08,25283,-0.0509
2018-01-09,25385.8,0.4066
2018-01-10,25369.13,-0.0657
2018-01-11,25574.73,0.8104
2018-01-12,25803.19,0.8933
2018-01-16,25792.86,-0.04
2018-01-17,26115.65,1.2515
2018-01-18,26017.81,-0.3746
2018-01-19,26071.72,0.2072
2018-01-22,26214.6,0.548
2018-01-23,26210.81,-0.0145
2018-01-24,26252.12,0.1576
2018-01-25,26392.79,0.5358
2018-01-26,26616.71,0.8484
2018-01-29,26439.48,-0.6659
2018-01-30,26076.89,-1.3714
2018-01-31,26149.39,0.278
2018-02-01,26186.71,0.1427
2018-02-02,25520.96,-2.5423
2018-02-05,24345.75,-4.6049
2018-02-06,24912.77,2.329
2018-02-07,24893.35,-0.078
2018-02-08,23860.46,-4.1493
2018-02-09,24190.9,1.3849
2018-02-12,24601.27,1.6964
2018-02-13,24640.45,0.1593
2018-02-14,24893.49,1.0269
2018-02-15,25200.37,1.2328
2018-02-16,25219.38,0.0754
2018-02-20,24964.75,-1.0097
2018-02-21,24797.78,-0.6688
2018-02-22,24962.48,0.6642
2018-02-23,25309.99,1.3921
2018-02-26,25709.27,1.5776
2018-02-27,25410.03,-1.1639
2018-02-28,25029.2,-1.4987
2018-03-01,24608.98,-1.6789
2018-03-02,24538.06,-0.2882
2018-03-05,24874.76,1.3722
2018-03-06,24884.12,0.0376
2018-03-07,24801.36,-0.3326
2018-03-08,24895.21,0.3784
2018-03-09,25335.74,1.7695
2018-03-12,25178.61,-0.6202
2018-03-13,25007.03,-0.6815
2018-03-14,24758.12,-0.9954
2018-03-15,24873.66,0.4667
2018-03-16,24946.51,0.2929
2018-03-19,24610.91,-1.3453
2018-03-20,24727.27,0.4728
2018-03-21,24682.31,-0.1818
2018-03-22,23957.89,-2.935
2018-03-23,23533.2,-1.7727
2018-03-26,24202.6,2.8445
2018-03-27,23857.71,-1.425
2018-03-28,23848.42,-0.0389
2018-03-29,24103.11,1.068
2018-04-02,23644.19,-1.904
2018-04-03,24033.36,1.6459
2018-04-04,24264.3,0.9609
2018-04-05,24505.22,0.9929
2018-04-06,23932.76,-2.3361
2018-04-09,23979.1,0.1936
2018-04-10,24408,1.7886
2018-04-11,24189.45,-0.8954
2018-04-12,24483.05,1.2138
2018-04-13,24360.14,-0.502
2018-04-16,24573.04,0.874
2018-04-17,24786.63,0.8692
2018-04-18,24748.07,-0.1556
2018-04-19,24664.89,-0.3361
2018-04-20,24462.94,-0.8188
2018-04-23,24448.69,-0.0583
2018-04-24,24024.13,-1.7365
2018-04-25,24083.83,0.2485
2018-04-26,24322.34,0.9903
2018-04-27,24311.19,-0.0458
2018-04-30,24163.15,-0.6089
2018-05-01,24099.05,-0.2653
2018-05-02,23924.98,-0.7223
2018-05-03,23930.15,0.0216
2018-05-04,24262.51,1.3889
2018-05-07,24357.32,0.3908
2018-05-08,24360.21,0.0119
2018-05-09,24542.54,0.7485
2018-05-10,24739.53,0.8026
2018-05-11,24831.17,0.3704
2018-05-14,24899.41,0.2748
2018-05-15,24706.41,-0.7751
2018-05-16,24768.93,0.2531
2018-05-17,24713.98,-0.2219
2018-05-18,24715.09,0.0045
2018-05-21,25013.29,1.2066
2018-05-22,24834.41,-0.7151
2018-05-23,24886.81,0.211
2018-05-24,24811.76,-0.3016
2018-05-25,24753.09,-0.2365
2018-05-29,24361.45,-1.5822
2018-05-30,24667.78,1.2574
2018-05-31,24415.84,-1.0213
2018-06-01,24635.21,0.8985
2018-06-04,24813.69,0.7245
2018-06-05,24799.98,-0.0553
2018-06-06,25146.39,1.3968
2018-06-07,25241.41,0.3779
2018-06-08,25316.53,0.2976
2018-06-11,25322.31,0.0228
2018-06-12,25320.73,-0.0062
2018-06-13,25201.2,-0.4721
2018-06-14,25175.31,-0.1027
2018-06-15,25090.48,-0.337
2018-06-18,24987.47,-0.4106
2018-06-19,24700.21,-1.1496
2018-06-20,24657.8,-0.1717
2018-06-21,24461.7,-0.7953
2018-06-22,24580.89,0.4873
2018-06-25,24252.8,-1.3347
2018-06-26,24283.11,0.125
2018-06-27,24117.59,-0.6816
2018-06-28,24216.05,0.4082
2018-06-29,24271.41,0.2286
2018-07-02,24307.18,0.1474
2018-07-03,24174.82,-0.5445
2018-07-05,24356.74,0.7525
2018-07-06,24456.48,0.4095
2018-07-09,24776.59,1.3089
2018-07-10,24919.66,0.5774
2018-07-11,24700.45,-0.8797
2018-07-12,24924.89,0.9086
2018-07-13,25019.41,0.3792
2018-07-16,25064.36,0.1797
2018-07-17,25119.89,0.2215
2018-07-18,25199.29,0.3161
2018-07-19,25064.5,-0.5349
2018-07-20,25058.12,-0.0255
2018-07-23,25044.29,-0.0552
2018-07-24,25241.94,0.7892
2018-07-25,25414.1,0.682
2018-07-26,25527.07,0.4445
2018-07-27,25451.06,-0.2978
2018-07-30,25306.83,-0.5667
2018-07-31,25415.19,0.4282
2018-08-01,25333.82,-0.3202
2018-08-02,25326.16,-0.0302
2018-08-03,25462.58,0.5387
2018-08-06,25502.18,0.1555
2018-08-07,25628.91,0.4969
2018-08-08,25583.75,-0.1762
2018-08-09,25509.23,-0.2913
2018-08-10,25313.14,-0.7687
2018-08-13,25187.7,-0.4956
2018-08-14,25299.92,0.4455
2018-08-15,25162.41,-0.5435
2018-08-16,25558.73,1.575
2018-08-17,25669.32,0.4327
2018-08-20,25758.69,0.3482
2018-08-21,25822.29,0.2469
2018-08-22,25733.6,-0.3435
2018-08-23,25656.98,-0.2977
2018-08-24,25790.35,0.5198
2018-08-27,26049.64,1.0054
2018-08-28,26064.02,0.0552
2018-08-29,26124.57,0.2323
2018-08-30,25986.92,-0.5269
2018-08-31,25964.82,-0.085
2018-09-04,25952.48,-0.0475
2018-09-05,25974.99,0.0867
2018-09-06,25995.87,0.0804
2018-09-07,25916.54,-0.3052
2018-09-10,25857.07,-0.2295
2018-09-11,25971.06,0.4408
2018-09-12,25998.92,0.1073
2018-09-13,26145.99,0.5657
2018-09-14,26154.67,0.0332
2018-09-17,26062.12,-0.3539
2018-09-18,26246.96,0.7092
2018-09-19,26405.76,0.605
2018-09-20,26656.98,0.9514
2018-09-21,26743.5,0.3246
2018-09-24,26562.05,-0.6785
2018-09-25,26492.21,-0.2629
2018-09-26,26385.28,-0.4036
2018-09-27,26439.93,0.2071
2018-09-28,26458.31,0.0695
2018-10-01,26651.21,0.7291
2018-10-02,26773.94,0.4605
2018-10-03,26828.39,0.2034
2018-10-04,26627.48,-0.7489
2018-10-05,26447.05,-0.6776
2018-10-08,26486.78,0.1502
2018-10-09,26430.57,-0.2122
2018-10-10,25598.74,-3.1472
2018-10-11,25052.83,-2.1326
2018-10-12,25339.99,1.1462
2018-10-15,25250.55,-0.353
2018-10-16,25798.42,2.1697
2018-10-17,25706.68,-0.3556
2018-10-18,25379.45,-1.2729
2018-10-19,25444.34,0.2557
2018-10-22,25317.41,-0.4989
2018-10-23,25191.43,-0.4976
2018-10-24,24583.42,-2.4136
2018-10-25,24984.55,1.6317
2018-10-26,24688.31,-1.1857
2018-10-29,24442.92,-0.994
2018-10-30,24874.64,1.7662
2018-10-31,25115.76,0.9693
2018-11-01,25380.74,1.055
2018-11-02,25270.83,-0.433
2018-11-05,25461.7,0.7553
2018-11-06,25635.01,0.6807
2018-11-07,26180.3,2.1271
2018-11-08,26191.22,0.0417
2018-11-09,25989.3,-0.7709
2018-11-12,25387.18,-2.3168
2018-11-13,25286.49,-0.3966
2018-11-14,25080.5,-0.8146
2018-11-15,25289.27,0.8324
2018-11-16,25413.22,0.4901
2018-11-19,25017.44,-1.5574
2018-11-20,24465.64,-2.2057
2018-11-21,24464.69,-0.0039
2018-11-23,24285.95,-0.7306
2018-11-26,24640.24,1.4588
2018-11-27,24748.73,0.4403
2018-11-28,25366.43,2.4959
2018-11-29,25338.84,-0.1088
2018-11-30,25538.46,0.7878
2018-12-03,25826.43,1.1276
2018-12-04,25027.07,-3.0951
2018-12-06,24947.67,-0.3173
2018-12-07,24388.95,-2.2396
2018-12-10,24423.26,0.1407
2018-12-11,24370.24,-0.2171
2018-12-12,24527.27,0.6444
2018-12-13,24597.38,0.2858
2018-12-14,24100.51,-2.02
2018-12-17,23592.98,-2.1059
2018-12-18,23675.64,0.3504
2018-12-19,23323.66,-1.4867
2018-12-20,22859.6,-1.9897
2018-12-21,22445.37,-1.8121
2018-12-24,21792.2,-2.91
2018-12-26,22878.45,4.9846
2018-12-27,23138.82,1.1381
2018-12-28,23062.4,-0.3303
2018-12-31,23327.46,1.1493
2019-01-02,23346.24,0.0805
2019-01-03,22686.22,-2.8271
2019-01-04,23433.16,3.2925
2019-01-07,23531.35,0.419
2019-01-08,23787.45,1.0883
2019-01-09,23879.12,0.3854
2019-01-10,24001.92,0.5143
2019-01-11,23995.95,-0.0249
2019-01-14,23909.84,-0.3589
2019-01-15,24065.59,0.6514
2019-01-16,24207.16,0.5883
2019-01-17,24370.1,0.6731
2019-01-18,24706.35,1.3798
2019-01-22,24404.48,-1.2218
2019-01-23,24575.62,0.7013
2019-01-24,24553.24,-0.0911
2019-01-25,24737.2,0.7492
2019-01-28,24528.22,-0.8448
2019-01-29,24579.96,0.2109
2019-01-30,25014.86,1.7693
2019-01-31,24999.67,-0.0607
2019-02-01,25063.89,0.2569
2019-02-04,25239.37,0.7001
2019-02-05,25411.52,0.6821
2019-02-06,25390.3,-0.0835
2019-02-07,25169.53,-0.8695
2019-02-08,25106.33,-0.2511
2019-02-11,25053.11,-0.212
2019-02-12,25425.76,1.4874
2019-02-13,25543.27,0.4622
2019-02-14,25439.39,-0.4067
2019-02-15,25883.25,1.7448
2019-02-19,25891.32,0.0312
2019-02-20,25954.44,0.2438
2019-02-21,25850.63,-0.4
2019-02-22,26031.81,0.7009
2019-02-25,26091.95,0.231
2019-02-26,26057.98,-0.1302
2019-02-27,25985.16,-0.2795
2019-02-28,25916,-0.2662
2019-03-01,26026.32,0.4257
2019-03-04,25819.65,-0.7941
2019-03-05,25806.63,-0.0504
2019-03-06,25673.46,-0.516
2019-03-07,25473.23,-0.7799
2019-03-08,25450.24,-0.0903
2019-03-11,25650.88,0.7884
2019-03-12,25554.66,-0.3751
2019-03-13,25702.89,0.5801
2019-03-14,25709.94,0.0274
2019-03-15,25848.87,0.5404
2019-03-18,25914.1,0.2524
2019-03-19,25887.38,-0.1031
2019-03-20,25745.67,-0.5474
2019-03-21,25962.51,0.8422
2019-03-22,25502.32,-1.7725
2019-03-25,25516.83,0.0569
2019-03-26,25657.73,0.5522
2019-03-27,25625.59,-0.1253
2019-03-28,25717.46,0.3585
2019-03-29,25928.68,0.8213
2019-04-01,26258.42,1.2717
2019-04-02,26179.13,-0.302
2019-04-03,26218.13,0.149
2019-04-04,26384.63,0.6351
2019-04-05,26424.99,0.153
2019-04-08,26341.02,-0.3178
2019-04-09,26150.58,-0.723
2019-04-10,26157.16,0.0252
2019-04-11,26143.05,-0.0539
2019-04-12,26412.3,1.0299
2019-04-15,26384.77,-0.1042
2019-04-16,26452.66,0.2573
2019-04-17,26449.54,-0.0118
2019-04-18,26559.54,0.4159
2019-04-19,26559.54,0
2019-04-22,26511.05,-0.1826
2019-04-23,26656.39,0.5482
2019-04-24,26597.05,-0.2226
2019-04-25,26462.08,-0.5075
2019-04-26,26543.33,0.307
2019-04-29,26554.39,0.0417
2019-04-30,26592.91,0.1451
2019-05-01,26430.14,-0.6121
2019-05-02,26307.79,-0.4629
2019-05-03,26504.95,0.7494
2019-05-06,26438.48,-0.2508
2019-05-07,25965.09,-1.7905
2019-05-08,25967.33,0.0086
2019-05-09,25828.36,-0.5352
2019-05-10,25942.37,0.4414
2019-05-13,25324.99,-2.3798
2019-05-14,25532.05,0.8176
2019-05-15,25648.02,0.4542
2019-05-16,25862.68,0.8369
2019-05-17,25764,-0.3816
2019-05-20,25679.9,-0.3264
2019-05-21,25877.33,0.7688
2019-05-22,25776.61,-0.3892
2019-05-23,25490.47,-1.1101
2019-05-24,25585.69,0.3736
2019-05-28,25347.77,-0.9299
2019-05-29,25126.41,-0.8733
2019-05-30,25169.88,0.173
2019-05-31,24815.04,-1.4098
2019-06-03,24819.78,0.0191
2019-06-04,25332.18,2.0645
2019-06-05,25539.57,0.8187
2019-06-06,25720.66,0.7091
2019-06-07,25983.94,1.0236
2019-06-10,26062.68,0.303
2019-06-11,26048.51,-0.0544
2019-06-12,26004.83,-0.1677
2019-06-13,26106.77,0.392
2019-06-14,26089.61,-0.0657
2019-06-17,26112.53,0.0879
2019-06-18,26465.54,1.3519
2019-06-19,26504,0.1453
2019-06-20,26753.17,0.9401
2019-06-21,26719.13,-0.1272
2019-06-24,26727.54,0.0315
2019-06-25,26548.22,-0.6709
2019-06-26,26536.82,-0.0429
2019-06-27,26526.58,-0.0386
2019-06-28,26599.96,0.2766
2019-07-01,26717.43,0.4416
2019-07-02,26786.68,0.2592
2019-07-03,26966,0.6694
2019-07-05,26922.12,-0.1627
2019-07-08,26806.14,-0.4308
2019-07-09,26783.49,-0.0845
2019-07-10,26860.2,0.2864
2019-07-11,27088.08,0.8484
2019-07-12,27332.03,0.9006
2019-07-15,27359.16,0.0993
2019-07-16,27335.63,-0.086
2019-07-17,27219.85,-0.4235
2019-07-18,27222.97,0.0115
2019-07-19,27154.2,-0.2526
2019-07-22,27171.9,0.0652
2019-07-23,27349.19,0.6525
2019-07-24,27269.97,-0.2897
2019-07-25,27140.98,-0.473
2019-07-26,27192.45,0.1896
2019-07-29,27221.35,0.1063
2019-07-30,27198.02,-0.0857
2019-07-31,26864.27,-1.2271
2019-08-01,26583.42,-1.0454
2019-08-02,26485.01,-0.3702
2019-08-05,25717.74,-2.897
2019-08-06,26029.52,1.2123
2019-08-07,26007.07,-0.0862
2019-08-08,26378.19,1.427
2019-08-09,26287.44,-0.344
2019-08-12,25896.44,-1.4874
2019-08-13,26279.91,1.4808
2019-08-14,25479.42,-3.046
2019-08-15,25579.39,0.3924
2019-08-16,25886.01,1.1987
2019-08-19,26135.79,0.9649
2019-08-20,25962.44,-0.6633
2019-08-21,26202.73,0.9255
2019-08-22,26252.24,0.1889
2019-08-23,25628.9,-2.3744
2019-08-26,25898.83,1.0532
2019-08-27,25777.9,-0.4669
2019-08-28,26036.1,1.0016
2019-08-29,26362.25,1.2527
2019-08-30,26403.28,0.1556
2019-09-03,26118.02,-1.0804
2019-09-04,26355.47,0.9091
2019-09-05,26728.15,1.4141
2019-09-06,26797.46,0.2593
2019-09-09,26835.51,0.142
2019-09-10,26909.43,0.2755
2019-09-11,27137.04,0.8458
2019-09-12,27182.45,0.1673
2019-09-13,27219.52,0.1364
2019-09-16,27076.82,-0.5243
2019-09-17,27110.8,0.1255
2019-09-18,27147.08,0.1338
2019-09-19,27094.79,-0.1926
2019-09-20,26935.07,-0.5895
2019-09-23,26949.99,0.0554
2019-09-24,26807.77,-0.5277
2019-09-25,26970.71,0.6078
2019-09-26,26891.12,-0.2951
2019-09-27,26820.25,-0.2635
2019-09-30,26916.83,0.3601
2019-10-01,26573.04,-1.2772
2019-10-02,26078.62,-1.8606
2019-10-03,26201.04,0.4694
2019-10-04,26573.72,1.4224
2019-10-07,26478.02,-0.3601
2019-10-08,26164.04,-1.1858
2019-10-09,26346.01,0.6955
2019-10-10,26496.67,0.5719
2019-10-11,26816.59,1.2074
2019-10-14,26787.36,-0.109
2019-10-15,27024.8,0.8864
2019-10-16,27001.98,-0.0844
2019-10-17,27025.88,0.0885
2019-10-18,26770.2,-0.9461
2019-10-21,26827.64,0.2146
2019-10-22,26788.1,-0.1474
2019-10-23,26833.95,0.1712
2019-10-24,26805.53,-0.1059
2019-10-25,26958.06,0.569
2019-10-28,27090.72,0.4921
2019-10-29,27071.46,-0.0711
2019-10-30,27186.69,0.4257
2019-10-31,27046.23,-0.5166
2019-11-01,27347.36,1.1134
2019-11-04,27462.11,0.4196
2019-11-05,27492.63,0.1111
2019-11-06,27492.56,-0.0003
2019-11-07,27674.8,0.6629
2019-11-08,27681.24,0.0233
2019-11-11,27691.49,0.037
2019-11-12,27691.49,0
2019-11-13,27783.59,0.3326
2019-11-14,27781.96,-0.0059
2019-11-15,28004.89,0.8024
2019-11-18,28036.22,0.1119
2019-11-19,27934.02,-0.3645
2019-11-20,27821.09,-0.4043
2019-11-21,27766.29,-0.197
2019-11-22,27875.62,0.3938
2019-11-25,28066.47,0.6846
2019-11-26,28121.68,0.1967
2019-11-27,28164,0.1505
2019-11-29,28051.41,-0.3998
2019-12-02,27783.04,-0.9567
2019-12-03,27502.81,-1.0086
2019-12-04,27649.78,0.5344
2019-12-05,27677.79,0.1013
2019-12-06,28015.06,1.2186
2019-12-09,27909.6,-0.3764
2019-12-10,27881.72,-0.0999
2019-12-11,27911.3,0.1061
2019-12-12,28132.05,0.7909
2019-12-13,28135.38,0.0118
2019-12-16,28235.89,0.3572
2019-12-17,28267.16,0.1107
2019-12-18,28239.28,-0.0986
2019-12-19,28376.96,0.4875
2019-12-20,28455.09,0.2753
2019-12-23,28551.53,0.3389
2019-12-24,28515.45,-0.1264
2019-12-26,28621.39,0.3715
2019-12-27,28645.26,0.0834
2019-12-30,28462.14,-0.6393
2019-12-31,28538.44,0.2681
2020-01-02,28868.8,1.1576
2020-01-03,28634.88,-0.8103
2020-01-06,28703.38,0.2392
2020-01-07,28583.68,-0.417
2020-01-08,28745.09,0.5647
2020-01-09,28956.9,0.7369
2020-01-10,28823.77,-0.4598
2020-01-13,28907.05,0.2889
2020-01-14,28939.67,0.1128
2020-01-15,29030.22,0.3129
2020-01-16,29297.64,0.9212
2020-01-17,29348.1,0.1722
2020-01-21,29196.04,-0.5181
2020-01-22,29186.27,-0.0335
2020-01-23,29160.09,-0.0897
2020-01-24,28989.73,-0.5842
2020-01-27,28535.8,-1.5658
2020-01-28,28722.85,0.6555
2020-01-29,28734.45,0.0404
2020-01-30,28859.44,0.435
2020-01-31,28256.03,-2.0909
2020-02-03,28399.81,0.5088
2020-02-04,28807.63,1.436
2020-02-05,29290.85,1.6774
2020-02-06,29379.77,0.3036
2020-02-07,29102.51,-0.9437
2020-02-10,29276.82,0.599
2020-02-11,29276.34,-0.0016
2020-02-12,29551.42,0.9396
2020-02-13,29423.31,-0.4335
2020-02-14,29398.08,-0.0857
2020-02-18,29232.19,-0.5643
2020-02-19,29348.03,0.3963
2020-02-20,29219.98,-0.4363
2020-02-21,28992.41,-0.7788
2020-02-24,27960.8,-3.5582
2020-02-25,27081.36,-3.1453
2020-02-26,26957.59,-0.457
2020-02-27,25766.64,-4.4179
2020-02-28,25409.36,-1.3866
2020-03-02,26703.32,5.0925
2020-03-03,25917.41,-2.9431
2020-03-04,27090.86,4.5277
2020-03-05,26121.28,-3.579
2020-03-06,25864.78,-0.982
2020-03-09,23851.02,-7.7857
2020-03-10,25018.16,4.8935
2020-03-11,23553.22,-5.8555
2020-03-12,21200.62,-9.9884
2020-03-13,23185.62,9.3629
2020-03-16,20188.52,-12.9265
2020-03-17,21237.38,5.1953
2020-03-18,19898.92,-6.3024
2020-03-19,20087.19,0.9461
2020-03-20,19173.98,-4.5462
2020-03-23,18591.93,-3.0356
2020-03-24,20704.91,11.365
2020-03-25,21200.55,2.3938
2020-03-26,22552.17,6.3754
2020-03-27,21636.78,-4.059
2020-03-30,22327.48,3.1922
2020-03-31,21917.16,-1.8377
2020-04-01,20943.51,-4.4424
2020-04-02,21413.44,2.2438
2020-04-03,21052.53,-1.6854
2020-04-06,22679.99,7.7305
2020-04-07,22653.86,-0.1152
2020-04-08,23433.57,3.4418
2020-04-09,23719.37,1.2196
2020-04-13,23390.77,-1.3854
2020-04-14,23949.76,2.3898
2020-04-15,23504.35,-1.8598
2020-04-16,23537.68,0.1418
2020-04-17,24242.49,2.9944
2020-04-20,23650.44,-2.4422
2020-04-21,23018.88,-2.6704
2020-04-22,23475.82,1.9851
2020-04-23,23515.26,0.168
2020-04-24,23775.27,1.1057
2020-04-27,24133.78,1.5079
2020-04-28,24101.55,-0.1335
2020-04-29,24633.86,2.2086
2020-04-30,24345.72,-1.1697
2020-05-01,23723.69,-2.555
2020-05-04,23749.76,0.1099
2020-05-05,23883.09,0.5614
2020-05-06,23664.64,-0.9147
2020-05-07,23875.89,0.8927
2020-05-08,24331.32,1.9075
2020-05-11,24221.99,-0.4493
2020-05-12,23764.78,-1.8876
2020-05-13,23247.97,-2.1747
2020-05-14,23625.34,1.6232
2020-05-15,23685.42,0.2543
2020-05-18,24597.37,3.8503
2020-05-19,24206.86,-1.5876
2020-05-20,24575.9,1.5245
2020-05-21,24474.12,-0.4141
2020-05-22,24465.16,-0.0366
2020-05-26,24995.11,2.1661
2020-05-27,25548.27,2.2131
2020-05-28,25400.64,-0.5778
2020-05-29,25383.11,-0.069
2020-06-01,25475.02,0.3621
2020-06-02,25742.65,1.0506
2020-06-03,26269.89,2.0481
2020-06-04,26281.82,0.0454
2020-06-05,27110.98,3.1549
2020-06-08,27572.44,1.7021
2020-06-09,27272.3,-1.0886
2020-06-10,26989.99,-1.0352
2020-06-11,25128.17,-6.8982
2020-06-12,25605.54,1.8997
2020-06-15,25763.16,0.6156
2020-06-16,26289.98,2.0449
2020-06-17,26119.61,-0.648
2020-06-18,26080.1,-0.1513
2020-06-19,25871.46,-0.8
2020-06-22,26024.96,0.5933
2020-06-23,26156.1,0.5039
2020-06-24,25445.94,-2.7151
2020-06-25,25745.6,1.1776
2020-06-26,25015.55,-2.8356
2020-06-29,25595.8,2.3196
2020-06-30,25812.88,0.8481
2020-07-01,25734.97,-0.3018
2020-07-02,25827.36,0.359
2020-07-06,26287.03,1.7798
2020-07-07,25890.18,-1.5097
2020-07-08,26067.28,0.684
2020-07-09,25706.09,-1.3856
2020-07-10,26075.3,1.4363
2020-07-13,26085.8,0.0403
2020-07-14,26642.59,2.1345
2020-07-15,26870.1,0.8539
2020-07-16,26734.71,-0.5039
2020-07-17,26671.95,-0.2348
2020-07-20,26680.87,0.0334
2020-07-21,26840.4,0.5979
2020-07-22,27005.84,0.6164
2020-07-23,26652.33,-1.309
2020-07-24,26469.89,-0.6845
2020-07-27,26584.77,0.434
2020-07-28,26379.28,-0.773
2020-07-29,26539.57,0.6076
2020-07-30,26313.65,-0.8513
2020-07-31,26428.32,0.4358
2020-08-03,26664.4,0.8933
2020-08-04,26828.47,0.6153
2020-08-05,27201.52,1.3905
2020-08-06,27386.98,0.6818
2020-08-07,27433.48,0.1698
2020-08-10,27791.44,1.3048
2020-08-11,27686.91,-0.3761
2020-08-12,27976.84,1.0472
2020-08-13,27896.72,-0.2864
2020-08-14,27931.02,0.123
2020-08-17,27844.91,-0.3083
2020-08-18,27778.07,-0.24
2020-08-19,27692.88,-0.3067
2020-08-20,27739.73,0.1692
2020-08-21,27930.33,0.6871
2020-08-24,28308.46,1.3538
2020-08-25,28248.44,-0.212
2020-08-26,28331.92,0.2955
2020-08-27,28492.27,0.566
2020-08-28,28653.87,0.5672
2020-08-31,28430.05,-0.7811
2020-09-01,28645.66,0.7584
2020-09-02,29100.5,1.5878
2020-09-03,28292.73,-2.7758
2020-09-04,28133.31,-0.5635
2020-09-08,27500.89,-2.2479
2020-09-09,27940.47,1.5984
2020-09-10,27534.58,-1.4527
2020-09-11,27665.64,0.476
2020-09-14,27993.33,1.1845
2020-09-15,27995.6,0.0081
2020-09-16,28032.38,0.1314
2020-09-17,27901.98,-0.4652
2020-09-18,27657.42,-0.8765
2020-09-21,27147.7,-1.843
2020-09-22,27288.18,0.5175
2020-09-23,26763.13,-1.9241
2020-09-24,26815.44,0.1955
2020-09-25,27173.96,1.337
2020-09-28,27584.06,1.5092
2020-09-29,27452.66,-0.4764
2020-09-30,27781.7,1.1986
2020-10-01,27816.9,0.1267
2020-10-02,27682.81,-0.482
2020-10-05,28148.64,1.6827
2020-10-06,27772.76,-1.3353
2020-10-07,28303.46,1.9109
2020-10-08,28425.51,0.4312
2020-10-09,28586.9,0.5678
2020-10-12,28837.52,0.8767
2020-10-13,28679.81,-0.5469
2020-10-14,28514,-0.5781
2020-10-15,28494.2,-0.0694
2020-10-16,28606.31,0.3934
2020-10-19,28195.42,-1.4364
2020-10-20,28308.79,0.4021
2020-10-21,28210.82,-0.3461
2020-10-22,28363.66,0.5418
2020-10-23,28335.57,-0.099
2020-10-26,27685.38,-2.2946
2020-10-27,27463.19,-0.8026
2020-10-28,26519.95,-3.4346
2020-10-29,26659.11,0.5247
2020-10-30,26501.6,-0.5908
2020-11-02,26925.05,1.5978
2020-11-03,27480.03,2.0612
2020-11-04,27847.66,1.3378
2020-11-05,28390.18,1.9482
2020-11-06,28323.4,-0.2352
2020-11-09,29157.97,2.9466
2020-11-10,29420.92,0.9018
2020-11-11,29397.63,-0.0792
2020-11-12,29080.17,-1.0799
2020-11-13,29479.81,1.3743
2020-11-16,29950.44,1.5964
2020-11-17,29783.35,-0.5579
2020-11-18,29438.42,-1.1581
2020-11-19,29483.23,0.1522
2020-11-20,29263.48,-0.7453
2020-11-23,29591.27,1.1201
2020-11-24,30046.24,1.5375
2020-11-25,29872.47,-0.5783
2020-11-27,29910.37,0.1269
2020-11-30,29638.64,-0.9085
2020-12-01,29823.92,0.6251
2020-12-02,29883.79,0.2007
2020-12-03,29969.52,0.2869
2020-12-04,30218.26,0.83
2020-12-07,30069.79,-0.4913
2020-12-08,30173.88,0.3462
2020-12-09,30068.81,-0.3482
2020-12-10,29999.26,-0.2313
2020-12-11,30046.37,0.157
2020-12-14,29861.55,-0.6151
2020-12-15,30199.31,1.1311
2020-12-16,30154.54,-0.1482
2020-12-17,30303.37,0.4936
2020-12-18,30179.05,-0.4103
2020-12-21,30216.45,0.1239
2020-12-22,30015.51,-0.665
2020-12-23,30129.83,0.3809
2020-12-24,30199.87,0.2325
2020-12-28,30403.97,0.6758
2020-12-29,30335.67,-0.2246
2020-12-30,30409.56,0.2436
2020-12-31,30606.48,0.6476
2021-01-04,30223.89,-1.25
2021-01-05,30391.6,0.5549
2021-01-06,30829.4,1.4405
2021-01-07,31041.13,0.6868
2021-01-08,31097.97,0.1831
2021-01-11,31008.69,-0.2871
2021-01-12,31068.69,0.1935
2021-01-13,31060.47,-0.0265
2021-01-14,30991.52,-0.222
2021-01-15,30814.26,-0.572
2021-01-19,30930.52,0.3773
2021-01-20,31188.38,0.8337
2021-01-21,31176.01,-0.0397
2021-01-22,30996.98,-0.5743
2021-01-25,30960,-0.1193
2021-01-26,30937.04,-0.0742
2021-01-27,30303.17,-2.0489
2021-01-28,30603.36,0.9906
2021-01-29,29982.62,-2.0283
2021-02-01,30211.91,0.7647
2021-02-02,30687.48,1.5741
2021-02-03,30723.6,0.1177
2021-02-04,31055.86,1.0814
2021-02-05,31148.24,0.2975
2021-02-08,31385.76,0.7625
2021-02-09,31375.83,-0.0316
2021-02-10,31437.8,0.1975
2021-02-11,31430.7,-0.0226
2021-02-12,31458.4,0.0881
2021-02-16,31522.75,0.2046
2021-02-17,31613.02,0.2864
2021-02-18,31493.34,-0.3786
2021-02-19,31494.32,0.0031
2021-02-22,31521.69,0.0869
2021-02-23,31537.35,0.0497
2021-02-24,31961.86,1.3461
2021-02-25,31402.01,-1.7516
2021-02-26,30932.37,-1.4956
2021-03-01,31535.51,1.9499
2021-03-02,31391.52,-0.4566
2021-03-03,31270.09,-0.3868
2021-03-04,30924.14,-1.1063
2021-03-05,31496.3,1.8502
2021-03-08,31802.44,0.972
2021-03-09,31832.74,0.0953
2021-03-10,32297.02,1.4585
2021-03-11,32485.59,0.5839
2021-03-12,32778.64,0.9021
2021-03-15,32953.46,0.5333
2021-03-16,32825.95,-0.3869
2021-03-17,33015.37,0.577
2021-03-18,32862.3,-0.4636
2021-03-19,32627.97,-0.7131
2021-03-22,32731.2,0.3164
2021-03-23,32423.15,-0.9412
2021-03-24,32420.06,-0.0095
2021-03-25,32619.48,0.6151
2021-03-26,33072.88,1.39
2021-03-29,33171.37,0.2978
2021-03-30,33066.96,-0.3148
2021-03-31,32981.55,-0.2583
2021-04-01,33153.21,0.5205
2021-04-05,33527.19,1.128
2021-04-06,33430.24,-0.2892
2021-04-07,33446.26,0.0479
2021-04-08,33503.57,0.1713
2021-04-09,33800.6,0.8866
2021-04-12,33745.4,-0.1633
2021-04-13,33677.27,-0.2019
2021-04-14,33730.89,0.1592
2021-04-15,34035.99,0.9045
2021-04-16,34200.67,0.4838
2021-04-19,34077.63,-0.3598
2021-04-20,33821.3,-0.7522
2021-04-21,34137.31,0.9344
2021-04-22,33815.9,-0.9415
2021-04-23,34043.49,0.673
2021-04-26,33981.57,-0.1819
2021-04-27,33984.93,0.0099
2021-04-28,33820.38,-0.4842
2021-04-29,34060.36,0.7096
2021-04-30,33874.85,-0.5447
2021-05-03,34113.23,0.7037
2021-05-04,34133.03,0.058
2021-05-05,34230.34,0.2851
2021-05-06,34548.53,0.9296
2021-05-07,34777.76,0.6635
2021-05-10,34742.82,-0.1005
2021-05-11,34269.16,-1.3633
2021-05-12,33587.66,-1.9887
2021-05-13,34021.45,1.2915
2021-05-14,34382.13,1.0602
2021-05-17,34327.79,-0.158
2021-05-18,34060.66,-0.7782
2021-05-19,33896.04,-0.4833
2021-05-20,34084.15,0.555
2021-05-21,34207.84,0.3629
2021-05-24,34393.98,0.5441
2021-05-25,34312.46,-0.237
2021-05-26,34323.05,0.0309
2021-05-27,34464.64,0.4125
2021-05-28,34529.45,0.188
2021-06-01,34575.31,0.1328
2021-06-02,34600.38,0.0725
2021-06-03,34577.04,-0.0675
2021-06-04,34756.39,0.5187
2021-06-07,34630.24,-0.363
2021-06-08,34599.82,-0.0878
2021-06-09,34447.14,-0.4413
2021-06-10,34466.24,0.0554
2021-06-11,34479.6,0.0388
2021-06-14,34393.75,-0.249
2021-06-15,34299.33,-0.2745
2021-06-16,34033.67,-0.7745
2021-06-17,33823.45,-0.6177
2021-06-18,33290.08,-1.5769
2021-06-21,33876.97,1.763
2021-06-22,33945.58,0.2025
2021-06-23,33874.24,-0.2102
2021-06-24,34196.82,0.9523
2021-06-25,34433.84,0.6931
2021-06-28,34283.27,-0.4373
2021-06-29,34292.29,0.0263
2021-06-30,34502.51,0.613
2021-07-01,34633.53,0.3797
2021-07-02,34786.35,0.4412
2021-07-06,34577.37,-0.6008
2021-07-07,34681.79,0.302
2021-07-08,34421.93,-0.7493
2021-07-09,34870.16,1.3022
2021-07-12,34996.18,0.3614
2021-07-13,34888.79,-0.3069
2021-07-14,34933.23,0.1274
2021-07-15,34987.02,0.154
2021-07-16,34687.85,-0.8551
2021-07-19,33962.04,-2.0924
2021-07-20,34511.99,1.6193
2021-07-21,34798,0.8287
2021-07-22,34823.35,0.0728
2021-07-23,35061.55,0.684
2021-07-26,35144.31,0.236
2021-07-27,35058.52,-0.2441
2021-07-28,34930.93,-0.3639
2021-07-29,35084.53,0.4397
2021-07-30,34935.47,-0.4249
2021-08-02,34838.16,-0.2785
2021-08-03,35116.4,0.7987
2021-08-04,34792.67,-0.9219
2021-08-05,35064.25,0.7806
2021-08-06,35208.51,0.4114
2021-08-09,35101.85,-0.3029
2021-08-10,35264.67,0.4639
2021-08-11,35484.97,0.6247
2021-08-12,35499.85,0.0419
2021-08-13,35515.38,0.0437
2021-08-16,35625.4,0.3098
2021-08-17,35343.28,-0.7919
2021-08-18,34960.69,-1.0825
2021-08-19,34894.12,-0.1904
2021-08-20,35120.08,0.6476
2021-08-23,35335.71,0.614
2021-08-24,35366.26,0.0865
2021-08-25,35405.5,0.111
2021-08-26,35213.12,-0.5434
2021-08-27,35455.8,0.6892
2021-08-30,35399.84,-0.1578
2021-08-31,35360.73,-0.1105
2021-09-01,35312.53,-0.1363
2021-09-02,35443.82,0.3718
2021-09-03,35369.09,-0.2108
2021-09-07,35100,-0.7608
2021-09-08,35031.07,-0.1964
2021-09-09,34879.38,-0.433
2021-09-10,34607.72,-0.7789
2021-09-13,34869.63,0.7568
2021-09-14,34577.57,-0.8376
2021-09-15,34814.39,0.6849
2021-09-16,34751.32,-0.1812
2021-09-17,34584.88,-0.4789
2021-09-20,33970.47,-1.7765
2021-09-21,33919.84,-0.149
2021-09-22,34258.32,0.9979
2021-09-23,34764.82,1.4785
2021-09-24,34798,0.0954
2021-09-27,34869.37,0.2051
2021-09-28,34299.99,-1.6329
2021-09-29,34390.72,0.2645
2021-09-30,33843.92,-1.59
2021-10-01,34326.46,1.4258
2021-10-04,34002.92,-0.9425
2021-10-05,34314.67,0.9168
2021-10-06,34416.99,0.2982
2021-10-07,34754.94,0.9819
2021-10-08,34746.25,-0.025
2021-10-11,34496.06,-0.72
2021-10-12,34378.34,-0.3413
2021-10-13,34377.81,-0.0015
2021-10-14,34912.56,1.5555
2021-10-15,35294.76,1.0947
2021-10-18,35258.61,-0.1024
2021-10-19,35457.31,0.5636
2021-10-20,35609.34,0.4288
2021-10-21,35603.08,-0.0176
2021-10-22,35677.02,0.2077
2021-10-25,35741.15,0.1798
2021-10-26,35756.88,0.044
2021-10-27,35490.69,-0.7444
2021-10-28,35730.48,0.6756
2021-10-29,35819.56,0.2493
2021-11-01,35913.84,0.2632
2021-11-02,36052.63,0.3865
2021-11-03,36157.58,0.2911
2021-11-04,36124.23,-0.0922
2021-11-05,36327.95,0.5639
2021-11-08,36432.22,0.287
2021-11-09,36319.98,-0.3081
2021-11-10,36079.94,-0.6609
2021-11-11,35921.23,-0.4399
2021-11-12,36100.31,0.4985
2021-11-15,36087.45,-0.0356
2021-11-16,36142.22,0.1518
2021-11-17,35931.05,-0.5843
2021-11-18,35870.95,-0.1673
2021-11-19,35601.98,-0.7498
2021-11-22,35619.25,0.0485
2021-11-23,35813.8,0.5462
2021-11-24,35804.38,-0.0263
2021-11-26,34899.34,-2.5277
2021-11-29,35135.94,0.6779
2021-11-30,34483.72,-1.8563
2021-12-01,34022.04,-1.3388
2021-12-02,34639.79,1.8157
2021-12-03,34580.08,-0.1724
2021-12-06,35227.03,1.8709
2021-12-07,35719.43,1.3978
2021-12-08,35754.75,0.0989
2021-12-09,35754.69,-0.0002
2021-12-10,35970.99,0.605
2021-12-13,35650.95,-0.8897
2021-12-14,35544.18,-0.2995
2021-12-15,35927.43,1.0782
2021-12-16,35897.64,-0.0829
2021-12-17,35365.44,-1.4825
2021-12-20,34932.16,-1.2252
2021-12-21,35492.7,1.6047
2021-12-22,35753.89,0.7359
2021-12-23,35950.56,0.5501
2021-12-27,36302.38,0.9786
2021-12-28,36398.21,0.264
2021-12-29,36488.63,0.2484
2021-12-30,36398.08,-0.2482
2021-12-31,36338.3,-0.1642
2022-01-03,36585.06,0.6791
2022-01-04,36799.65,0.5866
2022-01-05,36407.11,-1.0667
2022-01-06,36236.47,-0.4687
2022-01-07,36231.66,-0.0133
2022-01-10,36068.87,-0.4493
2022-01-11,36252.02,0.5078
2022-01-12,36290.32,0.1056
2022-01-13,36113.62,-0.4869
2022-01-14,35911.81,-0.5588
2022-01-18,35368.47,-1.513
2022-01-19,35028.65,-0.9608
2022-01-20,34715.39,-0.8943
2022-01-21,34265.37,-1.2963
2022-01-24,34364.5,0.2893
2022-01-25,34297.73,-0.1943
2022-01-26,34168.09,-0.378
2022-01-27,34160.78,-0.0214
2022-01-28,34725.47,1.653
2022-01-31,35131.86,1.1703
2022-02-01,35405.24,0.7782
2022-02-02,35629.33,0.6329
2022-02-03,35111.16,-1.4543
2022-02-04,35089.74,-0.061
2022-02-07,35091.13,0.004
2022-02-08,35462.78,1.0591
2022-02-09,35768.06,0.8608
2022-02-10,35241.59,-1.4719
2022-02-11,34738.06,-1.4288
2022-02-14,34566.17,-0.4948
2022-02-15,34988.84,1.2228
2022-02-16,34934.27,-0.156
2022-02-17,34312.03,-1.7812
2022-02-18,34079.18,-0.6786
2022-02-22,33596.61,-1.416
2022-02-23,33131.76,-1.3836
2022-02-24,33223.83,0.2779
2022-02-25,34058.75,2.513
2022-02-28,33892.6,-0.4878
2022-03-01,33294.95,-1.7634
2022-03-02,33891.35,1.7913
2022-03-03,33794.66,-0.2853
2022-03-04,33614.8,-0.5322
2022-03-07,32817.38,-2.3722
2022-03-08,32632.64,-0.5629
2022-03-09,33286.25,2.0029
2022-03-10,33174.07,-0.337
2022-03-11,32944.19,-0.693
2022-03-14,32945.24,0.0032
2022-03-15,33544.34,1.8185
2022-03-16,34063.1,1.5465
2022-03-17,34480.76,1.2261
2022-03-18,34754.93,0.7951
2022-03-21,34552.99,-0.581
2022-03-22,34807.46,0.7365
2022-03-23,34358.5,-1.2898
2022-03-24,34707.94,1.017
2022-03-25,34861.24,0.4417
2022-03-28,34955.89,0.2715
2022-03-29,35294.19,0.9678
2022-03-30,35228.81,-0.1852
2022-03-31,34678.35,-1.5625
2022-04-01,34818.27,0.4035
2022-04-04,34921.88,0.2976
2022-04-05,34641.18,-0.8038
2022-04-06,34496.51,-0.4176
2022-04-07,34583.57,0.2524
2022-04-08,34721.12,0.3977
2022-04-11,34308.08,-1.1896
2022-04-12,34220.36,-0.2557
2022-04-13,34564.59,1.0059
2022-04-14,34451.23,-0.328
2022-04-18,34411.69,-0.1148
2022-04-19,34911.2,1.4516
2022-04-20,35160.79,0.7149
2022-04-21,34792.76,-1.0467
2022-04-22,33811.4,-2.8206
2022-04-25,34049.46,0.7041
2022-04-26,33240.18,-2.3768
2022-04-27,33301.93,0.1858
2022-04-28,33916.39,1.8451
2022-04-29,32977.21,-2.7691
2022-05-02,33061.5,0.2556
2022-05-03,33128.79,0.2035
2022-05-04,34061.06,2.8141
2022-05-05,32997.97,-3.1211
2022-05-06,32899.37,-0.2988
2022-05-09,32245.7,-1.9869
2022-05-10,32160.74,-0.2635
2022-05-11,31834.11,-1.0156
2022-05-12,31730.3,-0.3261
2022-05-13,32196.66,1.4698
2022-05-16,32223.42,0.0831
2022-05-17,32654.59,1.3381
2022-05-18,31490.07,-3.5662
2022-05-19,31253.13,-0.7524
2022-05-20,31261.9,0.0281
2022-05-23,31880.24,1.9779
2022-05-24,31928.62,0.1518
2022-05-25,32120.28,0.6003
2022-05-26,32637.19,1.6093
2022-05-27,33212.96,1.7642
2022-05-31,32990.12,-0.6709
2022-06-01,32813.23,-0.5362
2022-06-02,33248.28,1.3258
2022-06-03,32899.7,-1.0484
2022-06-06,32915.78,0.0489
2022-06-07,33180.14,0.8031
2022-06-08,32910.9,-0.8114
2022-06-09,32272.79,-1.9389
2022-06-10,31392.79,-2.7268
2022-06-13,30516.74,-2.7906
2022-06-14,30364.83,-0.4978
2022-06-15,30668.53,1.0002
2022-06-16,29927.07,-2.4177
2022-06-17,29888.78,-0.1279
2022-06-21,30530.25,2.1462
2022-06-22,30483.13,-0.1543
2022-06-23,30677.36,0.6372
2022-06-24,31500.68,2.6838
2022-06-27,31438.26,-0.1982
2022-06-28,30946.99,-1.5627
2022-06-29,31029.31,0.266
2022-06-30,30775.43,-0.8182
2022-07-01,31097.26,1.0457
2022-07-05,30967.82,-0.4162
2022-07-06,31037.68,0.2256
2022-07-07,31384.55,1.1176
2022-07-08,31338.15,-0.1478
2022-07-11,31173.84,-0.5243
2022-07-12,30981.33,-0.6175
2022-07-13,30772.79,-0.6731
2022-07-14,30630.17,-0.4635
2022-07-15,31288.26,2.1485
2022-07-18,31072.61,-0.6892
2022-07-19,31827.05,2.428
2022-07-20,31874.84,0.1502
2022-07-21,32036.9,0.5084
2022-07-22,31899.29,-0.4295
2022-07-25,31990.04,0.2845
2022-07-26,31761.54,-0.7143
2022-07-27,32197.59,1.3729
2022-07-28,32529.63,1.0313
2022-07-29,32845.13,0.9699
2022-08-01,32798.4,-0.1423
2022-08-02,32396.17,-1.2264
2022-08-03,32812.5,1.2851
2022-08-04,32726.82,-0.2611
2022-08-05,32803.47,0.2342
2022-08-08,32832.54,0.0886
2022-08-09,32774.41,-0.177
2022-08-10,33309.51,1.6327
2022-08-11,33336.67,0.0815
2022-08-12,33761.05,1.273
2022-08-15,33912.44,0.4484
2022-08-16,34152.01,0.7064
2022-08-17,33980.32,-0.5027
2022-08-18,33999.04,0.0551
2022-08-19,33706.74,-0.8597
2022-08-22,33063.61,-1.908
2022-08-23,32909.59,-0.4658
2022-08-24,32969.23,0.1812
2022-08-25,33291.78,0.9783
2022-08-26,32283.4,-3.0289
2022-08-29,32098.99,-0.5712
2022-08-30,31790.87,-0.9599
2022-08-31,31510.43,-0.8821
2022-09-01,31656.42,0.4633
2022-09-02,31318.44,-1.0677
2022-09-06,31145.3,-0.5528
2022-09-07,31581.28,1.3998
2022-09-08,31774.52,0.6119
2022-09-09,32151.71,1.1871
2022-09-12,32381.34,0.7142
2022-09-13,31104.97,-3.9417
2022-09-14,31135.09,0.0968
2022-09-15,30961.82,-0.5565
2022-09-16,30822.42,-0.4502
2022-09-19,31019.68,0.64
2022-09-20,30706.23,-1.0105
2022-09-21,30183.78,-1.7014
2022-09-22,30076.68,-0.3548
2022-09-23,29590.41,-1.6168
2022-09-26,29260.81,-1.1139
2022-09-27,29134.99,-0.43
2022-09-28,29683.74,1.8835
2022-09-29,29225.61,-1.5434
2022-09-30,28725.51,-1.7112
2022-10-03,29490.89,2.6645
2022-10-04,30316.32,2.7989
2022-10-05,30273.87,-0.14
2022-10-06,29926.94,-1.146
2022-10-07,29296.79,-2.1056
2022-10-10,29202.88,-0.3205
2022-10-11,29239.19,0.1243
2022-10-12,29210.85,-0.0969
2022-10-13,30038.72,2.8341
2022-10-14,29634.83,-1.3446
2022-10-17,30185.82,1.8593
2022-10-18,30523.8,1.1197
2022-10-19,30423.81,-0.3276
2022-10-20,30333.59,-0.2965
2022-10-21,31082.56,2.4691
2022-10-24,31499.62,1.3418
2022-10-25,31836.74,1.0702
2022-10-26,31839.11,0.0074
2022-10-27,32033.28,0.6098
2022-10-28,32861.8,2.5864
2022-10-31,32732.95,-0.3921
2022-11-01,32653.2,-0.2436
2022-11-02,32147.76,-1.5479
2022-11-03,32001.25,-0.4557
2022-11-04,32403.22,1.2561
2022-11-07,32827,1.3078
2022-11-08,33160.83,1.0169
2022-11-09,32513.94,-1.9508
2022-11-10,33715.37,3.6951
2022-11-11,33747.86,0.0964
2022-11-14,33536.7,-0.6257
2022-11-15,33592.92,0.1676
2022-11-16,33553.83,-0.1164
2022-11-17,33546.32,-0.0224
2022-11-18,33745.69,0.5943
2022-11-21,33700.28,-0.1346
2022-11-22,34098.1,1.1805
2022-11-23,34194.06,0.2814
2022-11-25,34347.03,0.4474
2022-11-28,33849.46,-1.4487
2022-11-29,33852.53,0.0091
2022-11-30,34589.77,2.1778
2022-12-01,34395.01,-0.5631
2022-12-02,34429.88,0.1014
2022-12-05,33947.1,-1.4022
2022-12-06,33596.34,-1.0333
2022-12-07,33597.92,0.0047
2022-12-08,33781.48,0.5463
2022-12-09,33476.46,-0.9029
2022-12-12,34005.04,1.579
2022-12-13,34108.64,0.3047
2022-12-14,33966.35,-0.4172
2022-12-15,33202.22,-2.2497
2022-12-16,32920.46,-0.8486
2022-12-19,32757.54,-0.4949
2022-12-20,32849.74,0.2815
2022-12-21,33376.48,1.6035
2022-12-22,33027.49,-1.0456
2022-12-23,33203.93,0.5342
2022-12-27,33241.56,0.1133
2022-12-28,32875.71,-1.1006
2022-12-29,33220.8,1.0497
2022-12-30,33147.25,-0.2214
2023-01-03,33136.37,-0.0328
2023-01-04,33269.77,0.4026
2023-01-05,32930.08,-1.021
2023-01-06,33630.61,2.1273
2023-01-09,33517.65,-0.3359
2023-01-10,33704.1,0.5563
2023-01-11,33973.01,0.7979
2023-01-12,34189.97,0.6386
2023-01-13,34302.61,0.3295
2023-01-17,33910.85,-1.1421
2023-01-18,33296.96,-1.8103
2023-01-19,33044.56,-0.758
2023-01-20,33375.49,1.0015
2023-01-23,33629.56,0.7612
2023-01-24,33733.96,0.3104
2023-01-25,33743.84,0.0293
2023-01-26,33949.41,0.6092
2023-01-27,33978.08,0.0844
2023-01-30,33717.09,-0.7681
2023-01-31,34086.04,1.0943
2023-02-01,34092.96,0.0203
2023-02-02,34053.94,-0.1145
2023-02-03,33926.01,-0.3757
2023-02-06,33891.02,-0.1031
2023-02-07,34156.69,0.7839
2023-02-08,33949.01,-0.608
2023-02-09,33699.88,-0.7338
2023-02-10,33869.27,0.5026
2023-02-13,34245.93,1.1121
2023-02-14,34089.27,-0.4575
2023-02-15,34128.05,0.1138
2023-02-16,33696.85,-1.2635
2023-02-17,33826.69,0.3853
2023-02-21,33129.59,-2.0608
2023-02-22,33045.09,-0.2551
2023-02-23,33153.91,0.3293
2023-02-24,32816.92,-1.0164
2023-02-27,32889.09,0.2199
2023-02-28,32656.7,-0.7066
2023-03-01,32661.84,0.0157
2023-03-02,33003.57,1.0463
2023-03-03,33390.97,1.1738
2023-03-06,33431.44,0.1212
2023-03-07,32856.46,-1.7199
2023-03-08,32798.4,-0.1767
2023-03-09,32254.86,-1.6572
2023-03-10,31909.64,-1.0703
2023-03-13,31819.14,-0.2836
2023-03-14,32155.4,1.0568
2023-03-15,31874.57,-0.8734
2023-03-16,32246.55,1.167
2023-03-17,31861.98,-1.1926
2023-03-20,32244.58,1.2008
2023-03-21,32560.6,0.9801
2023-03-22,32030.11,-1.6292
2023-03-23,32105.25,0.2346
2023-03-24,32237.53,0.412
2023-03-27,32432.08,0.6035
2023-03-28,32394.25,-0.1166
2023-03-29,32717.6,0.9982
2023-03-30,32859.03,0.4323
2023-03-31,33274.15,1.2633
2023-04-03,33601.15,0.9827
2023-04-04,33402.38,-0.5916
2023-04-05,33482.72,0.2405
2023-04-06,33485.29,0.0077
2023-04-10,33586.52,0.3023
2023-04-11,33684.79,0.2926
2023-04-12,33646.5,-0.1137
2023-04-13,34029.69,1.1389
2023-04-14,33886.47,-0.4209
2023-04-17,33987.18,0.2972
2023-04-18,33976.63,-0.031
2023-04-19,33897.01,-0.2343
2023-04-20,33786.62,-0.3257
2023-04-21,33808.96,0.0661
2023-04-24,33875.4,0.1965
2023-04-25,33530.83,-1.0172
2023-04-26,33301.87,-0.6828
2023-04-27,33826.16,1.5744
2023-04-28,34098.16,0.8041
2023-05-01,34051.7,-0.1363
2023-05-02,33684.53,-1.0783
2023-05-03,33414.24,-0.8024
2023-05-04,33127.74,-0.8574
2023-05-05,33674.38,1.6501
2023-05-08,33618.69,-0.1654
2023-05-09,33561.81,-0.1692
2023-05-10,33531.33,-0.0908
2023-05-11,33309.51,-0.6615
2023-05-12,33300.62,-0.0267
2023-05-15,33348.6,0.1441
2023-05-16,33012.14,-1.0089
2023-05-17,33420.77,1.2378
2023-05-18,33535.91,0.3445
2023-05-19,33426.63,-0.3259
2023-05-22,33286.58,-0.419
2023-05-23,33055.51,-0.6942
2023-05-24,32799.92,-0.7732
2023-05-25,32764.65,-0.1075
2023-05-26,33093.34,1.0032
2023-05-30,33042.78,-0.1528
2023-05-31,32908.27,-0.4071
2023-06-01,33061.57,0.4658
2023-06-02,33762.76,2.1209
2023-06-05,33562.86,-0.5921
2023-06-06,33573.28,0.031
2023-06-07,33665.02,0.2733
2023-06-08,33833.61,0.5008
2023-06-09,33876.78,0.1276
2023-06-12,34066.33,0.5595
2023-06-13,34212.12,0.428
2023-06-14,33979.33,-0.6804
2023-06-15,34408.06,1.2617
2023-06-16,34299.12,-0.3166
2023-06-20,34053.87,-0.715
2023-06-21,33951.52,-0.3006
2023-06-22,33946.71,-0.0142
2023-06-23,33727.43,-0.646
2023-06-26,33714.71,-0.0377
2023-06-27,33926.74,0.6289
2023-06-28,33852.66,-0.2184
2023-06-29,34122.42,0.7969
2023-06-30,34407.6,0.8358
2023-07-03,34418.47,0.0316
2023-07-05,34288.64,-0.3772
2023-07-06,33922.26,-1.0685
2023-07-07,33734.88,-0.5524
2023-07-10,33944.4,0.6211
2023-07-11,34261.42,0.9339
2023-07-12,34347.43,0.251
2023-07-13,34395.14,0.1389
2023-07-14,34509.03,0.3311
2023-07-17,34585.35,0.2212
2023-07-18,34951.93,1.0599
2023-07-19,35061.21,0.3127
2023-07-20,35225.18,0.4677
2023-07-21,35227.69,0.0071
2023-07-24,35411.24,0.521
2023-07-25,35438.07,0.0758
2023-07-26,35520.12,0.2315
2023-07-27,35282.72,-0.6684
2023-07-28,35459.29,0.5004
2023-07-31,35559.53,0.2827
2023-08-01,35630.68,0.2001
2023-08-02,35282.52,-0.9771
2023-08-03,35215.89,-0.1888
2023-08-04,35065.62,-0.4267
2023-08-07,35473.13,1.1621
2023-08-08,35314.49,-0.4472
2023-08-09,35123.36,-0.5412
2023-08-10,35176.15,0.1503
2023-08-11,35281.4,0.2992
2023-08-14,35307.63,0.0743
2023-08-15,34946.39,-1.0231
2023-08-16,34765.74,-0.5169
2023-08-17,34474.83,-0.8368
2023-08-18,34500.66,0.0749
2023-08-21,34463.69,-0.1072
2023-08-22,34288.83,-0.5074
2023-08-23,34472.98,0.5371
2023-08-24,34099.42,-1.0836
2023-08-25,34346.9,0.7258
2023-08-28,34559.98,0.6204
2023-08-29,34852.67,0.8469
2023-08-30,34890.24,0.1078
2023-08-31,34721.91,-0.4825
2023-09-01,34837.71,0.3335
2023-09-05,34641.97,-0.5619
2023-09-06,34443.19,-0.5738
2023-09-07,34500.73,0.1671
2023-09-08,34576.59,0.2199
2023-09-11,34663.72,0.252
2023-09-12,34645.99,-0.0511
2023-09-13,34575.53,-0.2034
2023-09-14,34907.11,0.959
2023-09-15,34618.24,-0.8275
2023-09-18,34624.3,0.0175
2023-09-19,34517.73,-0.3078
2023-09-20,34440.88,-0.2226
2023-09-21,34070.42,-1.0756
2023-09-22,33963.84,-0.3128
2023-09-25,34006.88,0.1267
2023-09-26,33618.88,-1.1409
2023-09-27,33550.27,-0.2041
2023-09-28,33666.34,0.346
2023-09-29,33507.5,-0.4718
2023-10-02,33433.35,-0.2213
2023-10-03,33002.38,-1.289
2023-10-04,33129.55,0.3853
2023-10-05,33119.57,-0.0301
2023-10-06,33407.58,0.8696
2023-10-09,33604.65,0.5899
2023-10-10,33739.3,0.4007
2023-10-11,33804.87,0.1943
2023-10-12,33631.14,-0.5139
2023-10-13,33670.29,0.1164
2023-10-16,33984.54,0.9333
2023-10-17,33997.65,0.0386
2023-10-18,33665.08,-0.9782
2023-10-19,33414.17,-0.7453
2023-10-20,33127.28,-0.8586
2023-10-23,32936.41,-0.5762
2023-10-24,33141.38,0.6223
2023-10-25,33035.93,-0.3182
2023-10-26,32784.3,-0.7617
2023-10-27,32417.59,-1.1186
2023-10-30,32928.96,1.5774
2023-10-31,33052.87,0.3763
2023-11-01,33274.58,0.6708
2023-11-02,33839.08,1.6965
2023-11-03,34061.32,0.6568
2023-11-06,34095.86,0.1014
2023-11-07,34152.6,0.1664
2023-11-08,34112.27,-0.1181
2023-11-09,33891.94,-0.6459
2023-11-10,34283.1,1.1541
2023-11-13,34337.87,0.1598
2023-11-14,34827.7,1.4265
2023-11-15,34991.21,0.4695
2023-11-16,34945.47,-0.1307
2023-11-17,34947.28,0.0052
2023-11-20,35151.04,0.583
2023-11-21,35088.29,-0.1785
2023-11-22,35273.03,0.5265
2023-11-24,35390.15,0.332
2023-11-27,35333.47,-0.1602
2023-11-28,35416.98,0.2363
2023-11-29,35430.42,0.0379
2023-11-30,35950.89,1.469
2023-12-01,36245.5,0.8195
2023-12-04,36204.44,-0.1133
2023-12-05,36124.56,-0.2206
2023-12-06,36054.43,-0.1941
2023-12-07,36117.38,0.1746
2023-12-08,36247.87,0.3613
2023-12-11,36404.93,0.4333
2023-12-12,36577.94,0.4752
2023-12-13,37090.24,1.4006
2023-12-14,37248.35,0.4263
2023-12-15,37305.16,0.1525
2023-12-18,37306.02,0.0023
2023-12-19,37557.92,0.6752
2023-12-20,37082,-1.2672
2023-12-21,37404.35,0.8693
2023-12-22,37385.97,-0.0491
2023-12-26,37545.33,0.4263
2023-12-27,37656.52,0.2961
2023-12-28,37710.1,0.1423
2023-12-29,37689.54,-0.0545
2024-01-02,37715.04,0.0677
2024-01-03,37430.19,-0.7553
2024-01-04,37440.34,0.0271
2024-01-05,37466.11,0.0688
2024-01-08,37683.01,0.5789
2024-01-09,37525.16,-0.4189
2024-01-10,37695.73,0.4545
2024-01-11,37711.02,0.0406
2024-01-12,37592.98,-0.313
2024-01-16,37361.12,-0.6168
2024-01-17,37266.67,-0.2528
2024-01-18,37468.61,0.5419
2024-01-19,37863.8,1.0547
2024-01-22,38001.81,0.3645
2024-01-23,37905.45,-0.2536
2024-01-24,37806.39,-0.2613
2024-01-25,38049.13,0.6421
2024-01-26,38109.43,0.1585
2024-01-29,38333.45,0.5878
2024-01-30,38467.31,0.3492
2024-01-31,38150.3,-0.8241
2024-02-01,38519.84,0.9686
2024-02-02,38654.42,0.3494
2024-02-05,38380.12,-0.7096
2024-02-06,38521.36,0.368
2024-02-07,38677.36,0.405
2024-02-08,38726.33,0.1266
2024-02-09,38671.69,-0.1411
2024-02-12,38797.38,0.325
2024-02-13,38272.75,-1.3522
2024-02-14,38424.27,0.3959
2024-02-15,38773.12,0.9079
2024-02-16,38627.99,-0.3743
2024-02-20,38563.8,-0.1662
2024-02-21,38612.24,0.1256
2024-02-22,39069.11,1.1832
2024-02-23,39131.53,0.1598
2024-02-26,39069.23,-0.1592
2024-02-27,38972.41,-0.2478
2024-02-28,38949.02,-0.06
2024-02-29,38996.39,0.1216
2024-03-01,39087.38,0.2333
2024-03-04,38989.83,-0.2496
2024-03-05,38585.19,-1.0378
2024-03-06,38661.05,0.1966
2024-03-07,38791.35,0.337
2024-03-08,38722.69,-0.177
2024-03-11,38769.66,0.1213
2024-03-12,39005.49,0.6083
2024-03-13,39043.32,0.097
2024-03-14,38905.66,-0.3526
2024-03-15,38714.77,-0.4906
2024-03-18,38790.43,0.1954
2024-03-19,39110.76,0.8258
2024-03-20,39512.13,1.0262
2024-03-21,39781.37,0.6814
2024-03-22,39475.9,-0.7679
2024-03-25,39313.64,-0.411
2024-03-26,39282.33,-0.0796
2024-03-27,39760.08,1.2162
2024-03-28,39807.37,0.1189
2024-04-01,39566.85,-0.6042
2024-04-02,39170.24,-1.0024
2024-04-03,39127.14,-0.11
2024-04-04,38596.98,-1.355
2024-04-05,38904.04,0.7956
2024-04-08,38892.8,-0.0289
2024-04-09,38883.67,-0.0235
2024-04-10,38461.51,-1.0857
2024-04-11,38459.08,-0.0063
2024-04-12,37983.24,-1.2373
2024-04-15,37735.11,-0.6533
2024-04-16,37798.97,0.1692
2024-04-17,37753.31,-0.1208
2024-04-18,37775.38,0.0585
2024-04-19,37986.4,0.5586
2024-04-22,38239.98,0.6676
2024-04-23,38503.69,0.6896
2024-04-24,38460.92,-0.1111
2024-04-25,38085.8,-0.9753
2024-04-26,38239.66,0.404
2024-04-29,38386.09,0.3829
2024-04-30,37815.92,-1.4854
2024-05-01,37903.29,0.231
2024-05-02,38225.66,0.8505
2024-05-03,38675.68,1.1773
2024-05-06,38852.27,0.4566
2024-05-07,38884.26,0.0823
2024-05-08,39056.39,0.4427
2024-05-09,39387.76,0.8484
2024-05-10,39512.84,0.3176
2024-05-13,39431.51,-0.2058
2024-05-14,39558.11,0.3211
2024-05-15,39908,0.8845
2024-05-16,39869.38,-0.0968
2024-05-17,40003.59,0.3366
2024-05-20,39806.77,-0.492
2024-05-21,39872.99,0.1664
2024-05-22,39671.04,-0.5065
2024-05-23,39065.26,-1.527
2024-05-24,39069.59,0.0111
2024-05-28,38852.86,-0.5547
2024-05-29,38441.54,-1.0587
2024-05-30,38111.48,-0.8586
2024-05-31,38686.32,1.5083
2024-06-03,38571.03,-0.298
2024-06-04,38711.29,0.3636
2024-06-05,38807.33,0.2481
2024-06-06,38886.17,0.2032
2024-06-07,38798.99,-0.2242
2024-06-10,38868.04,0.178
2024-06-11,38747.42,-0.3103
2024-06-12,38712.21,-0.0909
2024-06-13,38647.1,-0.1682
2024-06-14,38589.16,-0.1499
2024-06-17,38778.1,0.4896
2024-06-18,38834.86,0.1464
2024-06-20,39134.76,0.7722
2024-06-21,39150.33,0.0398
2024-06-24,39411.21,0.6664
2024-06-25,39112.16,-0.7588
2024-06-26,39127.8,0.04
2024-06-27,39164.06,0.0927
2024-06-28,39118.86,-0.1154
2024-07-01,39169.52,0.1295
2024-07-02,39331.85,0.4144
2024-07-03,39308,-0.0606
2024-07-05,39375.87,0.1727
2024-07-08,39344.79,-0.0789
2024-07-09,39291.97,-0.1342
2024-07-10,39721.36,1.0928
2024-07-11,39753.75,0.0815
2024-07-12,40000.9,0.6217
2024-07-15,40211.72,0.527
2024-07-16,40954.48,1.8471
2024-07-17,41198.08,0.5948
2024-07-18,40665.02,-1.2939
2024-07-19,40287.53,-0.9283
2024-07-22,40415.44,0.3175
2024-07-23,40358.09,-0.1419
2024-07-24,39853.87,-1.2494
2024-07-25,39935.07,0.2037
2024-07-26,40589.34,1.6383
2024-07-29,40539.93,-0.1217
2024-07-30,40743.33,0.5017
2024-07-31,40842.79,0.2441
2024-08-01,40347.97,-1.2115
2024-08-02,39737.26,-1.5136
2024-08-05,38703.27,-2.6021
2024-08-06,38997.66,0.7606
2024-08-07,38763.45,-0.6006
2024-08-08,39446.49,1.7621
2024-08-09,39497.54,0.1294
2024-08-12,39357.01,-0.3558
2024-08-13,39765.64,1.0383
2024-08-14,40008.39,0.6105
2024-08-15,40563.06,1.3864
2024-08-16,40659.76,0.2384
2024-08-19,40896.53,0.5823
2024-08-20,40834.97,-0.1505
2024-08-21,40890.49,0.136
2024-08-22,40712.78,-0.4346
2024-08-23,41175.08,1.1355
2024-08-26,41240.52,0.1589
2024-08-27,41250.5,0.0242
2024-08-28,41091.42,-0.3856
2024-08-29,41335.05,0.5929
2024-08-30,41563.08,0.5517
2024-09-03,40936.93,-1.5065
2024-09-04,40974.97,0.0929
2024-09-05,40755.75,-0.535
2024-09-06,40345.41,-1.0068
2024-09-09,40829.59,1.2001
2024-09-10,40736.96,-0.2269
2024-09-11,40861.71,0.3062
2024-09-12,41096.77,0.5753
2024-09-13,41393.78,0.7227
2024-09-16,41622.08,0.5515
2024-09-17,41606.18,-0.0382
2024-09-18,41503.1,-0.2478
2024-09-19,42025.19,1.258
2024-09-20,42063.36,0.0908
2024-09-23,42124.65,0.1457
2024-09-24,42208.22,0.1984
2024-09-25,41914.75,-0.6953
2024-09-26,42175.11,0.6212
2024-09-27,42313,0.3269
2024-09-30,42330.15,0.0405
2024-10-01,42156.97,-0.4091
2024-10-02,42196.52,0.0938
2024-10-03,42011.59,-0.4383
2024-10-04,42352.75,0.8121
2024-10-07,41954.24,-0.9409
2024-10-08,42080.37,0.3006
2024-10-09,42512,1.0257
2024-10-10,42454.12,-0.1361
2024-10-11,42863.86,0.9651
2024-10-14,43065.22,0.4698
2024-10-15,42740.42,-0.7542
2024-10-16,43077.7,0.7891
2024-10-17,43239.05,0.3746
2024-10-18,43275.91,0.0852
2024-10-21,42931.6,-0.7956
2024-10-22,42924.89,-0.0156
2024-10-23,42514.95,-0.955
2024-10-24,42374.36,-0.3307
2024-10-25,42114.4,-0.6135
2024-10-28,42387.57,0.6486
2024-10-29,42233.05,-0.3645
2024-10-30,42141.54,-0.2167
2024-10-31,41763.46,-0.8972
2024-11-01,42052.19,0.6913
2024-11-04,41794.6,-0.6125
2024-11-05,42221.88,1.0223
2024-11-06,43729.93,3.5717
2024-11-07,43729.34,-0.0013
2024-11-08,43988.99,0.5938
2024-11-11,44293.13,0.6914
2024-11-12,43910.98,-0.8628
2024-11-13,43958.19,0.1075
2024-11-14,43750.86,-0.4717
2024-11-15,43444.99,-0.6991
2024-11-18,43389.6,-0.1275
2024-11-19,43268.94,-0.2781
2024-11-20,43408.47,0.3225
2024-11-21,43870.35,1.064
2024-11-22,44296.51,0.9714
2024-11-25,44736.57,0.9934
2024-11-26,44860.31,0.2766
2024-11-27,44722.06,-0.3082
2024-11-29,44910.65,0.4217
2024-12-02,44782,-0.2865
2024-12-03,44705.53,-0.1708
2024-12-04,45014.04,0.6901
2024-12-05,44765.71,-0.5517
2024-12-06,44642.52,-0.2752
2024-12-09,44401.93,-0.5389
2024-12-10,44247.83,-0.3471
2024-12-11,44148.56,-0.2243
2024-12-12,43914.12,-0.531
2024-12-13,43828.06,-0.196
2024-12-16,43717.48,-0.2523
2024-12-17,43449.9,-0.6121
2024-12-18,42326.87,-2.5847
2024-12-19,42342.24,0.0363
2024-12-20,42840.26,1.1762
2024-12-23,42906.95,0.1557
2024-12-24,43297.03,0.9091
2024-12-26,43325.8,0.0664
2024-12-27,42992.21,-0.77
2024-12-30,42573.73,-0.9734
2024-12-31,42544.22,-0.0693
2025-01-02,42392.27,-0.3572
2025-01-03,42732.13,0.8017
2025-01-06,42706.56,-0.0598
2025-01-07,42528.36,-0.4173
2025-01-08,42635.2,0.2512
2025-01-10,41938.45,-1.6342
2025-01-13,42297.12,0.8552
2025-01-14,42518.28,0.5229
2025-01-15,43221.55,1.654
2025-01-16,43153.13,-0.1583
2025-01-17,43487.83,0.7756
2025-01-21,44025.81,1.2371
2025-01-22,44156.73,0.2974
2025-01-23,44565.07,0.9248
2025-01-24,44424.25,-0.316
2025-01-27,44713.58,0.6513
2025-01-28,44850.35,0.3059
2025-01-29,44713.52,-0.3051
2025-01-30,44882.13,0.3771
2025-01-31,44544.66,-0.7519
2025-02-03,44421.91,-0.2756
2025-02-04,44556.04,0.3019
2025-02-05,44873.28,0.712
2025-02-06,44747.63,-0.28
2025-02-07,44303.4,-0.9927
2025-02-10,44470.41,0.377
2025-02-11,44593.65,0.2771
2025-02-12,44368.56,-0.5048
2025-02-13,44711.43,0.7728
2025-02-14,44546.08,-0.3698
2025-02-18,44556.34,0.023
2025-02-19,44627.59,0.1599
2025-02-20,44176.65,-1.0105
2025-02-21,43428.02,-1.6946
2025-02-24,43461.21,0.0764
2025-02-25,43621.16,0.368
2025-02-26,43433.12,-0.4311
2025-02-27,43239.5,-0.4458
2025-02-28,43840.91,1.3909
2025-03-03,43191.24,-1.4819
2025-03-04,42520.99,-1.5518
2025-03-05,43006.59,1.142
2025-03-06,42579.08,-0.9941
2025-03-07,42801.72,0.5229
2025-03-10,41911.71,-2.0794
2025-03-11,41433.48,-1.141
2025-03-12,41350.93,-0.1992
2025-03-13,40813.57,-1.2995
2025-03-14,41488.19,1.6529
2025-03-17,41841.63,0.8519
2025-03-18,41581.31,-0.6222
2025-03-19,41964.63,0.9219
2025-03-20,41953.32,-0.027
2025-03-21,41985.35,0.0763
2025-03-24,42583.32,1.4242
2025-03-25,42587.5,0.0098
2025-03-26,42454.79,-0.3116
2025-03-27,42299.7,-0.3653
2025-03-28,41583.9,-1.6922
2025-03-31,42001.76,1.0049
2025-04-01,41989.96,-0.0281
2025-04-02,42225.32,0.5605
2025-04-03,40545.93,-3.9772
2025-04-04,38314.86,-5.5026
2025-04-07,37965.6,-0.9116
2025-04-08,37645.59,-0.8429
2025-04-09,40608.45,7.8704
2025-04-10,39593.66,-2.499
2025-04-11,40212.71,1.5635
2025-04-14,40524.79,0.7761
2025-04-15,40368.96,-0.3845
2025-04-16,39669.39,-1.7329
2025-04-17,39142.23,-1.3289
2025-04-21,38170.41,-2.4828
2025-04-22,39186.98,2.6632
2025-04-23,39606.57,1.0707
2025-04-24,40093.4,1.2292
2025-04-25,40113.5,0.0501
2025-04-28,40227.59,0.2844
2025-04-29,40527.62,0.7458
2025-04-30,40669.36,0.3497
2025-05-01,40752.96,0.2056
2025-05-02,41317.43,1.3851
2025-05-05,41218.83,-0.2386
2025-05-06,40829,-0.9458
2025-05-07,41113.97,0.698
2025-05-08,41368.45,0.619
2025-05-09,41249.38,-0.2878
2025-05-12,42410.1,2.8139
2025-05-13,42140.43,-0.6359
2025-05-14,42051.06,-0.2121
2025-05-15,42322.75,0.6461
2025-05-16,42654.74,0.7844
2025-05-19,42792.07,0.322
2025-05-20,42677.24,-0.2683
2025-05-21,41860.44,-1.9139
2025-05-22,41859.09,-0.0032
2025-05-23,41603.07,-0.6116
2025-05-27,42343.65,1.7801
2025-05-28,42098.7,-0.5785
2025-05-29,42215.73,0.278
2025-05-30,42270.07,0.1287
2025-06-02,42305.48,0.0838
2025-06-03,42519.64,0.5062
2025-06-04,42427.74,-0.2161
2025-06-05,42319.74,-0.2546
2025-06-06,42762.87,1.0471
2025-06-09,42761.76,-0.0026
2025-06-10,42866.87,0.2458
2025-06-11,42865.77,-0.0026
2025-06-12,42967.62,0.2376
2025-06-13,42197.79,-1.7917
2025-06-16,42515.09,0.7519
2025-06-17,42215.8,-0.704
2025-06-18,42171.66,-0.1046
2025-06-20,42206.82,0.0834
2025-06-23,42581.78,0.8884
2025-06-24,43089.02,1.1912
2025-06-25,42982.43,-0.2474
2025-06-26,43386.84,0.9409
2025-06-27,43819.27,0.9967
2025-06-30,44094.77,0.6287
2025-07-01,44494.94,0.9075
2025-07-02,44484.42,-0.0236
2025-07-03,44828.53,0.7736
2025-07-07,44406.36,-0.9417
2025-07-08,44240.76,-0.3729
2025-07-09,44458.3,0.4917
2025-07-10,44650.64,0.4326
2025-07-11,44371.51,-0.6251
2025-07-14,44459.65,0.1986
2025-07-15,44023.29,-0.9815
2025-07-16,44254.78,0.5258
2025-07-17,44484.49,0.5191
2025-07-18,44342.19,-0.3199
2025-07-21,44323.07,-0.0431
2025-07-22,44502.44,0.4047
2025-07-23,45010.29,1.1412
2025-07-24,44693.91,-0.7029
2025-07-25,44901.92,0.4654
2025-07-28,44837.56,-0.1433
2025-07-29,44632.99,-0.4562
2025-07-30,44461.28,-0.3847
2025-07-31,44130.98,-0.7429
2025-08-01,43588.58,-1.2291
2025-08-04,44173.64,1.3422
2025-08-05,44111.74,-0.1401
2025-08-06,44193.12,0.1845
2025-08-07,43968.64,-0.508
2025-08-08,44175.61,0.4707
2025-08-11,43975.09,-0.4539
2025-08-12,44458.61,1.0995
2025-08-13,44922.27,1.0429
2025-08-14,44911.26,-0.0245
2025-08-15,44946.12,0.0776
2025-08-18,44911.82,-0.0763
2025-08-19,44922.27,0.0233
2025-08-20,44938.31,0.0357
2025-08-21,44785.5,-0.34
2025-08-22,45631.74,1.8895
2025-08-25,45282.47,-0.7654
2025-08-26,45418.07,0.2995
2025-08-27,45565.23,0.324
2025-08-28,45636.9,0.1573
2025-08-29,45544.88,-0.2016
2025-09-02,45295.81,-0.5469
2025-09-03,45271.23,-0.0543
2025-09-04,45621.29,0.7733
2025-09-05,45400.86,-0.4832
2025-09-08,45514.95,0.2513
2025-09-09,45711.34,0.4315
2025-09-10,45490.92,-0.4822
2025-09-11,46108,1.3565
2025-09-12,45834.22,-0.5938
2025-09-15,45883.45,0.1074
2025-09-16,45757.9,-0.2736
2025-09-17,46018.32,0.5691
2025-09-18,46142.42,0.2697
2025-09-19,46315.27,0.3746
2025-09-22,46381.54,0.1431
2025-09-23,46292.78,-0.1914
2025-09-24,46121.28,-0.3705
2025-09-25,45947.32,-0.3772
2025-09-26,46247.29,0.6529
2025-09-29,46316.07,0.1487
2025-09-30,46397.89,0.1767
2025-10-01,46441.1,0.0931
2025-10-02,46519.72,0.1693
2025-10-03,46758.28,0.5128
2025-10-06,46694.97,-0.1354
2025-10-07,46602.98,-0.197
2025-10-08,46601.78,-0.0026
2025-10-09,46358.42,-0.5222
2025-10-10,45479.6,-1.8957
2025-10-13,46067.58,1.2928
2025-10-14,46270.46,0.4404
2025-10-15,46253.31,-0.0371
2025-10-16,45952.24,-0.6509
2025-10-17,46190.61,0.5187
2025-10-20,46706.58,1.117
2025-10-21,46924.74,0.4671
2025-10-22,46590.41,-0.7125
2025-10-23,46734.61,0.3095
2025-10-24,47207.12,1.011
2025-10-27,47544.59,0.7149
2025-10-28,47706.37,0.3403
2025-10-29,47632,-0.1559
2025-10-30,47522.12,-0.2307
2025-10-31,47562.87,0.0857
2025-11-03,47336.68,-0.4756
2025-11-04,47085.24,-0.5312
2025-11-05,47311,0.4795
2025-11-06,46912.3,-0.8427
2025-11-07,46987.1,0.1594
2025-11-10,47368.63,0.812
2025-11-11,47927.96,1.1808
2025-11-12,48254.82,0.682
2025-11-13,47457.22,-1.6529
2025-11-14,47147.48,-0.6527
2025-11-17,46590.24,-1.1819
2025-11-18,46091.74,-1.07
2025-11-19,46138.77,0.102
2025-11-20,45752.26,-0.8377
2025-11-21,46245.41,1.0779
2025-11-24,46448.27,0.4387
2025-11-25,47112.45,1.4299
2025-11-26,47427.12,0.6679
2025-11-28,47716.42,0.61
2025-12-01,47289.33,-0.8951
2025-12-02,47474.46,0.3915
2025-12-03,47882.9,0.8603
2025-12-04,47850.94,-0.0667
2025-12-05,47954.99,0.2174
2025-12-08,47739.32,-0.4497
2025-12-09,47560.29,-0.375
2025-12-10,48057.75,1.046
2025-12-11,48704.01,1.3448
2025-12-12,48458.05,-0.505
2025-12-15,48416.56,-0.0856
2025-12-16,48114.26,-0.6244
2025-12-17,47885.97,-0.4745
2025-12-18,47951.85,0.1376
2025-12-19,48134.89,0.3817
2025-12-22,48362.68,0.4732
2025-12-23,48442.41,0.1649
2025-12-24,48731.16,0.5961
2025-12-26,48710.97,-0.0414
2025-12-29,48461.93,-0.5113
2025-12-30,48367.06,-0.1958
2025-12-31,48063.29,-0.6281
2026-01-02,48382.39,0.6639
2026-01-05,48977.18,1.2294
2026-01-06,49462.08,0.9901
2026-01-07,48996.08,-0.9421
2026-01-08,49266.11,0.5511
2026-01-09,49504.07,0.483
2026-01-12,49590.2,0.174
2026-01-13,49191.99,-0.803
2026-01-14,49149.63,-0.0861
2026-01-15,49442.44,0.5958
2026-01-16,49359.33,-0.1681
2026-01-20,48488.59,-1.7641
2026-01-21,49077.23,1.214
2026-01-22,49384.01,0.6251
2026-01-23,49098.71,-0.5777
2026-01-26,49412.4,0.6389
2026-01-27,49003.41,-0.8277
2026-01-28,49015.6,0.0249
2026-01-29,49071.56,0.1142
2026-01-30,48892.47,-0.365
2026-02-02,49407.66,1.0537
2026-02-03,49240.99,-0.3373
2026-02-04,49501.3,0.5286
2026-02-05,48908.72,-1.1971
2026-02-06,50115.67,2.4678
2026-02-09,50135.87,0.0403
2026-02-10,50188.14,0.1043
2026-02-11,50121.4,-0.133
2026-02-12,49451.98,-1.3356
2026-02-13,49500.93,0.099
2026-02-17,49533.19,0.0652
2026-02-18,49662.66,0.2614
2026-02-19,49395.16,-0.5386
2026-02-20,49625.97,0.4673
2026-02-23,48804.06,-1.6562
2026-02-24,49174.5,0.759
2026-02-25,49482.15,0.6256
2026-02-26,49499.2,0.0345
2026-02-27,48977.92,-1.0531
2026-03-02,48904.78,-0.1493
2026-03-03,48501.27,-0.8251
2026-03-04,48739.41,0.491
2026-03-05,47954.74,-1.6099
2026-03-06,47501.55,-0.945
2026-03-09,47740.8,0.5037
2026-03-10,47706.51,-0.0718
2026-03-11,47417.27,-0.6063
2026-03-12,46677.85,-1.5594
2026-03-13,46558.47,-0.2558
2026-03-16,46946.41,0.8332
2026-03-17,46993.26,0.0998
2026-03-18,46225.15,-1.6345
2026-03-19,46021.43,-0.4407
2026-03-20,45577.47,-0.9647
2026-03-23,46208.47,1.3845
2026-03-24,46124.06,-0.1827
2026-03-25,46429.49,0.6622
2026-03-26,45960.11,-1.011
2026-03-27,45166.64,-1.7264
2026-03-30,45216.14,0.1096
2026-03-31,46341.51,2.4889
2026-04-01,46565.74,0.4839
2026-04-02,46504.67,-0.1311
2026-04-06,46669.88,0.3553
2026-04-07,46584.46,-0.183
2026-04-08,47909.92,2.8453
2026-04-09,48185.8,0.5758
2026-04-10,47916.57,-0.5587
2026-04-13,48218.25,0.6296
2026-04-14,48535.99,0.659
2026-04-15,48463.72,-0.1489
2026-04-16,48578.72,0.2373
2026-04-17,49447.43,1.7883
2026-04-20,49442.56,-0.0098
2026-04-21,49149.38,-0.593
2026-04-22,49490.03,0.6931
2026-04-23,49310.32,-0.3631
2026-04-24,49230.71,-0.1614
2026-04-27,49167.79,-0.1278
2026-04-28,49141.93,-0.0526
2026-04-29,48861.81,-0.57
2026-04-30,49652.14,1.6175
2026-05-01,49499.27,-0.3079
2026-05-04,48941.9,-1.126
2026-05-05,49298.25,0.7281
2026-05-06,49910.59,1.2421
2026-05-07,49596.97,-0.6284
2026-05-08,49609.16,0.0246
2026-05-11,49704.47,0.1921
2026-05-12,49760.56,0.1128
2026-05-13,49693.2,-0.1354
2026-05-14,50063.46,0.7451
2026-05-15,49526.17,-1.0732
2026-05-18,49686.12,0.323
2026-05-19,49363.88,-0.6486
2026-05-20,50009.35,1.3076
2026-05-21,50285.66,0.5525
2026-05-22,50579.7,0.5847
2026-05-26,50461.68,-0.2333
2026-05-27,50644.28,0.3619
2026-05-28,50668.97,0.0488
2026-05-29,51032.46,0.7174
2026-06-01,51078.88,0.091
2026-06-02,51307.79,0.4481
2026-06-03,50687.07,-1.2098
2026-06-04,51561.93,1.726
2026-06-05,50866.78,-1.3482
2026-06-08,50786.01,-0.1588
2026-06-09,50872.11,0.1695
2026-06-10,49918.78,-1.874
2026-06-11,50848.75,1.863
2026-06-12,51202.26,0.6952
2026-06-15,51671.03,0.9155
2026-06-16,51999.67,0.636
2026-06-17,51492.55,-0.9752
2026-06-18,51564.7,0.1401
2026-06-22,51712.71,0.287
2026-06-23,51666.84,-0.0887
2026-06-24,51848.9,0.3524
2026-06-25,51920.62,0.1383
2026-06-26,51876.11,-0.0857
2026-06-29,52182.74,0.5911
2026-06-30,52319.2,0.2615
2026-07-01,52305.24,-0.0267
2026-07-02,52900.07,1.1372
2026-07-06,53055.91,0.2946
2026-07-07,52925.15,-0.2465
2026-07-08,52348.39,-1.0898
2026-07-09,52487.41,0.2656
2026-07-10,52637.01,0.285
2026-07-13,52498.64,-0.2629
2026-07-14,52508.27,0.0183
2026-07-15,52658.64,0.2864
2026-07-16,52552.97,-0.2007
2026-07-17,52146.42,-0.7736
2026-07-20,51839.26,-0.589
2026-07-21,52224.64,0.7434
2026-07-22,52218.58,-0.0116
2026-07-23,51711.65,-0.9708
2026-07-24,51947.25,0.4556
2026-07-27,52210.08,0.506
2026-07-28,52747.32,1.029
2026-07-29,51594.14,-2.1862
2026-07-30,52208.06,1.1899
2026-07-31,52485.03,0.5305
2026-08-03,53178.41,1.3211
2026-08-04,54085.88,1.7065
2026-08-05,54349.12,0.4867
2026-08-06,53885.1,-0.8538
2026-08-07,54036.93,0.2818
2026-08-10,53975.98,-0.1128
2026-08-11,53791.85,-0.3411
2026-08-12,53770.27,-0.0401
2026-08-13,53839.99,0.1297
2026-08-14,53732.41,-0.1998
2026-08-17,53459.78,-0.5074
2026-08-18,53343.4,-0.2177
2026-08-19,53463.05,0.2243
2026-08-20,52759.21,-1.3165
2026-08-21,53277.01,0.9814
2026-08-24,53417.16,0.2631
2026-08-25,53577.4,0.3
2026-08-26,53463.88,-0.2119
2026-08-27,53569.44,0.1974
2026-08-28,53559.99,-0.0176
2026-08-31,53185.9,-0.6985
