date,level,change_pct
1992-01-02,3172.4,
1992-01-03,3201.5,0.9173
1992-01-06,3200.1,-0.0437
1992-01-07,3204.8,0.1469
1992-01-08,3203.9,-0.0281
1992-01-09,3209.5,0.1748
1992-01-10,3199.5,-0.3116
1992-01-13,3185.6,-0.4344
1992-01-14,3246.2,1.9023
1992-01-15,3258.5,0.3789
1992-01-16,3249.6,-0.2731
1992-01-17,3265.0,0.4739
1992-01-20,3254.0,-0.3369
1992-01-21,3223.4,-0.9404
1992-01-22,3255.8,1.0051
1992-01-23,3226.7,-0.8938
1992-01-24,3232.8,0.189
1992-01-27,3240.6,0.2413
1992-01-28,3272.1,0.972
1992-01-29,3225.0,-1.4394
1992-01-30,3244.9,0.6171
1992-01-31,3223.4,-0.6626
1992-02-03,3234.1,0.3319
1992-02-04,3272.8,1.1966
1992-02-05,3257.6,-0.4644
1992-02-06,3255.6,-0.0614
1992-02-07,3225.4,-0.9276
1992-02-10,3245.1,0.6108
1992-02-11,3251.6,0.2003
1992-02-12,3276.8,0.775
1992-02-13,3246.7,-0.9186
1992-02-14,3246.0,-0.0216
1992-02-18,3224.7,-0.6562
1992-02-19,3230.3,0.1737
1992-02-20,3280.6,1.5571
1992-02-21,3280.2,-0.0122
1992-02-24,3282.4,0.0671
1992-02-25,3257.8,-0.7495
1992-02-26,3283.3,0.7827
1992-02-27,3269.5,-0.4203
1992-02-28,3267.7,-0.0551
1992-03-02,3275.3,0.2326
1992-03-03,3290.3,0.458
1992-03-04,3268.6,-0.6595
1992-03-05,3241.5,-0.8291
1992-03-06,3221.6,-0.6139
1992-03-09,3215.1,-0.2018
1992-03-10,3231.0,0.4945
1992-03-11,3208.6,-0.6933
1992-03-12,3208.6,0.0
1992-03-13,3235.9,0.8508
1992-03-16,3236.4,0.0155
1992-03-17,3256.0,0.6056
1992-03-18,3254.3,-0.0522
1992-03-19,3261.4,0.2182
1992-03-20,3276.4,0.4599
1992-03-23,3272.1,-0.1312
1992-03-24,3261.0,-0.3392
1992-03-25,3259.4,-0.0491
1992-03-26,3267.7,0.2546
1992-03-27,3231.4,-1.1109
1992-03-30,3235.2,0.1176
1992-03-31,3235.5,0.0093
1992-04-01,3249.3,0.4265
1992-04-02,3234.1,-0.4678
1992-04-03,3249.1,0.4638
1992-04-06,3275.5,0.8125
1992-04-07,3213.6,-1.8898
1992-04-08,3181.4,-1.002
1992-04-09,3225.0,1.3705
1992-04-10,3255.4,0.9426
1992-04-13,3269.9,0.4454
1992-04-14,3306.1,1.1071
1992-04-15,3353.8,1.4428
1992-04-16,3366.5,0.3787
1992-04-20,3336.3,-0.8971
1992-04-21,3343.3,0.2098
1992-04-22,3338.8,-0.1346
1992-04-23,3348.6,0.2935
1992-04-24,3324.5,-0.7197
1992-04-27,3304.56,-0.5998
1992-04-28,3307.9,0.1011
1992-04-29,3333.2,0.7648
1992-04-30,3359.1,0.777
1992-05-01,3336.1,-0.6847
1992-05-04,3378.1,1.259
1992-05-05,3359.4,-0.5536
1992-05-06,3369.4,0.2977
1992-05-07,3363.4,-0.1781
1992-05-08,3369.4,0.1784
1992-05-11,3397.6,0.8369
1992-05-12,3385.1,-0.3679
1992-05-13,3392.0,0.2038
1992-05-14,3368.9,-0.681
1992-05-15,3353.1,-0.469
1992-05-18,3376.0,0.683
1992-05-19,3398.0,0.6517
1992-05-20,3393.8,-0.1236
1992-05-21,3378.7,-0.4449
1992-05-22,3386.8,0.2397
1992-05-26,3364.2,-0.6673
1992-05-27,3370.4,0.1843
1992-05-28,3398.4,0.8308
1992-05-29,3396.9,-0.0441
1992-06-01,3413.2,0.4798
1992-06-02,3396.1,-0.501
1992-06-03,3407.0,0.321
1992-06-04,3399.7,-0.2143
1992-06-05,3398.7,-0.0294
1992-06-08,3404.1,0.1589
1992-06-09,3369.9,-1.0047
1992-06-10,3343.2,-0.7923
1992-06-11,3351.5,0.2483
1992-06-12,3354.4,0.0865
1992-06-15,3354.9,0.0149
1992-06-16,3329.5,-0.7571
1992-06-17,3287.8,-1.2524
1992-06-18,3274.1,-0.4167
1992-06-19,3285.4,0.3451
1992-06-22,3280.8,-0.14
1992-06-23,3285.6,0.1463
1992-06-24,3290.7,0.1552
1992-06-25,3284.0,-0.2036
1992-06-26,3282.4,-0.0487
1992-06-29,3319.86,1.1412
1992-06-30,3318.5,-0.041
1992-07-01,3354.1,1.0728
1992-07-02,3330.3,-0.7096
1992-07-06,3339.2,0.2672
1992-07-07,3295.2,-1.3177
1992-07-08,3293.3,-0.0577
1992-07-09,3324.1,0.9352
1992-07-10,3330.6,0.1955
1992-07-13,3337.3,0.2012
1992-07-14,3358.4,0.6322
1992-07-15,3345.4,-0.3871
1992-07-16,3361.6,0.4842
1992-07-17,3331.6,-0.8924
1992-07-20,3303.0,-0.8584
1992-07-21,3308.4,0.1635
1992-07-22,3277.6,-0.931
1992-07-23,3290.0,0.3783
1992-07-24,3285.7,-0.1307
1992-07-27,3282.2,-0.1065
1992-07-28,3334.1,1.5813
1992-07-29,3379.2,1.3527
1992-07-30,3391.9,0.3758
1992-07-31,3393.8,0.056
1992-08-03,3395.4,0.0471
1992-08-04,3384.3,-0.3269
1992-08-05,3365.1,-0.5673
1992-08-06,3340.6,-0.7281
1992-08-07,3332.2,-0.2515
1992-08-10,3337.56,0.1609
1992-08-11,3331.1,-0.1936
1992-08-12,3320.8,-0.3092
1992-08-13,3313.3,-0.2258
1992-08-14,3328.9,0.4708
1992-08-17,3324.9,-0.1202
1992-08-18,3329.5,0.1384
1992-08-19,3307.1,-0.6728
1992-08-20,3304.9,-0.0665
1992-08-21,3254.1,-1.5371
1992-08-24,3228.2,-0.7959
1992-08-25,3232.2,0.1239
1992-08-26,3246.8,0.4517
1992-08-27,3254.6,0.2402
1992-08-28,3267.6,0.3994
1992-08-31,3257.4,-0.3122
1992-09-01,3266.26,0.272
1992-09-02,3290.3,0.736
1992-09-03,3292.2,0.0577
1992-09-04,3281.9,-0.3129
1992-09-08,3260.6,-0.649
1992-09-09,3271.4,0.3312
1992-09-10,3305.2,1.0332
1992-09-11,3305.7,0.0151
1992-09-14,3376.2,2.1327
1992-09-15,3327.3,-1.4484
1992-09-16,3319.2,-0.2434
1992-09-17,3315.7,-0.1054
1992-09-18,3327.1,0.3438
1992-09-21,3320.8,-0.1894
1992-09-22,3280.9,-1.2015
1992-09-23,3278.7,-0.0671
1992-09-24,3287.9,0.2806
1992-09-25,3250.3,-1.1436
1992-09-28,3276.26,0.7987
1992-09-29,3266.8,-0.2887
1992-09-30,3271.7,0.15
1992-10-01,3254.4,-0.5288
1992-10-02,3200.6,-1.6531
1992-10-05,3179.0,-0.6749
1992-10-06,3178.2,-0.0252
1992-10-07,3152.3,-0.8149
1992-10-08,3176.0,0.7518
1992-10-09,3136.6,-1.2406
1992-10-12,3174.4,1.2051
1992-10-13,3201.4,0.8506
1992-10-14,3195.5,-0.1843
1992-10-15,3174.7,-0.6509
1992-10-16,3174.4,-0.0094
1992-10-19,3188.5,0.4442
1992-10-20,3186.0,-0.0784
1992-10-21,3187.1,0.0345
1992-10-22,3200.9,0.433
1992-10-23,3207.6,0.2093
1992-10-26,3244.1,1.1379
1992-10-27,3235.7,-0.2589
1992-10-28,3251.4,0.4852
1992-10-29,3246.3,-0.1569
1992-10-30,3226.3,-0.6161
1992-11-02,3262.2,1.1127
1992-11-03,3252.5,-0.2973
1992-11-04,3223.0,-0.907
1992-11-05,3243.8,0.6454
1992-11-06,3240.1,-0.1141
1992-11-09,3240.9,0.0247
1992-11-10,3225.5,-0.4752
1992-11-11,3240.3,0.4588
1992-11-12,3239.8,-0.0154
1992-11-13,3233.0,-0.2099
1992-11-16,3205.7,-0.8444
1992-11-17,3193.3,-0.3868
1992-11-18,3207.4,0.4415
1992-11-19,3209.5,0.0655
1992-11-20,3227.4,0.5577
1992-11-23,3223.0,-0.1363
1992-11-24,3248.7,0.7974
1992-11-25,3266.3,0.5418
1992-11-27,3282.2,0.4868
1992-11-30,3305.2,0.7007
1992-12-01,3294.4,-0.3268
1992-12-02,3286.3,-0.2459
1992-12-03,3276.5,-0.2982
1992-12-04,3288.7,0.3723
1992-12-07,3307.3,0.5656
1992-12-08,3322.2,0.4505
1992-12-09,3323.8,0.0482
1992-12-10,3312.2,-0.349
1992-12-11,3304.1,-0.2446
1992-12-14,3292.2,-0.3602
1992-12-15,3284.4,-0.2369
1992-12-16,3255.2,-0.8891
1992-12-17,3269.2,0.4301
1992-12-18,3313.3,1.349
1992-12-21,3312.5,-0.0241
1992-12-22,3321.1,0.2596
1992-12-23,3313.54,-0.2276
1992-12-24,3326.2,0.3821
1992-12-28,3333.26,0.2123
1992-12-29,3310.8,-0.6738
1992-12-30,3321.1,0.3111
1992-12-31,3301.11,-0.6019
1993-01-04,3309.2,0.2451
1993-01-05,3307.9,-0.0393
1993-01-06,3305.2,-0.0816
1993-01-07,3269.0,-1.0952
1993-01-08,3251.7,-0.5292
1993-01-11,3262.75,0.3398
1993-01-12,3264.6,0.0567
1993-01-13,3263.6,-0.0306
1993-01-14,3267.9,0.1318
1993-01-15,3271.1,0.0979
1993-01-18,3274.9,0.1162
1993-01-19,3256.0,-0.5771
1993-01-20,3242.0,-0.43
1993-01-21,3253.0,0.3393
1993-01-22,3256.8,0.1168
1993-01-25,3292.2,1.087
1993-01-26,3299.0,0.2065
1993-01-27,3291.4,-0.2304
1993-01-28,3306.3,0.4527
1993-01-29,3310.0,0.1119
1993-02-01,3332.2,0.6707
1993-02-02,3328.7,-0.105
1993-02-03,3373.8,1.3549
1993-02-04,3416.7,1.2716
1993-02-05,3442.1,0.7434
1993-02-08,3437.5,-0.1336
1993-02-09,3414.6,-0.6662
1993-02-10,3412.4,-0.0644
1993-02-11,3422.7,0.3018
1993-02-12,3392.43,-0.8844
1993-02-16,3309.5,-2.4446
1993-02-17,3312.2,0.0816
1993-02-18,3302.2,-0.3019
1993-02-19,3322.18,0.6051
1993-02-22,3342.99,0.6264
1993-02-23,3323.27,-0.5899
1993-02-24,3356.5,0.9999
1993-02-25,3365.14,0.2574
1993-02-26,3370.81,0.1685
1993-03-01,3355.41,-0.4569
1993-03-02,3400.53,1.3447
1993-03-03,3404.04,0.1032
1993-03-04,3398.91,-0.1507
1993-03-05,3404.58,0.1668
1993-03-08,3469.42,1.9045
1993-03-09,3472.12,0.0778
1993-03-10,3478.34,0.1791
1993-03-11,3457.0,-0.6135
1993-03-12,3427.82,-0.8441
1993-03-15,3442.41,0.4256
1993-03-16,3442.95,0.0157
1993-03-17,3426.74,-0.4708
1993-03-18,3465.64,1.1352
1993-03-19,3471.58,0.1714
1993-03-22,3463.48,-0.2333
1993-03-23,3461.86,-0.0468
1993-03-24,3445.38,-0.476
1993-03-25,3461.32,0.4626
1993-03-26,3439.98,-0.6165
1993-03-29,3455.1,0.4395
1993-03-30,3457.27,0.0628
1993-03-31,3435.11,-0.641
1993-04-01,3439.44,0.1261
1993-04-02,3370.81,-1.9954
1993-04-05,3379.19,0.2486
1993-04-06,3377.57,-0.0479
1993-04-07,3397.02,0.5759
1993-04-08,3396.48,-0.0159
1993-04-12,3428.09,0.9307
1993-04-13,3444.03,0.465
1993-04-14,3455.64,0.3371
1993-04-15,3455.92,0.0081
1993-04-16,3478.61,0.6566
1993-04-19,3466.99,-0.334
1993-04-20,3443.49,-0.6778
1993-04-21,3439.44,-0.1176
1993-04-22,3429.17,-0.2986
1993-04-23,3413.77,-0.4491
1993-04-26,3398.37,-0.4511
1993-04-27,3415.93,0.5167
1993-04-28,3413.5,-0.0711
1993-04-29,3425.12,0.3404
1993-04-30,3427.55,0.0709
1993-05-03,3446.46,0.5517
1993-05-04,3446.19,-0.0078
1993-05-05,3449.1,0.0844
1993-05-06,3441.9,-0.2088
1993-05-07,3437.19,-0.1368
1993-05-10,3443.28,0.1772
1993-05-11,3468.75,0.7397
1993-05-12,3482.31,0.3909
1993-05-13,3447.99,-0.9856
1993-05-14,3443.01,-0.1444
1993-05-17,3449.93,0.201
1993-05-18,3444.39,-0.1606
1993-05-19,3500.03,1.6154
1993-05-20,3523.28,0.6643
1993-05-21,3492.83,-0.8643
1993-05-24,3507.78,0.428
1993-05-25,3516.63,0.2523
1993-05-26,3540.16,0.6691
1993-05-27,3554.83,0.4144
1993-05-28,3527.43,-0.7708
1993-06-01,3552.34,0.7062
1993-06-02,3553.45,0.0312
1993-06-03,3544.87,-0.2415
1993-06-04,3545.14,0.0076
1993-06-07,3532.13,-0.367
1993-06-08,3510.54,-0.6112
1993-06-09,3511.93,0.0396
1993-06-10,3491.72,-0.5755
1993-06-11,3505.01,0.3806
1993-06-14,3514.69,0.2762
1993-06-15,3492.0,-0.6456
1993-06-16,3511.65,0.5627
1993-06-17,3521.89,0.2916
1993-06-18,3494.77,-0.77
1993-06-21,3510.82,0.4593
1993-06-22,3497.53,-0.3785
1993-06-23,3466.81,-0.8783
1993-06-24,3490.61,0.6865
1993-06-25,3490.89,0.008
1993-06-28,3530.2,1.1261
1993-06-29,3518.85,-0.3215
1993-06-30,3516.08,-0.0787
1993-07-01,3510.54,-0.1576
1993-07-02,3483.97,-0.7569
1993-07-06,3449.93,-0.977
1993-07-07,3475.67,0.7461
1993-07-08,3514.42,1.1149
1993-07-09,3521.06,0.1889
1993-07-12,3524.38,0.0943
1993-07-13,3515.44,-0.2537
1993-07-14,3542.55,0.7712
1993-07-15,3550.93,0.2366
1993-07-16,3528.29,-0.6376
1993-07-19,3535.28,0.1981
1993-07-20,3544.78,0.2687
1993-07-21,3555.4,0.2996
1993-07-22,3525.22,-0.8488
1993-07-23,3546.74,0.6105
1993-07-26,3567.7,0.591
1993-07-27,3565.46,-0.0628
1993-07-28,3553.45,-0.3368
1993-07-29,3567.42,0.3931
1993-07-30,3539.47,-0.7835
1993-08-02,3560.99,0.608
1993-08-03,3561.27,0.0079
1993-08-04,3552.05,-0.2589
1993-08-05,3548.97,-0.0867
1993-08-06,3560.43,0.3229
1993-08-09,3576.08,0.4396
1993-08-10,3572.73,-0.0937
1993-08-11,3583.35,0.2973
1993-08-12,3569.09,-0.398
1993-08-13,3569.65,0.0157
1993-08-16,3579.15,0.2661
1993-08-17,3586.98,0.2188
1993-08-18,3604.86,0.4985
1993-08-19,3612.13,0.2017
1993-08-20,3615.48,0.0927
1993-08-23,3605.98,-0.2628
1993-08-24,3638.96,0.9146
1993-08-25,3652.09,0.3608
1993-08-26,3648.18,-0.1071
1993-08-27,3640.63,-0.207
1993-08-30,3643.99,0.0923
1993-08-31,3651.25,0.1992
1993-09-01,3645.1,-0.1684
1993-09-02,3626.1,-0.5212
1993-09-03,3633.93,0.2159
1993-09-07,3607.1,-0.7383
1993-09-08,3588.93,-0.5037
1993-09-09,3589.49,0.0156
1993-09-10,3621.63,0.8954
1993-09-13,3634.21,0.3474
1993-09-14,3615.76,-0.5077
1993-09-15,3633.65,0.4948
1993-09-16,3630.85,-0.0771
1993-09-17,3613.25,-0.4847
1993-09-20,3575.8,-1.0365
1993-09-21,3537.24,-1.0784
1993-09-22,3547.02,0.2765
1993-09-23,3539.75,-0.205
1993-09-24,3543.11,0.0949
1993-09-27,3567.7,0.694
1993-09-28,3566.02,-0.0471
1993-09-29,3566.3,0.0079
1993-09-30,3555.12,-0.3135
1993-10-01,3581.11,0.7311
1993-10-04,3577.76,-0.0935
1993-10-05,3587.26,0.2655
1993-10-06,3598.99,0.327
1993-10-07,3583.63,-0.4268
1993-10-08,3584.74,0.031
1993-10-11,3593.41,0.2419
1993-10-12,3593.13,-0.0078
1993-10-13,3603.19,0.28
1993-10-14,3621.63,0.5118
1993-10-15,3629.73,0.2237
1993-10-18,3642.31,0.3466
1993-10-19,3635.32,-0.1919
1993-10-20,3645.1,0.269
1993-10-21,3636.16,-0.2453
1993-10-22,3649.3,0.3614
1993-10-25,3673.61,0.6662
1993-10-26,3672.49,-0.0305
1993-10-27,3664.66,-0.2132
1993-10-28,3687.86,0.6331
1993-10-29,3680.59,-0.1971
1993-11-01,3692.61,0.3266
1993-11-02,3697.64,0.1362
1993-11-03,3661.87,-0.9674
1993-11-04,3624.98,-1.0074
1993-11-05,3643.43,0.509
1993-11-08,3647.9,0.1227
1993-11-09,3640.07,-0.2146
1993-11-10,3663.55,0.645
1993-11-11,3662.43,-0.0306
1993-11-12,3684.5,0.6026
1993-11-15,3677.52,-0.1894
1993-11-16,3710.77,0.9041
1993-11-17,3704.35,-0.173
1993-11-18,3685.34,-0.5132
1993-11-19,3694.01,0.2353
1993-11-22,3670.25,-0.6432
1993-11-23,3674.17,0.1068
1993-11-24,3687.58,0.365
1993-11-26,3683.95,-0.0984
1993-11-29,3677.8,-0.1669
1993-11-30,3683.95,0.1672
1993-12-01,3697.08,0.3564
1993-12-02,3702.11,0.1361
1993-12-03,3704.07,0.0529
1993-12-06,3710.21,0.1658
1993-12-07,3718.88,0.2337
1993-12-08,3734.53,0.4208
1993-12-09,3729.78,-0.1272
1993-12-10,3740.67,0.292
1993-12-13,3764.43,0.6352
1993-12-14,3742.63,-0.5791
1993-12-15,3716.92,-0.687
1993-12-16,3726.14,0.2481
1993-12-17,3751.57,0.6825
1993-12-20,3755.21,0.097
1993-12-21,3745.15,-0.2679
1993-12-22,3762.19,0.455
1993-12-23,3757.72,-0.1188
1993-12-27,3792.93,0.937
1993-12-28,3793.77,0.0221
1993-12-29,3794.33,0.0148
1993-12-30,3775.88,-0.4863
1993-12-31,3754.09,-0.5771
1994-01-03,3756.6,0.0669
1994-01-04,3783.9,0.7267
1994-01-05,3798.82,0.3943
1994-01-06,3803.88,0.1332
1994-01-07,3820.77,0.444
1994-01-10,3865.51,1.171
1994-01-11,3850.31,-0.3932
1994-01-12,3848.63,-0.0436
1994-01-13,3842.43,-0.1611
1994-01-14,3867.2,0.6446
1994-01-17,3870.29,0.0799
1994-01-18,3870.29,0.0
1994-01-19,3884.37,0.3638
1994-01-20,3891.96,0.1954
1994-01-21,3914.48,0.5786
1994-01-24,3912.79,-0.0432
1994-01-25,3895.34,-0.446
1994-01-26,3908.0,0.325
1994-01-27,3926.3,0.4683
1994-01-28,3945.43,0.4872
1994-01-31,3978.36,0.8346
1994-02-01,3964.01,-0.3607
1994-02-02,3975.54,0.2909
1994-02-03,3967.66,-0.1982
1994-02-04,3871.42,-2.4256
1994-02-07,3906.32,0.9015
1994-02-08,3906.03,-0.0074
1994-02-09,3931.92,0.6628
1994-02-10,3895.34,-0.9303
1994-02-11,3894.78,-0.0144
1994-02-14,3904.06,0.2383
1994-02-15,3928.27,0.6201
1994-02-16,3937.27,0.2291
1994-02-17,3922.64,-0.3716
1994-02-18,3887.46,-0.8968
1994-02-22,3911.66,0.6225
1994-02-23,3891.68,-0.5108
1994-02-24,3839.9,-1.3305
1994-02-25,3838.78,-0.0292
1994-02-28,3832.02,-0.1761
1994-03-01,3809.23,-0.5947
1994-03-02,3831.74,0.5909
1994-03-03,3824.42,-0.191
1994-03-04,3832.3,0.206
1994-03-07,3856.22,0.6242
1994-03-08,3851.72,-0.1167
1994-03-09,3853.41,0.0439
1994-03-10,3830.62,-0.5914
1994-03-11,3862.7,0.8375
1994-03-14,3862.98,0.0072
1994-03-15,3849.59,-0.3466
1994-03-16,3848.15,-0.0374
1994-03-17,3865.14,0.4415
1994-03-18,3895.65,0.7894
1994-03-21,3864.85,-0.7906
1994-03-22,3862.55,-0.0595
1994-03-23,3869.46,0.1789
1994-03-24,3821.09,-1.25
1994-03-25,3774.73,-1.2133
1994-03-28,3762.35,-0.328
1994-03-29,3699.02,-1.6833
1994-03-30,3626.75,-1.9538
1994-03-31,3635.96,0.2539
1994-04-04,3593.35,-1.1719
1994-04-05,3675.41,2.2837
1994-04-06,3679.73,0.1175
1994-04-07,3693.26,0.3677
1994-04-08,3674.26,-0.5145
1994-04-11,3688.83,0.3965
1994-04-12,3681.69,-0.1936
1994-04-13,3661.47,-0.5492
1994-04-14,3663.25,0.0486
1994-04-15,3661.47,-0.0486
1994-04-18,3620.42,-1.1211
1994-04-19,3619.82,-0.0166
1994-04-20,3598.71,-0.5832
1994-04-21,3652.54,1.4958
1994-04-22,3648.68,-0.1057
1994-04-25,3705.78,1.5649
1994-04-26,3699.54,-0.1684
1994-04-28,3668.31,-0.8442
1994-04-29,3681.69,0.3647
1994-05-02,3701.02,0.525
1994-05-03,3714.41,0.3618
1994-05-04,3697.75,-0.4485
1994-05-05,3695.97,-0.0481
1994-05-06,3669.5,-0.7162
1994-05-09,3629.04,-1.1026
1994-05-10,3656.41,0.7542
1994-05-11,3629.04,-0.7485
1994-05-12,3652.84,0.6558
1994-05-13,3659.68,0.1873
1994-05-16,3671.5,0.323
1994-05-17,3720.61,1.3376
1994-05-18,3732.89,0.3301
1994-05-19,3758.98,0.6989
1994-05-20,3766.35,0.1961
1994-05-23,3742.41,-0.6356
1994-05-24,3745.17,0.0737
1994-05-25,3755.3,0.2705
1994-05-26,3753.46,-0.049
1994-05-27,3757.14,0.098
1994-05-31,3758.37,0.0327
1994-06-01,3760.83,0.0655
1994-06-02,3758.99,-0.0489
1994-06-03,3772.22,0.352
1994-06-06,3768.52,-0.0981
1994-06-07,3755.91,-0.3346
1994-06-08,3749.45,-0.172
1994-06-09,3753.14,0.0984
1994-06-10,3773.45,0.5411
1994-06-13,3783.12,0.2563
1994-06-14,3814.83,0.8382
1994-06-15,3790.41,-0.6401
1994-06-16,3811.34,0.5522
1994-06-17,3776.78,-0.9068
1994-06-20,3741.9,-0.9235
1994-06-21,3707.97,-0.9068
1994-06-22,3724.77,0.4531
1994-06-23,3699.09,-0.6894
1994-06-24,3636.94,-1.6801
1994-06-27,3685.5,1.3352
1994-06-28,3669.64,-0.4303
1994-06-29,3667.05,-0.0706
1994-06-30,3624.96,-1.1478
1994-07-01,3646.65,0.5984
1994-07-05,3652.48,0.1599
1994-07-06,3674.5,0.6029
1994-07-07,3688.42,0.3788
1994-07-08,3709.14,0.5618
1994-07-11,3702.99,-0.1658
1994-07-12,3702.66,-0.0089
1994-07-13,3704.28,0.0438
1994-07-14,3739.25,0.944
1994-07-15,3753.81,0.3894
1994-07-18,3755.43,0.0432
1994-07-19,3748.31,-0.1896
1994-07-20,3727.27,-0.5613
1994-07-21,3732.45,0.139
1994-07-22,3735.04,0.0694
1994-07-25,3741.84,0.1821
1994-07-26,3735.68,-0.1646
1994-07-27,3720.47,-0.4072
1994-07-28,3730.83,0.2785
1994-07-29,3764.5,0.9025
1994-08-01,3798.17,0.8944
1994-08-02,3796.22,-0.0513
1994-08-03,3792.66,-0.0938
1994-08-04,3765.79,-0.7085
1994-08-05,3747.02,-0.4984
1994-08-08,3753.81,0.1812
1994-08-09,3755.76,0.0519
1994-08-10,3766.76,0.2929
1994-08-11,3750.9,-0.4211
1994-08-12,3768.71,0.4748
1994-08-15,3760.29,-0.2234
1994-08-16,3784.57,0.6457
1994-08-17,3776.48,-0.2138
1994-08-18,3755.43,-0.5574
1994-08-19,3755.11,-0.0085
1994-08-22,3751.22,-0.1036
1994-08-23,3775.83,0.6561
1994-08-24,3846.73,1.8777
1994-08-25,3829.89,-0.4378
1994-08-26,3881.05,1.3358
1994-08-29,3898.85,0.4586
1994-08-30,3917.3,0.4732
1994-08-31,3913.42,-0.099
1994-09-01,3901.44,-0.3061
1994-09-02,3885.58,-0.4065
1994-09-06,3898.7,0.3377
1994-09-07,3886.25,-0.3193
1994-09-08,3908.46,0.5715
1994-09-09,3874.81,-0.861
1994-09-12,3860.34,-0.3734
1994-09-13,3879.86,0.5057
1994-09-14,3895.33,0.3987
1994-09-15,3953.88,1.5031
1994-09-16,3933.35,-0.5192
1994-09-19,3936.72,0.0857
1994-09-20,3869.09,-1.7179
1994-09-21,3851.6,-0.452
1994-09-22,3837.13,-0.3757
1994-09-23,3831.75,-0.1402
1994-09-26,3849.24,0.4564
1994-09-27,3863.04,0.3585
1994-09-28,3878.18,0.3919
1994-09-29,3854.63,-0.6072
1994-09-30,3843.19,-0.2968
1994-10-03,3846.89,0.0963
1994-10-04,3801.13,-1.1895
1994-10-05,3787.34,-0.3628
1994-10-06,3775.56,-0.311
1994-10-07,3797.43,0.5793
1994-10-10,3821.32,0.6291
1994-10-11,3876.83,1.4526
1994-10-12,3875.15,-0.0433
1994-10-13,3889.95,0.3819
1994-10-14,3910.47,0.5275
1994-10-17,3923.93,0.3442
1994-10-18,3917.54,-0.1628
1994-10-19,3936.04,0.4722
1994-10-20,3911.15,-0.6324
1994-10-21,3891.3,-0.5075
1994-10-24,3855.3,-0.9251
1994-10-25,3850.59,-0.1222
1994-10-26,3848.23,-0.0613
1994-10-27,3875.15,0.6995
1994-10-28,3930.66,1.4325
1994-10-31,3908.12,-0.5734
1994-11-01,3863.37,-1.1451
1994-11-02,3837.13,-0.6792
1994-11-03,3845.88,0.228
1994-11-04,3807.52,-0.9974
1994-11-07,3808.87,0.0355
1994-11-08,3830.74,0.5742
1994-11-09,3831.75,0.0264
1994-11-10,3821.99,-0.2547
1994-11-11,3801.47,-0.5369
1994-11-14,3829.73,0.7434
1994-11-15,3826.36,-0.088
1994-11-16,3845.2,0.4924
1994-11-17,3828.05,-0.446
1994-11-18,3815.26,-0.3341
1994-11-21,3769.51,-1.1991
1994-11-22,3677.99,-2.4279
1994-11-23,3674.63,-0.0914
1994-11-25,3708.27,0.9155
1994-11-28,3739.56,0.8438
1994-11-29,3738.55,-0.027
1994-11-30,3739.23,0.0182
1994-12-01,3700.87,-1.0259
1994-12-02,3745.62,1.2092
1994-12-05,3741.92,-0.0988
1994-12-06,3745.95,0.1077
1994-12-07,3735.52,-0.2784
1994-12-08,3685.73,-1.3329
1994-12-09,3691.11,0.146
1994-12-12,3718.37,0.7385
1994-12-13,3715.34,-0.0815
1994-12-14,3746.29,0.833
1994-12-15,3765.47,0.512
1994-12-16,3807.19,1.108
1994-12-19,3790.7,-0.4331
1994-12-20,3767.15,-0.6213
1994-12-21,3801.8,0.9198
1994-12-22,3814.92,0.3451
1994-12-23,3833.43,0.4852
1994-12-27,3861.69,0.7372
1994-12-28,3839.49,-0.5749
1994-12-29,3833.43,-0.1578
1994-12-30,3834.44,0.0263
1995-01-03,3838.48,0.1054
1995-01-04,3857.65,0.4994
1995-01-05,3850.92,-0.1745
1995-01-06,3867.41,0.4282
1995-01-09,3861.35,-0.1567
1995-01-10,3866.74,0.1396
1995-01-11,3862.03,-0.1218
1995-01-12,3859.0,-0.0785
1995-01-13,3908.46,1.2817
1995-01-16,3932.34,0.611
1995-01-17,3930.66,-0.0427
1995-01-18,3928.98,-0.0427
1995-01-19,3882.21,-1.1904
1995-01-20,3869.43,-0.3292
1995-01-23,3867.41,-0.0522
1995-01-24,3862.7,-0.1218
1995-01-25,3871.45,0.2265
1995-01-26,3870.44,-0.0261
1995-01-27,3857.99,-0.3217
1995-01-30,3832.08,-0.6716
1995-01-31,3843.86,0.3074
1995-02-01,3847.56,0.0963
1995-02-02,3870.77,0.6032
1995-02-03,3928.64,1.4951
1995-02-06,3937.73,0.2314
1995-02-07,3937.39,-0.0086
1995-02-08,3935.37,-0.0513
1995-02-09,3932.68,-0.0684
1995-02-10,3939.07,0.1625
1995-02-13,3954.21,0.3844
1995-02-14,3958.25,0.1022
1995-02-15,3986.17,0.7054
1995-02-16,3987.52,0.0339
1995-02-17,3953.54,-0.8522
1995-02-21,3963.97,0.2638
1995-02-22,3973.05,0.2291
1995-02-23,4003.33,0.7621
1995-02-24,4011.74,0.2101
1995-02-27,3988.57,-0.5776
1995-02-28,4011.05,0.5636
1995-03-01,3994.8,-0.4051
1995-03-02,3979.93,-0.3722
1995-03-03,3989.61,0.2432
1995-03-06,3997.56,0.1993
1995-03-07,3962.63,-0.8738
1995-03-08,3979.23,0.4189
1995-03-09,3983.39,0.1045
1995-03-10,4035.61,1.3109
1995-03-13,4025.23,-0.2572
1995-03-14,4048.75,0.5843
1995-03-15,4038.37,-0.2564
1995-03-16,4069.15,0.7622
1995-03-17,4073.65,0.1106
1995-03-20,4083.68,0.2462
1995-03-21,4072.61,-0.2711
1995-03-22,4082.99,0.2549
1995-03-23,4087.83,0.1185
1995-03-24,4138.67,1.2437
1995-03-27,4157.34,0.4511
1995-03-28,4151.81,-0.133
1995-03-29,4160.8,0.2165
1995-03-30,4172.56,0.2826
1995-03-31,4157.69,-0.3564
1995-04-03,4168.41,0.2578
1995-04-04,4201.61,0.7965
1995-04-05,4200.57,-0.0248
1995-04-06,4205.41,0.1152
1995-04-07,4192.62,-0.3041
1995-04-10,4198.15,0.1319
1995-04-11,4187.08,-0.2637
1995-04-12,4197.81,0.2563
1995-04-13,4208.18,0.247
1995-04-17,4195.38,-0.3042
1995-04-18,4179.13,-0.3873
1995-04-19,4207.49,0.6786
1995-04-20,4230.66,0.5507
1995-04-21,4270.09,0.932
1995-04-24,4303.98,0.7937
1995-04-25,4300.17,-0.0885
1995-04-26,4299.83,-0.0079
1995-04-27,4314.7,0.3458
1995-04-28,4321.27,0.1523
1995-05-01,4316.08,-0.1201
1995-05-02,4328.88,0.2966
1995-05-03,4373.15,1.0227
1995-05-04,4359.66,-0.3085
1995-05-05,4343.4,-0.373
1995-05-08,4383.87,0.9318
1995-05-09,4390.78,0.1576
1995-05-10,4404.62,0.3152
1995-05-11,4411.19,0.1492
1995-05-12,4430.56,0.4391
1995-05-15,4437.47,0.156
1995-05-16,4435.05,-0.0545
1995-05-17,4422.6,-0.2807
1995-05-18,4340.64,-1.8532
1995-05-19,4341.33,0.0159
1995-05-22,4395.63,1.2508
1995-05-23,4436.44,0.9284
1995-05-24,4438.16,0.0388
1995-05-25,4412.23,-0.5843
1995-05-26,4369.0,-0.9798
1995-05-30,4378.68,0.2216
1995-05-31,4465.14,1.9746
1995-06-01,4472.75,0.1704
1995-06-02,4444.39,-0.6341
1995-06-05,4476.55,0.7236
1995-06-06,4485.2,0.1932
1995-06-07,4462.03,-0.5166
1995-06-08,4458.57,-0.0775
1995-06-09,4423.99,-0.7756
1995-06-12,4446.46,0.5079
1995-06-13,4484.51,0.8557
1995-06-14,4491.08,0.1465
1995-06-15,4496.27,0.1156
1995-06-16,4510.79,0.3229
1995-06-19,4553.68,0.9508
1995-06-20,4550.56,-0.0685
1995-06-21,4547.1,-0.076
1995-06-22,4589.64,0.9355
1995-06-23,4585.84,-0.0828
1995-06-26,4551.25,-0.7543
1995-06-27,4542.61,-0.1898
1995-06-28,4556.79,0.3122
1995-06-29,4550.56,-0.1367
1995-06-30,4556.1,0.1217
1995-07-03,4585.15,0.6376
1995-07-05,4615.23,0.656
1995-07-06,4664.0,1.0567
1995-07-07,4702.73,0.8304
1995-07-10,4702.39,-0.0072
1995-07-11,4680.6,-0.4634
1995-07-12,4727.29,0.9975
1995-07-13,4727.48,0.004
1995-07-14,4708.82,-0.3947
1995-07-17,4736.29,0.5834
1995-07-18,4686.28,-1.0559
1995-07-19,4628.87,-1.2251
1995-07-20,4641.55,0.2739
1995-07-21,4641.55,0.0
1995-07-24,4668.67,0.5843
1995-07-25,4714.45,0.9806
1995-07-26,4707.06,-0.1568
1995-07-27,4732.77,0.5462
1995-07-28,4715.51,-0.3647
1995-07-31,4708.47,-0.1493
1995-08-01,4700.37,-0.172
1995-08-02,4690.15,-0.2174
1995-08-03,4701.42,0.2403
1995-08-04,4683.46,-0.382
1995-08-07,4693.32,0.2105
1995-08-08,4693.32,0.0
1995-08-09,4671.49,-0.4651
1995-08-10,4643.66,-0.5957
1995-08-11,4618.3,-0.5461
1995-08-14,4659.86,0.8999
1995-08-15,4640.84,-0.4082
1995-08-16,4639.08,-0.0379
1995-08-17,4630.63,-0.1821
1995-08-18,4617.6,-0.2814
1995-08-21,4614.78,-0.0611
1995-08-22,4620.42,0.1222
1995-08-23,4584.85,-0.7698
1995-08-24,4580.62,-0.0923
1995-08-25,4601.4,0.4537
1995-08-28,4594.0,-0.1608
1995-08-29,4608.44,0.3143
1995-08-30,4604.6,-0.0833
1995-08-31,4610.56,0.1294
1995-09-01,4647.54,0.8021
1995-09-05,4670.08,0.485
1995-09-06,4683.81,0.294
1995-09-07,4669.72,-0.3008
1995-09-08,4700.72,0.6639
1995-09-11,4704.94,0.0898
1995-09-12,4747.21,0.8984
1995-09-13,4765.52,0.3857
1995-09-14,4801.8,0.7613
1995-09-15,4797.57,-0.0881
1995-09-18,4780.41,-0.3577
1995-09-19,4767.04,-0.2797
1995-09-20,4792.69,0.5381
1995-09-21,4767.4,-0.5277
1995-09-22,4764.15,-0.0682
1995-09-25,4769.93,0.1213
1995-09-26,4765.6,-0.0908
1995-09-27,4762.35,-0.0682
1995-09-28,4787.64,0.531
1995-09-29,4789.08,0.0301
1995-10-02,4761.26,-0.5809
1995-10-03,4749.7,-0.2428
1995-10-04,4740.67,-0.1901
1995-10-05,4762.71,0.4649
1995-10-06,4769.21,0.1365
1995-10-09,4726.22,-0.9014
1995-10-10,4720.8,-0.1147
1995-10-11,4735.25,0.3061
1995-10-12,4764.88,0.6257
1995-10-13,4793.78,0.6065
1995-10-16,4784.38,-0.1961
1995-10-17,4795.95,0.2418
1995-10-18,4777.52,-0.3843
1995-10-19,4802.45,0.5218
1995-10-20,4794.86,-0.158
1995-10-23,4755.48,-0.8213
1995-10-24,4783.66,0.5926
1995-10-25,4753.68,-0.6267
1995-10-26,4703.82,-1.0489
1995-10-27,4741.75,0.8064
1995-10-30,4756.57,0.3125
1995-10-31,4755.48,-0.0229
1995-11-01,4766.68,0.2355
1995-11-02,4808.59,0.8792
1995-11-03,4825.57,0.3531
1995-11-06,4814.01,-0.2396
1995-11-07,4797.03,-0.3527
1995-11-08,4852.67,1.1599
1995-11-09,4864.23,0.2382
1995-11-10,4870.37,0.1262
1995-11-13,4872.9,0.0519
1995-11-14,4871.81,-0.0224
1995-11-15,4922.75,1.0456
1995-11-16,4969.36,0.9468
1995-11-17,4989.95,0.4143
1995-11-20,4983.09,-0.1375
1995-11-21,5023.55,0.8119
1995-11-22,5041.61,0.3595
1995-11-24,5048.84,0.1434
1995-11-27,5070.88,0.4365
1995-11-28,5078.1,0.1424
1995-11-29,5105.56,0.5408
1995-11-30,5074.49,-0.6086
1995-12-01,5087.13,0.2491
1995-12-04,5139.52,1.0299
1995-12-05,5177.45,0.738
1995-12-06,5199.13,0.4187
1995-12-07,5159.39,-0.7644
1995-12-08,5156.86,-0.049
1995-12-11,5184.32,0.5325
1995-12-12,5174.92,-0.1813
1995-12-13,5216.47,0.8029
1995-12-14,5182.15,-0.6579
1995-12-15,5176.73,-0.1046
1995-12-18,5075.21,-1.9611
1995-12-19,5109.89,0.6833
1995-12-20,5059.32,-0.9896
1995-12-21,5096.53,0.7355
1995-12-22,5097.97,0.0283
1995-12-26,5110.26,0.2411
1995-12-27,5105.92,-0.0849
1995-12-28,5095.8,-0.1982
1995-12-29,5117.12,0.4184
1996-01-02,5177.45,1.179
1996-01-03,5194.07,0.321
1996-01-04,5173.84,-0.3895
1996-01-05,5181.43,0.1467
1996-01-08,5197.7,0.314
1996-01-09,5130.13,-1.3
1996-01-10,5032.94,-1.8945
1996-01-11,5065.1,0.639
1996-01-12,5061.12,-0.0786
1996-01-15,5043.78,-0.3426
1996-01-16,5088.22,0.8811
1996-01-17,5066.9,-0.419
1996-01-18,5124.35,1.1338
1996-01-19,5184.68,1.1773
1996-01-22,5219.36,0.6689
1996-01-23,5192.27,-0.519
1996-01-24,5242.84,0.9739
1996-01-25,5216.83,-0.4961
1996-01-26,5271.75,1.0527
1996-01-29,5304.98,0.6303
1996-01-30,5381.21,1.437
1996-01-31,5395.3,0.2618
1996-02-01,5405.06,0.1809
1996-02-02,5373.99,-0.5748
1996-02-05,5407.59,0.6252
1996-02-06,5459.61,0.962
1996-02-07,5492.12,0.5955
1996-02-08,5539.45,0.8618
1996-02-09,5541.62,0.0392
1996-02-12,5600.15,1.0562
1996-02-13,5601.23,0.0193
1996-02-14,5579.55,-0.3871
1996-02-15,5551.37,-0.5051
1996-02-16,5503.32,-0.8656
1996-02-20,5458.53,-0.8139
1996-02-21,5515.97,1.0523
1996-02-22,5608.46,1.6768
1996-02-23,5630.49,0.3928
1996-02-26,5565.1,-1.1614
1996-02-27,5549.21,-0.2855
1996-02-28,5506.21,-0.7749
1996-02-29,5485.62,-0.3739
1996-03-01,5536.56,0.9286
1996-03-04,5600.15,1.1485
1996-03-05,5642.42,0.7548
1996-03-06,5629.77,-0.2242
1996-03-07,5641.69,0.2117
1996-03-08,5470.45,-3.0353
1996-03-11,5581.0,2.0209
1996-03-12,5583.89,0.0518
1996-03-13,5568.72,-0.2717
1996-03-14,5586.06,0.3114
1996-03-15,5584.97,-0.0195
1996-03-18,5683.6,1.766
1996-03-19,5669.51,-0.2479
1996-03-20,5655.42,-0.2485
1996-03-21,5626.88,-0.5046
1996-03-22,5636.64,0.1735
1996-03-25,5643.86,0.1281
1996-03-26,5670.6,0.4738
1996-03-27,5626.88,-0.771
1996-03-28,5630.85,0.0706
1996-03-29,5587.14,-0.7763
1996-04-01,5637.72,0.9053
1996-04-02,5671.68,0.6024
1996-04-03,5689.74,0.3184
1996-04-04,5682.88,-0.1206
1996-04-08,5594.37,-1.5575
1996-04-09,5560.41,-0.607
1996-04-10,5485.98,-1.3386
1996-04-11,5487.07,0.0199
1996-04-12,5532.59,0.8296
1996-04-15,5592.92,1.0904
1996-04-16,5620.02,0.4845
1996-04-17,5549.93,-1.2471
1996-04-18,5551.74,0.0326
1996-04-19,5535.48,-0.2929
1996-04-22,5564.74,0.5286
1996-04-23,5588.59,0.4286
1996-04-24,5553.9,-0.6207
1996-04-25,5566.91,0.2342
1996-04-26,5567.99,0.0194
1996-04-29,5573.41,0.0973
1996-04-30,5569.08,-0.0777
1996-05-01,5575.22,0.1103
1996-05-02,5498.27,-1.3802
1996-05-03,5478.03,-0.3681
1996-05-06,5464.31,-0.2505
1996-05-07,5420.95,-0.7935
1996-05-08,5474.06,0.9797
1996-05-09,5475.14,0.0197
1996-05-10,5518.14,0.7854
1996-05-13,5582.6,1.1681
1996-05-14,5624.71,0.7543
1996-05-15,5625.44,0.013
1996-05-16,5635.05,0.1708
1996-05-17,5687.5,0.9308
1996-05-20,5748.82,1.0782
1996-05-21,5736.26,-0.2185
1996-05-22,5778.0,0.7277
1996-05-23,5762.12,-0.2748
1996-05-24,5762.86,0.0128
1996-05-28,5709.67,-0.923
1996-05-29,5673.83,-0.6277
1996-05-30,5693.41,0.3451
1996-05-31,5643.18,-0.8822
1996-06-03,5624.71,-0.3273
1996-06-04,5665.71,0.7289
1996-06-05,5697.48,0.5607
1996-06-06,5667.19,-0.5316
1996-06-07,5697.11,0.528
1996-06-10,5687.87,-0.1622
1996-06-11,5668.66,-0.3377
1996-06-12,5668.29,-0.0065
1996-06-13,5657.95,-0.1824
1996-06-14,5649.45,-0.1502
1996-06-17,5652.78,0.0589
1996-06-18,5628.03,-0.4378
1996-06-19,5648.35,0.361
1996-06-20,5659.43,0.1962
1996-06-21,5705.23,0.8093
1996-06-24,5717.79,0.2201
1996-06-25,5719.27,0.0259
1996-06-26,5682.7,-0.6394
1996-06-27,5677.53,-0.091
1996-06-28,5654.63,-0.4033
1996-07-01,5729.98,1.3325
1996-07-02,5720.38,-0.1675
1996-07-03,5703.02,-0.3035
1996-07-05,5588.14,-2.0144
1996-07-08,5550.83,-0.6677
1996-07-09,5581.86,0.559
1996-07-10,5603.65,0.3904
1996-07-11,5520.54,-1.4831
1996-07-12,5510.56,-0.1808
1996-07-15,5349.51,-2.9226
1996-07-16,5358.76,0.1729
1996-07-17,5376.88,0.3381
1996-07-18,5464.18,1.6236
1996-07-19,5426.82,-0.6837
1996-07-22,5390.94,-0.6612
1996-07-23,5346.55,-0.8234
1996-07-24,5354.69,0.1522
1996-07-25,5422.01,1.2572
1996-07-26,5473.06,0.9415
1996-07-29,5434.59,-0.7029
1996-07-30,5481.93,0.8711
1996-07-31,5528.91,0.857
1996-08-01,5594.75,1.1908
1996-08-02,5679.83,1.5207
1996-08-05,5674.28,-0.0977
1996-08-06,5696.11,0.3847
1996-08-07,5718.67,0.3961
1996-08-08,5713.49,-0.0906
1996-08-09,5681.31,-0.5632
1996-08-12,5704.98,0.4166
1996-08-13,5647.28,-1.0114
1996-08-14,5666.9,0.3474
1996-08-15,5665.78,-0.0198
1996-08-16,5689.45,0.4178
1996-08-19,5699.44,0.1756
1996-08-20,5721.26,0.3828
1996-08-21,5689.82,-0.5495
1996-08-22,5733.47,0.7672
1996-08-23,5722.74,-0.1871
1996-08-26,5693.89,-0.5041
1996-08-27,5711.27,0.3052
1996-08-28,5712.38,0.0194
1996-08-29,5647.65,-1.1332
1996-08-30,5616.21,-0.5567
1996-09-03,5648.39,0.573
1996-09-04,5656.9,0.1507
1996-09-05,5606.96,-0.8828
1996-09-06,5659.86,0.9435
1996-09-09,5733.84,1.3071
1996-09-10,5727.18,-0.1162
1996-09-11,5754.92,0.4844
1996-09-12,5771.94,0.2957
1996-09-13,5838.52,1.1535
1996-09-16,5889.2,0.868
1996-09-17,5888.83,-0.0063
1996-09-18,5877.36,-0.1948
1996-09-19,5867.74,-0.1637
1996-09-20,5888.46,0.3531
1996-09-23,5894.74,0.1066
1996-09-24,5874.03,-0.3513
1996-09-25,5877.36,0.0567
1996-09-26,5868.85,-0.1448
1996-09-27,5872.92,0.0693
1996-09-30,5882.17,0.1575
1996-10-01,5904.9,0.3864
1996-10-02,5933.97,0.4923
1996-10-03,5932.85,-0.0189
1996-10-04,5992.86,1.0115
1996-10-07,5979.81,-0.2178
1996-10-08,5966.77,-0.2181
1996-10-09,5930.62,-0.6059
1996-10-10,5921.67,-0.1509
1996-10-11,5969.38,0.8057
1996-10-14,6010.0,0.6805
1996-10-15,6004.78,-0.0869
1996-10-16,6020.81,0.267
1996-10-17,6059.2,0.6376
1996-10-18,6094.23,0.5781
1996-10-21,6090.87,-0.0551
1996-10-22,6061.8,-0.4773
1996-10-23,6036.46,-0.418
1996-10-24,5992.48,-0.7286
1996-10-25,6007.02,0.2426
1996-10-28,5972.73,-0.5708
1996-10-29,6007.02,0.5741
1996-10-30,5993.23,-0.2296
1996-10-31,6029.38,0.6032
1996-11-01,6021.93,-0.1236
1996-11-04,6041.68,0.328
1996-11-05,6081.18,0.6538
1996-11-06,6177.71,1.5874
1996-11-07,6206.04,0.4586
1996-11-08,6219.82,0.222
1996-11-11,6255.6,0.5753
1996-11-12,6266.04,0.1669
1996-11-13,6274.24,0.1309
1996-11-14,6313.0,0.6178
1996-11-15,6348.03,0.5549
1996-11-18,6346.91,-0.0176
1996-11-19,6397.6,0.7987
1996-11-20,6430.02,0.5068
1996-11-21,6418.47,-0.1796
1996-11-22,6471.76,0.8303
1996-11-25,6547.79,1.1748
1996-11-26,6528.41,-0.296
1996-11-27,6499.34,-0.4453
1996-11-29,6521.7,0.344
1996-12-02,6521.7,0.0
1996-12-03,6442.69,-1.2115
1996-12-04,6422.94,-0.3065
1996-12-05,6437.1,0.2205
1996-12-06,6381.94,-0.8569
1996-12-09,6463.94,1.2849
1996-12-10,6473.25,0.144
1996-12-11,6402.52,-1.0927
1996-12-12,6303.71,-1.5433
1996-12-13,6304.87,0.0184
1996-12-16,6268.35,-0.5792
1996-12-17,6308.33,0.6378
1996-12-18,6346.77,0.6094
1996-12-19,6473.64,1.999
1996-12-20,6484.4,0.1662
1996-12-23,6489.02,0.0712
1996-12-24,6522.85,0.5213
1996-12-26,6546.68,0.3653
1996-12-27,6560.91,0.2174
1996-12-30,6549.37,-0.1759
1996-12-31,6448.27,-1.5437
1997-01-02,6442.49,-0.0896
1997-01-03,6544.09,1.577
1997-01-06,6567.18,0.3528
1997-01-07,6600.66,0.5098
1997-01-08,6549.48,-0.7754
1997-01-09,6625.67,1.1633
1997-01-10,6703.79,1.1791
1997-01-13,6709.18,0.0804
1997-01-14,6762.29,0.7916
1997-01-15,6726.88,-0.5236
1997-01-16,6765.37,0.5722
1997-01-17,6833.1,1.0011
1997-01-20,6843.87,0.1576
1997-01-21,6883.9,0.5849
1997-01-22,6850.03,-0.492
1997-01-23,6755.75,-1.3763
1997-01-24,6696.48,-0.8773
1997-01-27,6660.69,-0.5345
1997-01-28,6656.08,-0.0692
1997-01-29,6740.74,1.2719
1997-01-30,6823.86,1.2331
1997-01-31,6813.09,-0.1578
1997-02-03,6806.16,-0.1017
1997-02-04,6833.48,0.4014
1997-02-05,6746.9,-1.267
1997-02-06,6773.06,0.3877
1997-02-07,6855.8,1.2216
1997-02-10,6806.54,-0.7185
1997-02-11,6858.11,0.7577
1997-02-12,6961.63,1.5095
1997-02-13,7022.44,0.8735
1997-02-14,6988.96,-0.4768
1997-02-18,7067.46,1.1232
1997-02-19,7020.13,-0.6697
1997-02-20,6927.38,-1.3212
1997-02-21,6931.62,0.0612
1997-02-24,7008.2,1.1048
1997-02-25,7037.83,0.4228
1997-02-26,6983.18,-0.7765
1997-02-27,6925.07,-0.8321
1997-02-28,6877.74,-0.6835
1997-03-03,6918.92,0.5987
1997-03-04,6852.72,-0.9568
1997-03-05,6945.85,1.359
1997-03-06,6944.7,-0.0166
1997-03-07,7000.89,0.8091
1997-03-10,7079.39,1.1213
1997-03-11,7085.16,0.0815
1997-03-12,7039.37,-0.6463
1997-03-13,6878.89,-2.2797
1997-03-14,6935.46,0.8224
1997-03-17,6955.48,0.2887
1997-03-18,6896.56,-0.8471
1997-03-19,6877.68,-0.2738
1997-03-20,6820.28,-0.8346
1997-03-21,6804.79,-0.2271
1997-03-24,6905.25,1.4763
1997-03-25,6876.17,-0.4211
1997-03-26,6880.7,0.0659
1997-03-27,6740.59,-2.0363
1997-03-31,6583.48,-2.3308
1997-04-01,6611.05,0.4188
1997-04-02,6517.0,-1.4226
1997-04-03,6477.4,-0.6076
1997-04-04,6526.1,0.7518
1997-04-07,6555.9,0.4566
1997-04-08,6609.2,0.813
1997-04-09,6563.8,-0.6869
1997-04-10,6540.05,-0.3618
1997-04-11,6391.7,-2.2683
1997-04-14,6451.9,0.9418
1997-04-15,6587.16,2.0964
1997-04-16,6679.87,1.4074
1997-04-17,6658.6,-0.3184
1997-04-18,6703.35,0.6721
1997-04-21,6660.2,-0.6437
1997-04-22,6833.6,2.6035
1997-04-23,6812.7,-0.3058
1997-04-24,6792.3,-0.2994
1997-04-25,6738.9,-0.7862
1997-04-28,6783.0,0.6544
1997-04-29,6962.0,2.639
1997-04-30,7009.0,0.6751
1997-05-01,6976.5,-0.4637
1997-05-02,7071.2,1.3574
1997-05-05,7213.68,2.0149
1997-05-06,7225.3,0.1611
1997-05-07,7085.65,-1.9328
1997-05-08,7136.6,0.7191
1997-05-09,7169.5,0.461
1997-05-12,7292.8,1.7198
1997-05-13,7274.2,-0.255
1997-05-14,7286.2,0.165
1997-05-15,7333.5,0.6492
1997-05-16,7194.7,-1.8927
1997-05-19,7228.9,0.4753
1997-05-20,7303.5,1.032
1997-05-21,7290.7,-0.1753
1997-05-22,7258.1,-0.4471
1997-05-23,7345.9,1.2097
1997-05-27,7383.4,0.5105
1997-05-28,7357.2,-0.3549
1997-05-29,7330.2,-0.367
1997-05-30,7331.0,0.0109
1997-06-02,7289.4,-0.5675
1997-06-03,7312.1,0.3114
1997-06-04,7269.7,-0.5799
1997-06-05,7305.3,0.4897
1997-06-06,7435.8,1.7864
1997-06-09,7478.5,0.5742
1997-06-10,7539.27,0.8126
1997-06-11,7575.8,0.4845
1997-06-12,7711.5,1.7912
1997-06-13,7782.0,0.9142
1997-06-16,7772.1,-0.1272
1997-06-17,7760.8,-0.1454
1997-06-18,7718.7,-0.5425
1997-06-19,7777.1,0.7566
1997-06-20,7796.5,0.2495
1997-06-23,7604.3,-2.4652
1997-06-24,7758.06,2.022
1997-06-25,7690.0,-0.8773
1997-06-26,7654.3,-0.4642
1997-06-27,7687.7,0.4364
1997-06-30,7672.8,-0.1938
1997-07-01,7722.3,0.6451
1997-07-02,7795.38,0.9464
1997-07-03,7895.8,1.2882
1997-07-07,7858.5,-0.4724
1997-07-08,7962.3,1.3209
1997-07-09,7842.4,-1.5058
1997-07-10,7886.8,0.5662
1997-07-11,7921.8,0.4438
1997-07-14,7923.0,0.0151
1997-07-15,7975.7,0.6652
1997-07-16,8038.9,0.7924
1997-07-17,8020.8,-0.2252
1997-07-18,7890.5,-1.6245
1997-07-21,7906.7,0.2053
1997-07-22,8061.6,1.9591
1997-07-23,8088.36,0.3319
1997-07-24,8116.9,0.3529
1997-07-25,8113.4,-0.0431
1997-07-28,8121.1,0.0949
1997-07-29,8174.5,0.6575
1997-07-30,8254.9,0.9835
1997-07-31,8222.6,-0.3913
1997-08-01,8194.0,-0.3478
1997-08-04,8198.5,0.0549
1997-08-05,8187.5,-0.1342
1997-08-06,8259.3,0.8769
1997-08-07,8188.0,-0.8633
1997-08-08,8031.2,-1.915
1997-08-11,8062.1,0.3847
1997-08-12,7960.8,-1.2565
1997-08-13,7928.3,-0.4083
1997-08-14,7942.0,0.1728
1997-08-15,7694.7,-3.1138
1997-08-18,7803.36,1.4121
1997-08-19,7918.1,1.4704
1997-08-20,8021.2,1.3021
1997-08-21,7894.0,-1.5858
1997-08-22,7887.9,-0.0773
1997-08-25,7859.6,-0.3588
1997-08-26,7782.2,-0.9848
1997-08-27,7787.3,0.0655
1997-08-28,7694.4,-1.193
1997-08-29,7622.4,-0.9357
1997-09-02,7879.8,3.3769
1997-09-03,7894.6,0.1878
1997-09-04,7867.2,-0.3471
1997-09-05,7822.4,-0.5695
1997-09-08,7835.2,0.1636
1997-09-09,7851.9,0.2131
1997-09-10,7719.3,-1.6888
1997-09-11,7661.0,-0.7552
1997-09-12,7743.0,1.0704
1997-09-15,7721.1,-0.2828
1997-09-16,7895.9,2.2639
1997-09-17,7886.4,-0.1203
1997-09-18,7922.7,0.4603
1997-09-19,7917.3,-0.0682
1997-09-22,7996.8,1.0041
1997-09-23,7970.1,-0.3339
1997-09-24,7906.7,-0.7955
1997-09-25,7848.0,-0.7424
1997-09-26,7922.2,0.9455
1997-09-29,7991.4,0.8735
1997-09-30,7945.3,-0.5769
1997-10-01,8015.5,0.8835
1997-10-02,8027.5,0.1497
1997-10-03,8038.6,0.1383
1997-10-06,8100.2,0.7663
1997-10-07,8178.3,0.9642
1997-10-08,8095.1,-1.0173
1997-10-09,8061.4,-0.4163
1997-10-10,8045.2,-0.201
1997-10-13,8072.2,0.3356
1997-10-14,8096.3,0.2986
1997-10-15,8058.0,-0.4731
1997-10-16,7938.9,-1.478
1997-10-17,7847.0,-1.1576
1997-10-20,7921.4,0.9481
1997-10-21,8060.4,1.7547
1997-10-22,8034.6,-0.3201
1997-10-23,7847.8,-2.3249
1997-10-24,7715.4,-1.6871
1997-10-27,7161.2,-7.183
1997-10-28,7498.3,4.7073
1997-10-29,7506.7,0.112
1997-10-30,7381.7,-1.6652
1997-10-31,7442.1,0.8182
1997-11-03,7674.4,3.1214
1997-11-04,7689.1,0.1915
1997-11-05,7692.6,0.0455
1997-11-06,7683.2,-0.1222
1997-11-07,7581.3,-1.3263
1997-11-10,7552.6,-0.3786
1997-11-11,7558.7,0.0808
1997-11-12,7401.3,-2.0824
1997-11-13,7487.8,1.1687
1997-11-14,7572.5,1.1312
1997-11-17,7698.2,1.66
1997-11-18,7650.8,-0.6157
1997-11-19,7724.7,0.9659
1997-11-20,7826.6,1.3191
1997-11-21,7881.07,0.696
1997-11-24,7767.9,-1.436
1997-11-25,7809.0,0.5291
1997-11-26,7794.8,-0.1818
1997-11-28,7823.1,0.3631
1997-12-01,8013.1,2.4287
1997-12-02,8018.8,0.0711
1997-12-03,8032.0,0.1646
1997-12-04,8050.2,0.2266
1997-12-05,8149.1,1.2285
1997-12-08,8110.8,-0.47
1997-12-09,8049.7,-0.7533
1997-12-10,7978.8,-0.8808
1997-12-11,7849.0,-1.6268
1997-12-12,7838.3,-0.1363
1997-12-15,7922.6,1.0755
1997-12-16,7976.3,0.6778
1997-12-17,7957.4,-0.237
1997-12-18,7846.5,-1.3937
1997-12-19,7756.3,-1.1496
1997-12-22,7819.3,0.8122
1997-12-23,7691.8,-1.6306
1997-12-24,7660.13,-0.4117
1997-12-26,7679.3,0.2503
1997-12-29,7792.4,1.4728
1997-12-30,7916.0,1.5862
1997-12-31,7908.3,-0.0973
1998-01-02,7965.0,0.717
1998-01-05,7979.0,0.1758
1998-01-06,7906.25,-0.9118
1998-01-07,7902.3,-0.05
1998-01-08,7802.6,-1.2617
1998-01-09,7580.4,-2.8478
1998-01-12,7647.2,0.8812
1998-01-13,7732.1,1.1102
1998-01-14,7784.7,0.6803
1998-01-15,7691.8,-1.1934
1998-01-16,7753.5,0.8022
1998-01-20,7873.1,1.5425
1998-01-21,7794.4,-0.9996
1998-01-22,7730.9,-0.8147
1998-01-23,7700.7,-0.3906
1998-01-26,7712.94,0.1589
1998-01-27,7815.08,1.3243
1998-01-28,7915.47,1.2846
1998-01-29,7973.02,0.7271
1998-01-30,7906.5,-0.8343
1998-02-02,8107.78,2.5458
1998-02-03,8160.35,0.6484
1998-02-04,8129.71,-0.3755
1998-02-05,8117.25,-0.1533
1998-02-06,8189.49,0.89
1998-02-09,8180.52,-0.1095
1998-02-10,8295.61,1.4069
1998-02-11,8314.55,0.2283
1998-02-12,8369.6,0.6621
1998-02-13,8370.1,0.006
1998-02-17,8398.5,0.3393
1998-02-18,8451.06,0.6258
1998-02-19,8375.58,-0.8931
1998-02-20,8413.94,0.458
1998-02-23,8410.2,-0.0445
1998-02-24,8370.1,-0.4768
1998-02-25,8457.78,1.0475
1998-02-26,8490.67,0.3889
1998-02-27,8545.72,0.6484
1998-03-02,8550.45,0.0553
1998-03-03,8584.83,0.4021
1998-03-04,8539.24,-0.5311
1998-03-05,8444.33,-1.1115
1998-03-06,8569.39,1.481
1998-03-09,8567.14,-0.0263
1998-03-10,8643.12,0.8869
1998-03-11,8675.75,0.3775
1998-03-12,8659.56,-0.1866
1998-03-13,8602.52,-0.6587
1998-03-16,8718.85,1.3523
1998-03-17,8749.99,0.3572
1998-03-18,8775.4,0.2904
1998-03-19,8803.05,0.3151
1998-03-20,8906.43,1.1744
1998-03-23,8816.25,-1.0125
1998-03-24,8904.44,1.0003
1998-03-25,8872.8,-0.3553
1998-03-26,8846.89,-0.292
1998-03-27,8796.08,-0.5743
1998-03-30,8782.12,-0.1587
1998-03-31,8799.81,0.2014
1998-04-01,8868.32,0.7785
1998-04-02,8986.64,1.3342
1998-04-03,8983.41,-0.0359
1998-04-06,9033.23,0.5546
1998-04-07,8956.5,-0.8494
1998-04-08,8891.48,-0.726
1998-04-09,8994.86,1.1627
1998-04-13,9012.3,0.1939
1998-04-14,9110.2,1.0863
1998-04-15,9162.27,0.5716
1998-04-16,9076.57,-0.9354
1998-04-17,9167.5,1.0018
1998-04-20,9141.84,-0.2799
1998-04-21,9184.94,0.4715
1998-04-22,9176.72,-0.0895
1998-04-23,9143.33,-0.3639
1998-04-24,9064.62,-0.8608
1998-04-27,8917.64,-1.6215
1998-04-28,8898.96,-0.2095
1998-04-29,8951.52,0.5906
1998-04-30,9063.37,1.2495
1998-05-01,9147.07,0.9235
1998-05-04,9192.66,0.4984
1998-05-05,9147.57,-0.4905
1998-05-06,9054.65,-1.0158
1998-05-07,8976.68,-0.8611
1998-05-08,9055.15,0.8742
1998-05-11,9091.52,0.4016
1998-05-12,9161.77,0.7727
1998-05-13,9211.84,0.5465
1998-05-14,9172.23,-0.43
1998-05-15,9096.0,-0.8311
1998-05-18,9050.91,-0.4957
1998-05-19,9054.65,0.0413
1998-05-20,9171.48,1.2903
1998-05-21,9132.37,-0.4264
1998-05-22,9114.44,-0.1963
1998-05-26,8963.73,-1.6535
1998-05-27,8936.57,-0.303
1998-05-28,8970.2,0.3763
1998-05-29,8899.95,-0.7831
1998-06-01,8922.37,0.2519
1998-06-02,8891.24,-0.3489
1998-06-03,8803.8,-0.9834
1998-06-04,8870.56,0.7583
1998-06-05,9037.71,1.8843
1998-06-08,9069.6,0.3529
1998-06-09,9049.92,-0.217
1998-06-10,8971.7,-0.8643
1998-06-11,8811.77,-1.7826
1998-06-12,8834.94,0.2629
1998-06-15,8627.93,-2.3431
1998-06-16,8665.29,0.433
1998-06-17,8829.46,1.8946
1998-06-18,8813.01,-0.1863
1998-06-19,8712.87,-1.1363
1998-06-22,8711.13,-0.02
1998-06-23,8828.46,1.3469
1998-06-24,8923.87,1.0807
1998-06-25,8935.58,0.1312
1998-06-26,8944.54,0.1003
1998-06-29,8997.36,0.5905
1998-06-30,8952.02,-0.5039
1998-07-01,9048.67,1.0796
1998-07-02,9025.26,-0.2587
1998-07-06,9091.77,0.7369
1998-07-07,9085.04,-0.074
1998-07-08,9174.97,0.9899
1998-07-09,9089.78,-0.9285
1998-07-10,9105.74,0.1756
1998-07-13,9096.21,-0.1047
1998-07-14,9245.54,1.6417
1998-07-15,9234.47,-0.1197
1998-07-16,9328.19,1.0149
1998-07-17,9337.97,0.1048
1998-07-20,9295.75,-0.4521
1998-07-21,9190.19,-1.1356
1998-07-22,9128.91,-0.6668
1998-07-23,8932.98,-2.1463
1998-07-24,8937.36,0.049
1998-07-27,9028.24,1.0169
1998-07-28,8934.78,-1.0352
1998-07-29,8914.96,-0.2218
1998-07-30,9026.95,1.2562
1998-07-31,8883.29,-1.5915
1998-08-03,8786.74,-1.0869
1998-08-04,8487.31,-3.4077
1998-08-05,8546.78,0.7007
1998-08-06,8577.68,0.3615
1998-08-07,8598.02,0.2371
1998-08-10,8574.85,-0.2695
1998-08-11,8462.85,-1.3061
1998-08-12,8552.96,1.0648
1998-08-13,8459.5,-1.0927
1998-08-14,8425.0,-0.4078
1998-08-17,8574.85,1.7786
1998-08-18,8714.65,1.6303
1998-08-19,8693.28,-0.2452
1998-08-20,8611.41,-0.9418
1998-08-21,8533.65,-0.903
1998-08-24,8566.61,0.3862
1998-08-25,8602.65,0.4207
1998-08-26,8523.35,-0.9218
1998-08-27,8165.99,-4.1927
1998-08-28,8051.68,-1.3998
1998-08-31,7539.07,-6.3665
1998-09-01,7827.43,3.8249
1998-09-02,7782.37,-0.5757
1998-09-03,7682.22,-1.2869
1998-09-04,7640.25,-0.5463
1998-09-08,8020.78,4.9806
1998-09-09,7865.02,-1.942
1998-09-10,7615.54,-3.172
1998-09-11,7795.5,2.3631
1998-09-14,7945.35,1.9223
1998-09-15,8024.39,0.9948
1998-09-16,8089.78,0.8149
1998-09-17,7873.77,-2.6702
1998-09-18,7895.66,0.278
1998-09-21,7933.25,0.4761
1998-09-22,7897.2,-0.4544
1998-09-23,8154.41,3.257
1998-09-24,8001.99,-1.8692
1998-09-25,8028.77,0.3347
1998-09-28,8108.84,0.9973
1998-09-29,8080.52,-0.3492
1998-09-30,7842.62,-2.9441
1998-10-01,7632.53,-2.6788
1998-10-02,7784.69,1.9936
1998-10-05,7726.24,-0.7508
1998-10-06,7742.98,0.2167
1998-10-07,7741.69,-0.0167
1998-10-08,7731.91,-0.1263
1998-10-09,7899.52,2.1678
1998-10-12,8001.47,1.2906
1998-10-13,7938.14,-0.7915
1998-10-14,7968.78,0.386
1998-10-15,8299.36,4.1484
1998-10-16,8416.76,1.4146
1998-10-19,8466.45,0.5904
1998-10-20,8505.85,0.4654
1998-10-21,8519.23,0.1573
1998-10-22,8533.14,0.1633
1998-10-23,8452.29,-0.9475
1998-10-26,8432.21,-0.2376
1998-10-27,8366.04,-0.7847
1998-10-28,8371.97,0.0709
1998-10-29,8495.03,1.4699
1998-10-30,8592.1,1.1427
1998-11-02,8706.15,1.3274
1998-11-03,8706.15,0.0
1998-11-04,8783.14,0.8843
1998-11-05,8915.47,1.5066
1998-11-06,8975.46,0.6729
1998-11-09,8897.96,-0.8635
1998-11-10,8863.98,-0.3819
1998-11-11,8823.82,-0.4531
1998-11-12,8829.74,0.0671
1998-11-13,8919.59,1.0176
1998-11-16,9011.25,1.0276
1998-11-17,8986.28,-0.2771
1998-11-18,9041.11,0.6102
1998-11-19,9056.05,0.1652
1998-11-20,9159.55,1.1429
1998-11-23,9374.27,2.3442
1998-11-24,9301.15,-0.78
1998-11-25,9314.28,0.1412
1998-11-27,9333.08,0.2018
1998-11-30,9116.55,-2.32
1998-12-01,9133.54,0.1864
1998-12-02,9064.54,-0.7555
1998-12-03,8879.68,-2.0394
1998-12-04,9016.14,1.5368
1998-12-07,9070.47,0.6026
1998-12-08,9027.98,-0.4684
1998-12-09,9009.19,-0.2081
1998-12-10,8841.58,-1.8604
1998-12-11,8821.76,-0.2242
1998-12-14,8695.6,-1.4301
1998-12-15,8823.3,1.4686
1998-12-16,8790.6,-0.3706
1998-12-17,8875.82,0.9694
1998-12-18,8903.63,0.3133
1998-12-21,8988.85,0.9571
1998-12-22,9044.46,0.6187
1998-12-23,9202.03,1.7422
1998-12-24,9217.99,0.1734
1998-12-28,9226.75,0.095
1998-12-29,9320.98,1.0213
1998-12-30,9274.64,-0.4972
1998-12-31,9181.43,-1.005
1999-01-04,9184.27,0.0309
1999-01-05,9311.19,1.3819
1999-01-06,9544.97,2.5107
1999-01-07,9537.76,-0.0755
1999-01-08,9643.32,1.1068
1999-01-11,9619.89,-0.243
1999-01-12,9474.68,-1.5095
1999-01-13,9349.56,-1.3206
1999-01-14,9120.93,-2.4454
1999-01-15,9340.55,2.4079
1999-01-19,9355.22,0.1571
1999-01-20,9335.91,-0.2064
1999-01-21,9264.08,-0.7694
1999-01-22,9120.67,-1.548
1999-01-25,9203.32,0.9062
1999-01-26,9324.58,1.3176
1999-01-27,9200.23,-1.3336
1999-01-28,9281.33,0.8815
1999-01-29,9358.83,0.835
1999-02-01,9345.7,-0.1403
1999-02-02,9274.12,-0.7659
1999-02-03,9366.81,0.9994
1999-02-04,9304.5,-0.6652
1999-02-05,9304.24,-0.0028
1999-02-08,9291.11,-0.1411
1999-02-09,9133.03,-1.7014
1999-02-10,9177.31,0.4848
1999-02-11,9363.46,2.0284
1999-02-12,9274.89,-0.9459
1999-02-16,9297.03,0.2387
1999-02-17,9195.47,-1.0924
1999-02-18,9298.63,1.1219
1999-02-19,9339.95,0.4444
1999-02-22,9552.68,2.2776
1999-02-23,9544.42,-0.0865
1999-02-24,9399.67,-1.5166
1999-02-25,9366.34,-0.3546
1999-02-26,9306.58,-0.638
1999-03-01,9324.78,0.1956
1999-03-02,9297.61,-0.2914
1999-03-03,9275.88,-0.2337
1999-03-04,9467.4,2.0647
1999-03-05,9736.08,2.8379
1999-03-08,9727.61,-0.087
1999-03-09,9693.76,-0.348
1999-03-10,9772.84,0.8158
1999-03-11,9897.44,1.275
1999-03-12,9876.35,-0.2131
1999-03-15,9958.77,0.8345
1999-03-16,9930.47,-0.2842
1999-03-17,9879.41,-0.5142
1999-03-18,9997.62,1.1965
1999-03-19,9903.55,-0.9409
1999-03-22,9890.51,-0.1317
1999-03-23,9671.83,-2.211
1999-03-24,9666.84,-0.0516
1999-03-25,9836.39,1.7539
1999-03-26,9822.24,-0.1439
1999-03-29,10006.78,1.8788
1999-03-30,9913.26,-0.9346
1999-03-31,9786.16,-1.2821
1999-04-01,9832.51,0.4736
1999-04-05,10007.33,1.778
1999-04-06,9963.49,-0.4381
1999-04-07,10085.31,1.2227
1999-04-08,10197.7,1.1144
1999-04-09,10173.84,-0.234
1999-04-12,10339.51,1.6284
1999-04-13,10395.01,0.5368
1999-04-14,10411.66,0.1602
1999-04-15,10462.72,0.4904
1999-04-16,10493.89,0.2979
1999-04-19,10440.53,-0.5085
1999-04-20,10448.55,0.0768
1999-04-21,10581.42,1.2717
1999-04-22,10727.18,1.3775
1999-04-23,10689.67,-0.3497
1999-04-26,10718.59,0.2705
1999-04-27,10831.71,1.0554
1999-04-28,10845.45,0.1268
1999-04-29,10878.38,0.3036
1999-04-30,10789.04,-0.8213
1999-05-03,11014.69,2.0915
1999-05-04,10886.11,-1.1674
1999-05-05,10955.41,0.6366
1999-05-06,10946.82,-0.0784
1999-05-07,11031.59,0.7744
1999-05-10,11007.25,-0.2206
1999-05-11,11026.15,0.1717
1999-05-12,11000.37,-0.2338
1999-05-13,11107.19,0.9711
1999-05-14,10913.32,-1.7454
1999-05-17,10853.47,-0.5484
1999-05-18,10836.95,-0.1522
1999-05-19,10887.39,0.4654
1999-05-20,10866.74,-0.1897
1999-05-21,10829.28,-0.3447
1999-05-24,10654.67,-1.6124
1999-05-25,10531.09,-1.1599
1999-05-26,10702.16,1.6244
1999-05-27,10466.93,-2.198
1999-05-28,10559.74,0.8867
1999-06-01,10596.26,0.3458
1999-06-02,10577.89,-0.1734
1999-06-03,10663.69,0.8111
1999-06-04,10799.84,1.2768
1999-06-07,10909.38,1.0143
1999-06-08,10765.64,-1.3176
1999-06-09,10690.29,-0.6999
1999-06-10,10621.27,-0.6456
1999-06-11,10490.51,-1.2311
1999-06-14,10563.33,0.6942
1999-06-15,10594.99,0.2997
1999-06-16,10784.95,1.7929
1999-06-17,10841.63,0.5255
1999-06-18,10855.56,0.1285
1999-06-21,10815.98,-0.3646
1999-06-22,10721.63,-0.8723
1999-06-23,10666.86,-0.5108
1999-06-24,10534.83,-1.2378
1999-06-25,10552.56,0.1683
1999-06-28,10655.15,0.9722
1999-06-29,10815.35,1.5035
1999-06-30,10970.8,1.4373
1999-07-01,11066.42,0.8716
1999-07-02,11139.24,0.658
1999-07-06,11135.12,-0.037
1999-07-07,11187.36,0.4691
1999-07-08,11126.89,-0.5405
1999-07-09,11193.7,0.6004
1999-07-12,11200.98,0.065
1999-07-13,11175.02,-0.2318
1999-07-14,11148.1,-0.2409
1999-07-15,11186.41,0.3436
1999-07-16,11209.84,0.2095
1999-07-19,11187.68,-0.1977
1999-07-20,10996.13,-1.7122
1999-07-21,11002.78,0.0605
1999-07-22,10969.22,-0.305
1999-07-23,10910.96,-0.5311
1999-07-26,10863.16,-0.4381
1999-07-27,10979.04,1.0667
1999-07-28,10972.07,-0.0635
1999-07-29,10791.29,-1.6476
1999-07-30,10655.15,-1.2616
1999-08-02,10645.96,-0.0862
1999-08-03,10677.31,0.2945
1999-08-04,10674.77,-0.0238
1999-08-05,10793.82,1.1152
1999-08-06,10714.03,-0.7392
1999-08-09,10707.7,-0.0591
1999-08-10,10655.15,-0.4908
1999-08-11,10787.8,1.2449
1999-08-12,10789.39,0.0147
1999-08-13,10973.65,1.7078
1999-08-16,11046.79,0.6665
1999-08-17,11117.08,0.6363
1999-08-18,10991.38,-1.1307
1999-08-19,10963.84,-0.2506
1999-08-20,11100.61,1.2475
1999-08-23,11299.76,1.794
1999-08-24,11283.3,-0.1457
1999-08-25,11326.04,0.3788
1999-08-26,11198.45,-1.1265
1999-08-27,11090.17,-0.9669
1999-08-30,10914.13,-1.5874
1999-08-31,10829.28,-0.7774
1999-09-01,10937.88,1.0028
1999-09-02,10843.21,-0.8655
1999-09-03,11078.45,2.1695
1999-09-07,11034.13,-0.4001
1999-09-08,11036.34,0.02
1999-09-09,11079.4,0.3902
1999-09-10,11028.43,-0.46
1999-09-13,11030.33,0.0172
1999-09-14,10910.33,-1.0879
1999-09-15,10801.42,-0.9982
1999-09-16,10737.46,-0.5921
1999-09-17,10803.63,0.6163
1999-09-20,10823.9,0.1876
1999-09-21,10598.47,-2.0827
1999-09-22,10524.07,-0.702
1999-09-23,10318.59,-1.9525
1999-09-24,10279.33,-0.3805
1999-09-27,10303.39,0.2341
1999-09-28,10275.53,-0.2704
1999-09-29,10213.48,-0.6039
1999-09-30,10336.95,1.2089
1999-10-01,10273.0,-0.6187
1999-10-04,10401.23,1.2482
1999-10-05,10400.59,-0.0062
1999-10-06,10588.34,1.8052
1999-10-07,10537.05,-0.4844
1999-10-08,10649.76,1.0697
1999-10-11,10648.18,-0.0148
1999-10-12,10417.06,-2.1705
1999-10-13,10232.16,-1.775
1999-10-14,10286.61,0.5321
1999-10-15,10019.71,-2.5946
1999-10-18,10116.28,0.9638
1999-10-19,10204.93,0.8763
1999-10-20,10392.36,1.8367
1999-10-21,10297.69,-0.911
1999-10-22,10470.25,1.6757
1999-10-25,10349.93,-1.1492
1999-10-26,10302.13,-0.4618
1999-10-27,10394.89,0.9004
1999-10-28,10622.53,2.1899
1999-10-29,10729.86,1.0104
1999-11-01,10648.51,-0.7582
1999-11-02,10581.84,-0.6261
1999-11-03,10609.06,0.2572
1999-11-04,10639.64,0.2882
1999-11-05,10704.48,0.6094
1999-11-08,10718.85,0.1342
1999-11-09,10617.32,-0.9472
1999-11-10,10597.74,-0.1844
1999-11-11,10595.3,-0.023
1999-11-12,10769.32,1.6424
1999-11-15,10760.75,-0.0796
1999-11-16,10932.33,1.5945
1999-11-17,10883.09,-0.4504
1999-11-18,11035.7,1.4023
1999-11-19,11003.89,-0.2882
1999-11-22,11089.52,0.7782
1999-11-23,10995.63,-0.8467
1999-11-24,11008.17,0.114
1999-11-26,10988.91,-0.175
1999-11-29,10947.92,-0.373
1999-11-30,10877.81,-0.6404
1999-12-01,10998.39,1.1085
1999-12-02,11039.06,0.3698
1999-12-03,11286.18,2.2386
1999-12-06,11225.01,-0.542
1999-12-07,11106.65,-1.0544
1999-12-08,11068.12,-0.3469
1999-12-09,11134.79,0.6024
1999-12-10,11224.7,0.8075
1999-12-13,11192.59,-0.2861
1999-12-14,11160.17,-0.2897
1999-12-15,11225.32,0.5838
1999-12-16,11244.89,0.1743
1999-12-17,11257.43,0.1115
1999-12-20,11144.27,-1.0052
1999-12-21,11200.54,0.5049
1999-12-22,11203.6,0.0273
1999-12-23,11405.76,1.8044
1999-12-27,11391.08,-0.1287
1999-12-28,11476.71,0.7517
1999-12-29,11484.66,0.0693
1999-12-30,11452.86,-0.2769
1999-12-31,11497.12,0.3865
2000-01-03,11357.51,-1.2143
2000-01-04,10997.93,-3.166
2000-01-05,11122.65,1.134
2000-01-06,11253.26,1.1743
2000-01-07,11522.56,2.3931
2000-01-10,11572.2,0.4308
2000-01-11,11511.08,-0.5282
2000-01-12,11551.1,0.3477
2000-01-13,11582.43,0.2712
2000-01-14,11722.98,1.2135
2000-01-18,11560.72,-1.3841
2000-01-19,11489.36,-0.6173
2000-01-20,11351.3,-1.2016
2000-01-21,11251.71,-0.8773
2000-01-24,11008.17,-2.1645
2000-01-25,11029.89,0.1973
2000-01-26,11032.99,0.0281
2000-01-27,11028.02,-0.045
2000-01-28,10738.87,-2.622
2000-01-31,10940.53,1.8779
2000-02-01,11041.05,0.9188
2000-02-02,11003.2,-0.3428
2000-02-03,11013.44,0.0931
2000-02-04,10963.8,-0.4507
2000-02-07,10905.79,-0.5291
2000-02-08,10957.6,0.4751
2000-02-09,10699.16,-2.3585
2000-02-10,10643.63,-0.519
2000-02-11,10425.21,-2.0521
2000-02-14,10519.84,0.9077
2000-02-15,10718.09,1.8845
2000-02-16,10561.41,-1.4618
2000-02-17,10514.57,-0.4435
2000-02-18,10219.52,-2.8061
2000-02-22,10304.84,0.8349
2000-02-23,10225.73,-0.7677
2000-02-24,10092.63,-1.3016
2000-02-25,9862.12,-2.2839
2000-02-28,10038.65,1.79
2000-02-29,10128.31,0.8931
2000-03-01,10137.93,0.095
2000-03-02,10164.92,0.2662
2000-03-03,10367.2,1.99
2000-03-06,10170.5,-1.8973
2000-03-07,9796.03,-3.6819
2000-03-08,9856.53,0.6176
2000-03-09,10010.73,1.5644
2000-03-10,9928.82,-0.8182
2000-03-13,9947.13,0.1844
2000-03-14,9811.24,-1.3661
2000-03-15,10131.41,3.2633
2000-03-16,10630.6,4.9272
2000-03-17,10595.23,-0.3327
2000-03-20,10680.24,0.8023
2000-03-21,10907.34,2.1264
2000-03-22,10866.7,-0.3726
2000-03-23,11119.86,2.3297
2000-03-24,11112.72,-0.0642
2000-03-27,11025.85,-0.7817
2000-03-28,10936.11,-0.8139
2000-03-29,11018.72,0.7554
2000-03-30,10980.25,-0.3491
2000-03-31,10921.92,-0.5312
2000-04-03,11221.93,2.7469
2000-04-04,11164.84,-0.5087
2000-04-05,11033.92,-1.1726
2000-04-06,11114.27,0.7282
2000-04-07,11111.48,-0.0251
2000-04-10,11186.56,0.6757
2000-04-11,11287.08,0.8986
2000-04-12,11125.13,-1.4348
2000-04-13,10923.55,-1.8119
2000-04-14,10305.77,-5.6555
2000-04-17,10582.51,2.6853
2000-04-18,10767.42,1.7473
2000-04-19,10674.96,-0.8587
2000-04-20,10844.05,1.584
2000-04-24,10906.1,0.5722
2000-04-25,11124.82,2.0055
2000-04-26,10945.5,-1.6119
2000-04-27,10888.1,-0.5244
2000-04-28,10733.91,-1.4161
2000-05-01,10811.78,0.7255
2000-05-02,10731.12,-0.746
2000-05-03,10480.13,-2.3389
2000-05-04,10412.49,-0.6454
2000-05-05,10577.86,1.5882
2000-05-08,10603.63,0.2436
2000-05-09,10536.75,-0.6307
2000-05-10,10367.78,-1.6036
2000-05-11,10545.97,1.7187
2000-05-12,10609.37,0.6012
2000-05-15,10807.78,1.8701
2000-05-16,10934.57,1.1731
2000-05-17,10769.74,-1.5074
2000-05-18,10777.28,0.07
2000-05-19,10626.85,-1.3958
2000-05-22,10542.55,-0.7933
2000-05-23,10422.27,-1.1409
2000-05-24,10535.35,1.085
2000-05-25,10323.92,-2.0069
2000-05-26,10299.24,-0.2391
2000-05-30,10527.13,2.2127
2000-05-31,10522.33,-0.0456
2000-06-01,10652.2,1.2342
2000-06-02,10794.76,1.3383
2000-06-05,10815.3,0.1903
2000-06-06,10735.57,-0.7372
2000-06-07,10812.86,0.7199
2000-06-08,10668.72,-1.333
2000-06-09,10614.06,-0.5123
2000-06-12,10564.21,-0.4697
2000-06-13,10621.84,0.5455
2000-06-14,10687.95,0.6224
2000-06-15,10714.82,0.2514
2000-06-16,10449.3,-2.4781
2000-06-19,10557.84,1.0387
2000-06-20,10435.16,-1.162
2000-06-21,10497.74,0.5997
2000-06-22,10376.12,-1.1585
2000-06-23,10404.75,0.2759
2000-06-26,10542.99,1.3286
2000-06-27,10504.46,-0.3655
2000-06-28,10527.79,0.2221
2000-06-29,10398.04,-1.2325
2000-06-30,10447.89,0.4794
2000-07-03,10560.67,1.0795
2000-07-05,10483.6,-0.7298
2000-07-06,10481.47,-0.0203
2000-07-07,10635.98,1.4741
2000-07-10,10646.58,0.0997
2000-07-11,10727.19,0.7571
2000-07-12,10783.76,0.5274
2000-07-13,10788.71,0.0459
2000-07-14,10812.75,0.2228
2000-07-17,10804.27,-0.0784
2000-07-18,10739.92,-0.5956
2000-07-19,10696.08,-0.4082
2000-07-20,10843.87,1.3817
2000-07-21,10733.56,-1.0173
2000-07-24,10685.12,-0.4513
2000-07-25,10699.97,0.139
2000-07-26,10516.48,-1.7149
2000-07-27,10586.13,0.6623
2000-07-28,10511.17,-0.7081
2000-07-31,10521.98,0.1028
2000-08-01,10606.95,0.8075
2000-08-02,10687.53,0.7597
2000-08-03,10706.58,0.1782
2000-08-04,10767.75,0.5713
2000-08-07,10867.01,0.9218
2000-08-08,10976.89,1.0111
2000-08-09,10905.83,-0.6474
2000-08-10,10908.76,0.0269
2000-08-11,11027.8,1.0912
2000-08-14,11176.14,1.3451
2000-08-15,11067.0,-0.9765
2000-08-16,11008.39,-0.5296
2000-08-17,11055.64,0.4292
2000-08-18,11046.48,-0.0829
2000-08-21,11079.81,0.3017
2000-08-22,11139.15,0.5356
2000-08-23,11144.65,0.0494
2000-08-24,11182.74,0.3418
2000-08-25,11192.63,0.0884
2000-08-28,11252.84,0.5379
2000-08-29,11215.1,-0.3354
2000-08-30,11103.01,-0.9995
2000-08-31,11215.1,1.0095
2000-09-01,11238.78,0.2111
2000-09-05,11260.61,0.1942
2000-09-06,11310.64,0.4443
2000-09-07,11259.87,-0.4489
2000-09-08,11220.65,-0.3483
2000-09-11,11195.49,-0.2242
2000-09-12,11233.23,0.3371
2000-09-13,11182.18,-0.4545
2000-09-14,11087.47,-0.847
2000-09-15,10927.0,-1.4473
2000-09-18,10808.52,-1.0843
2000-09-19,10789.29,-0.1779
2000-09-20,10687.92,-0.9395
2000-09-21,10765.52,0.7261
2000-09-22,10847.37,0.7603
2000-09-25,10808.15,-0.3616
2000-09-26,10631.32,-1.6361
2000-09-27,10628.36,-0.0278
2000-09-28,10824.06,1.8413
2000-09-29,10650.92,-1.5996
2000-10-02,10700.13,0.462
2000-10-03,10719.74,0.1833
2000-10-04,10784.48,0.6039
2000-10-05,10724.92,-0.5523
2000-10-06,10596.54,-1.197
2000-10-09,10568.43,-0.2653
2000-10-10,10524.4,-0.4166
2000-10-11,10413.79,-1.051
2000-10-12,10034.58,-3.6414
2000-10-13,10192.18,1.5706
2000-10-16,10238.8,0.4574
2000-10-17,10089.71,-1.4561
2000-10-18,9975.02,-1.1367
2000-10-19,10142.98,1.6838
2000-10-20,10226.59,0.8243
2000-10-23,10271.72,0.4413
2000-10-24,10393.07,1.1814
2000-10-25,10326.48,-0.6407
2000-10-26,10380.12,0.5194
2000-10-27,10590.62,2.0279
2000-10-30,10835.77,2.3148
2000-10-31,10971.14,1.2493
2000-11-01,10899.47,-0.6533
2000-11-02,10880.51,-0.174
2000-11-03,10817.95,-0.575
2000-11-06,10977.21,1.4722
2000-11-07,10952.18,-0.228
2000-11-08,10907.06,-0.412
2000-11-09,10834.25,-0.6675
2000-11-10,10602.95,-2.1349
2000-11-13,10517.25,-0.8083
2000-11-14,10681.06,1.5575
2000-11-15,10707.6,0.2485
2000-11-16,10656.03,-0.4816
2000-11-17,10629.87,-0.2455
2000-11-20,10462.65,-1.5731
2000-11-21,10494.5,0.3044
2000-11-22,10399.32,-0.907
2000-11-24,10470.23,0.6819
2000-11-27,10546.07,0.7243
2000-11-28,10507.58,-0.365
2000-11-29,10629.11,1.1566
2000-11-30,10414.49,-2.0192
2000-12-01,10373.54,-0.3932
2000-12-04,10560.95,1.8066
2000-12-05,10898.72,3.1983
2000-12-06,10664.38,-2.1502
2000-12-07,10617.36,-0.4409
2000-12-08,10712.91,0.8999
2000-12-11,10725.8,0.1203
2000-12-12,10768.27,0.396
2000-12-13,10794.44,0.243
2000-12-14,10674.99,-1.1066
2000-12-15,10434.96,-2.2485
2000-12-18,10645.42,2.0169
2000-12-19,10584.37,-0.5735
2000-12-20,10318.93,-2.5078
2000-12-21,10487.29,1.6316
2000-12-22,10635.56,1.4138
2000-12-26,10692.44,0.5348
2000-12-27,10803.16,1.0355
2000-12-28,10868.76,0.6072
2000-12-29,10787.99,-0.7431
2001-01-02,10646.15,-1.3148
2001-01-03,10945.75,2.8142
2001-01-04,10912.41,-0.3046
2001-01-05,10662.01,-2.2946
2001-01-08,10621.35,-0.3814
2001-01-09,10572.55,-0.4595
2001-01-10,10604.27,0.3
2001-01-11,10609.55,0.0498
2001-01-12,10525.38,-0.7933
2001-01-16,10652.66,1.2093
2001-01-17,10584.34,-0.6413
2001-01-18,10678.28,0.8875
2001-01-19,10587.59,-0.8493
2001-01-22,10578.24,-0.0883
2001-01-23,10649.81,0.6766
2001-01-24,10646.97,-0.0267
2001-01-25,10729.52,0.7753
2001-01-26,10659.98,-0.6481
2001-01-29,10702.19,0.396
2001-01-30,10881.2,1.6726
2001-01-31,10887.36,0.0566
2001-02-01,10983.63,0.8842
2001-02-02,10864.1,-1.0883
2001-02-05,10965.85,0.9366
2001-02-06,10957.42,-0.0769
2001-02-07,10946.72,-0.0977
2001-02-08,10880.55,-0.6045
2001-02-09,10781.45,-0.9108
2001-02-12,10946.77,1.5334
2001-02-13,10903.32,-0.3969
2001-02-14,10795.41,-0.9897
2001-02-15,10891.02,0.8857
2001-02-16,10799.82,-0.8374
2001-02-20,10730.88,-0.6383
2001-02-21,10526.58,-1.9039
2001-02-22,10526.81,0.0022
2001-02-23,10441.9,-0.8066
2001-02-26,10642.53,1.9214
2001-02-27,10636.88,-0.0531
2001-02-28,10495.28,-1.3312
2001-03-01,10450.14,-0.4301
2001-03-02,10466.31,0.1547
2001-03-05,10562.3,0.9171
2001-03-06,10591.22,0.2738
2001-03-07,10729.6,1.3066
2001-03-08,10858.25,1.199
2001-03-09,10644.62,-1.9674
2001-03-12,10208.25,-4.0994
2001-03-13,10290.8,0.8087
2001-03-14,9973.46,-3.0837
2001-03-15,10031.28,0.5797
2001-03-16,9823.41,-2.0722
2001-03-19,9959.11,1.3814
2001-03-20,9720.76,-2.3933
2001-03-21,9487.0,-2.4048
2001-03-22,9389.48,-1.0279
2001-03-23,9504.78,1.228
2001-03-26,9687.53,1.9227
2001-03-27,9947.54,2.684
2001-03-28,9785.35,-1.6305
2001-03-29,9799.06,0.1401
2001-03-30,9878.78,0.8135
2001-04-02,9777.93,-1.0209
2001-04-03,9485.71,-2.9886
2001-04-04,9515.42,0.3132
2001-04-05,9918.05,4.2313
2001-04-06,9791.09,-1.2801
2001-04-09,9845.15,0.5521
2001-04-10,10102.74,2.6164
2001-04-11,10013.47,-0.8836
2001-04-12,10126.94,1.1332
2001-04-16,10158.56,0.3122
2001-04-17,10216.73,0.5726
2001-04-18,10615.83,3.9063
2001-04-19,10693.71,0.7336
2001-04-20,10579.85,-1.0647
2001-04-23,10532.23,-0.4501
2001-04-24,10454.34,-0.7395
2001-04-25,10625.2,1.6343
2001-04-26,10692.35,0.632
2001-04-27,10810.05,1.1008
2001-04-30,10734.97,-0.6945
2001-05-01,10898.34,1.5218
2001-05-02,10876.68,-0.1987
2001-05-03,10796.65,-0.7358
2001-05-04,10951.24,1.4318
2001-05-07,10935.17,-0.1467
2001-05-08,10883.51,-0.4724
2001-05-09,10866.98,-0.1519
2001-05-10,10910.44,0.3999
2001-05-11,10821.31,-0.8169
2001-05-14,10877.33,0.5177
2001-05-15,10872.97,-0.0401
2001-05-16,11215.92,3.1542
2001-05-17,11248.58,0.2912
2001-05-18,11301.74,0.4726
2001-05-21,11337.92,0.3201
2001-05-22,11257.24,-0.7116
2001-05-23,11105.51,-1.3478
2001-05-24,11122.42,0.1523
2001-05-25,11005.37,-1.0524
2001-05-29,11039.14,0.3069
2001-05-30,10872.64,-1.5083
2001-05-31,10911.94,0.3615
2001-06-01,10990.41,0.7191
2001-06-04,11061.52,0.647
2001-06-05,11175.84,1.0335
2001-06-06,11070.24,-0.9449
2001-06-07,11090.74,0.1852
2001-06-08,10977.0,-1.0255
2001-06-11,10922.09,-0.5002
2001-06-12,10948.38,0.2407
2001-06-13,10871.62,-0.7011
2001-06-14,10690.13,-1.6694
2001-06-15,10623.64,-0.622
2001-06-18,10645.38,0.2046
2001-06-19,10596.67,-0.4576
2001-06-20,10647.33,0.4781
2001-06-21,10715.43,0.6396
2001-06-22,10604.59,-1.0344
2001-06-25,10504.22,-0.9465
2001-06-26,10472.48,-0.3022
2001-06-27,10434.84,-0.3594
2001-06-28,10566.21,1.259
2001-06-29,10502.4,-0.6039
2001-07-02,10593.72,0.8695
2001-07-03,10571.11,-0.2134
2001-07-05,10479.86,-0.8632
2001-07-06,10252.68,-2.1678
2001-07-09,10299.4,0.4557
2001-07-10,10175.64,-1.2016
2001-07-11,10241.02,0.6425
2001-07-12,10478.99,2.3237
2001-07-13,10539.06,0.5732
2001-07-16,10472.12,-0.6352
2001-07-17,10606.39,1.2822
2001-07-18,10569.83,-0.3447
2001-07-19,10610.0,0.38
2001-07-20,10576.65,-0.3143
2001-07-23,10424.42,-1.4393
2001-07-24,10241.12,-1.7584
2001-07-25,10405.67,1.6068
2001-07-26,10455.63,0.4801
2001-07-27,10416.67,-0.3726
2001-07-30,10401.72,-0.1435
2001-07-31,10522.81,1.1641
2001-08-01,10510.01,-0.1216
2001-08-02,10551.18,0.3917
2001-08-03,10512.78,-0.3639
2001-08-06,10401.31,-1.0603
2001-08-07,10458.74,0.5521
2001-08-08,10293.5,-1.5799
2001-08-09,10298.56,0.0492
2001-08-10,10416.25,1.1428
2001-08-13,10415.91,-0.0033
2001-08-14,10412.17,-0.0359
2001-08-15,10345.95,-0.636
2001-08-16,10392.52,0.4501
2001-08-17,10240.78,-1.4601
2001-08-20,10320.07,0.7743
2001-08-21,10174.14,-1.414
2001-08-22,10276.9,1.01
2001-08-23,10229.15,-0.4646
2001-08-24,10423.17,1.8967
2001-08-27,10382.35,-0.3916
2001-08-28,10222.03,-1.5442
2001-08-29,10090.9,-1.2828
2001-08-30,9919.58,-1.6978
2001-08-31,9949.75,0.3041
2001-09-04,9997.49,0.4798
2001-09-05,10033.27,0.3579
2001-09-06,9840.84,-1.9179
2001-09-07,9605.85,-2.3879
2001-09-10,9605.51,-0.0035
2001-09-17,8920.7,-7.1293
2001-09-18,8903.4,-0.1939
2001-09-19,8759.13,-1.6204
2001-09-20,8376.21,-4.3717
2001-09-21,8235.81,-1.6762
2001-09-24,8603.86,4.4689
2001-09-25,8659.97,0.6521
2001-09-26,8567.39,-1.0691
2001-09-27,8681.42,1.331
2001-09-28,8847.56,1.9137
2001-10-01,8836.83,-0.1213
2001-10-02,8950.59,1.2873
2001-10-03,9123.78,1.935
2001-10-04,9060.88,-0.6894
2001-10-05,9119.77,0.6499
2001-10-08,9067.94,-0.5683
2001-10-09,9052.44,-0.1709
2001-10-10,9240.86,2.0814
2001-10-11,9410.45,1.8352
2001-10-12,9344.16,-0.7044
2001-10-15,9347.62,0.037
2001-10-16,9384.23,0.3917
2001-10-17,9232.97,-1.6119
2001-10-18,9163.22,-0.7554
2001-10-19,9204.11,0.4462
2001-10-22,9377.03,1.8787
2001-10-23,9340.08,-0.394
2001-10-24,9345.62,0.0593
2001-10-25,9462.9,1.2549
2001-10-26,9545.17,0.8694
2001-10-29,9269.5,-2.8881
2001-10-30,9121.98,-1.5915
2001-10-31,9075.14,-0.5135
2001-11-01,9263.9,2.08
2001-11-02,9323.54,0.6438
2001-11-05,9441.03,1.2601
2001-11-06,9591.12,1.5898
2001-11-07,9554.37,-0.3832
2001-11-08,9587.52,0.347
2001-11-09,9608.0,0.2136
2001-11-12,9554.37,-0.5582
2001-11-13,9750.95,2.0575
2001-11-14,9823.61,0.7452
2001-11-15,9872.39,0.4966
2001-11-16,9866.99,-0.0547
2001-11-19,9976.46,1.1095
2001-11-20,9901.38,-0.7526
2001-11-21,9834.68,-0.6736
2001-11-23,9959.71,1.2713
2001-11-26,9982.75,0.2313
2001-11-27,9872.6,-1.1034
2001-11-28,9711.86,-1.6281
2001-11-29,9829.42,1.2105
2001-11-30,9851.56,0.2252
2001-12-03,9763.96,-0.8892
2001-12-04,9893.84,1.3302
2001-12-05,10114.29,2.2282
2001-12-06,10099.14,-0.1498
2001-12-07,10049.46,-0.4919
2001-12-10,9921.45,-1.2738
2001-12-11,9888.37,-0.3334
2001-12-12,9894.81,0.0651
2001-12-13,9766.45,-1.2972
2001-12-14,9811.15,0.4577
2001-12-17,9891.97,0.8238
2001-12-18,9998.39,1.0758
2001-12-19,10070.49,0.7211
2001-12-20,9985.18,-0.8471
2001-12-21,10035.34,0.5023
2001-12-24,10035.34,0.0
2001-12-26,10088.14,0.5261
2001-12-27,10131.31,0.4279
2001-12-28,10136.99,0.0561
2001-12-31,10021.57,-1.1386
2002-01-02,10073.4,0.5172
2002-01-03,10172.14,0.9802
2002-01-04,10259.74,0.8612
2002-01-07,10197.05,-0.611
2002-01-08,10150.55,-0.456
2002-01-09,10094.09,-0.5562
2002-01-10,10067.86,-0.2599
2002-01-11,9987.53,-0.7979
2002-01-14,9891.42,-0.9623
2002-01-15,9924.15,0.3309
2002-01-16,9712.27,-2.135
2002-01-17,9850.04,1.4185
2002-01-18,9771.85,-0.7938
2002-01-22,9713.8,-0.5941
2002-01-23,9730.96,0.1767
2002-01-24,9796.07,0.6691
2002-01-25,9840.08,0.4493
2002-01-28,9865.75,0.2609
2002-01-29,9618.24,-2.5088
2002-01-30,9762.86,1.5036
2002-01-31,9920.0,1.6096
2002-02-01,9907.26,-0.1284
2002-02-04,9687.09,-2.2223
2002-02-05,9685.43,-0.0171
2002-02-06,9653.39,-0.3308
2002-02-07,9625.44,-0.2895
2002-02-08,9744.24,1.2342
2002-02-11,9884.78,1.4423
2002-02-12,9863.74,-0.2129
2002-02-13,9989.67,1.2767
2002-02-14,10001.99,0.1233
2002-02-15,9903.04,-0.9893
2002-02-19,9745.14,-1.5945
2002-02-20,9941.17,2.0116
2002-02-21,9834.68,-1.0712
2002-02-22,9968.15,1.3571
2002-02-25,10145.71,1.7813
2002-02-26,10115.26,-0.3001
2002-02-27,10127.58,0.1218
2002-02-28,10106.13,-0.2118
2002-03-01,10368.86,2.5997
2002-03-04,10586.82,2.1021
2002-03-05,10433.41,-1.4491
2002-03-06,10574.29,1.3503
2002-03-07,10525.37,-0.4626
2002-03-08,10572.49,0.4477
2002-03-11,10611.24,0.3665
2002-03-12,10632.35,0.1989
2002-03-13,10501.85,-1.2274
2002-03-14,10517.14,0.1456
2002-03-15,10607.23,0.8566
2002-03-18,10577.75,-0.2779
2002-03-19,10635.25,0.5436
2002-03-20,10501.57,-1.257
2002-03-21,10479.84,-0.2069
2002-03-22,10427.67,-0.4978
2002-03-25,10281.67,-1.4001
2002-03-26,10353.36,0.6973
2002-03-27,10426.91,0.7104
2002-03-28,10403.94,-0.2203
2002-04-01,10362.7,-0.3964
2002-04-02,10313.71,-0.4728
2002-04-03,10198.29,-1.1191
2002-04-04,10235.17,0.3616
2002-04-05,10271.64,0.3563
2002-04-08,10249.08,-0.2196
2002-04-09,10208.67,-0.3943
2002-04-10,10381.73,1.6952
2002-04-11,10176.08,-1.9809
2002-04-12,10190.82,0.1448
2002-04-15,10093.67,-0.9533
2002-04-16,10301.32,2.0572
2002-04-17,10220.78,-0.7818
2002-04-18,10205.28,-0.1517
2002-04-19,10257.11,0.5079
2002-04-22,10136.43,-1.1765
2002-04-23,10089.24,-0.4655
2002-04-24,10030.43,-0.5829
2002-04-25,10035.06,0.0462
2002-04-26,9910.72,-1.2391
2002-04-29,9819.87,-0.9167
2002-04-30,9946.22,1.2867
2002-05-01,10059.63,1.1402
2002-05-02,10091.87,0.3205
2002-05-03,10006.63,-0.8446
2002-05-06,9808.04,-1.9846
2002-05-07,9836.55,0.2907
2002-05-08,10141.83,3.1035
2002-05-09,10037.42,-1.0295
2002-05-10,9939.92,-0.9714
2002-05-13,10109.66,1.7077
2002-05-14,10298.14,1.8644
2002-05-15,10243.68,-0.5288
2002-05-16,10289.21,0.4445
2002-05-17,10353.08,0.6207
2002-05-20,10229.5,-1.1937
2002-05-21,10105.71,-1.2101
2002-05-22,10157.88,0.5162
2002-05-23,10216.08,0.573
2002-05-24,10104.26,-1.0945
2002-05-28,9981.58,-1.2141
2002-05-29,9923.04,-0.5865
2002-05-30,9911.69,-0.1144
2002-05-31,9925.25,0.1368
2002-06-03,9709.79,-2.1708
2002-06-04,9687.84,-0.2261
2002-06-05,9796.8,1.1247
2002-06-06,9624.64,-1.7573
2002-06-07,9589.67,-0.3633
2002-06-10,9645.4,0.5811
2002-06-11,9517.26,-1.3285
2002-06-12,9617.71,1.0555
2002-06-13,9502.8,-1.1948
2002-06-14,9474.21,-0.3009
2002-06-17,9687.42,2.2504
2002-06-18,9706.12,0.193
2002-06-19,9561.57,-1.4893
2002-06-20,9431.77,-1.3575
2002-06-21,9253.79,-1.887
2002-06-24,9281.82,0.3029
2002-06-25,9126.82,-1.6699
2002-06-26,9120.11,-0.0735
2002-06-27,9269.92,1.6426
2002-06-28,9243.26,-0.2876
2002-07-01,9109.79,-1.444
2002-07-02,9007.75,-1.1201
2002-07-03,9054.97,0.5242
2002-07-05,9379.5,3.584
2002-07-08,9274.9,-1.1152
2002-07-09,9096.09,-1.9279
2002-07-10,8813.5,-3.1067
2002-07-11,8801.53,-0.1358
2002-07-12,8684.53,-1.3293
2002-07-15,8639.19,-0.5221
2002-07-16,8473.11,-1.9224
2002-07-17,8542.48,0.8187
2002-07-18,8409.49,-1.5568
2002-07-19,8019.26,-4.6404
2002-07-22,7784.58,-2.9265
2002-07-23,7702.34,-1.0564
2002-07-24,8191.29,6.3481
2002-07-25,8186.31,-0.0608
2002-07-26,8264.39,0.9538
2002-07-29,8711.88,5.4147
2002-07-30,8680.03,-0.3656
2002-07-31,8736.59,0.6516
2002-08-01,8506.62,-2.6323
2002-08-02,8313.13,-2.2746
2002-08-05,8043.63,-3.2419
2002-08-06,8274.09,2.8651
2002-08-07,8456.15,2.2004
2002-08-08,8712.02,3.0258
2002-08-09,8745.45,0.3837
2002-08-12,8688.89,-0.6467
2002-08-13,8482.39,-2.3766
2002-08-14,8743.31,3.076
2002-08-15,8818.14,0.8559
2002-08-16,8778.06,-0.4545
2002-08-19,8990.79,2.4234
2002-08-20,8872.07,-1.3205
2002-08-21,8957.23,0.9599
2002-08-22,9053.64,1.0763
2002-08-23,8872.96,-1.9957
2002-08-26,8919.01,0.519
2002-08-27,8824.41,-1.0607
2002-08-28,8694.09,-1.4768
2002-08-29,8670.99,-0.2657
2002-08-30,8663.5,-0.0864
2002-09-03,8308.05,-4.1028
2002-09-04,8425.12,1.4091
2002-09-05,8283.7,-1.6786
2002-09-06,8427.2,1.7323
2002-09-09,8519.38,1.0938
2002-09-10,8602.61,0.9769
2002-09-11,8581.17,-0.2492
2002-09-12,8379.41,-2.3512
2002-09-13,8312.69,-0.7962
2002-09-16,8380.18,0.8119
2002-09-17,8207.55,-2.06
2002-09-18,8172.45,-0.4277
2002-09-19,7942.39,-2.8151
2002-09-20,7986.02,0.5493
2002-09-23,7872.15,-1.4259
2002-09-24,7683.13,-2.4011
2002-09-25,7841.82,2.0654
2002-09-26,7997.12,1.9804
2002-09-27,7701.45,-3.6972
2002-09-30,7591.93,-1.4221
2002-10-01,7938.79,4.5688
2002-10-02,7755.61,-2.3074
2002-10-03,7717.19,-0.4954
2002-10-04,7528.4,-2.4464
2002-10-07,7422.84,-1.4022
2002-10-08,7501.49,1.0596
2002-10-09,7286.27,-2.869
2002-10-10,7533.95,3.3993
2002-10-11,7850.29,4.1989
2002-10-14,7877.4,0.3453
2002-10-15,8255.68,4.8021
2002-10-16,8036.03,-2.6606
2002-10-17,8275.04,2.9742
2002-10-18,8322.4,0.5723
2002-10-21,8538.24,2.5935
2002-10-22,8450.16,-1.0316
2002-10-23,8494.27,0.522
2002-10-24,8317.34,-2.0829
2002-10-25,8443.99,1.5227
2002-10-28,8368.04,-0.8995
2002-10-29,8368.94,0.0108
2002-10-30,8427.41,0.6987
2002-10-31,8397.03,-0.3605
2002-11-01,8517.64,1.4363
2002-11-04,8571.6,0.6335
2002-11-05,8678.27,1.2445
2002-11-06,8771.01,1.0686
2002-11-07,8586.24,-2.1066
2002-11-08,8537.13,-0.572
2002-11-11,8358.95,-2.0871
2002-11-12,8386.0,0.3236
2002-11-13,8398.49,0.1489
2002-11-14,8542.13,1.7103
2002-11-15,8579.09,0.4327
2002-11-18,8486.57,-1.0784
2002-11-19,8474.78,-0.1389
2002-11-20,8623.01,1.7491
2002-11-21,8845.15,2.5761
2002-11-22,8804.84,-0.4557
2002-11-25,8849.4,0.5061
2002-11-26,8676.42,-1.9547
2002-11-27,8931.68,2.942
2002-11-29,8896.09,-0.3985
2002-12-02,8862.57,-0.3768
2002-12-03,8742.93,-1.3499
2002-12-04,8737.85,-0.0581
2002-12-05,8623.28,-1.3112
2002-12-06,8645.77,0.2608
2002-12-09,8473.41,-1.9936
2002-12-10,8574.26,1.1902
2002-12-11,8589.14,0.1735
2002-12-12,8538.4,-0.5907
2002-12-13,8433.71,-1.2261
2002-12-16,8627.4,2.2966
2002-12-17,8535.39,-1.0665
2002-12-18,8447.35,-1.0315
2002-12-19,8364.8,-0.9772
2002-12-20,8511.32,1.7516
2002-12-23,8493.29,-0.2118
2002-12-24,8448.11,-0.5319
2002-12-26,8432.61,-0.1835
2002-12-27,8303.78,-1.5278
2002-12-30,8332.85,0.3501
2002-12-31,8341.63,0.1054
2003-01-02,8607.52,3.1875
2003-01-03,8601.69,-0.0677
2003-01-06,8773.57,1.9982
2003-01-07,8740.59,-0.3759
2003-01-08,8595.31,-1.6621
2003-01-09,8776.18,2.1043
2003-01-10,8784.89,0.0992
2003-01-13,8785.98,0.0124
2003-01-14,8842.62,0.6447
2003-01-15,8723.18,-1.3507
2003-01-16,8697.87,-0.2901
2003-01-17,8586.74,-1.2777
2003-01-21,8442.9,-1.6751
2003-01-22,8318.73,-1.4707
2003-01-23,8369.47,0.6099
2003-01-24,8131.01,-2.8492
2003-01-27,7989.56,-1.7396
2003-01-28,8088.84,1.2426
2003-01-29,8110.71,0.2704
2003-01-30,7945.13,-2.0415
2003-01-31,8053.81,1.3679
2003-02-03,8109.82,0.6954
2003-02-04,8013.29,-1.1903
2003-02-05,7985.18,-0.3508
2003-02-06,7929.3,-0.6998
2003-02-07,7864.23,-0.8206
2003-02-10,7920.11,0.7106
2003-02-11,7843.11,-0.9722
2003-02-12,7758.17,-1.083
2003-02-13,7749.87,-0.107
2003-02-14,7908.8,2.0507
2003-02-18,8041.15,1.6735
2003-02-19,8000.6,-0.5043
2003-02-20,7914.96,-1.0704
2003-02-21,8018.11,1.3032
2003-02-24,7858.24,-1.9939
2003-02-25,7909.5,0.6523
2003-02-26,7806.98,-1.2962
2003-02-27,7884.99,0.9992
2003-02-28,7891.08,0.0772
2003-03-03,7837.86,-0.6744
2003-03-04,7704.87,-1.6968
2003-03-05,7775.6,0.918
2003-03-06,7673.99,-1.3068
2003-03-07,7740.03,0.8606
2003-03-10,7568.18,-2.2203
2003-03-11,7524.06,-0.583
2003-03-12,7552.07,0.3723
2003-03-13,7821.75,3.5709
2003-03-14,7859.71,0.4853
2003-03-17,8141.92,3.5906
2003-03-18,8194.23,0.6425
2003-03-19,8265.45,0.8691
2003-03-20,8286.6,0.2559
2003-03-21,8521.97,2.8404
2003-03-24,8214.68,-3.6059
2003-03-25,8280.23,0.798
2003-03-26,8229.88,-0.6081
2003-03-27,8201.45,-0.3454
2003-03-28,8145.77,-0.6789
2003-03-31,7992.13,-1.8861
2003-04-01,8069.86,0.9726
2003-04-02,8285.06,2.6667
2003-04-03,8240.38,-0.5393
2003-04-04,8277.15,0.4462
2003-04-07,8300.41,0.281
2003-04-08,8298.92,-0.018
2003-04-09,8197.94,-1.2168
2003-04-10,8221.33,0.2853
2003-04-11,8203.41,-0.218
2003-04-14,8351.1,1.8003
2003-04-15,8402.36,0.6138
2003-04-16,8257.61,-1.7227
2003-04-17,8337.65,0.9693
2003-04-21,8328.9,-0.1049
2003-04-22,8484.99,1.8741
2003-04-23,8515.66,0.3615
2003-04-24,8440.04,-0.888
2003-04-25,8306.35,-1.584
2003-04-28,8471.61,1.9896
2003-04-29,8502.99,0.3704
2003-04-30,8480.09,-0.2693
2003-05-01,8454.25,-0.3047
2003-05-02,8582.68,1.5191
2003-05-05,8531.57,-0.5955
2003-05-06,8588.36,0.6656
2003-05-07,8560.63,-0.3229
2003-05-08,8491.22,-0.8108
2003-05-09,8604.6,1.3353
2003-05-12,8726.73,1.4194
2003-05-13,8679.25,-0.5441
2003-05-14,8647.82,-0.3621
2003-05-15,8713.14,0.7553
2003-05-16,8678.97,-0.3922
2003-05-19,8493.39,-2.1383
2003-05-20,8491.36,-0.0239
2003-05-21,8516.43,0.2952
2003-05-22,8594.02,0.9111
2003-05-23,8601.38,0.0856
2003-05-27,8781.35,2.0923
2003-05-28,8793.12,0.134
2003-05-29,8711.18,-0.9319
2003-05-30,8850.26,1.5966
2003-06-02,8897.81,0.5373
2003-06-03,8922.95,0.2825
2003-06-04,9038.98,1.3004
2003-06-05,9041.3,0.0257
2003-06-06,9062.79,0.2377
2003-06-09,8980.0,-0.9135
2003-06-10,9054.89,0.834
2003-06-11,9183.22,1.4172
2003-06-12,9196.55,0.1452
2003-06-13,9117.12,-0.8637
2003-06-16,9318.96,2.2139
2003-06-17,9323.02,0.0436
2003-06-18,9293.8,-0.3134
2003-06-19,9179.53,-1.2295
2003-06-20,9200.75,0.2312
2003-06-23,9072.95,-1.389
2003-06-24,9109.85,0.4067
2003-06-25,9011.53,-1.0793
2003-06-26,9079.04,0.7492
2003-06-27,8989.05,-0.9912
2003-06-30,8985.44,-0.0402
2003-07-01,9040.95,0.6178
2003-07-02,9142.84,1.127
2003-07-03,9070.21,-0.7944
2003-07-07,9216.79,1.6161
2003-07-08,9223.09,0.0684
2003-07-09,9156.21,-0.7251
2003-07-10,9036.04,-1.3124
2003-07-11,9119.59,0.9246
2003-07-14,9177.15,0.6312
2003-07-15,9128.97,-0.525
2003-07-16,9094.59,-0.3766
2003-07-17,9050.82,-0.4813
2003-07-18,9188.15,1.5173
2003-07-21,9096.69,-0.9954
2003-07-22,9158.45,0.6789
2003-07-23,9194.24,0.3908
2003-07-24,9112.51,-0.8889
2003-07-25,9284.57,1.8882
2003-07-28,9266.51,-0.1945
2003-07-29,9204.46,-0.6696
2003-07-30,9200.05,-0.0479
2003-07-31,9233.8,0.3668
2003-08-01,9153.97,-0.8645
2003-08-04,9186.04,0.3503
2003-08-05,9036.32,-1.6299
2003-08-06,9061.74,0.2813
2003-08-07,9126.45,0.7141
2003-08-08,9191.09,0.7083
2003-08-11,9217.35,0.2857
2003-08-12,9310.06,1.0058
2003-08-13,9271.76,-0.4114
2003-08-14,9310.56,0.4185
2003-08-15,9321.69,0.1195
2003-08-18,9412.45,0.9736
2003-08-19,9428.9,0.1748
2003-08-20,9397.51,-0.3329
2003-08-21,9423.68,0.2785
2003-08-22,9348.87,-0.7939
2003-08-25,9317.64,-0.3341
2003-08-26,9340.45,0.2448
2003-08-27,9333.79,-0.0713
2003-08-28,9374.21,0.4331
2003-08-29,9415.82,0.4439
2003-09-02,9523.27,1.1412
2003-09-03,9568.46,0.4745
2003-09-04,9587.9,0.2032
2003-09-05,9503.34,-0.8819
2003-09-08,9586.29,0.8729
2003-09-09,9507.2,-0.825
2003-09-10,9420.46,-0.9124
2003-09-11,9459.76,0.4172
2003-09-12,9471.55,0.1246
2003-09-15,9448.81,-0.2401
2003-09-16,9567.34,1.2544
2003-09-17,9545.65,-0.2267
2003-09-18,9659.13,1.1888
2003-09-19,9644.82,-0.1481
2003-09-22,9535.41,-1.1344
2003-09-23,9576.04,0.4261
2003-09-24,9425.51,-1.5719
2003-09-25,9343.96,-0.8652
2003-09-26,9313.08,-0.3305
2003-09-29,9380.24,0.7211
2003-09-30,9275.06,-1.1213
2003-10-01,9469.2,2.0931
2003-10-02,9487.8,0.1964
2003-10-03,9572.31,0.8907
2003-10-06,9594.98,0.2368
2003-10-07,9654.61,0.6215
2003-10-08,9630.9,-0.2456
2003-10-09,9680.01,0.5099
2003-10-10,9674.68,-0.0551
2003-10-13,9764.38,0.9272
2003-10-14,9812.98,0.4977
2003-10-15,9803.05,-0.1012
2003-10-16,9791.72,-0.1156
2003-10-17,9721.79,-0.7142
2003-10-20,9777.94,0.5776
2003-10-21,9747.64,-0.3099
2003-10-22,9598.24,-1.5327
2003-10-23,9613.13,0.1551
2003-10-24,9582.46,-0.319
2003-10-27,9608.16,0.2682
2003-10-28,9748.31,1.4587
2003-10-29,9774.53,0.269
2003-10-30,9786.61,0.1236
2003-10-31,9801.12,0.1483
2003-11-03,9858.46,0.585
2003-11-04,9838.83,-0.1991
2003-11-05,9820.83,-0.1829
2003-11-06,9856.97,0.368
2003-11-07,9809.79,-0.4786
2003-11-10,9756.53,-0.5429
2003-11-11,9737.79,-0.1921
2003-11-12,9848.83,1.1403
2003-11-13,9837.94,-0.1106
2003-11-14,9768.68,-0.704
2003-11-17,9710.83,-0.5922
2003-11-18,9624.16,-0.8925
2003-11-19,9690.46,0.6889
2003-11-20,9619.42,-0.7331
2003-11-21,9628.53,0.0947
2003-11-24,9747.79,1.2386
2003-11-25,9763.94,0.1657
2003-11-26,9779.57,0.1601
2003-11-28,9782.46,0.0296
2003-12-01,9899.05,1.1918
2003-12-02,9853.64,-0.4587
2003-12-03,9873.42,0.2007
2003-12-04,9930.82,0.5814
2003-12-05,9862.68,-0.6861
2003-12-08,9965.27,1.0402
2003-12-09,9923.42,-0.42
2003-12-10,9921.86,-0.0157
2003-12-11,10008.16,0.8698
2003-12-12,10042.16,0.3397
2003-12-15,10022.82,-0.1926
2003-12-16,10129.56,1.065
2003-12-17,10145.26,0.155
2003-12-18,10248.08,1.0135
2003-12-19,10278.22,0.2941
2003-12-22,10338.0,0.5816
2003-12-23,10341.26,0.0315
2003-12-24,10305.19,-0.3488
2003-12-26,10324.67,0.189
2003-12-29,10450.0,1.2139
2003-12-30,10425.04,-0.2389
2003-12-31,10453.92,0.277
2004-01-02,10409.85,-0.4216
2004-01-05,10544.07,1.2894
2004-01-06,10538.66,-0.0513
2004-01-07,10529.03,-0.0914
2004-01-08,10592.44,0.6022
2004-01-09,10458.89,-1.2608
2004-01-12,10485.18,0.2514
2004-01-13,10427.18,-0.5532
2004-01-14,10538.37,1.0663
2004-01-15,10553.85,0.1469
2004-01-16,10600.51,0.4421
2004-01-20,10528.66,-0.6778
2004-01-21,10623.62,0.9019
2004-01-22,10623.18,-0.0041
2004-01-23,10568.29,-0.5167
2004-01-26,10702.51,1.27
2004-01-27,10609.92,-0.8651
2004-01-28,10468.37,-1.3341
2004-01-29,10510.29,0.4004
2004-01-30,10488.07,-0.2114
2004-02-02,10499.18,0.1059
2004-02-03,10505.18,0.0571
2004-02-04,10470.74,-0.3278
2004-02-05,10495.55,0.2369
2004-02-06,10593.03,0.9288
2004-02-09,10579.03,-0.1322
2004-02-10,10613.85,0.3291
2004-02-11,10737.7,1.1669
2004-02-12,10694.07,-0.4063
2004-02-13,10627.85,-0.6192
2004-02-17,10714.88,0.8189
2004-02-18,10671.99,-0.4003
2004-02-19,10664.73,-0.068
2004-02-20,10619.03,-0.4285
2004-02-23,10609.62,-0.0886
2004-02-24,10566.37,-0.4076
2004-02-25,10601.62,0.3336
2004-02-26,10580.14,-0.2026
2004-02-27,10583.92,0.0357
2004-03-01,10678.14,0.8902
2004-03-02,10591.48,-0.8116
2004-03-03,10593.11,0.0154
2004-03-04,10588.0,-0.0482
2004-03-05,10595.55,0.0713
2004-03-08,10529.48,-0.6236
2004-03-09,10456.96,-0.6887
2004-03-10,10296.89,-1.5308
2004-03-11,10128.38,-1.6365
2004-03-12,10240.08,1.1028
2004-03-15,10102.89,-1.3397
2004-03-16,10184.67,0.8095
2004-03-17,10300.3,1.1353
2004-03-18,10295.78,-0.0439
2004-03-19,10186.6,-1.0604
2004-03-22,10064.75,-1.1962
2004-03-23,10063.64,-0.011
2004-03-24,10048.23,-0.1531
2004-03-25,10218.82,1.6977
2004-03-26,10212.97,-0.0572
2004-03-29,10329.63,1.1423
2004-03-30,10381.7,0.5041
2004-03-31,10357.7,-0.2312
2004-04-01,10373.33,0.1509
2004-04-02,10470.59,0.9376
2004-04-05,10558.37,0.8383
2004-04-06,10570.81,0.1178
2004-04-07,10480.15,-0.8576
2004-04-08,10442.03,-0.3637
2004-04-12,10515.56,0.7042
2004-04-13,10381.28,-1.277
2004-04-14,10377.95,-0.0321
2004-04-15,10397.46,0.188
2004-04-16,10451.97,0.5243
2004-04-19,10437.85,-0.1351
2004-04-20,10314.5,-1.1818
2004-04-21,10317.27,0.0269
2004-04-22,10461.2,1.395
2004-04-23,10472.84,0.1113
2004-04-26,10444.73,-0.2684
2004-04-27,10478.16,0.3201
2004-04-28,10342.6,-1.2937
2004-04-29,10272.27,-0.68
2004-04-30,10225.57,-0.4546
2004-05-03,10314.0,0.8648
2004-05-04,10317.2,0.031
2004-05-05,10310.95,-0.0606
2004-05-06,10241.26,-0.6759
2004-05-07,10117.34,-1.21
2004-05-10,9990.02,-1.2584
2004-05-11,10019.47,0.2948
2004-05-12,10045.16,0.2564
2004-05-13,10010.74,-0.3427
2004-05-14,10012.87,0.0213
2004-05-17,9906.91,-1.0582
2004-05-18,9968.51,0.6218
2004-05-19,9937.71,-0.309
2004-05-20,9937.64,-0.0007
2004-05-21,9966.74,0.2928
2004-05-24,9958.43,-0.0834
2004-05-25,10117.62,1.5985
2004-05-26,10109.89,-0.0764
2004-05-27,10205.2,0.9427
2004-05-28,10188.45,-0.1641
2004-06-01,10202.65,0.1394
2004-06-02,10262.97,0.5912
2004-06-03,10195.91,-0.6534
2004-06-04,10242.82,0.4601
2004-06-07,10391.08,1.4475
2004-06-08,10432.52,0.3988
2004-06-09,10368.44,-0.6142
2004-06-10,10410.1,0.4018
2004-06-14,10334.73,-0.724
2004-06-15,10380.43,0.4422
2004-06-16,10379.58,-0.0082
2004-06-17,10377.52,-0.0198
2004-06-18,10416.41,0.3748
2004-06-21,10371.47,-0.4314
2004-06-22,10395.07,0.2275
2004-06-23,10479.57,0.8129
2004-06-24,10443.81,-0.3412
2004-06-25,10371.84,-0.6891
2004-06-28,10357.09,-0.1422
2004-06-29,10413.43,0.544
2004-06-30,10435.48,0.2117
2004-07-01,10334.16,-0.9709
2004-07-02,10282.83,-0.4967
2004-07-06,10219.34,-0.6174
2004-07-07,10240.29,0.205
2004-07-08,10171.56,-0.6712
2004-07-09,10213.22,0.4096
2004-07-12,10238.22,0.2448
2004-07-13,10247.59,0.0915
2004-07-14,10208.8,-0.3785
2004-07-15,10163.16,-0.4471
2004-07-16,10139.78,-0.23
2004-07-19,10094.06,-0.4509
2004-07-20,10149.07,0.545
2004-07-21,10046.13,-1.0143
2004-07-22,10050.33,0.0418
2004-07-23,9962.22,-0.8767
2004-07-26,9961.92,-0.003
2004-07-27,10085.14,1.2369
2004-07-28,10117.07,0.3166
2004-07-29,10129.24,0.1203
2004-07-30,10139.71,0.1034
2004-08-02,10179.16,0.3891
2004-08-03,10120.24,-0.5788
2004-08-04,10126.51,0.062
2004-08-05,9963.03,-1.6144
2004-08-06,9815.33,-1.4825
2004-08-09,9814.66,-0.0068
2004-08-10,9944.67,1.3247
2004-08-11,9938.32,-0.0639
2004-08-12,9814.59,-1.245
2004-08-13,9825.35,0.1096
2004-08-16,9954.55,1.315
2004-08-17,9972.83,0.1836
2004-08-18,10083.15,1.1062
2004-08-19,10040.82,-0.4198
2004-08-20,10110.14,0.6904
2004-08-23,10073.05,-0.3669
2004-08-24,10098.63,0.2539
2004-08-25,10181.74,0.823
2004-08-26,10173.41,-0.0818
2004-08-27,10195.01,0.2123
2004-08-30,10122.52,-0.711
2004-08-31,10173.92,0.5078
2004-09-01,10168.46,-0.0537
2004-09-02,10290.28,1.198
2004-09-03,10260.2,-0.2923
2004-09-07,10342.79,0.805
2004-09-08,10313.36,-0.2845
2004-09-09,10289.1,-0.2352
2004-09-10,10313.07,0.233
2004-09-13,10314.76,0.0164
2004-09-14,10318.16,0.033
2004-09-15,10231.36,-0.8412
2004-09-16,10244.49,0.1283
2004-09-17,10284.46,0.3902
2004-09-20,10204.89,-0.7737
2004-09-21,10244.93,0.3924
2004-09-22,10109.18,-1.325
2004-09-23,10038.9,-0.6952
2004-09-24,10047.24,0.0831
2004-09-27,9988.54,-0.5842
2004-09-28,10077.4,0.8896
2004-09-29,10136.24,0.5839
2004-09-30,10080.27,-0.5522
2004-10-01,10192.65,1.1149
2004-10-04,10216.54,0.2344
2004-10-05,10177.68,-0.3804
2004-10-06,10239.92,0.6115
2004-10-07,10125.4,-1.1184
2004-10-08,10055.2,-0.6933
2004-10-11,10081.97,0.2662
2004-10-12,10077.18,-0.0475
2004-10-13,10002.33,-0.7428
2004-10-14,9894.45,-1.0785
2004-10-15,9933.38,0.3935
2004-10-18,9956.32,0.2309
2004-10-19,9897.62,-0.5896
2004-10-20,9886.93,-0.108
2004-10-21,9865.76,-0.2141
2004-10-22,9757.81,-1.0942
2004-10-25,9749.99,-0.0801
2004-10-26,9888.48,1.4204
2004-10-27,10002.03,1.1483
2004-10-28,10004.54,0.0251
2004-10-29,10027.47,0.2292
2004-11-01,10054.39,0.2685
2004-11-02,10035.73,-0.1856
2004-11-03,10137.05,1.0096
2004-11-04,10314.76,1.7531
2004-11-05,10387.54,0.7056
2004-11-08,10391.31,0.0363
2004-11-09,10386.37,-0.0475
2004-11-10,10385.48,-0.0086
2004-11-11,10469.84,0.8123
2004-11-12,10539.01,0.6607
2004-11-15,10550.24,0.1066
2004-11-16,10487.65,-0.5933
2004-11-17,10549.57,0.5904
2004-11-18,10572.55,0.2178
2004-11-19,10456.91,-1.0938
2004-11-22,10489.42,0.3109
2004-11-23,10492.6,0.0303
2004-11-24,10520.31,0.2641
2004-11-26,10522.23,0.0183
2004-11-29,10475.9,-0.4403
2004-11-30,10428.02,-0.457
2004-12-01,10590.22,1.5554
2004-12-02,10585.12,-0.0482
2004-12-03,10592.21,0.067
2004-12-06,10547.06,-0.4263
2004-12-07,10440.58,-1.0096
2004-12-08,10494.23,0.5139
2004-12-09,10552.82,0.5583
2004-12-10,10543.22,-0.091
2004-12-13,10638.32,0.902
2004-12-14,10676.45,0.3584
2004-12-15,10691.45,0.1405
2004-12-16,10705.64,0.1327
2004-12-17,10649.92,-0.5205
2004-12-20,10661.6,0.1097
2004-12-21,10759.43,0.9176
2004-12-22,10815.89,0.5247
2004-12-23,10827.12,0.1038
2004-12-27,10776.13,-0.4709
2004-12-28,10854.54,0.7276
2004-12-29,10829.19,-0.2335
2004-12-30,10800.3,-0.2668
2004-12-31,10783.01,-0.1601
2005-01-03,10729.43,-0.4969
2005-01-04,10630.78,-0.9194
2005-01-05,10597.83,-0.3099
2005-01-06,10622.88,0.2364
2005-01-07,10603.96,-0.1781
2005-01-10,10621.03,0.161
2005-01-11,10556.22,-0.6102
2005-01-12,10617.78,0.5832
2005-01-13,10505.83,-1.0544
2005-01-14,10558.0,0.4966
2005-01-18,10628.79,0.6705
2005-01-19,10539.97,-0.8357
2005-01-20,10471.47,-0.6499
2005-01-21,10392.99,-0.7495
2005-01-24,10368.61,-0.2346
2005-01-25,10461.56,0.8965
2005-01-26,10498.59,0.354
2005-01-27,10467.4,-0.2971
2005-01-28,10427.2,-0.384
2005-01-31,10489.94,0.6017
2005-02-01,10551.94,0.591
2005-02-02,10596.79,0.425
2005-02-03,10593.1,-0.0348
2005-02-04,10716.13,1.1614
2005-02-07,10715.76,-0.0035
2005-02-08,10724.63,0.0828
2005-02-09,10664.11,-0.5643
2005-02-10,10749.61,0.8018
2005-02-11,10796.01,0.4316
2005-02-14,10791.13,-0.0452
2005-02-15,10837.32,0.428
2005-02-16,10834.88,-0.0225
2005-02-17,10754.26,-0.7441
2005-02-18,10785.22,0.2879
2005-02-22,10611.2,-1.6135
2005-02-23,10673.79,0.5898
2005-02-24,10748.79,0.7027
2005-02-25,10841.6,0.8634
2005-02-28,10766.23,-0.6952
2005-03-01,10830.0,0.5923
2005-03-02,10811.97,-0.1665
2005-03-03,10833.03,0.1948
2005-03-04,10940.55,0.9925
2005-03-07,10936.86,-0.0337
2005-03-08,10912.62,-0.2216
2005-03-09,10805.62,-0.9805
2005-03-10,10851.51,0.4247
2005-03-11,10774.36,-0.711
2005-03-14,10804.51,0.2798
2005-03-15,10745.1,-0.5499
2005-03-16,10633.07,-1.0426
2005-03-17,10626.35,-0.0632
2005-03-18,10629.67,0.0312
2005-03-21,10565.39,-0.6047
2005-03-22,10470.51,-0.898
2005-03-23,10456.02,-0.1384
2005-03-24,10442.87,-0.1258
2005-03-28,10485.65,0.4097
2005-03-29,10405.7,-0.7625
2005-03-30,10540.93,1.2996
2005-03-31,10503.76,-0.3526
2005-04-01,10404.3,-0.9469
2005-04-04,10421.14,0.1619
2005-04-05,10458.46,0.3581
2005-04-06,10486.02,0.2635
2005-04-07,10546.32,0.5751
2005-04-08,10461.34,-0.8058
2005-04-11,10448.56,-0.1222
2005-04-12,10507.97,0.5686
2005-04-13,10403.93,-0.9901
2005-04-14,10278.75,-1.2032
2005-04-15,10087.51,-1.8605
2005-04-18,10071.25,-0.1612
2005-04-19,10127.41,0.5576
2005-04-20,10012.36,-1.136
2005-04-21,10218.6,2.0599
2005-04-22,10157.71,-0.5959
2005-04-25,10242.47,0.8344
2005-04-26,10151.13,-0.8918
2005-04-27,10198.8,0.4696
2005-04-28,10070.37,-1.2593
2005-04-29,10192.51,1.2129
2005-05-02,10251.7,0.5807
2005-05-03,10256.95,0.0512
2005-05-04,10384.64,1.2449
2005-05-05,10340.38,-0.4262
2005-05-06,10345.4,0.0485
2005-05-09,10384.34,0.3764
2005-05-10,10281.11,-0.9941
2005-05-11,10300.25,0.1862
2005-05-12,10189.48,-1.0754
2005-05-13,10140.12,-0.4844
2005-05-16,10252.29,1.1062
2005-05-17,10331.88,0.7763
2005-05-18,10464.45,1.2831
2005-05-19,10493.19,0.2746
2005-05-20,10471.91,-0.2028
2005-05-23,10523.56,0.4932
2005-05-24,10503.68,-0.1889
2005-05-25,10457.8,-0.4368
2005-05-26,10537.6,0.7631
2005-05-27,10542.55,0.047
2005-05-31,10467.48,-0.7121
2005-06-01,10549.87,0.7871
2005-06-02,10553.49,0.0343
2005-06-03,10460.97,-0.8767
2005-06-06,10467.03,0.0579
2005-06-07,10483.07,0.1532
2005-06-08,10476.86,-0.0592
2005-06-09,10503.02,0.2497
2005-06-10,10512.63,0.0915
2005-06-13,10522.56,0.0945
2005-06-14,10547.57,0.2377
2005-06-15,10566.37,0.1782
2005-06-16,10578.65,0.1162
2005-06-17,10623.07,0.4199
2005-06-20,10609.11,-0.1314
2005-06-21,10599.67,-0.089
2005-06-22,10587.93,-0.1108
2005-06-23,10421.44,-1.5725
2005-06-24,10297.84,-1.186
2005-06-27,10290.78,-0.0686
2005-06-28,10405.63,1.116
2005-06-29,10374.48,-0.2994
2005-06-30,10274.97,-0.9592
2005-07-01,10303.44,0.2771
2005-07-05,10371.8,0.6635
2005-07-06,10270.68,-0.975
2005-07-07,10302.29,0.3078
2005-07-08,10449.14,1.4254
2005-07-11,10519.72,0.6755
2005-07-12,10513.89,-0.0554
2005-07-13,10557.39,0.4137
2005-07-14,10628.89,0.6773
2005-07-15,10640.83,0.1123
2005-07-18,10574.99,-0.6187
2005-07-19,10646.56,0.6768
2005-07-20,10689.15,0.4
2005-07-21,10627.77,-0.5742
2005-07-22,10651.18,0.2203
2005-07-25,10596.48,-0.5136
2005-07-26,10579.77,-0.1577
2005-07-27,10637.09,0.5418
2005-07-28,10705.55,0.6436
2005-07-29,10640.91,-0.6038
2005-08-01,10623.15,-0.1669
2005-08-02,10683.74,0.5704
2005-08-03,10697.59,0.1296
2005-08-04,10610.1,-0.8178
2005-08-05,10558.03,-0.4908
2005-08-08,10536.93,-0.1998
2005-08-09,10615.67,0.7473
2005-08-10,10594.41,-0.2003
2005-08-11,10685.89,0.8635
2005-08-12,10600.31,-0.8009
2005-08-15,10634.38,0.3214
2005-08-16,10513.45,-1.1372
2005-08-17,10550.71,0.3544
2005-08-18,10554.93,0.04
2005-08-19,10559.23,0.0407
2005-08-22,10569.89,0.101
2005-08-23,10519.58,-0.476
2005-08-24,10434.87,-0.8053
2005-08-25,10450.63,0.151
2005-08-26,10397.29,-0.5104
2005-08-29,10463.05,0.6325
2005-08-30,10412.82,-0.4801
2005-08-31,10481.6,0.6605
2005-09-01,10459.63,-0.2096
2005-09-02,10447.37,-0.1172
2005-09-06,10589.24,1.3579
2005-09-07,10633.5,0.418
2005-09-08,10595.93,-0.3533
2005-09-09,10678.56,0.7798
2005-09-12,10682.94,0.041
2005-09-13,10597.44,-0.8003
2005-09-14,10544.9,-0.4958
2005-09-15,10558.75,0.1313
2005-09-16,10641.94,0.7879
2005-09-19,10557.63,-0.7922
2005-09-20,10481.52,-0.7209
2005-09-21,10378.03,-0.9874
2005-09-22,10422.05,0.4242
2005-09-23,10419.59,-0.0236
2005-09-26,10443.63,0.2307
2005-09-27,10456.21,0.1205
2005-09-28,10473.09,0.1614
2005-09-29,10552.78,0.7609
2005-09-30,10568.7,0.1509
2005-10-03,10535.48,-0.3143
2005-10-04,10441.11,-0.8957
2005-10-05,10317.36,-1.1852
2005-10-06,10287.1,-0.2933
2005-10-07,10292.31,0.0506
2005-10-10,10238.76,-0.5203
2005-10-11,10253.17,0.1407
2005-10-12,10216.91,-0.3536
2005-10-13,10216.59,-0.0031
2005-10-14,10287.34,0.6925
2005-10-17,10348.1,0.5906
2005-10-18,10285.26,-0.6073
2005-10-19,10414.13,1.253
2005-10-20,10281.1,-1.2774
2005-10-21,10215.22,-0.6408
2005-10-24,10385.0,1.662
2005-10-25,10377.87,-0.0687
2005-10-26,10344.98,-0.3169
2005-10-27,10229.95,-1.1119
2005-10-28,10402.77,1.6894
2005-10-31,10440.07,0.3586
2005-11-01,10406.77,-0.319
2005-11-02,10472.73,0.6338
2005-11-03,10522.59,0.4761
2005-11-04,10530.76,0.0776
2005-11-07,10586.23,0.5267
2005-11-08,10539.72,-0.4393
2005-11-09,10546.21,0.0616
2005-11-10,10640.1,0.8903
2005-11-11,10686.04,0.4318
2005-11-14,10697.17,0.1042
2005-11-15,10686.44,-0.1003
2005-11-16,10674.76,-0.1093
2005-11-17,10720.22,0.4259
2005-11-18,10766.33,0.4301
2005-11-21,10820.28,0.5011
2005-11-22,10871.43,0.4727
2005-11-23,10916.09,0.4108
2005-11-25,10931.62,0.1423
2005-11-28,10890.72,-0.3741
2005-11-29,10888.16,-0.0235
2005-11-30,10805.87,-0.7558
2005-12-01,10912.57,0.9874
2005-12-02,10877.51,-0.3213
2005-12-05,10835.01,-0.3907
2005-12-06,10856.86,0.2017
2005-12-07,10810.91,-0.4232
2005-12-08,10755.12,-0.5161
2005-12-09,10778.58,0.2181
2005-12-12,10767.77,-0.1003
2005-12-13,10823.72,0.5196
2005-12-14,10883.51,0.5524
2005-12-15,10881.67,-0.0169
2005-12-16,10875.59,-0.0559
2005-12-19,10836.53,-0.3592
2005-12-20,10805.55,-0.2859
2005-12-21,10833.73,0.2608
2005-12-22,10889.44,0.5142
2005-12-23,10883.27,-0.0567
2005-12-27,10777.77,-0.9694
2005-12-28,10796.26,0.1716
2005-12-29,10784.82,-0.106
2005-12-30,10717.5,-0.6242
2006-01-03,10847.41,1.2121
2006-01-04,10880.15,0.3018
2006-01-05,10882.15,0.0184
2006-01-06,10959.31,0.7091
2006-01-09,11011.9,0.4799
2006-01-10,11011.58,-0.0029
2006-01-11,11043.44,0.2893
2006-01-12,10962.36,-0.7342
2006-01-13,10959.87,-0.0227
2006-01-17,10896.32,-0.5798
2006-01-18,10854.86,-0.3805
2006-01-19,10880.71,0.2381
2006-01-20,10667.39,-1.9605
2006-01-23,10688.77,0.2004
2006-01-24,10712.22,0.2194
2006-01-25,10709.74,-0.0232
2006-01-26,10809.47,0.9312
2006-01-27,10907.21,0.9042
2006-01-30,10899.92,-0.0668
2006-01-31,10864.86,-0.3217
2006-02-01,10953.95,0.82
2006-02-02,10851.98,-0.9309
2006-02-03,10793.62,-0.5378
2006-02-06,10798.27,0.0431
2006-02-07,10749.76,-0.4492
2006-02-08,10858.62,1.0127
2006-02-09,10883.35,0.2277
2006-02-10,10919.05,0.328
2006-02-13,10892.32,-0.2448
2006-02-14,11028.39,1.2492
2006-02-15,11058.97,0.2773
2006-02-16,11120.68,0.558
2006-02-17,11115.32,-0.0482
2006-02-21,11069.06,-0.4162
2006-02-22,11137.17,0.6153
2006-02-23,11069.22,-0.6101
2006-02-24,11061.85,-0.0666
2006-02-27,11097.55,0.3227
2006-02-28,10993.41,-0.9384
2006-03-01,11053.53,0.5469
2006-03-02,11025.51,-0.2535
2006-03-03,11021.59,-0.0356
2006-03-06,10958.59,-0.5716
2006-03-07,10980.69,0.2017
2006-03-08,11005.74,0.2281
2006-03-09,10972.28,-0.304
2006-03-10,11076.34,0.9484
2006-03-13,11076.02,-0.0029
2006-03-14,11151.34,0.68
2006-03-15,11209.77,0.524
2006-03-16,11253.24,0.3878
2006-03-17,11279.65,0.2347
2006-03-20,11274.53,-0.0454
2006-03-21,11235.47,-0.3464
2006-03-22,11317.43,0.7295
2006-03-23,11270.29,-0.4165
2006-03-24,11279.97,0.0859
2006-03-27,11250.11,-0.2647
2006-03-28,11154.54,-0.8495
2006-03-29,11215.7,0.5483
2006-03-30,11150.7,-0.5795
2006-03-31,11109.32,-0.3711
2006-04-03,11144.94,0.3206
2006-04-04,11203.85,0.5286
2006-04-05,11239.55,0.3186
2006-04-06,11216.5,-0.2051
2006-04-07,11120.04,-0.86
2006-04-10,11141.33,0.1915
2006-04-11,11089.63,-0.464
2006-04-12,11129.97,0.3638
2006-04-13,11137.65,0.069
2006-04-17,11073.78,-0.5735
2006-04-18,11268.77,1.7608
2006-04-19,11278.77,0.0887
2006-04-20,11342.89,0.5685
2006-04-21,11347.45,0.0402
2006-04-24,11336.32,-0.0981
2006-04-25,11283.25,-0.4681
2006-04-26,11354.49,0.6314
2006-04-27,11382.51,0.2468
2006-04-28,11367.14,-0.135
2006-05-01,11343.29,-0.2098
2006-05-02,11416.45,0.645
2006-05-03,11400.28,-0.1416
2006-05-04,11438.86,0.3384
2006-05-05,11577.74,1.2141
2006-05-08,11584.54,0.0587
2006-05-09,11639.77,0.4768
2006-05-10,11642.65,0.0247
2006-05-11,11500.73,-1.219
2006-05-12,11380.99,-1.0412
2006-05-15,11428.77,0.4198
2006-05-16,11419.89,-0.0777
2006-05-17,11205.61,-1.8764
2006-05-18,11128.29,-0.69
2006-05-19,11144.06,0.1417
2006-05-22,11125.33,-0.1681
2006-05-23,11098.35,-0.2425
2006-05-24,11117.32,0.1709
2006-05-25,11211.05,0.8431
2006-05-26,11278.61,0.6026
2006-05-30,11094.43,-1.633
2006-05-31,11168.31,0.6659
2006-06-01,11260.28,0.8235
2006-06-02,11247.87,-0.1102
2006-06-05,11048.72,-1.7706
2006-06-06,11002.14,-0.4216
2006-06-07,10930.9,-0.6475
2006-06-08,10938.82,0.0725
2006-06-09,10891.92,-0.4287
2006-06-12,10792.58,-0.9121
2006-06-13,10706.14,-0.8009
2006-06-14,10816.92,1.0347
2006-06-15,11015.19,1.833
2006-06-16,11014.55,-0.0058
2006-06-19,10942.11,-0.6577
2006-06-20,10974.84,0.2991
2006-06-21,11079.46,0.9533
2006-06-22,11019.11,-0.5447
2006-06-23,10989.09,-0.2724
2006-06-26,11045.28,0.5113
2006-06-27,10924.74,-1.0913
2006-06-28,10973.56,0.4469
2006-06-29,11190.8,1.9797
2006-06-30,11150.22,-0.3626
2006-07-03,11228.02,0.6977
2006-07-05,11151.82,-0.6787
2006-07-06,11225.3,0.6589
2006-07-07,11090.67,-1.1993
2006-07-10,11103.55,0.1161
2006-07-11,11134.77,0.2812
2006-07-12,11013.18,-1.092
2006-07-13,10846.29,-1.5154
2006-07-14,10739.35,-0.986
2006-07-17,10747.36,0.0746
2006-07-18,10799.23,0.4826
2006-07-19,11011.42,1.9649
2006-07-20,10928.1,-0.7567
2006-07-21,10868.38,-0.5465
2006-07-24,11051.05,1.6807
2006-07-25,11103.71,0.4765
2006-07-26,11102.51,-0.0108
2006-07-27,11100.43,-0.0187
2006-07-28,11219.7,1.0745
2006-07-31,11185.68,-0.3032
2006-08-01,11125.73,-0.536
2006-08-02,11199.93,0.6669
2006-08-03,11242.59,0.3809
2006-08-04,11240.35,-0.0199
2006-08-07,11219.38,-0.1866
2006-08-08,11173.59,-0.4081
2006-08-09,11076.18,-0.8718
2006-08-10,11124.37,0.4351
2006-08-11,11088.03,-0.3267
2006-08-14,11097.87,0.0887
2006-08-15,11230.26,1.1929
2006-08-16,11327.12,0.8625
2006-08-17,11334.96,0.0692
2006-08-18,11381.47,0.4103
2006-08-21,11345.05,-0.32
2006-08-22,11339.84,-0.0459
2006-08-23,11297.9,-0.3698
2006-08-24,11304.46,0.0581
2006-08-25,11284.05,-0.1805
2006-08-28,11352.01,0.6023
2006-08-29,11369.94,0.1579
2006-08-30,11382.91,0.1141
2006-08-31,11381.15,-0.0155
2006-09-01,11464.15,0.7293
2006-09-05,11469.28,0.0447
2006-09-06,11406.2,-0.55
2006-09-07,11331.44,-0.6554
2006-09-08,11392.11,0.5354
2006-09-11,11396.84,0.0415
2006-09-12,11498.09,0.8884
2006-09-13,11543.32,0.3934
2006-09-14,11527.39,-0.138
2006-09-15,11560.77,0.2896
2006-09-18,11555.0,-0.0499
2006-09-19,11540.91,-0.1219
2006-09-20,11613.19,0.6263
2006-09-21,11533.23,-0.6885
2006-09-22,11508.1,-0.2179
2006-09-25,11575.81,0.5884
2006-09-26,11669.39,0.8084
2006-09-27,11689.24,0.1701
2006-09-28,11718.45,0.2499
2006-09-29,11679.07,-0.3361
2006-10-02,11670.35,-0.0747
2006-10-03,11727.34,0.4883
2006-10-04,11850.61,1.0511
2006-10-05,11866.69,0.1357
2006-10-06,11850.21,-0.1389
2006-10-09,11857.81,0.0641
2006-10-10,11867.17,0.0789
2006-10-11,11852.13,-0.1267
2006-10-12,11947.7,0.8064
2006-10-13,11960.51,0.1072
2006-10-16,11980.6,0.168
2006-10-17,11950.02,-0.2552
2006-10-18,11992.68,0.357
2006-10-19,12011.73,0.1588
2006-10-20,12002.37,-0.0779
2006-10-23,12116.91,0.9543
2006-10-24,12127.88,0.0905
2006-10-25,12134.68,0.0561
2006-10-26,12163.66,0.2388
2006-10-27,12090.26,-0.6034
2006-10-30,12086.5,-0.0311
2006-10-31,12080.73,-0.0477
2006-11-01,12031.02,-0.4115
2006-11-02,12018.54,-0.1037
2006-11-03,11986.04,-0.2704
2006-11-06,12105.55,0.9971
2006-11-07,12156.77,0.4231
2006-11-08,12176.54,0.1626
2006-11-09,12103.3,-0.6015
2006-11-10,12108.43,0.0424
2006-11-13,12131.88,0.1937
2006-11-14,12218.01,0.7099
2006-11-15,12251.71,0.2758
2006-11-16,12305.82,0.4417
2006-11-17,12342.56,0.2986
2006-11-20,12316.54,-0.2108
2006-11-21,12321.59,0.041
2006-11-22,12326.95,0.0435
2006-11-24,12280.17,-0.3795
2006-11-27,12121.71,-1.2904
2006-11-28,12136.45,0.1216
2006-11-29,12226.73,0.7439
2006-11-30,12221.93,-0.0393
2006-12-01,12194.13,-0.2275
2006-12-04,12283.85,0.7358
2006-12-05,12331.6,0.3887
2006-12-06,12309.25,-0.1812
2006-12-07,12278.41,-0.2505
2006-12-08,12307.49,0.2368
2006-12-11,12328.48,0.1705
2006-12-12,12315.58,-0.1046
2006-12-13,12317.5,0.0156
2006-12-14,12416.76,0.8058
2006-12-15,12445.52,0.2316
2006-12-18,12441.27,-0.0341
2006-12-19,12471.32,0.2415
2006-12-20,12463.87,-0.0597
2006-12-21,12421.25,-0.3419
2006-12-22,12343.22,-0.6282
2006-12-26,12407.63,0.5218
2006-12-27,12510.57,0.8297
2006-12-28,12501.52,-0.0723
2006-12-29,12463.15,-0.3069
2007-01-03,12474.52,0.0912
2007-01-04,12480.69,0.0495
2007-01-05,12398.01,-0.6625
2007-01-08,12423.49,0.2055
2007-01-09,12416.6,-0.0555
2007-01-10,12442.16,0.2059
2007-01-11,12514.98,0.5853
2007-01-12,12556.08,0.3284
2007-01-16,12582.59,0.2111
2007-01-17,12577.15,-0.0432
2007-01-18,12567.93,-0.0733
2007-01-19,12565.53,-0.0191
2007-01-22,12477.16,-0.7033
2007-01-23,12533.8,0.4539
2007-01-24,12621.77,0.7019
2007-01-25,12502.56,-0.9445
2007-01-26,12487.02,-0.1243
2007-01-29,12490.78,0.0301
2007-01-30,12523.31,0.2604
2007-01-31,12621.69,0.7856
2007-02-01,12673.68,0.4119
2007-02-02,12653.49,-0.1593
2007-02-05,12661.74,0.0652
2007-02-06,12666.31,0.0361
2007-02-07,12666.87,0.0044
2007-02-08,12637.63,-0.2308
2007-02-09,12580.83,-0.4495
2007-02-12,12552.55,-0.2248
2007-02-13,12654.85,0.815
2007-02-14,12741.86,0.6876
2007-02-15,12765.01,0.1817
2007-02-16,12767.57,0.0201
2007-02-20,12786.64,0.1494
2007-02-21,12738.41,-0.3772
2007-02-22,12686.02,-0.4113
2007-02-23,12647.48,-0.3038
2007-02-26,12632.26,-0.1203
2007-02-27,12216.24,-3.2933
2007-02-28,12268.63,0.4289
2007-03-01,12234.34,-0.2795
2007-03-02,12114.1,-0.9828
2007-03-05,12050.41,-0.5258
2007-03-06,12207.59,1.3044
2007-03-07,12192.45,-0.124
2007-03-08,12260.7,0.5598
2007-03-09,12276.32,0.1274
2007-03-12,12318.62,0.3446
2007-03-13,12075.96,-1.9699
2007-03-14,12133.4,0.4757
2007-03-15,12159.68,0.2166
2007-03-16,12110.41,-0.4052
2007-03-19,12226.17,0.9559
2007-03-20,12288.1,0.5065
2007-03-21,12447.52,1.2974
2007-03-22,12461.14,0.1094
2007-03-23,12481.01,0.1595
2007-03-26,12469.07,-0.0957
2007-03-27,12397.29,-0.5757
2007-03-28,12300.36,-0.7819
2007-03-29,12348.75,0.3934
2007-03-30,12354.35,0.0453
2007-04-02,12382.3,0.2262
2007-04-03,12510.3,1.0337
2007-04-04,12530.05,0.1579
2007-04-05,12560.2,0.2406
2007-04-09,12569.14,0.0712
2007-04-10,12573.85,0.0375
2007-04-11,12484.62,-0.7096
2007-04-12,12552.96,0.5474
2007-04-13,12612.13,0.4714
2007-04-16,12720.46,0.8589
2007-04-17,12773.04,0.4133
2007-04-18,12803.84,0.2411
2007-04-19,12808.63,0.0374
2007-04-20,12961.98,1.1972
2007-04-23,12919.4,-0.3285
2007-04-24,12953.94,0.2673
2007-04-25,13089.89,1.0495
2007-04-26,13105.5,0.1193
2007-04-27,13120.94,0.1178
2007-04-30,13062.91,-0.4423
2007-05-01,13136.14,0.5606
2007-05-02,13211.88,0.5766
2007-05-03,13241.38,0.2233
2007-05-04,13264.62,0.1755
2007-05-07,13312.97,0.3645
2007-05-08,13309.07,-0.0293
2007-05-09,13362.87,0.4042
2007-05-10,13215.13,-1.1056
2007-05-11,13326.22,0.8406
2007-05-14,13346.78,0.1543
2007-05-15,13383.84,0.2777
2007-05-16,13487.53,0.7747
2007-05-17,13476.72,-0.0801
2007-05-18,13556.53,0.5922
2007-05-21,13542.88,-0.1007
2007-05-22,13539.95,-0.0216
2007-05-23,13525.65,-0.1056
2007-05-24,13441.13,-0.6249
2007-05-25,13507.28,0.4921
2007-05-29,13521.34,0.1041
2007-05-30,13633.08,0.8264
2007-05-31,13627.64,-0.0399
2007-06-01,13668.11,0.297
2007-06-04,13676.32,0.0601
2007-06-05,13595.46,-0.5912
2007-06-06,13465.67,-0.9547
2007-06-07,13266.73,-1.4774
2007-06-08,13424.39,1.1884
2007-06-11,13424.96,0.0042
2007-06-12,13295.01,-0.968
2007-06-13,13482.35,1.4091
2007-06-14,13553.73,0.5294
2007-06-15,13639.48,0.6327
2007-06-18,13612.98,-0.1943
2007-06-19,13635.42,0.1648
2007-06-20,13489.42,-1.0707
2007-06-21,13545.84,0.4183
2007-06-22,13360.26,-1.37
2007-06-25,13352.05,-0.0615
2007-06-26,13337.66,-0.1078
2007-06-27,13427.73,0.6753
2007-06-28,13422.28,-0.0406
2007-06-29,13408.62,-0.1018
2007-07-02,13535.43,0.9457
2007-07-03,13577.3,0.3093
2007-07-05,13565.84,-0.0844
2007-07-06,13611.68,0.3379
2007-07-09,13649.97,0.2813
2007-07-10,13501.7,-1.0862
2007-07-11,13577.87,0.5642
2007-07-12,13861.73,2.0906
2007-07-13,13907.25,0.3284
2007-07-16,13950.98,0.3144
2007-07-17,13971.55,0.1474
2007-07-18,13918.22,-0.3817
2007-07-19,14000.41,0.5905
2007-07-20,13851.08,-1.0666
2007-07-23,13943.42,0.6667
2007-07-24,13716.95,-1.6242
2007-07-25,13785.07,0.4966
2007-07-26,13473.57,-2.2597
2007-07-27,13265.47,-1.5445
2007-07-30,13358.31,0.6999
2007-07-31,13211.99,-1.0953
2007-08-01,13362.37,1.1382
2007-08-02,13463.33,0.7556
2007-08-03,13181.91,-2.0903
2007-08-06,13468.78,2.1762
2007-08-07,13504.3,0.2637
2007-08-08,13657.86,1.1371
2007-08-09,13270.68,-2.8349
2007-08-10,13239.54,-0.2347
2007-08-13,13236.53,-0.0227
2007-08-14,13028.92,-1.5685
2007-08-15,12861.47,-1.2852
2007-08-16,12845.78,-0.122
2007-08-17,13079.08,1.8162
2007-08-20,13121.35,0.3232
2007-08-21,13090.86,-0.2324
2007-08-22,13236.13,1.1097
2007-08-23,13235.88,-0.0019
2007-08-24,13378.87,1.0803
2007-08-27,13322.13,-0.4241
2007-08-28,13041.85,-2.1039
2007-08-29,13289.29,1.8973
2007-08-30,13238.73,-0.3805
2007-08-31,13357.74,0.899
2007-09-04,13448.86,0.6822
2007-09-05,13305.47,-1.0662
2007-09-06,13363.35,0.435
2007-09-07,13113.38,-1.8706
2007-09-10,13127.85,0.1103
2007-09-11,13308.39,1.3752
2007-09-12,13291.65,-0.1258
2007-09-13,13424.88,1.0024
2007-09-14,13442.52,0.1314
2007-09-17,13403.42,-0.2909
2007-09-18,13739.39,2.5066
2007-09-19,13815.56,0.5544
2007-09-20,13766.7,-0.3537
2007-09-21,13820.19,0.3885
2007-09-24,13759.06,-0.4423
2007-09-25,13778.65,0.1424
2007-09-26,13878.15,0.7221
2007-09-27,13912.94,0.2507
2007-09-28,13895.63,-0.1244
2007-10-01,14087.55,1.3812
2007-10-02,14047.31,-0.2856
2007-10-03,13968.05,-0.5642
2007-10-04,13974.31,0.0448
2007-10-05,14066.01,0.6562
2007-10-08,14043.73,-0.1584
2007-10-09,14164.53,0.8602
2007-10-10,14078.69,-0.606
2007-10-11,14015.12,-0.4515
2007-10-12,14093.08,0.5563
2007-10-15,13984.8,-0.7683
2007-10-16,13912.94,-0.5138
2007-10-17,13892.54,-0.1466
2007-10-18,13888.96,-0.0258
2007-10-19,13522.02,-2.642
2007-10-22,13566.97,0.3324
2007-10-23,13676.23,0.8053
2007-10-24,13675.25,-0.0072
2007-10-25,13671.92,-0.0244
2007-10-26,13806.7,0.9858
2007-10-29,13870.26,0.4604
2007-10-30,13792.47,-0.5608
2007-10-31,13930.01,0.9972
2007-11-01,13567.87,-2.5997
2007-11-02,13595.1,0.2007
2007-11-05,13543.4,-0.3803
2007-11-06,13660.94,0.8679
2007-11-07,13300.02,-2.642
2007-11-08,13266.29,-0.2536
2007-11-09,13042.74,-1.6851
2007-11-12,12987.55,-0.4231
2007-11-13,13307.09,2.4604
2007-11-14,13231.01,-0.5717
2007-11-15,13110.05,-0.9142
2007-11-16,13176.79,0.5091
2007-11-19,12958.44,-1.6571
2007-11-20,13010.14,0.399
2007-11-21,12799.04,-1.6226
2007-11-23,12980.88,1.4207
2007-11-26,12743.44,-1.8292
2007-11-27,12958.44,1.6871
2007-11-28,13289.45,2.5544
2007-11-29,13311.73,0.1677
2007-11-30,13371.72,0.4507
2007-12-03,13314.57,-0.4274
2007-12-04,13248.73,-0.4945
2007-12-05,13444.96,1.4811
2007-12-06,13619.89,1.3011
2007-12-07,13625.58,0.0418
2007-12-10,13727.03,0.7446
2007-12-11,13432.77,-2.1437
2007-12-12,13473.9,0.3062
2007-12-13,13517.96,0.327
2007-12-14,13339.85,-1.3176
2007-12-17,13167.2,-1.2942
2007-12-18,13232.47,0.4957
2007-12-19,13207.27,-0.1904
2007-12-20,13245.64,0.2905
2007-12-21,13450.65,1.5478
2007-12-24,13550.04,0.7389
2007-12-26,13551.69,0.0122
2007-12-27,13359.61,-1.4174
2007-12-28,13365.87,0.0469
2007-12-31,13264.82,-0.756
2008-01-02,13043.96,-1.665
2008-01-03,13056.72,0.0978
2008-01-04,12800.18,-1.9648
2008-01-07,12827.49,0.2134
2008-01-08,12589.07,-1.8587
2008-01-09,12735.31,1.1616
2008-01-10,12853.09,0.9248
2008-01-11,12606.3,-1.9201
2008-01-14,12778.15,1.3632
2008-01-15,12501.11,-2.1681
2008-01-16,12466.16,-0.2796
2008-01-17,12159.21,-2.4623
2008-01-18,12099.3,-0.4927
2008-01-22,11971.19,-1.0588
2008-01-23,12270.17,2.4975
2008-01-24,12378.61,0.8838
2008-01-25,12207.17,-1.385
2008-01-28,12383.89,1.4477
2008-01-29,12480.3,0.7785
2008-01-30,12442.83,-0.3002
2008-01-31,12650.36,1.6679
2008-02-01,12743.19,0.7338
2008-02-04,12635.16,-0.8477
2008-02-05,12265.13,-2.9286
2008-02-06,12200.1,-0.5302
2008-02-07,12247.0,0.3844
2008-02-08,12182.13,-0.5297
2008-02-11,12240.01,0.4751
2008-02-12,12373.41,1.0899
2008-02-13,12552.24,1.4453
2008-02-14,12376.98,-1.3962
2008-02-15,12348.21,-0.2324
2008-02-19,12337.22,-0.089
2008-02-20,12427.26,0.7298
2008-02-21,12284.3,-1.1504
2008-02-22,12381.02,0.7873
2008-02-25,12570.22,1.5281
2008-02-26,12684.92,0.9125
2008-02-27,12694.28,0.0738
2008-02-28,12582.18,-0.8831
2008-02-29,12266.39,-2.5098
2008-03-03,12258.9,-0.0611
2008-03-04,12213.8,-0.3679
2008-03-05,12254.99,0.3372
2008-03-06,12040.39,-1.7511
2008-03-07,11893.69,-1.2184
2008-03-10,11740.15,-1.2909
2008-03-11,12156.81,3.549
2008-03-12,12110.24,-0.3831
2008-03-13,12145.74,0.2931
2008-03-14,11951.09,-1.6026
2008-03-17,11972.25,0.1771
2008-03-18,12392.66,3.5115
2008-03-19,12099.66,-2.3643
2008-03-20,12361.32,2.1625
2008-03-24,12548.64,1.5154
2008-03-25,12532.6,-0.1278
2008-03-26,12422.86,-0.8756
2008-03-27,12302.46,-0.9692
2008-03-28,12216.4,-0.6995
2008-03-31,12262.89,0.3806
2008-04-01,12654.36,3.1923
2008-04-02,12608.92,-0.3591
2008-04-03,12626.03,0.1357
2008-04-04,12609.42,-0.1316
2008-04-07,12612.43,0.0239
2008-04-08,12576.44,-0.2854
2008-04-09,12527.26,-0.391
2008-04-10,12581.98,0.4368
2008-04-11,12325.42,-2.0391
2008-04-14,12302.06,-0.1895
2008-04-15,12362.47,0.4911
2008-04-16,12619.27,2.0773
2008-04-17,12620.49,0.0097
2008-04-18,12849.36,1.8135
2008-04-21,12825.02,-0.1894
2008-04-22,12720.23,-0.8171
2008-04-23,12763.22,0.338
2008-04-24,12848.95,0.6717
2008-04-25,12891.86,0.334
2008-04-28,12871.75,-0.156
2008-04-29,12831.94,-0.3093
2008-04-30,12820.13,-0.092
2008-05-01,13010.0,1.481
2008-05-02,13058.2,0.3705
2008-05-05,12969.54,-0.679
2008-05-06,13020.83,0.3955
2008-05-07,12814.35,-1.5858
2008-05-08,12866.78,0.4092
2008-05-09,12745.88,-0.9396
2008-05-12,12876.31,1.0233
2008-05-13,12832.18,-0.3427
2008-05-14,12898.38,0.5159
2008-05-15,12992.66,0.7309
2008-05-16,12986.8,-0.0451
2008-05-19,13028.16,0.3185
2008-05-20,12828.68,-1.5311
2008-05-21,12601.19,-1.7733
2008-05-22,12625.62,0.1939
2008-05-23,12479.63,-1.1563
2008-05-27,12548.35,0.5507
2008-05-28,12594.03,0.364
2008-05-29,12646.22,0.4144
2008-05-30,12638.32,-0.0625
2008-06-02,12503.82,-1.0642
2008-06-03,12402.85,-0.8075
2008-06-04,12390.48,-0.0997
2008-06-05,12604.45,1.7269
2008-06-06,12209.81,-3.131
2008-06-09,12280.32,0.5775
2008-06-10,12289.76,0.0769
2008-06-11,12083.77,-1.6761
2008-06-12,12141.58,0.4784
2008-06-13,12307.35,1.3653
2008-06-16,12269.08,-0.311
2008-06-17,12160.3,-0.8866
2008-06-18,12029.06,-1.0792
2008-06-19,12063.09,0.2829
2008-06-20,11842.69,-1.8271
2008-06-23,11842.36,-0.0028
2008-06-24,11807.43,-0.295
2008-06-25,11811.83,0.0373
2008-06-26,11453.42,-3.0343
2008-06-27,11346.51,-0.9334
2008-06-30,11350.01,0.0308
2008-07-01,11382.26,0.2841
2008-07-02,11215.51,-1.465
2008-07-03,11288.54,0.6512
2008-07-07,11231.96,-0.5012
2008-07-08,11384.21,1.3555
2008-07-09,11147.44,-2.0798
2008-07-10,11229.02,0.7318
2008-07-11,11100.54,-1.1442
2008-07-14,11055.19,-0.4085
2008-07-15,10962.54,-0.8381
2008-07-16,11239.28,2.5244
2008-07-17,11446.66,1.8451
2008-07-18,11496.57,0.436
2008-07-21,11467.34,-0.2542
2008-07-22,11602.5,1.1787
2008-07-23,11632.38,0.2575
2008-07-24,11349.28,-2.4337
2008-07-25,11370.69,0.1886
2008-07-28,11131.08,-2.1073
2008-07-29,11397.56,2.394
2008-07-30,11583.69,1.6331
2008-07-31,11378.02,-1.7755
2008-08-01,11326.32,-0.4544
2008-08-04,11284.15,-0.3723
2008-08-05,11615.77,2.9388
2008-08-06,11656.07,0.3469
2008-08-07,11431.43,-1.9272
2008-08-08,11734.32,2.6496
2008-08-11,11782.35,0.4093
2008-08-12,11642.47,-1.1872
2008-08-13,11532.96,-0.9406
2008-08-14,11615.93,0.7194
2008-08-15,11659.9,0.3785
2008-08-18,11479.39,-1.5481
2008-08-19,11348.55,-1.1398
2008-08-20,11417.43,0.6069
2008-08-21,11430.21,0.1119
2008-08-22,11628.06,1.7309
2008-08-25,11386.25,-2.0795
2008-08-26,11412.87,0.2338
2008-08-27,11502.51,0.7854
2008-08-28,11715.18,1.8489
2008-08-29,11543.96,-1.4615
2008-09-02,11516.92,-0.2342
2008-09-03,11532.88,0.1386
2008-09-04,11188.23,-2.9884
2008-09-05,11220.96,0.2925
2008-09-08,11510.74,2.5825
2008-09-09,11230.73,-2.4326
2008-09-10,11268.92,0.34
2008-09-11,11433.71,1.4623
2008-09-12,11421.99,-0.1025
2008-09-15,10917.51,-4.4167
2008-09-16,11059.02,1.2962
2008-09-17,10609.66,-4.0633
2008-09-18,11019.69,3.8647
2008-09-19,11388.44,3.3463
2008-09-22,11015.69,-3.2731
2008-09-23,10854.17,-1.4663
2008-09-24,10825.17,-0.2672
2008-09-25,11022.06,1.8188
2008-09-26,11143.13,1.0984
2008-09-29,10365.45,-6.979
2008-09-30,10850.66,4.681
2008-10-01,10831.07,-0.1805
2008-10-02,10482.85,-3.215
2008-10-03,10325.38,-1.5022
2008-10-06,9955.5,-3.5822
2008-10-07,9447.11,-5.1066
2008-10-08,9258.1,-2.0007
2008-10-09,8579.19,-7.3331
2008-10-10,8451.19,-1.492
2008-10-13,9387.61,11.0803
2008-10-14,9310.99,-0.8162
2008-10-15,8577.91,-7.8733
2008-10-16,8979.26,4.6789
2008-10-17,8852.22,-1.4148
2008-10-20,9265.43,4.6679
2008-10-21,9033.66,-2.5014
2008-10-22,8519.21,-5.6948
2008-10-23,8691.25,2.0194
2008-10-24,8378.95,-3.5933
2008-10-27,8175.77,-2.4249
2008-10-28,9065.12,10.8779
2008-10-29,8990.96,-0.8181
2008-10-30,9180.69,2.1102
2008-10-31,9325.01,1.572
2008-11-03,9319.83,-0.0555
2008-11-04,9625.28,3.2774
2008-11-05,9139.27,-5.0493
2008-11-06,8695.79,-4.8525
2008-11-07,8943.81,2.8522
2008-11-10,8870.54,-0.8192
2008-11-11,8693.96,-1.9906
2008-11-12,8282.66,-4.7309
2008-11-13,8835.25,6.6716
2008-11-14,8497.31,-3.8249
2008-11-17,8273.58,-2.633
2008-11-18,8424.75,1.8271
2008-11-19,7997.28,-5.074
2008-11-20,7552.29,-5.5643
2008-11-21,8046.42,6.5428
2008-11-24,8443.39,4.9335
2008-11-25,8479.47,0.4273
2008-11-26,8726.61,2.9146
2008-11-28,8829.04,1.1738
2008-12-01,8149.09,-7.7013
2008-12-02,8419.09,3.3133
2008-12-03,8591.69,2.0501
2008-12-04,8376.24,-2.5077
2008-12-05,8635.42,3.0942
2008-12-08,8934.18,3.4597
2008-12-09,8691.33,-2.7182
2008-12-10,8761.42,0.8064
2008-12-11,8565.09,-2.2408
2008-12-12,8629.68,0.7541
2008-12-15,8564.53,-0.755
2008-12-16,8924.14,4.1988
2008-12-17,8824.34,-1.1183
2008-12-18,8604.99,-2.4857
2008-12-19,8579.11,-0.3008
2008-12-22,8519.69,-0.6926
2008-12-23,8419.49,-1.1761
2008-12-24,8468.48,0.5819
2008-12-26,8515.55,0.5558
2008-12-29,8483.93,-0.3713
2008-12-30,8668.39,2.1742
2008-12-31,8776.39,1.2459
2009-01-02,9034.69,2.9431
2009-01-05,8952.89,-0.9054
2009-01-06,9015.1,0.6949
2009-01-07,8769.7,-2.7221
2009-01-08,8742.46,-0.3106
2009-01-09,8599.18,-1.6389
2009-01-12,8473.97,-1.4561
2009-01-13,8448.56,-0.2999
2009-01-14,8200.14,-2.9404
2009-01-15,8212.49,0.1506
2009-01-16,8281.22,0.8369
2009-01-20,7949.09,-4.0106
2009-01-21,8228.1,3.51
2009-01-22,8122.8,-1.2798
2009-01-23,8077.56,-0.557
2009-01-26,8116.03,0.4763
2009-01-27,8174.73,0.7233
2009-01-28,8375.45,2.4554
2009-01-29,8149.01,-2.7036
2009-01-30,8000.86,-1.818
2009-02-02,7936.75,-0.8013
2009-02-03,8078.36,1.7842
2009-02-04,7956.66,-1.5065
2009-02-05,8063.07,1.3374
2009-02-06,8280.59,2.6977
2009-02-09,8270.87,-0.1174
2009-02-10,7888.88,-4.6185
2009-02-11,7939.53,0.642
2009-02-12,7932.76,-0.0853
2009-02-13,7850.41,-1.0381
2009-02-17,7552.6,-3.7936
2009-02-18,7555.63,0.0401
2009-02-19,7465.95,-1.1869
2009-02-20,7365.67,-1.3432
2009-02-23,7114.78,-3.4062
2009-02-24,7350.94,3.3193
2009-02-25,7270.89,-1.089
2009-02-26,7182.08,-1.2214
2009-02-27,7062.93,-1.659
2009-03-02,6763.29,-4.2424
2009-03-03,6726.02,-0.5511
2009-03-04,6875.84,2.2275
2009-03-05,6594.44,-4.0926
2009-03-06,6626.94,0.4928
2009-03-09,6547.05,-1.2055
2009-03-10,6926.49,5.7956
2009-03-11,6930.4,0.0564
2009-03-12,7170.06,3.4581
2009-03-13,7223.98,0.752
2009-03-16,7216.97,-0.097
2009-03-17,7395.7,2.4765
2009-03-18,7486.58,1.2288
2009-03-19,7400.8,-1.1458
2009-03-20,7278.38,-1.6541
2009-03-23,7775.86,6.835
2009-03-24,7659.97,-1.4904
2009-03-25,7749.81,1.1729
2009-03-26,7924.56,2.2549
2009-03-27,7776.18,-1.8724
2009-03-30,7522.02,-3.2684
2009-03-31,7608.92,1.1553
2009-04-01,7761.6,2.0066
2009-04-02,7978.08,2.7891
2009-04-03,8017.59,0.4952
2009-04-06,7975.85,-0.5206
2009-04-07,7789.56,-2.3357
2009-04-08,7837.11,0.6104
2009-04-09,8083.38,3.1424
2009-04-13,8057.81,-0.3163
2009-04-14,7920.18,-1.708
2009-04-15,8029.62,1.3818
2009-04-16,8125.43,1.1932
2009-04-17,8131.33,0.0726
2009-04-20,7841.73,-3.5615
2009-04-21,7969.56,1.6301
2009-04-22,7886.57,-1.0413
2009-04-23,7957.06,0.8938
2009-04-24,8076.29,1.4984
2009-04-27,8025.0,-0.6351
2009-04-28,8016.95,-0.1003
2009-04-29,8185.73,2.1053
2009-04-30,8168.12,-0.2151
2009-05-01,8212.41,0.5422
2009-05-04,8426.74,2.6098
2009-05-05,8410.65,-0.1909
2009-05-06,8512.28,1.2083
2009-05-07,8409.85,-1.2033
2009-05-08,8574.65,1.9596
2009-05-11,8418.77,-1.8179
2009-05-12,8469.11,0.5979
2009-05-13,8284.89,-2.1752
2009-05-14,8331.32,0.5604
2009-05-15,8268.64,-0.7523
2009-05-18,8504.08,2.8474
2009-05-19,8474.85,-0.3437
2009-05-20,8422.04,-0.6231
2009-05-21,8292.13,-1.5425
2009-05-22,8277.32,-0.1786
2009-05-26,8473.49,2.37
2009-05-27,8300.02,-2.0472
2009-05-28,8403.8,1.2504
2009-05-29,8500.33,1.1486
2009-06-01,8721.44,2.6012
2009-06-02,8740.87,0.2228
2009-06-03,8675.24,-0.7508
2009-06-04,8750.24,0.8645
2009-06-05,8763.13,0.1473
2009-06-08,8764.49,0.0155
2009-06-09,8763.06,-0.0163
2009-06-10,8739.02,-0.2743
2009-06-11,8770.92,0.365
2009-06-12,8799.26,0.3231
2009-06-15,8612.13,-2.1267
2009-06-16,8504.67,-1.2478
2009-06-17,8497.18,-0.0881
2009-06-18,8555.6,0.6875
2009-06-19,8539.73,-0.1855
2009-06-22,8339.01,-2.3504
2009-06-23,8322.91,-0.1931
2009-06-24,8299.86,-0.2769
2009-06-25,8472.4,2.0788
2009-06-26,8438.39,-0.4014
2009-06-29,8529.38,1.0783
2009-06-30,8447.0,-0.9658
2009-07-01,8504.06,0.6755
2009-07-02,8280.74,-2.626
2009-07-06,8324.87,0.5329
2009-07-07,8163.6,-1.9372
2009-07-08,8178.41,0.1814
2009-07-09,8183.17,0.0582
2009-07-10,8146.52,-0.4479
2009-07-13,8331.68,2.2729
2009-07-14,8359.49,0.3338
2009-07-15,8616.21,3.071
2009-07-16,8711.82,1.1097
2009-07-17,8743.94,0.3687
2009-07-20,8848.15,1.1918
2009-07-21,8915.94,0.7661
2009-07-22,8881.26,-0.389
2009-07-23,9069.29,2.1172
2009-07-24,9093.24,0.2641
2009-07-27,9108.51,0.1679
2009-07-28,9096.72,-0.1294
2009-07-29,9070.72,-0.2858
2009-07-30,9154.46,0.9232
2009-07-31,9171.61,0.1873
2009-08-03,9286.56,1.2533
2009-08-04,9320.19,0.3621
2009-08-05,9280.97,-0.4208
2009-08-06,9256.26,-0.2662
2009-08-07,9370.07,1.2295
2009-08-10,9337.95,-0.3428
2009-08-11,9241.45,-1.0334
2009-08-12,9361.61,1.3002
2009-08-13,9398.19,0.3907
2009-08-14,9321.4,-0.8171
2009-08-17,9135.34,-1.9961
2009-08-18,9217.94,0.9042
2009-08-19,9279.16,0.6641
2009-08-20,9350.05,0.764
2009-08-21,9505.96,1.6675
2009-08-24,9509.28,0.0349
2009-08-25,9539.29,0.3156
2009-08-26,9543.52,0.0443
2009-08-27,9580.63,0.3889
2009-08-28,9544.2,-0.3802
2009-08-31,9496.28,-0.5021
2009-09-01,9310.6,-1.9553
2009-09-02,9280.67,-0.3215
2009-09-03,9344.61,0.689
2009-09-04,9441.27,1.0344
2009-09-08,9497.34,0.5939
2009-09-09,9547.22,0.5252
2009-09-10,9627.48,0.8407
2009-09-11,9605.41,-0.2292
2009-09-14,9626.8,0.2227
2009-09-15,9683.41,0.588
2009-09-16,9791.71,1.1184
2009-09-17,9783.92,-0.0796
2009-09-18,9820.2,0.3708
2009-09-21,9778.86,-0.421
2009-09-22,9829.87,0.5216
2009-09-23,9748.55,-0.8273
2009-09-24,9707.44,-0.4217
2009-09-25,9665.19,-0.4352
2009-09-28,9789.36,1.2847
2009-09-29,9742.2,-0.4817
2009-09-30,9712.28,-0.3071
2009-10-01,9509.28,-2.0901
2009-10-02,9487.67,-0.2273
2009-10-05,9599.75,1.1813
2009-10-06,9731.25,1.3698
2009-10-07,9725.58,-0.0583
2009-10-08,9786.87,0.6302
2009-10-09,9864.94,0.7977
2009-10-12,9885.8,0.2115
2009-10-13,9871.06,-0.1491
2009-10-14,10015.86,1.4669
2009-10-15,10062.94,0.4701
2009-10-16,9995.91,-0.6661
2009-10-19,10092.19,0.9632
2009-10-20,10041.48,-0.5025
2009-10-21,9949.36,-0.9174
2009-10-22,10081.31,1.3262
2009-10-23,9972.18,-1.0825
2009-10-26,9867.96,-1.0451
2009-10-27,9882.17,0.144
2009-10-28,9762.69,-1.209
2009-10-29,9962.58,2.0475
2009-10-30,9712.73,-2.5079
2009-11-02,9789.44,0.7898
2009-11-03,9771.91,-0.1791
2009-11-04,9802.14,0.3094
2009-11-05,10005.96,2.0793
2009-11-06,10023.42,0.1745
2009-11-09,10226.94,2.0304
2009-11-10,10246.97,0.1959
2009-11-11,10291.26,0.4322
2009-11-12,10197.47,-0.9114
2009-11-13,10270.47,0.7159
2009-11-16,10406.96,1.329
2009-11-17,10437.42,0.2927
2009-11-18,10426.31,-0.1064
2009-11-19,10332.44,-0.9003
2009-11-20,10318.16,-0.1382
2009-11-23,10450.95,1.287
2009-11-24,10433.71,-0.165
2009-11-25,10464.4,0.2941
2009-11-27,10309.92,-1.4762
2009-11-30,10344.84,0.3387
2009-12-01,10471.58,1.2252
2009-12-02,10452.68,-0.1805
2009-12-03,10366.15,-0.8278
2009-12-04,10388.9,0.2195
2009-12-07,10390.11,0.0116
2009-12-08,10285.97,-1.0023
2009-12-09,10337.05,0.4966
2009-12-10,10405.83,0.6654
2009-12-11,10471.5,0.6311
2009-12-14,10501.05,0.2822
2009-12-15,10452.0,-0.4671
2009-12-16,10441.12,-0.1041
2009-12-17,10308.26,-1.2725
2009-12-18,10328.89,0.2001
2009-12-21,10414.14,0.8254
2009-12-22,10464.93,0.4877
2009-12-23,10466.44,0.0144
2009-12-24,10520.09,0.5126
2009-12-28,10547.08,0.2566
2009-12-29,10545.41,-0.0158
2009-12-30,10548.51,0.0294
2009-12-31,10428.05,-1.142
2010-01-04,10583.96,1.4951
2010-01-05,10572.02,-0.1128
2010-01-06,10573.68,0.0157
2010-01-07,10606.86,0.3138
2010-01-08,10618.19,0.1068
2010-01-11,10663.99,0.4313
2010-01-12,10627.26,-0.3444
2010-01-13,10680.77,0.5035
2010-01-14,10710.55,0.2788
2010-01-15,10609.65,-0.9421
2010-01-19,10725.43,1.0913
2010-01-20,10603.15,-1.1401
2010-01-21,10389.88,-2.0114
2010-01-22,10172.98,-2.0876
2010-01-25,10196.86,0.2347
2010-01-26,10194.29,-0.0252
2010-01-27,10236.16,0.4107
2010-01-28,10120.46,-1.1303
2010-01-29,10067.33,-0.525
2010-02-01,10185.53,1.1741
2010-02-02,10296.85,1.0929
2010-02-03,10270.55,-0.2554
2010-02-04,10002.18,-2.613
2010-02-05,10012.23,0.1005
2010-02-08,9908.39,-1.0371
2010-02-09,10058.64,1.5164
2010-02-10,10038.38,-0.2014
2010-02-11,10144.19,1.0541
2010-02-12,10099.14,-0.4441
2010-02-16,10268.81,1.68
2010-02-17,10309.24,0.3937
2010-02-18,10392.9,0.8115
2010-02-19,10402.35,0.0909
2010-02-22,10383.38,-0.1824
2010-02-23,10282.41,-0.9724
2010-02-24,10374.16,0.8923
2010-02-25,10321.03,-0.5121
2010-02-26,10325.26,0.041
2010-03-01,10403.79,0.7606
2010-03-02,10405.98,0.0211
2010-03-03,10396.76,-0.0886
2010-03-04,10444.14,0.4557
2010-03-05,10566.2,1.1687
2010-03-08,10552.52,-0.1295
2010-03-09,10564.38,0.1124
2010-03-10,10567.33,0.0279
2010-03-11,10611.84,0.4212
2010-03-12,10624.69,0.1211
2010-03-15,10642.15,0.1643
2010-03-16,10685.98,0.4119
2010-03-17,10733.67,0.4463
2010-03-18,10779.17,0.4239
2010-03-19,10741.98,-0.345
2010-03-22,10785.89,0.4088
2010-03-23,10888.83,0.9544
2010-03-24,10836.15,-0.4838
2010-03-25,10841.21,0.0467
2010-03-26,10850.36,0.0844
2010-03-29,10895.86,0.4193
2010-03-30,10907.42,0.1061
2010-03-31,10856.63,-0.4656
2010-04-01,10927.07,0.6488
2010-04-05,10973.55,0.4254
2010-04-06,10969.99,-0.0324
2010-04-07,10897.52,-0.6606
2010-04-08,10927.07,0.2712
2010-04-09,10997.35,0.6432
2010-04-12,11005.97,0.0784
2010-04-13,11019.42,0.1222
2010-04-14,11123.11,0.941
2010-04-15,11144.57,0.1929
2010-04-16,11018.66,-1.1298
2010-04-19,11092.05,0.6661
2010-04-20,11117.06,0.2255
2010-04-21,11124.92,0.0707
2010-04-22,11134.29,0.0842
2010-04-23,11204.28,0.6286
2010-04-26,11205.03,0.0067
2010-04-27,10991.99,-1.9013
2010-04-28,11045.27,0.4847
2010-04-29,11167.32,1.105
2010-04-30,11008.61,-1.4212
2010-05-03,11151.83,1.301
2010-05-04,10926.77,-2.0181
2010-05-05,10866.83,-0.5486
2010-05-06,10520.32,-3.1887
2010-05-07,10380.43,-1.3297
2010-05-10,10785.14,3.8988
2010-05-11,10748.26,-0.342
2010-05-12,10896.91,1.383
2010-05-13,10782.95,-1.0458
2010-05-14,10620.16,-1.5097
2010-05-17,10625.83,0.0534
2010-05-18,10510.95,-1.0811
2010-05-19,10444.37,-0.6334
2010-05-20,10068.01,-3.6035
2010-05-21,10193.39,1.2453
2010-05-24,10066.57,-1.2441
2010-05-25,10043.75,-0.2267
2010-05-26,9974.45,-0.69
2010-05-27,10258.99,2.8527
2010-05-28,10136.63,-1.1927
2010-06-01,10024.02,-1.1109
2010-06-02,10249.54,2.2498
2010-06-03,10255.28,0.056
2010-06-04,9931.97,-3.1526
2010-06-07,9816.49,-1.1627
2010-06-08,9939.98,1.258
2010-06-09,9899.25,-0.4098
2010-06-10,10172.53,2.7606
2010-06-11,10211.07,0.3789
2010-06-14,10190.89,-0.1976
2010-06-15,10404.77,2.0987
2010-06-16,10409.46,0.0451
2010-06-17,10434.17,0.2374
2010-06-18,10450.64,0.1578
2010-06-21,10442.41,-0.0788
2010-06-22,10293.52,-1.4258
2010-06-23,10298.44,0.0478
2010-06-24,10152.8,-1.4142
2010-06-25,10143.81,-0.0885
2010-06-28,10138.52,-0.0522
2010-06-29,9870.3,-2.6456
2010-06-30,9774.02,-0.9755
2010-07-01,9732.53,-0.4245
2010-07-02,9686.48,-0.4732
2010-07-06,9743.62,0.5899
2010-07-07,10018.28,2.8189
2010-07-08,10138.99,1.2049
2010-07-09,10198.03,0.5823
2010-07-12,10216.27,0.1789
2010-07-13,10363.02,1.4364
2010-07-14,10366.72,0.0357
2010-07-15,10359.31,-0.0715
2010-07-16,10097.9,-2.5234
2010-07-19,10154.43,0.5598
2010-07-20,10229.96,0.7438
2010-07-21,10120.53,-1.0697
2010-07-22,10322.3,1.9937
2010-07-23,10424.62,0.9913
2010-07-26,10525.43,0.967
2010-07-27,10537.69,0.1165
2010-07-28,10497.88,-0.3778
2010-07-29,10467.16,-0.2926
2010-07-30,10465.94,-0.0117
2010-08-02,10674.38,1.9916
2010-08-03,10636.38,-0.356
2010-08-04,10680.43,0.4141
2010-08-05,10674.98,-0.051
2010-08-06,10653.56,-0.2007
2010-08-09,10698.75,0.4242
2010-08-10,10644.25,-0.5094
2010-08-11,10378.83,-2.4936
2010-08-12,10319.95,-0.5673
2010-08-13,10303.15,-0.1628
2010-08-16,10302.01,-0.0111
2010-08-17,10405.85,1.008
2010-08-18,10415.54,0.0931
2010-08-19,10271.21,-1.3857
2010-08-20,10213.62,-0.5607
2010-08-23,10174.41,-0.3839
2010-08-24,10040.45,-1.3166
2010-08-25,10060.06,0.1953
2010-08-26,9985.81,-0.7381
2010-08-27,10150.65,1.6507
2010-08-30,10009.73,-1.3883
2010-08-31,10014.72,0.0499
2010-09-01,10269.47,2.5438
2010-09-02,10320.1,0.493
2010-09-03,10447.93,1.2387
2010-09-07,10340.69,-1.0264
2010-09-08,10387.01,0.4479
2010-09-09,10415.24,0.2718
2010-09-10,10462.77,0.4564
2010-09-13,10544.13,0.7776
2010-09-14,10526.49,-0.1673
2010-09-15,10572.73,0.4393
2010-09-16,10594.83,0.209
2010-09-17,10607.85,0.1229
2010-09-20,10753.62,1.3742
2010-09-21,10761.03,0.0689
2010-09-22,10739.31,-0.2018
2010-09-23,10662.42,-0.716
2010-09-24,10860.26,1.8555
2010-09-27,10812.04,-0.444
2010-09-28,10858.14,0.4264
2010-09-29,10835.28,-0.2105
2010-09-30,10788.05,-0.4359
2010-10-01,10829.68,0.3859
2010-10-04,10751.27,-0.724
2010-10-05,10944.72,1.7993
2010-10-06,10967.65,0.2095
2010-10-07,10948.58,-0.1739
2010-10-08,11006.48,0.5288
2010-10-11,11010.34,0.0351
2010-10-12,11020.4,0.0914
2010-10-13,11096.08,0.6867
2010-10-14,11094.57,-0.0136
2010-10-15,11062.78,-0.2865
2010-10-18,11143.69,0.7314
2010-10-19,10978.62,-1.4813
2010-10-20,11107.97,1.1782
2010-10-21,11146.57,0.3475
2010-10-22,11132.56,-0.1257
2010-10-25,11164.05,0.2829
2010-10-26,11169.46,0.0485
2010-10-27,11126.28,-0.3866
2010-10-28,11113.95,-0.1108
2010-10-29,11118.49,0.0408
2010-11-01,11124.62,0.0551
2010-11-02,11188.72,0.5762
2010-11-03,11215.13,0.236
2010-11-04,11434.84,1.959
2010-11-05,11444.08,0.0808
2010-11-08,11406.84,-0.3254
2010-11-09,11346.75,-0.5268
2010-11-10,11357.04,0.0907
2010-11-11,11283.1,-0.651
2010-11-12,11192.58,-0.8023
2010-11-15,11201.97,0.0839
2010-11-16,11023.5,-1.5932
2010-11-17,11007.88,-0.1417
2010-11-18,11181.23,1.5748
2010-11-19,11203.55,0.1996
2010-11-22,11178.58,-0.2229
2010-11-23,11036.37,-1.2722
2010-11-24,11187.28,1.3674
2010-11-26,11091.87,-0.8528
2010-11-29,11052.49,-0.355
2010-11-30,11006.02,-0.4204
2010-12-01,11255.78,2.2693
2010-12-02,11362.41,0.9473
2010-12-03,11382.09,0.1732
2010-12-06,11362.19,-0.1748
2010-12-07,11359.16,-0.0267
2010-12-08,11372.48,0.1173
2010-12-09,11370.06,-0.0213
2010-12-10,11410.32,0.3541
2010-12-13,11428.56,0.1599
2010-12-14,11476.54,0.4198
2010-12-15,11457.47,-0.1662
2010-12-16,11499.25,0.3647
2010-12-17,11491.91,-0.0638
2010-12-20,11478.13,-0.1199
2010-12-21,11533.16,0.4794
2010-12-22,11559.49,0.2283
2010-12-23,11573.49,0.1211
2010-12-27,11555.03,-0.1595
2010-12-28,11575.54,0.1775
2010-12-29,11585.38,0.085
2010-12-30,11569.71,-0.1353
2010-12-31,11577.51,0.0674
2011-01-03,11670.75,0.8054
2011-01-04,11691.18,0.1751
2011-01-05,11722.89,0.2712
2011-01-06,11697.31,-0.2182
2011-01-07,11674.76,-0.1928
2011-01-10,11637.45,-0.3196
2011-01-11,11671.88,0.2959
2011-01-12,11755.44,0.7159
2011-01-13,11731.9,-0.2002
2011-01-14,11787.38,0.4729
2011-01-18,11837.93,0.4288
2011-01-19,11825.29,-0.1068
2011-01-20,11822.8,-0.0211
2011-01-21,11871.84,0.4148
2011-01-24,11980.52,0.9154
2011-01-25,11977.19,-0.0278
2011-01-26,11985.44,0.0689
2011-01-27,11989.83,0.0366
2011-01-28,11823.7,-1.3856
2011-01-31,11891.93,0.5771
2011-02-01,12040.16,1.2465
2011-02-02,12041.97,0.015
2011-02-03,12062.26,0.1685
2011-02-04,12092.15,0.2478
2011-02-07,12161.63,0.5746
2011-02-08,12233.15,0.5881
2011-02-09,12239.89,0.0551
2011-02-10,12229.29,-0.0866
2011-02-11,12273.26,0.3595
2011-02-14,12268.19,-0.0413
2011-02-15,12226.64,-0.3387
2011-02-16,12288.17,0.5032
2011-02-17,12318.14,0.2439
2011-02-18,12391.25,0.5935
2011-02-22,12212.79,-1.4402
2011-02-23,12105.78,-0.8762
2011-02-24,12068.5,-0.308
2011-02-25,12130.45,0.5133
2011-02-28,12226.34,0.7905
2011-03-01,12058.02,-1.3767
2011-03-02,12066.8,0.0728
2011-03-03,12258.2,1.5862
2011-03-04,12169.88,-0.7205
2011-03-07,12090.03,-0.6561
2011-03-08,12214.38,1.0285
2011-03-09,12213.09,-0.0106
2011-03-10,11984.61,-1.8708
2011-03-11,12044.4,0.4989
2011-03-14,11993.16,-0.4254
2011-03-15,11855.42,-1.1485
2011-03-16,11613.3,-2.0423
2011-03-17,11774.59,1.3888
2011-03-18,11858.52,0.7128
2011-03-21,12036.53,1.5011
2011-03-22,12018.63,-0.1487
2011-03-23,12086.02,0.5607
2011-03-24,12170.56,0.6995
2011-03-25,12220.59,0.4111
2011-03-28,12197.88,-0.1858
2011-03-29,12279.01,0.6651
2011-03-30,12350.61,0.5831
2011-03-31,12319.73,-0.25
2011-04-01,12376.72,0.4626
2011-04-04,12400.03,0.1883
2011-04-05,12393.9,-0.0494
2011-04-06,12426.75,0.265
2011-04-07,12409.49,-0.1389
2011-04-08,12380.05,-0.2372
2011-04-11,12381.11,0.0086
2011-04-12,12263.58,-0.9493
2011-04-13,12270.99,0.0604
2011-04-14,12285.15,0.1154
2011-04-15,12341.83,0.4614
2011-04-18,12201.59,-1.1363
2011-04-19,12266.75,0.534
2011-04-20,12453.54,1.5227
2011-04-21,12505.99,0.4212
2011-04-25,12479.88,-0.2088
2011-04-26,12595.37,0.9254
2011-04-27,12690.96,0.7589
2011-04-28,12763.31,0.5701
2011-04-29,12810.54,0.37
2011-05-02,12807.36,-0.0248
2011-05-03,12807.51,0.0012
2011-05-04,12723.58,-0.6553
2011-05-05,12584.17,-1.0957
2011-05-06,12638.74,0.4336
2011-05-09,12684.68,0.3635
2011-05-10,12760.36,0.5966
2011-05-11,12630.03,-1.0214
2011-05-12,12695.92,0.5217
2011-05-13,12595.75,-0.789
2011-05-16,12548.37,-0.3762
2011-05-17,12479.58,-0.5482
2011-05-18,12560.18,0.6459
2011-05-19,12605.32,0.3594
2011-05-20,12512.04,-0.74
2011-05-23,12381.26,-1.0452
2011-05-24,12356.21,-0.2023
2011-05-25,12394.66,0.3112
2011-05-26,12402.76,0.0654
2011-05-27,12441.58,0.313
2011-05-31,12569.79,1.0305
2011-06-01,12290.14,-2.2248
2011-06-02,12248.55,-0.3384
2011-06-03,12151.26,-0.7943
2011-06-06,12089.96,-0.5045
2011-06-07,12070.81,-0.1584
2011-06-08,12048.94,-0.1812
2011-06-09,12124.36,0.6259
2011-06-10,11951.91,-1.4223
2011-06-13,11952.97,0.0089
2011-06-14,12076.11,1.0302
2011-06-15,11897.27,-1.4809
2011-06-16,11961.52,0.54
2011-06-17,12004.36,0.3581
2011-06-20,12080.38,0.6333
2011-06-21,12190.01,0.9075
2011-06-22,12109.67,-0.6591
2011-06-23,12050.0,-0.4927
2011-06-24,11934.58,-0.9578
2011-06-27,12043.56,0.9131
2011-06-28,12188.69,1.205
2011-06-29,12261.42,0.5967
2011-06-30,12414.34,1.2472
2011-07-01,12582.77,1.3567
2011-07-05,12569.87,-0.1025
2011-07-06,12626.02,0.4467
2011-07-07,12719.49,0.7403
2011-07-08,12657.2,-0.4897
2011-07-11,12505.76,-1.1965
2011-07-12,12446.88,-0.4708
2011-07-13,12491.61,0.3594
2011-07-14,12437.12,-0.4362
2011-07-15,12479.73,0.3426
2011-07-18,12385.16,-0.7578
2011-07-19,12587.42,1.6331
2011-07-20,12571.91,-0.1232
2011-07-21,12724.41,1.213
2011-07-22,12681.16,-0.3399
2011-07-25,12592.8,-0.6968
2011-07-26,12501.3,-0.7266
2011-07-27,12302.55,-1.5898
2011-07-28,12240.11,-0.5075
2011-07-29,12143.24,-0.7914
2011-08-01,12132.49,-0.0885
2011-08-02,11866.62,-2.1914
2011-08-03,11896.44,0.2513
2011-08-04,11383.68,-4.3102
2011-08-05,11444.61,0.5352
2011-08-08,10809.85,-5.5464
2011-08-09,11239.77,3.9771
2011-08-10,10719.94,-4.6249
2011-08-11,11143.31,3.9494
2011-08-12,11269.02,1.1281
2011-08-15,11482.9,1.8979
2011-08-16,11405.93,-0.6703
2011-08-17,11410.21,0.0375
2011-08-18,10990.58,-3.6777
2011-08-19,10817.65,-1.5734
2011-08-22,10854.65,0.342
2011-08-23,11176.76,2.9675
2011-08-24,11320.71,1.2879
2011-08-25,11149.82,-1.5095
2011-08-26,11284.54,1.2083
2011-08-29,11539.25,2.2572
2011-08-30,11559.95,0.1794
2011-08-31,11613.53,0.4635
2011-09-01,11493.57,-1.0329
2011-09-02,11240.26,-2.2039
2011-09-06,11139.3,-0.8982
2011-09-07,11414.86,2.4738
2011-09-08,11295.81,-1.0429
2011-09-09,10992.13,-2.6884
2011-09-12,11061.12,0.6276
2011-09-13,11105.85,0.4044
2011-09-14,11246.73,1.2685
2011-09-15,11433.18,1.6578
2011-09-16,11509.09,0.6639
2011-09-19,11401.01,-0.9391
2011-09-20,11408.66,0.0671
2011-09-21,11124.84,-2.4878
2011-09-22,10733.83,-3.5147
2011-09-23,10771.48,0.3508
2011-09-26,11043.86,2.5287
2011-09-27,11190.69,1.3295
2011-09-28,11010.9,-1.6066
2011-09-29,11153.98,1.2994
2011-09-30,10913.38,-2.1571
2011-10-03,10655.3,-2.3648
2011-10-04,10808.71,1.4398
2011-10-05,10939.95,1.2142
2011-10-06,11123.33,1.6762
2011-10-07,11103.12,-0.1817
2011-10-10,11433.18,2.9727
2011-10-11,11416.3,-0.1476
2011-10-12,11518.85,0.8983
2011-10-13,11478.13,-0.3535
2011-10-14,11644.49,1.4494
2011-10-17,11397.0,-2.1254
2011-10-18,11577.05,1.5798
2011-10-19,11504.62,-0.6256
2011-10-20,11541.78,0.323
2011-10-21,11808.79,2.3134
2011-10-24,11913.62,0.8877
2011-10-25,11706.62,-1.7375
2011-10-26,11869.04,1.3874
2011-10-27,12208.55,2.8605
2011-10-28,12231.11,0.1848
2011-10-31,11955.01,-2.2574
2011-11-01,11657.96,-2.4847
2011-11-02,11836.04,1.5275
2011-11-03,12044.47,1.761
2011-11-04,11983.24,-0.5084
2011-11-07,12068.39,0.7106
2011-11-08,12170.18,0.8434
2011-11-09,11780.94,-3.1983
2011-11-10,11893.86,0.9585
2011-11-11,12153.68,2.1845
2011-11-14,12078.98,-0.6146
2011-11-15,12096.16,0.1422
2011-11-16,11905.59,-1.5755
2011-11-17,11770.73,-1.1327
2011-11-18,11796.16,0.216
2011-11-21,11547.31,-2.1096
2011-11-22,11493.72,-0.4641
2011-11-23,11257.55,-2.0548
2011-11-25,11231.65,-0.2301
2011-11-28,11523.01,2.5941
2011-11-29,11555.63,0.2831
2011-11-30,12045.68,4.2408
2011-12-01,12020.03,-0.2129
2011-12-02,12019.42,-0.0051
2011-12-05,12097.83,0.6524
2011-12-06,12150.13,0.4323
2011-12-07,12196.37,0.3806
2011-12-08,11997.7,-1.6289
2011-12-09,12184.26,1.555
2011-12-12,12021.39,-1.3367
2011-12-13,11954.94,-0.5528
2011-12-14,11823.48,-1.0996
2011-12-15,11868.81,0.3834
2011-12-16,11866.39,-0.0204
2011-12-19,11766.26,-0.8438
2011-12-20,12103.58,2.8668
2011-12-21,12107.74,0.0344
2011-12-22,12169.65,0.5113
2011-12-23,12294.0,1.0218
2011-12-27,12291.35,-0.0216
2011-12-28,12151.41,-1.1385
2011-12-29,12287.04,1.1162
2011-12-30,12217.56,-0.5655
2012-01-03,12397.38,1.4718
2012-01-04,12418.42,0.1697
2012-01-05,12415.7,-0.0219
2012-01-06,12359.92,-0.4493
2012-01-09,12392.69,0.2651
2012-01-10,12462.47,0.5631
2012-01-11,12449.45,-0.1045
2012-01-12,12471.02,0.1733
2012-01-13,12422.06,-0.3926
2012-01-17,12482.07,0.4831
2012-01-18,12578.95,0.7762
2012-01-19,12623.98,0.358
2012-01-20,12720.48,0.7644
2012-01-23,12708.82,-0.0917
2012-01-24,12675.75,-0.2602
2012-01-25,12758.85,0.6556
2012-01-26,12734.63,-0.1898
2012-01-27,12660.46,-0.5824
2012-01-30,12653.72,-0.0532
2012-01-31,12632.91,-0.1645
2012-02-01,12716.46,0.6614
2012-02-02,12705.41,-0.0869
2012-02-03,12862.23,1.2343
2012-02-06,12845.13,-0.1329
2012-02-07,12878.2,0.2575
2012-02-08,12883.95,0.0446
2012-02-09,12890.46,0.0505
2012-02-10,12801.23,-0.6922
2012-02-13,12874.04,0.5688
2012-02-14,12878.28,0.0329
2012-02-15,12780.95,-0.7558
2012-02-16,12904.08,0.9634
2012-02-17,12949.87,0.3548
2012-02-21,12965.69,0.1222
2012-02-22,12938.67,-0.2084
2012-02-23,12984.69,0.3557
2012-02-24,12982.95,-0.0134
2012-02-27,12981.51,-0.0111
2012-02-28,13005.12,0.1819
2012-02-29,12952.07,-0.4079
2012-03-01,12980.3,0.218
2012-03-02,12977.57,-0.021
2012-03-05,12962.81,-0.1137
2012-03-06,12759.15,-1.5711
2012-03-07,12837.33,0.6127
2012-03-08,12907.94,0.55
2012-03-09,12922.02,0.1091
2012-03-12,12959.71,0.2917
2012-03-13,13177.68,1.6819
2012-03-14,13194.1,0.1246
2012-03-15,13252.76,0.4446
2012-03-16,13232.62,-0.152
2012-03-19,13239.13,0.0492
2012-03-20,13170.19,-0.5207
2012-03-21,13124.62,-0.346
2012-03-22,13046.14,-0.598
2012-03-23,13080.73,0.2651
2012-03-26,13241.63,1.2301
2012-03-27,13197.73,-0.3315
2012-03-28,13126.21,-0.5419
2012-03-29,13145.82,0.1494
2012-03-30,13212.04,0.5037
2012-04-02,13264.49,0.397
2012-04-03,13199.55,-0.4896
2012-04-04,13074.75,-0.9455
2012-04-05,13060.14,-0.1117
2012-04-09,12929.59,-0.9996
2012-04-10,12715.93,-1.6525
2012-04-11,12805.39,0.7035
2012-04-12,12986.58,1.415
2012-04-13,12849.59,-1.0549
2012-04-16,12921.41,0.5589
2012-04-17,13115.54,1.5024
2012-04-18,13032.75,-0.6312
2012-04-19,12964.1,-0.5267
2012-04-20,13029.26,0.5026
2012-04-23,12927.17,-0.7835
2012-04-24,13001.56,0.5755
2012-04-25,13090.72,0.6858
2012-04-26,13204.62,0.8701
2012-04-27,13228.31,0.1794
2012-04-30,13213.63,-0.111
2012-05-01,13279.32,0.4971
2012-05-02,13268.57,-0.081
2012-05-03,13206.59,-0.4671
2012-05-04,13038.27,-1.2745
2012-05-07,13008.53,-0.2281
2012-05-08,12932.09,-0.5876
2012-05-09,12835.06,-0.7503
2012-05-10,12855.04,0.1557
2012-05-11,12820.6,-0.2679
2012-05-14,12695.35,-0.9769
2012-05-15,12632.0,-0.499
2012-05-16,12598.55,-0.2648
2012-05-17,12442.49,-1.2387
2012-05-18,12369.38,-0.5876
2012-05-21,12504.48,1.0922
2012-05-22,12502.81,-0.0134
2012-05-23,12496.15,-0.0533
2012-05-24,12529.75,0.2689
2012-05-25,12454.83,-0.5979
2012-05-29,12580.69,1.0105
2012-05-30,12419.86,-1.2784
2012-05-31,12393.45,-0.2126
2012-06-01,12118.57,-2.2179
2012-06-04,12101.46,-0.1412
2012-06-05,12127.95,0.2189
2012-06-06,12414.79,2.3651
2012-06-07,12460.96,0.3719
2012-06-08,12554.2,0.7483
2012-06-11,12411.23,-1.1388
2012-06-12,12573.8,1.3099
2012-06-13,12496.38,-0.6157
2012-06-14,12651.91,1.2446
2012-06-15,12767.17,0.911
2012-06-18,12741.82,-0.1986
2012-06-19,12837.33,0.7496
2012-06-20,12824.39,-0.1008
2012-06-21,12573.57,-1.9558
2012-06-22,12640.78,0.5345
2012-06-25,12502.66,-1.0927
2012-06-26,12534.67,0.256
2012-06-27,12627.01,0.7367
2012-06-28,12602.26,-0.196
2012-06-29,12880.09,2.2046
2012-07-02,12871.39,-0.0675
2012-07-03,12943.66,0.5615
2012-07-05,12896.67,-0.363
2012-07-06,12772.47,-0.963
2012-07-09,12736.29,-0.2833
2012-07-10,12653.12,-0.653
2012-07-11,12604.53,-0.384
2012-07-12,12573.27,-0.248
2012-07-13,12777.09,1.6211
2012-07-16,12727.21,-0.3904
2012-07-17,12805.54,0.6155
2012-07-18,12908.7,0.8056
2012-07-19,12943.36,0.2685
2012-07-20,12822.57,-0.9332
2012-07-23,12721.46,-0.7885
2012-07-24,12617.32,-0.8186
2012-07-25,12676.05,0.4655
2012-07-26,12887.93,1.6715
2012-07-27,13075.66,1.4566
2012-07-30,13073.01,-0.0203
2012-07-31,13008.68,-0.4921
2012-08-01,12976.13,-0.2502
2012-08-02,12878.88,-0.7495
2012-08-03,13096.17,1.6872
2012-08-06,13117.51,0.1629
2012-08-07,13168.6,0.3895
2012-08-08,13175.64,0.0535
2012-08-09,13165.19,-0.0793
2012-08-10,13207.95,0.3248
2012-08-13,13169.43,-0.2916
2012-08-14,13172.14,0.0206
2012-08-15,13164.78,-0.0559
2012-08-16,13250.11,0.6482
2012-08-17,13275.2,0.1894
2012-08-20,13271.64,-0.0268
2012-08-21,13203.58,-0.5128
2012-08-22,13172.76,-0.2334
2012-08-23,13057.46,-0.8753
2012-08-24,13157.97,0.7698
2012-08-27,13124.67,-0.2531
2012-08-28,13102.99,-0.1652
2012-08-29,13107.48,0.0343
2012-08-30,13000.71,-0.8146
2012-08-31,13090.84,0.6933
2012-09-04,13035.94,-0.4194
2012-09-05,13047.48,0.0885
2012-09-06,13292.0,1.8741
2012-09-07,13306.64,0.1101
2012-09-10,13254.29,-0.3934
2012-09-11,13323.36,0.5211
2012-09-12,13333.35,0.075
2012-09-13,13539.86,1.5488
2012-09-14,13593.37,0.3952
2012-09-17,13553.1,-0.2962
2012-09-18,13564.64,0.0851
2012-09-19,13577.96,0.0982
2012-09-20,13596.93,0.1397
2012-09-21,13579.47,-0.1284
2012-09-24,13558.92,-0.1513
2012-09-25,13457.55,-0.7476
2012-09-26,13413.51,-0.3273
2012-09-27,13485.97,0.5402
2012-09-28,13437.13,-0.3622
2012-10-01,13515.11,0.5803
2012-10-02,13482.36,-0.2423
2012-10-03,13494.61,0.0909
2012-10-04,13575.36,0.5984
2012-10-05,13610.15,0.2563
2012-10-08,13583.65,-0.1947
2012-10-09,13473.53,-0.8107
2012-10-10,13344.97,-0.9542
2012-10-11,13326.39,-0.1392
2012-10-12,13328.85,0.0185
2012-10-15,13424.23,0.7156
2012-10-16,13551.78,0.9501
2012-10-17,13557.0,0.0385
2012-10-18,13548.94,-0.0595
2012-10-19,13343.51,-1.5162
2012-10-22,13345.89,0.0178
2012-10-23,13102.53,-1.8235
2012-10-24,13077.34,-0.1923
2012-10-25,13103.68,0.2014
2012-10-26,13107.21,0.0269
2012-10-31,13096.46,-0.082
2012-11-01,13232.62,1.0397
2012-11-02,13093.16,-1.0539
2012-11-05,13112.44,0.1473
2012-11-06,13245.68,1.0161
2012-11-07,12932.73,-2.3627
2012-11-08,12811.32,-0.9388
2012-11-09,12815.39,0.0318
2012-11-12,12815.08,-0.0024
2012-11-13,12756.18,-0.4596
2012-11-14,12570.95,-1.4521
2012-11-15,12542.38,-0.2273
2012-11-16,12588.31,0.3662
2012-11-19,12795.96,1.6495
2012-11-20,12788.51,-0.0582
2012-11-21,12836.89,0.3783
2012-11-23,13009.53,1.3449
2012-11-26,12967.37,-0.3241
2012-11-27,12878.13,-0.6882
2012-11-28,12985.11,0.8307
2012-11-29,13021.82,0.2827
2012-11-30,13025.58,0.0289
2012-12-03,12965.6,-0.4605
2012-12-04,12951.78,-0.1066
2012-12-05,13034.49,0.6386
2012-12-06,13074.04,0.3034
2012-12-07,13155.13,0.6202
2012-12-10,13169.88,0.1121
2012-12-11,13248.44,0.5965
2012-12-12,13245.45,-0.0226
2012-12-13,13170.72,-0.5642
2012-12-14,13135.01,-0.2711
2012-12-17,13235.39,0.7642
2012-12-18,13350.96,0.8732
2012-12-19,13251.97,-0.7414
2012-12-20,13311.72,0.4509
2012-12-21,13190.84,-0.9081
2012-12-24,13138.93,-0.3935
2012-12-26,13114.59,-0.1853
2012-12-27,13096.31,-0.1394
2012-12-28,12938.11,-1.208
2012-12-31,13104.14,1.2833
2013-01-02,13412.55,2.3535
2013-01-03,13391.36,-0.158
2013-01-04,13435.21,0.3274
2013-01-07,13384.29,-0.379
2013-01-08,13328.85,-0.4142
2013-01-09,13390.51,0.4626
2013-01-10,13471.22,0.6027
2013-01-11,13488.43,0.1278
2013-01-14,13507.32,0.14
2013-01-15,13534.89,0.2041
2013-01-16,13511.23,-0.1748
2013-01-17,13596.02,0.6276
2013-01-18,13649.7,0.3948
2013-01-22,13712.21,0.458
2013-01-23,13779.33,0.4895
2013-01-24,13825.33,0.3338
2013-01-25,13895.98,0.511
2013-01-28,13881.93,-0.1011
2013-01-29,13954.42,0.5222
2013-01-30,13910.42,-0.3153
2013-01-31,13860.58,-0.3583
2013-02-01,14009.79,1.0765
2013-02-04,13880.08,-0.9259
2013-02-05,13979.3,0.7148
2013-02-06,13986.52,0.0516
2013-02-07,13944.05,-0.3036
2013-02-08,13992.97,0.3508
2013-02-11,13971.24,-0.1553
2013-02-12,14018.7,0.3397
2013-02-13,13982.91,-0.2553
2013-02-14,13973.39,-0.0681
2013-02-15,13981.76,0.0599
2013-02-19,14035.67,0.3856
2013-02-20,13927.54,-0.7704
2013-02-21,13880.62,-0.3369
2013-02-22,14000.57,0.8642
2013-02-25,13784.17,-1.5457
2013-02-26,13900.13,0.8413
2013-02-27,14075.37,1.2607
2013-02-28,14054.49,-0.1483
2013-03-01,14089.66,0.2502
2013-03-04,14127.82,0.2708
2013-03-05,14253.77,0.8915
2013-03-06,14296.24,0.298
2013-03-07,14329.49,0.2326
2013-03-08,14397.07,0.4716
2013-03-11,14447.29,0.3488
2013-03-12,14450.06,0.0192
2013-03-13,14455.28,0.0361
2013-03-14,14539.14,0.5801
2013-03-15,14514.11,-0.1722
2013-03-18,14452.06,-0.4275
2013-03-19,14455.82,0.026
2013-03-20,14511.73,0.3868
2013-03-21,14421.49,-0.6218
2013-03-22,14512.03,0.6278
2013-03-25,14447.75,-0.4429
2013-03-26,14559.65,0.7745
2013-03-27,14526.16,-0.23
2013-03-28,14578.54,0.3606
2013-04-01,14572.85,-0.039
2013-04-02,14662.01,0.6118
2013-04-03,14550.35,-0.7616
2013-04-04,14606.11,0.3832
2013-04-05,14565.25,-0.2797
2013-04-08,14613.48,0.3311
2013-04-09,14673.46,0.4104
2013-04-10,14802.24,0.8776
2013-04-11,14865.14,0.4249
2013-04-12,14865.06,-0.0005
2013-04-15,14599.2,-1.7885
2013-04-16,14756.78,1.0794
2013-04-17,14618.59,-0.9365
2013-04-18,14537.14,-0.5572
2013-04-19,14547.51,0.0713
2013-04-22,14567.17,0.1351
2013-04-23,14719.46,1.0454
2013-04-24,14676.3,-0.2932
2013-04-25,14700.8,0.1669
2013-04-26,14712.55,0.0799
2013-04-29,14818.75,0.7218
2013-04-30,14839.8,0.142
2013-05-01,14700.95,-0.9357
2013-05-02,14831.58,0.8886
2013-05-03,14973.96,0.96
2013-05-06,14968.89,-0.0339
2013-05-07,15056.2,0.5833
2013-05-08,15105.12,0.3249
2013-05-09,15082.62,-0.149
2013-05-10,15118.49,0.2378
2013-05-13,15091.68,-0.1773
2013-05-14,15215.25,0.8188
2013-05-15,15275.69,0.3972
2013-05-16,15233.22,-0.278
2013-05-17,15354.4,0.7955
2013-05-20,15335.28,-0.1245
2013-05-21,15387.58,0.341
2013-05-22,15307.17,-0.5226
2013-05-23,15294.5,-0.0828
2013-05-24,15303.1,0.0562
2013-05-28,15409.39,0.6946
2013-05-29,15302.8,-0.6917
2013-05-30,15324.53,0.142
2013-05-31,15115.57,-1.3636
2013-06-03,15254.03,0.916
2013-06-04,15177.54,-0.5014
2013-06-05,14960.59,-1.4294
2013-06-06,15040.62,0.5349
2013-06-07,15248.12,1.3796
2013-06-10,15238.59,-0.0625
2013-06-11,15122.02,-0.765
2013-06-12,14995.23,-0.8384
2013-06-13,15176.08,1.2061
2013-06-14,15070.18,-0.6978
2013-06-17,15179.85,0.7277
2013-06-18,15318.23,0.9116
2013-06-19,15112.19,-1.3451
2013-06-20,14758.32,-2.3416
2013-06-21,14799.4,0.2784
2013-06-24,14659.56,-0.9449
2013-06-25,14760.31,0.6873
2013-06-26,14910.14,1.0151
2013-06-27,15024.49,0.7669
2013-06-28,14909.6,-0.7647
2013-07-01,14974.96,0.4384
2013-07-02,14932.41,-0.2841
2013-07-03,14988.37,0.3748
2013-07-05,15135.84,0.9839
2013-07-08,15224.69,0.587
2013-07-09,15300.34,0.4969
2013-07-10,15291.66,-0.0567
2013-07-11,15460.92,1.1069
2013-07-12,15464.3,0.0219
2013-07-15,15484.26,0.1291
2013-07-16,15451.85,-0.2093
2013-07-17,15470.52,0.1208
2013-07-18,15548.54,0.5043
2013-07-19,15543.74,-0.0309
2013-07-22,15545.55,0.0116
2013-07-23,15567.74,0.1427
2013-07-24,15542.24,-0.1638
2013-07-25,15555.61,0.086
2013-07-26,15558.83,0.0207
2013-07-29,15521.97,-0.2369
2013-07-30,15520.59,-0.0089
2013-07-31,15499.54,-0.1356
2013-08-01,15628.02,0.8289
2013-08-02,15658.36,0.1941
2013-08-05,15612.13,-0.2952
2013-08-06,15518.74,-0.5982
2013-08-07,15470.67,-0.3098
2013-08-08,15498.32,0.1787
2013-08-09,15425.51,-0.4698
2013-08-12,15419.68,-0.0378
2013-08-13,15451.01,0.2032
2013-08-14,15337.66,-0.7336
2013-08-15,15112.19,-1.47
2013-08-16,15081.47,-0.2033
2013-08-19,15010.74,-0.469
2013-08-20,15002.99,-0.0516
2013-08-21,14897.55,-0.7028
2013-08-22,14963.74,0.4443
2013-08-23,15010.51,0.3126
2013-08-26,14946.46,-0.4267
2013-08-27,14776.13,-1.1396
2013-08-28,14824.51,0.3274
2013-08-29,14840.95,0.1109
2013-08-30,14810.31,-0.2065
2013-09-03,14833.96,0.1597
2013-09-04,14930.87,0.6533
2013-09-05,14937.48,0.0443
2013-09-06,14922.5,-0.1003
2013-09-09,15063.12,0.9423
2013-09-10,15191.06,0.8494
2013-09-11,15326.6,0.8922
2013-09-12,15300.64,-0.1694
2013-09-13,15376.06,0.4929
2013-09-16,15494.78,0.7721
2013-09-17,15529.73,0.2256
2013-09-18,15676.94,0.9479
2013-09-19,15636.55,-0.2576
2013-09-20,15451.09,-1.1861
2013-09-23,15401.38,-0.3217
2013-09-24,15334.59,-0.4337
2013-09-25,15273.26,-0.3999
2013-09-26,15328.3,0.3604
2013-09-27,15258.24,-0.4571
2013-09-30,15129.67,-0.8426
2013-10-01,15191.7,0.41
2013-10-02,15133.14,-0.3855
2013-10-03,14996.48,-0.9031
2013-10-04,15072.58,0.5075
2013-10-07,14936.24,-0.9046
2013-10-08,14776.53,-1.0693
2013-10-09,14802.98,0.179
2013-10-10,15126.07,2.1826
2013-10-11,15237.11,0.7341
2013-10-14,15301.26,0.421
2013-10-15,15168.01,-0.8708
2013-10-16,15373.83,1.3569
2013-10-17,15371.65,-0.0142
2013-10-18,15399.65,0.1822
2013-10-21,15392.2,-0.0484
2013-10-22,15467.66,0.4902
2013-10-23,15413.33,-0.3512
2013-10-24,15509.21,0.6221
2013-10-25,15570.28,0.3938
2013-10-28,15568.93,-0.0087
2013-10-29,15680.35,0.7157
2013-10-30,15618.76,-0.3928
2013-10-31,15545.75,-0.4675
2013-11-01,15615.55,0.449
2013-11-04,15639.12,0.1509
2013-11-05,15618.22,-0.1336
2013-11-06,15746.88,0.8238
2013-11-07,15593.98,-0.971
2013-11-08,15761.78,1.0761
2013-11-11,15783.1,0.1353
2013-11-12,15750.67,-0.2055
2013-11-13,15821.63,0.4505
2013-11-14,15876.22,0.345
2013-11-15,15961.7,0.5384
2013-11-18,15976.02,0.0897
2013-11-19,15967.03,-0.0563
2013-11-20,15900.82,-0.4147
2013-11-21,16009.99,0.6866
2013-11-22,16064.77,0.3422
2013-11-25,16072.54,0.0484
2013-11-26,16072.8,0.0016
2013-11-27,16097.33,0.1526
2013-11-29,16086.41,-0.0678
2013-12-02,16008.77,-0.4826
2013-12-03,15914.62,-0.5881
2013-12-04,15889.77,-0.1561
2013-12-05,15821.51,-0.4296
2013-12-06,16020.2,1.2558
2013-12-09,16025.53,0.0333
2013-12-10,15973.13,-0.327
2013-12-11,15843.53,-0.8114
2013-12-12,15739.43,-0.6571
2013-12-13,15755.36,0.1012
2013-12-16,15884.57,0.8201
2013-12-17,15875.26,-0.0586
2013-12-18,16167.97,1.8438
2013-12-19,16179.08,0.0687
2013-12-20,16221.14,0.26
2013-12-23,16294.61,0.4529
2013-12-24,16357.55,0.3863
2013-12-26,16479.88,0.7479
2013-12-27,16478.41,-0.0089
2013-12-30,16504.29,0.1571
2013-12-31,16576.66,0.4385
2014-01-02,16441.35,-0.8163
2014-01-03,16469.99,0.1742
2014-01-06,16425.1,-0.2726
2014-01-07,16530.94,0.6444
2014-01-08,16462.74,-0.4126
2014-01-09,16444.76,-0.1092
2014-01-10,16437.05,-0.0469
2014-01-13,16257.94,-1.0897
2014-01-14,16373.86,0.713
2014-01-15,16481.94,0.6601
2014-01-16,16417.01,-0.3939
2014-01-17,16458.56,0.2531
2014-01-21,16414.44,-0.2681
2014-01-22,16373.34,-0.2504
2014-01-23,16197.35,-1.0749
2014-01-24,15879.11,-1.9648
2014-01-27,15837.88,-0.2596
2014-01-28,15928.56,0.5726
2014-01-29,15738.79,-1.1914
2014-01-30,15848.61,0.6978
2014-01-31,15698.85,-0.9449
2014-02-03,15372.8,-2.0769
2014-02-04,15445.24,0.4712
2014-02-05,15440.23,-0.0324
2014-02-06,15628.53,1.2195
2014-02-07,15794.08,1.0593
2014-02-10,15801.79,0.0488
2014-02-11,15994.77,1.2213
2014-02-12,15963.94,-0.1928
2014-02-13,16027.59,0.3987
2014-02-14,16154.39,0.7911
2014-02-18,16130.4,-0.1485
2014-02-19,16040.56,-0.557
2014-02-20,16133.23,0.5777
2014-02-21,16103.3,-0.1855
2014-02-24,16207.14,0.6448
2014-02-25,16179.66,-0.1696
2014-02-26,16198.41,0.1159
2014-02-27,16272.65,0.4583
2014-02-28,16321.71,0.3015
2014-03-03,16168.03,-0.9416
2014-03-04,16395.88,1.4093
2014-03-05,16360.18,-0.2177
2014-03-06,16421.89,0.3772
2014-03-07,16452.72,0.1877
2014-03-10,16418.68,-0.2069
2014-03-11,16351.25,-0.4107
2014-03-12,16340.08,-0.0683
2014-03-13,16108.89,-1.4149
2014-03-14,16065.67,-0.2683
2014-03-17,16247.22,1.13
2014-03-18,16336.19,0.5476
2014-03-19,16222.17,-0.698
2014-03-20,16331.05,0.6712
2014-03-21,16302.77,-0.1732
2014-03-24,16276.69,-0.16
2014-03-25,16367.88,0.5602
2014-03-26,16268.99,-0.6042
2014-03-27,16264.23,-0.0293
2014-03-28,16323.06,0.3617
2014-03-31,16457.66,0.8246
2014-04-01,16532.61,0.4554
2014-04-02,16573.0,0.2443
2014-04-03,16572.55,-0.0027
2014-04-04,16412.71,-0.9645
2014-04-07,16245.87,-1.0165
2014-04-08,16256.14,0.0632
2014-04-09,16437.18,1.1137
2014-04-10,16170.22,-1.6241
2014-04-11,16026.75,-0.8872
2014-04-14,16173.24,0.914
2014-04-15,16262.56,0.5523
2014-04-16,16424.85,0.9979
2014-04-17,16408.54,-0.0993
2014-04-21,16449.25,0.2481
2014-04-22,16514.37,0.3959
2014-04-23,16501.65,-0.077
2014-04-24,16501.65,0.0
2014-04-25,16361.46,-0.8496
2014-04-28,16448.74,0.5334
2014-04-29,16535.37,0.5267
2014-04-30,16580.84,0.275
2014-05-01,16558.87,-0.1325
2014-05-02,16512.89,-0.2777
2014-05-05,16530.55,0.1069
2014-05-06,16401.02,-0.7836
2014-05-07,16518.54,0.7165
2014-05-08,16550.97,0.1963
2014-05-09,16583.34,0.1956
2014-05-12,16695.47,0.6762
2014-05-13,16715.44,0.1196
2014-05-14,16613.97,-0.607
2014-05-15,16446.81,-1.0061
2014-05-16,16491.31,0.2706
2014-05-19,16511.86,0.1246
2014-05-20,16374.31,-0.833
2014-05-21,16533.06,0.9695
2014-05-22,16543.08,0.0606
2014-05-23,16606.27,0.382
2014-05-27,16675.5,0.4169
2014-05-28,16633.18,-0.2538
2014-05-29,16698.74,0.3942
2014-05-30,16717.17,0.1104
2014-06-02,16743.63,0.1583
2014-06-03,16722.34,-0.1272
2014-06-04,16737.53,0.0908
2014-06-05,16836.11,0.589
2014-06-06,16924.28,0.5237
2014-06-09,16943.1,0.1112
2014-06-10,16945.92,0.0166
2014-06-11,16843.88,-0.6022
2014-06-12,16734.19,-0.6512
2014-06-13,16775.74,0.2483
2014-06-16,16781.01,0.0314
2014-06-17,16808.49,0.1638
2014-06-18,16906.62,0.5838
2014-06-19,16921.46,0.0878
2014-06-20,16947.08,0.1514
2014-06-23,16937.26,-0.0579
2014-06-24,16818.13,-0.7034
2014-06-25,16867.51,0.2936
2014-06-26,16846.13,-0.1268
2014-06-27,16851.84,0.0339
2014-06-30,16826.6,-0.1498
2014-07-01,16956.07,0.7694
2014-07-02,16976.24,0.119
2014-07-03,17068.26,0.5421
2014-07-07,17024.21,-0.2581
2014-07-08,16906.62,-0.6907
2014-07-09,16985.61,0.4672
2014-07-10,16915.07,-0.4153
2014-07-11,16943.81,0.1699
2014-07-14,17055.42,0.6587
2014-07-15,17060.68,0.0308
2014-07-16,17138.2,0.4544
2014-07-17,16976.81,-0.9417
2014-07-18,17100.18,0.7267
2014-07-21,17051.73,-0.2833
2014-07-22,17113.54,0.3625
2014-07-23,17086.63,-0.1572
2014-07-24,17083.8,-0.0166
2014-07-25,16960.57,-0.7213
2014-07-28,16982.59,0.1298
2014-07-29,16912.11,-0.415
2014-07-30,16880.36,-0.1877
2014-07-31,16563.3,-1.8783
2014-08-01,16493.37,-0.4222
2014-08-04,16569.28,0.4602
2014-08-05,16429.47,-0.8438
2014-08-06,16443.34,0.0844
2014-08-07,16368.27,-0.4565
2014-08-08,16553.93,1.1343
2014-08-11,16569.98,0.097
2014-08-12,16560.54,-0.057
2014-08-13,16651.8,0.5511
2014-08-14,16713.58,0.371
2014-08-15,16662.91,-0.3032
2014-08-18,16838.74,1.0552
2014-08-19,16919.59,0.4801
2014-08-20,16979.13,0.3519
2014-08-21,17039.49,0.3555
2014-08-22,17001.22,-0.2246
2014-08-25,17076.87,0.445
2014-08-26,17106.7,0.1747
2014-08-27,17122.01,0.0895
2014-08-28,17079.57,-0.2479
2014-08-29,17098.45,0.1105
2014-09-02,17067.56,-0.1807
2014-09-03,17078.28,0.0628
2014-09-04,17069.58,-0.0509
2014-09-05,17137.36,0.3971
2014-09-08,17111.42,-0.1514
2014-09-09,17013.87,-0.5701
2014-09-10,17068.71,0.3223
2014-09-11,17049.0,-0.1155
2014-09-12,16987.51,-0.3607
2014-09-15,17031.14,0.2568
2014-09-16,17131.97,0.592
2014-09-17,17156.85,0.1452
2014-09-18,17265.99,0.6361
2014-09-19,17279.74,0.0796
2014-09-22,17172.68,-0.6196
2014-09-23,17055.87,-0.6802
2014-09-24,17210.06,0.904
2014-09-25,16945.8,-1.5355
2014-09-26,17113.15,0.9876
2014-09-29,17071.22,-0.245
2014-09-30,17042.9,-0.1659
2014-10-01,16804.71,-1.3976
2014-10-02,16801.05,-0.0218
2014-10-03,17009.69,1.2418
2014-10-06,16991.91,-0.1045
2014-10-07,16719.39,-1.6038
2014-10-08,16994.22,1.6438
2014-10-09,16659.25,-1.9711
2014-10-10,16544.1,-0.6912
2014-10-13,16321.07,-1.3481
2014-10-14,16315.19,-0.036
2014-10-15,16141.74,-1.0631
2014-10-16,16117.24,-0.1518
2014-10-17,16380.41,1.6328
2014-10-20,16399.67,0.1176
2014-10-21,16614.81,1.3119
2014-10-22,16461.32,-0.9238
2014-10-23,16677.9,1.3157
2014-10-24,16805.41,0.7645
2014-10-27,16817.94,0.0746
2014-10-28,17005.75,1.1167
2014-10-29,16974.31,-0.1849
2014-10-30,17195.42,1.3026
2014-10-31,17390.52,1.1346
2014-11-03,17366.24,-0.1396
2014-11-04,17383.84,0.1013
2014-11-05,17484.53,0.5792
2014-11-06,17554.47,0.4
2014-11-07,17573.93,0.1109
2014-11-10,17613.74,0.2265
2014-11-11,17614.9,0.0066
2014-11-12,17612.2,-0.0153
2014-11-13,17652.79,0.2305
2014-11-14,17634.74,-0.1023
2014-11-17,17647.75,0.0738
2014-11-18,17687.82,0.2271
2014-11-19,17685.73,-0.0118
2014-11-20,17719.0,0.1881
2014-11-21,17810.06,0.5139
2014-11-24,17817.9,0.044
2014-11-25,17814.94,-0.0166
2014-11-26,17827.75,0.0719
2014-11-28,17828.24,0.0027
2014-12-01,17776.8,-0.2885
2014-12-02,17879.55,0.578
2014-12-03,17912.62,0.185
2014-12-04,17900.1,-0.0699
2014-12-05,17958.79,0.3279
2014-12-08,17852.48,-0.592
2014-12-09,17801.2,-0.2872
2014-12-10,17533.15,-1.5058
2014-12-11,17596.34,0.3604
2014-12-12,17280.83,-1.793
2014-12-15,17180.84,-0.5786
2014-12-16,17068.87,-0.6517
2014-12-17,17356.87,1.6873
2014-12-18,17778.15,2.4272
2014-12-19,17804.8,0.1499
2014-12-22,17959.44,0.8685
2014-12-23,18024.17,0.3604
2014-12-24,18030.21,0.0335
2014-12-26,18053.71,0.1303
2014-12-29,18038.23,-0.0857
2014-12-30,17983.07,-0.3058
2014-12-31,17823.07,-0.8897
2015-01-02,17832.99,0.0557
2015-01-05,17501.65,-1.858
2015-01-06,17371.64,-0.7428
2015-01-07,17584.52,1.2254
2015-01-08,17907.87,1.8388
2015-01-09,17737.37,-0.9521
2015-01-12,17640.84,-0.5442
2015-01-13,17613.68,-0.154
2015-01-14,17427.09,-1.0593
2015-01-15,17320.71,-0.6104
2015-01-16,17511.57,1.1019
2015-01-20,17515.23,0.0209
2015-01-21,17554.28,0.2229
2015-01-22,17813.98,1.4794
2015-01-23,17672.6,-0.7936
2015-01-26,17678.7,0.0345
2015-01-27,17387.21,-1.6488
2015-01-28,17191.37,-1.1263
2015-01-29,17416.85,1.3116
2015-01-30,17164.95,-1.4463
2015-02-02,17361.04,1.1424
2015-02-03,17666.4,1.7589
2015-02-04,17673.02,0.0375
2015-02-05,17884.88,1.1988
2015-02-06,17824.29,-0.3388
2015-02-09,17729.21,-0.5334
2015-02-10,17868.76,0.7871
2015-02-11,17862.14,-0.037
2015-02-12,17972.38,0.6172
2015-02-13,18019.35,0.2613
2015-02-17,18047.58,0.1567
2015-02-18,18029.85,-0.0982
2015-02-19,17985.77,-0.2445
2015-02-20,18140.44,0.86
2015-02-23,18116.84,-0.1301
2015-02-24,18209.19,0.5097
2015-02-25,18224.57,0.0845
2015-02-26,18214.42,-0.0557
2015-02-27,18132.7,-0.4487
2015-03-02,18288.63,0.8599
2015-03-03,18203.37,-0.4662
2015-03-04,18096.9,-0.5849
2015-03-05,18135.72,0.2145
2015-03-06,17856.78,-1.5381
2015-03-09,17995.72,0.7781
2015-03-10,17662.94,-1.8492
2015-03-11,17635.39,-0.156
2015-03-12,17895.22,1.4733
2015-03-13,17749.31,-0.8154
2015-03-16,17977.42,1.2852
2015-03-17,17849.08,-0.7139
2015-03-18,18076.19,1.2724
2015-03-19,17959.03,-0.6481
2015-03-20,18127.65,0.9389
2015-03-23,18116.04,-0.064
2015-03-24,18011.14,-0.579
2015-03-25,17718.54,-1.6246
2015-03-26,17678.23,-0.2275
2015-03-27,17712.66,0.1948
2015-03-30,17976.31,1.4885
2015-03-31,17776.12,-1.1136
2015-04-01,17698.18,-0.4385
2015-04-02,17763.24,0.3676
2015-04-06,17880.85,0.6621
2015-04-07,17875.42,-0.0304
2015-04-08,17902.51,0.1515
2015-04-09,17958.73,0.314
2015-04-10,18057.65,0.5508
2015-04-13,17977.04,-0.4464
2015-04-14,18036.7,0.3319
2015-04-15,18112.61,0.4209
2015-04-16,18105.77,-0.0378
2015-04-17,17826.3,-1.5435
2015-04-20,18034.93,1.1703
2015-04-21,17949.59,-0.4732
2015-04-22,18038.27,0.4941
2015-04-23,18058.69,0.1132
2015-04-24,18080.14,0.1188
2015-04-27,18037.97,-0.2332
2015-04-28,18110.14,0.4001
2015-04-29,18035.53,-0.412
2015-04-30,17840.52,-1.0813
2015-05-01,18024.06,1.0288
2015-05-04,18070.4,0.2571
2015-05-05,17928.2,-0.7869
2015-05-06,17841.98,-0.4809
2015-05-07,17924.06,0.46
2015-05-08,18191.11,1.4899
2015-05-11,18105.17,-0.4724
2015-05-12,18068.23,-0.204
2015-05-13,18060.49,-0.0428
2015-05-14,18252.24,1.0617
2015-05-15,18272.56,0.1113
2015-05-18,18298.88,0.144
2015-05-19,18312.39,0.0738
2015-05-20,18285.4,-0.1474
2015-05-21,18285.74,0.0019
2015-05-22,18232.02,-0.2938
2015-05-26,18041.54,-1.0448
2015-05-27,18162.99,0.6732
2015-05-28,18126.12,-0.203
2015-05-29,18010.68,-0.6369
2015-06-01,18040.37,0.1648
2015-06-02,18011.94,-0.1576
2015-06-03,18076.27,0.3572
2015-06-04,17905.58,-0.9443
2015-06-05,17849.46,-0.3134
2015-06-08,17766.55,-0.4645
2015-06-09,17764.04,-0.0141
2015-06-10,18000.4,1.3306
2015-06-11,18039.37,0.2165
2015-06-12,17898.84,-0.779
2015-06-15,17791.17,-0.6015
2015-06-16,17904.48,0.6369
2015-06-17,17935.74,0.1746
2015-06-18,18115.84,1.0041
2015-06-19,18015.95,-0.5514
2015-06-22,18119.78,0.5763
2015-06-23,18144.07,0.1341
2015-06-24,17966.07,-0.981
2015-06-25,17890.36,-0.4214
2015-06-26,17946.68,0.3148
2015-06-29,17596.35,-1.9521
2015-06-30,17619.51,0.1316
2015-07-01,17757.91,0.7855
2015-07-02,17730.11,-0.1565
2015-07-06,17683.58,-0.2624
2015-07-07,17776.91,0.5278
2015-07-08,17515.42,-1.471
2015-07-09,17548.62,0.1895
2015-07-10,17760.41,1.2069
2015-07-13,17977.68,1.2233
2015-07-14,18053.58,0.4222
2015-07-15,18050.17,-0.0189
2015-07-16,18120.25,0.3883
2015-07-17,18086.45,-0.1865
2015-07-20,18100.41,0.0772
2015-07-21,17919.29,-1.0006
2015-07-22,17851.04,-0.3809
2015-07-23,17731.92,-0.6673
2015-07-24,17568.53,-0.9214
2015-07-27,17440.59,-0.7282
2015-07-28,17630.27,1.0876
2015-07-29,17751.39,0.687
2015-07-30,17745.98,-0.0305
2015-07-31,17689.86,-0.3162
2015-08-03,17598.2,-0.5181
2015-08-04,17550.69,-0.27
2015-08-05,17540.47,-0.0582
2015-08-06,17419.75,-0.6882
2015-08-07,17373.38,-0.2662
2015-08-10,17615.17,1.3917
2015-08-11,17402.84,-1.2054
2015-08-12,17402.51,-0.0019
2015-08-13,17408.25,0.033
2015-08-14,17477.4,0.3972
2015-08-17,17545.18,0.3878
2015-08-18,17511.34,-0.1929
2015-08-19,17348.73,-0.9286
2015-08-20,16990.69,-2.0638
2015-08-21,16459.75,-3.1249
2015-08-24,15871.35,-3.5748
2015-08-25,15666.44,-1.2911
2015-08-26,16285.51,3.9516
2015-08-27,16654.77,2.2674
2015-08-28,16643.01,-0.0706
2015-08-31,16528.03,-0.6909
2015-09-01,16058.35,-2.8417
2015-09-02,16351.38,1.8248
2015-09-03,16374.76,0.143
2015-09-04,16102.38,-1.6634
2015-09-08,16492.68,2.4239
2015-09-09,16253.57,-1.4498
2015-09-10,16330.4,0.4727
2015-09-11,16433.09,0.6288
2015-09-14,16370.96,-0.3781
2015-09-15,16599.85,1.3981
2015-09-16,16739.95,0.844
2015-09-17,16674.74,-0.3895
2015-09-18,16384.58,-1.7401
2015-09-21,16510.19,0.7666
2015-09-22,16330.47,-1.0885
2015-09-23,16279.89,-0.3097
2015-09-24,16201.32,-0.4826
2015-09-25,16314.67,0.6996
2015-09-28,16001.89,-1.9172
2015-09-29,16049.13,0.2952
2015-09-30,16284.7,1.4678
2015-10-01,16272.01,-0.0779
2015-10-02,16472.37,1.2313
2015-10-05,16776.43,1.8459
2015-10-06,16790.19,0.082
2015-10-07,16912.29,0.7272
2015-10-08,17050.75,0.8187
2015-10-09,17084.49,0.1979
2015-10-12,17131.86,0.2773
2015-10-13,17081.89,-0.2917
2015-10-14,16924.75,-0.9199
2015-10-15,17141.75,1.2821
2015-10-16,17215.97,0.433
2015-10-19,17230.54,0.0846
2015-10-20,17217.11,-0.0779
2015-10-21,17168.61,-0.2817
2015-10-22,17489.16,1.8671
2015-10-23,17646.7,0.9008
2015-10-26,17623.05,-0.134
2015-10-27,17581.43,-0.2362
2015-10-28,17779.52,1.1267
2015-10-29,17755.8,-0.1334
2015-10-30,17663.54,-0.5196
2015-11-02,17828.76,0.9354
2015-11-03,17918.15,0.5014
2015-11-04,17867.58,-0.2822
2015-11-05,17863.43,-0.0232
2015-11-06,17910.33,0.2625
2015-11-09,17730.48,-1.0042
2015-11-10,17758.21,0.1564
2015-11-11,17702.22,-0.3153
2015-11-12,17448.07,-1.4357
2015-11-13,17245.24,-1.1625
2015-11-16,17483.01,1.3788
2015-11-17,17489.5,0.0371
2015-11-18,17737.16,1.416
2015-11-19,17732.75,-0.0249
2015-11-20,17823.81,0.5135
2015-11-23,17792.68,-0.1747
2015-11-24,17812.19,0.1097
2015-11-25,17813.39,0.0067
2015-11-27,17813.39,0.0
2015-11-30,17719.92,-0.5247
2015-12-01,17888.35,0.9505
2015-12-02,17729.68,-0.887
2015-12-03,17477.67,-1.4214
2015-12-04,17847.63,2.1168
2015-12-07,17730.51,-0.6562
2015-12-08,17568.0,-0.9166
2015-12-09,17492.3,-0.4309
2015-12-10,17574.75,0.4714
2015-12-11,17265.21,-1.7613
2015-12-14,17368.5,0.5983
2015-12-15,17524.91,0.9005
2015-12-16,17749.09,1.2792
2015-12-17,17495.84,-1.4268
2015-12-18,17128.55,-2.0993
2015-12-21,17251.62,0.7185
2015-12-22,17417.27,0.9602
2015-12-23,17602.61,1.0641
2015-12-24,17552.17,-0.2865
2015-12-28,17528.27,-0.1362
2015-12-29,17720.98,1.0994
2015-12-30,17603.87,-0.6609
2015-12-31,17425.03,-1.0159
2016-01-04,17148.94,-1.5844
2016-01-05,17158.66,0.0567
2016-01-06,16906.51,-1.4695
2016-01-07,16514.1,-2.3211
2016-01-08,16346.45,-1.0152
2016-01-11,16398.57,0.3188
2016-01-12,16516.22,0.7174
2016-01-13,16151.41,-2.2088
2016-01-14,16379.05,1.4094
2016-01-15,15988.08,-2.387
2016-01-19,16016.02,0.1748
2016-01-20,15766.74,-1.5564
2016-01-21,15882.68,0.7353
2016-01-22,16093.51,1.3274
2016-01-25,15885.22,-1.2942
2016-01-26,16167.23,1.7753
2016-01-27,15944.46,-1.3779
2016-01-28,16069.64,0.7851
2016-01-29,16466.3,2.4684
2016-02-01,16449.18,-0.104
2016-02-02,16153.54,-1.7973
2016-02-03,16336.66,1.1336
2016-02-04,16416.58,0.4892
2016-02-05,16204.97,-1.289
2016-02-08,16027.05,-1.0979
2016-02-09,16014.38,-0.0791
2016-02-10,15914.74,-0.6222
2016-02-11,15660.18,-1.5995
2016-02-12,15973.84,2.0029
2016-02-16,16196.41,1.3933
2016-02-17,16453.83,1.5894
2016-02-18,16413.43,-0.2455
2016-02-19,16391.99,-0.1306
2016-02-22,16620.66,1.395
2016-02-23,16431.78,-1.1364
2016-02-24,16484.99,0.3238
2016-02-25,16697.29,1.2878
2016-02-26,16639.97,-0.3433
2016-02-29,16516.5,-0.742
2016-03-01,16865.08,2.1105
2016-03-02,16899.32,0.203
2016-03-03,16943.9,0.2638
2016-03-04,17006.77,0.371
2016-03-07,17073.95,0.395
2016-03-08,16964.1,-0.6434
2016-03-09,17000.36,0.2137
2016-03-10,16995.13,-0.0308
2016-03-11,17213.31,1.2838
2016-03-14,17229.13,0.0919
2016-03-15,17251.53,0.13
2016-03-16,17325.76,0.4303
2016-03-17,17481.49,0.8988
2016-03-18,17602.3,0.6911
2016-03-21,17623.87,0.1225
2016-03-22,17582.57,-0.2343
2016-03-23,17502.59,-0.4549
2016-03-24,17515.73,0.0751
2016-03-28,17535.39,0.1122
2016-03-29,17633.11,0.5573
2016-03-30,17716.66,0.4738
2016-03-31,17685.09,-0.1782
2016-04-01,17792.75,0.6088
2016-04-04,17737.0,-0.3133
2016-04-05,17603.32,-0.7537
2016-04-06,17716.05,0.6404
2016-04-07,17541.96,-0.9827
2016-04-08,17576.96,0.1995
2016-04-11,17556.41,-0.1169
2016-04-12,17721.25,0.9389
2016-04-13,17908.28,1.0554
2016-04-14,17926.43,0.1013
2016-04-15,17897.46,-0.1616
2016-04-18,18004.16,0.5962
2016-04-19,18053.6,0.2746
2016-04-20,18096.27,0.2364
2016-04-21,17982.52,-0.6286
2016-04-22,18003.75,0.1181
2016-04-25,17977.24,-0.1472
2016-04-26,17990.32,0.0728
2016-04-27,18041.55,0.2848
2016-04-28,17830.76,-1.1684
2016-04-29,17773.64,-0.3203
2016-05-02,17891.16,0.6612
2016-05-03,17750.91,-0.7839
2016-05-04,17651.26,-0.5614
2016-05-05,17660.71,0.0535
2016-05-06,17740.63,0.4525
2016-05-09,17705.91,-0.1957
2016-05-10,17928.35,1.2563
2016-05-11,17711.12,-1.2117
2016-05-12,17720.5,0.053
2016-05-13,17535.32,-1.045
2016-05-16,17710.71,1.0002
2016-05-17,17529.98,-1.0205
2016-05-18,17526.62,-0.0192
2016-05-19,17435.4,-0.5205
2016-05-20,17500.94,0.3759
2016-05-23,17492.93,-0.0458
2016-05-24,17706.05,1.2183
2016-05-25,17851.51,0.8215
2016-05-26,17828.29,-0.1301
2016-05-27,17873.22,0.252
2016-05-31,17787.2,-0.4813
2016-06-01,17789.67,0.0139
2016-06-02,17838.56,0.2748
2016-06-03,17807.06,-0.1766
2016-06-06,17920.33,0.6361
2016-06-07,17938.28,0.1002
2016-06-08,18005.05,0.3722
2016-06-09,17985.19,-0.1103
2016-06-10,17865.34,-0.6664
2016-06-13,17732.48,-0.7437
2016-06-14,17674.82,-0.3252
2016-06-15,17640.17,-0.196
2016-06-16,17733.1,0.5268
2016-06-17,17675.16,-0.3267
2016-06-20,17804.87,0.7339
2016-06-21,17829.73,0.1396
2016-06-22,17780.83,-0.2743
2016-06-23,18011.07,1.2949
2016-06-24,17400.75,-3.3886
2016-06-27,17140.24,-1.4971
2016-06-28,17409.72,1.5722
2016-06-29,17694.68,1.6368
2016-06-30,17929.99,1.3298
2016-07-01,17949.37,0.1081
2016-07-05,17840.62,-0.6059
2016-07-06,17918.62,0.4372
2016-07-07,17895.88,-0.1269
2016-07-08,18146.74,1.4018
2016-07-11,18226.93,0.4419
2016-07-12,18347.67,0.6624
2016-07-13,18372.12,0.1333
2016-07-14,18506.41,0.7309
2016-07-15,18516.55,0.0548
2016-07-18,18533.05,0.0891
2016-07-19,18559.01,0.1401
2016-07-20,18595.03,0.1941
2016-07-21,18517.23,-0.4184
2016-07-22,18570.85,0.2896
2016-07-25,18493.06,-0.4189
2016-07-26,18473.75,-0.1044
2016-07-27,18472.17,-0.0086
2016-07-28,18456.35,-0.0856
2016-07-29,18432.24,-0.1306
2016-08-01,18404.51,-0.1504
2016-08-02,18313.77,-0.493
2016-08-03,18355.0,0.2251
2016-08-04,18352.05,-0.0161
2016-08-05,18543.53,1.0434
2016-08-08,18529.29,-0.0768
2016-08-09,18533.05,0.0203
2016-08-10,18495.66,-0.2017
2016-08-11,18613.52,0.6372
2016-08-12,18576.47,-0.199
2016-08-15,18636.05,0.3207
2016-08-16,18552.02,-0.4509
2016-08-17,18573.94,0.1182
2016-08-18,18597.7,0.1279
2016-08-19,18552.57,-0.2427
2016-08-22,18529.42,-0.1248
2016-08-23,18547.3,0.0965
2016-08-24,18481.48,-0.3549
2016-08-25,18448.41,-0.1789
2016-08-26,18395.4,-0.2873
2016-08-29,18502.99,0.5849
2016-08-30,18454.3,-0.2631
2016-08-31,18400.88,-0.2895
2016-09-01,18419.3,0.1001
2016-09-02,18491.96,0.3945
2016-09-06,18538.12,0.2496
2016-09-07,18526.14,-0.0646
2016-09-08,18479.91,-0.2495
2016-09-09,18085.45,-2.1345
2016-09-12,18325.07,1.3249
2016-09-13,18066.75,-1.4097
2016-09-14,18034.77,-0.177
2016-09-15,18212.48,0.9854
2016-09-16,18123.8,-0.4869
2016-09-19,18120.17,-0.02
2016-09-20,18129.96,0.054
2016-09-21,18293.7,0.9031
2016-09-22,18392.46,0.5399
2016-09-23,18261.45,-0.7123
2016-09-26,18094.83,-0.9124
2016-09-27,18228.3,0.7376
2016-09-28,18339.24,0.6086
2016-09-29,18143.45,-1.0676
2016-09-30,18308.15,0.9078
2016-10-03,18253.85,-0.2966
2016-10-04,18168.45,-0.4678
2016-10-05,18281.03,0.6196
2016-10-06,18268.5,-0.0685
2016-10-07,18240.49,-0.1533
2016-10-10,18329.04,0.4855
2016-10-11,18128.66,-1.0932
2016-10-12,18144.2,0.0857
2016-10-13,18098.94,-0.2494
2016-10-14,18138.38,0.2179
2016-10-17,18086.4,-0.2866
2016-10-18,18161.94,0.4177
2016-10-19,18202.62,0.224
2016-10-20,18162.35,-0.2212
2016-10-21,18145.71,-0.0916
2016-10-24,18223.03,0.4261
2016-10-25,18169.27,-0.295
2016-10-26,18199.33,0.1654
2016-10-27,18169.68,-0.1629
2016-10-28,18161.19,-0.0467
2016-10-31,18142.42,-0.1034
2016-11-01,18037.1,-0.5805
2016-11-02,17959.64,-0.4294
2016-11-03,17930.67,-0.1613
2016-11-04,17888.28,-0.2364
2016-11-07,18259.6,2.0758
2016-11-08,18332.74,0.4006
2016-11-09,18589.69,1.4016
2016-11-10,18807.88,1.1737
2016-11-11,18847.66,0.2115
2016-11-14,18868.69,0.1116
2016-11-15,18923.06,0.2881
2016-11-16,18868.14,-0.2902
2016-11-17,18903.82,0.1891
2016-11-18,18867.93,-0.1899
2016-11-21,18956.69,0.4704
2016-11-22,19023.87,0.3544
2016-11-23,19083.18,0.3118
2016-11-25,19152.14,0.3614
2016-11-28,19097.9,-0.2832
2016-11-29,19121.6,0.1241
2016-11-30,19123.58,0.0104
2016-12-01,19191.93,0.3574
2016-12-02,19170.42,-0.1121
2016-12-05,19216.24,0.239
2016-12-06,19251.78,0.1849
2016-12-07,19549.62,1.5471
2016-12-08,19614.81,0.3335
2016-12-09,19756.85,0.7241
2016-12-12,19796.43,0.2003
2016-12-13,19911.21,0.5798
2016-12-14,19792.53,-0.596
2016-12-15,19852.24,0.3017
2016-12-16,19843.41,-0.0445
2016-12-19,19883.06,0.1998
2016-12-20,19974.62,0.4605
2016-12-21,19941.96,-0.1635
2016-12-22,19918.88,-0.1157
2016-12-23,19933.81,0.075
2016-12-27,19945.04,0.0563
2016-12-28,19833.68,-0.5583
2016-12-29,19819.78,-0.0701
2016-12-30,19762.6,-0.2885
2017-01-03,19881.76,0.603
2017-01-04,19942.16,0.3038
2017-01-05,19899.29,-0.215
2017-01-06,19963.8,0.3242
2017-01-09,19887.38,-0.3828
2017-01-10,19855.53,-0.1602
2017-01-11,19954.28,0.4973
2017-01-12,19891.0,-0.3171
2017-01-13,19885.73,-0.0265
2017-01-17,19826.77,-0.2965
2017-01-18,19804.72,-0.1112
2017-01-19,19732.4,-0.3652
2017-01-20,19827.25,0.4807
2017-01-23,19799.85,-0.1382
2017-01-24,19912.71,0.57
2017-01-25,20068.51,0.7824
2017-01-26,20100.91,0.1614
2017-01-27,20093.78,-0.0355
2017-01-30,19971.13,-0.6104
2017-01-31,19864.09,-0.536
2017-02-01,19890.94,0.1352
2017-02-02,19884.91,-0.0303
2017-02-03,20071.46,0.9381
2017-02-06,20052.42,-0.0949
2017-02-07,20090.29,0.1889
2017-02-08,20054.34,-0.1789
2017-02-09,20172.4,0.5887
2017-02-10,20269.37,0.4807
2017-02-13,20412.16,0.7045
2017-02-14,20504.41,0.4519
2017-02-15,20611.86,0.524
2017-02-16,20619.77,0.0384
2017-02-17,20624.05,0.0208
2017-02-21,20743.0,0.5768
2017-02-22,20775.6,0.1572
2017-02-23,20810.32,0.1671
2017-02-24,20821.76,0.055
2017-02-27,20837.44,0.0753
2017-02-28,20812.24,-0.1209
2017-03-01,21115.55,1.4574
2017-03-02,21002.97,-0.5332
2017-03-03,21005.71,0.013
2017-03-06,20954.34,-0.2446
2017-03-07,20924.76,-0.1412
2017-03-08,20855.73,-0.3299
2017-03-09,20858.19,0.0118
2017-03-10,20902.98,0.2147
2017-03-13,20881.48,-0.1029
2017-03-14,20837.37,-0.2112
2017-03-15,20950.1,0.541
2017-03-16,20934.55,-0.0742
2017-03-17,20914.62,-0.0952
2017-03-20,20905.86,-0.0419
2017-03-21,20668.01,-1.1377
2017-03-22,20661.3,-0.0325
2017-03-23,20656.58,-0.0228
2017-03-24,20596.72,-0.2898
2017-03-27,20550.98,-0.2221
2017-03-28,20701.5,0.7324
2017-03-29,20659.32,-0.2038
2017-03-30,20728.49,0.3348
2017-03-31,20663.22,-0.3149
2017-04-03,20650.21,-0.063
2017-04-04,20689.24,0.189
2017-04-05,20648.15,-0.1986
2017-04-06,20662.95,0.0717
2017-04-07,20656.1,-0.0332
2017-04-10,20658.02,0.0093
2017-04-11,20651.3,-0.0325
2017-04-12,20591.86,-0.2878
2017-04-13,20453.25,-0.6731
2017-04-17,20636.92,0.898
2017-04-18,20523.28,-0.5507
2017-04-19,20404.49,-0.5788
2017-04-20,20578.71,0.8538
2017-04-21,20547.76,-0.1504
2017-04-24,20763.89,1.0518
2017-04-25,20996.12,1.1184
2017-04-26,20975.09,-0.1002
2017-04-27,20981.33,0.0297
2017-04-28,20940.51,-0.1946
2017-05-01,20913.46,-0.1292
2017-05-02,20949.89,0.1742
2017-05-03,20957.9,0.0382
2017-05-04,20951.47,-0.0307
2017-05-05,21006.94,0.2648
2017-05-08,21012.28,0.0254
2017-05-09,20975.78,-0.1737
2017-05-10,20943.11,-0.1558
2017-05-11,20919.42,-0.1131
2017-05-12,20896.61,-0.109
2017-05-15,20981.94,0.4083
2017-05-16,20979.75,-0.0104
2017-05-17,20606.93,-1.777
2017-05-18,20663.02,0.2722
2017-05-19,20804.84,0.6863
2017-05-22,20894.83,0.4325
2017-05-23,20937.91,0.2062
2017-05-24,21012.42,0.3559
2017-05-25,21082.95,0.3357
2017-05-26,21080.28,-0.0127
2017-05-30,21029.47,-0.241
2017-05-31,21008.65,-0.099
2017-06-01,21144.18,0.6451
2017-06-02,21206.29,0.2937
2017-06-05,21184.04,-0.1049
2017-06-06,21136.23,-0.2257
2017-06-07,21173.69,0.1772
2017-06-08,21182.53,0.0417
2017-06-09,21271.97,0.4222
2017-06-12,21235.67,-0.1706
2017-06-13,21328.47,0.437
2017-06-14,21374.56,0.2161
2017-06-15,21359.9,-0.0686
2017-06-16,21384.28,0.1141
2017-06-19,21528.99,0.6767
2017-06-20,21467.14,-0.2873
2017-06-21,21410.03,-0.266
2017-06-22,21397.29,-0.0595
2017-06-23,21394.76,-0.0118
2017-06-26,21409.55,0.0691
2017-06-27,21310.66,-0.4619
2017-06-28,21454.61,0.6755
2017-06-29,21287.03,-0.7811
2017-06-30,21349.63,0.2941
2017-07-03,21479.27,0.6072
2017-07-05,21478.17,-0.0051
2017-07-06,21320.04,-0.7362
2017-07-07,21414.34,0.4423
2017-07-10,21408.52,-0.0272
2017-07-11,21409.07,0.0026
2017-07-12,21532.14,0.5748
2017-07-13,21553.09,0.0973
2017-07-14,21637.74,0.3928
2017-07-17,21629.72,-0.0371
2017-07-18,21574.73,-0.2542
2017-07-19,21640.75,0.306
2017-07-20,21611.78,-0.1339
2017-07-21,21580.07,-0.1467
2017-07-24,21513.17,-0.31
2017-07-25,21613.43,0.466
2017-07-26,21711.01,0.4515
2017-07-27,21796.55,0.394
2017-07-28,21830.31,0.1549
2017-07-31,21891.12,0.2786
2017-08-01,21963.92,0.3326
2017-08-02,22016.24,0.2382
2017-08-03,22026.1,0.0448
2017-08-04,22092.81,0.3029
2017-08-07,22118.42,0.1159
2017-08-08,22085.34,-0.1496
2017-08-09,22048.7,-0.1659
2017-08-10,21844.01,-0.9284
2017-08-11,21858.32,0.0655
2017-08-14,21993.71,0.6194
2017-08-15,21998.99,0.024
2017-08-16,22024.87,0.1176
2017-08-17,21750.73,-1.2447
2017-08-18,21674.51,-0.3504
2017-08-21,21703.75,0.1349
2017-08-22,21899.89,0.9037
2017-08-23,21812.09,-0.4009
2017-08-24,21783.4,-0.1315
2017-08-25,21813.67,0.139
2017-08-28,21808.4,-0.0242
2017-08-29,21865.37,0.2612
2017-08-30,21892.43,0.1238
2017-08-31,21948.1,0.2543
2017-09-01,21987.56,0.1798
2017-09-05,21753.31,-1.0654
2017-09-06,21807.64,0.2498
2017-09-07,21784.78,-0.1048
2017-09-08,21797.79,0.0597
2017-09-11,22057.37,1.1909
2017-09-12,22118.86,0.2788
2017-09-13,22158.18,0.1778
2017-09-14,22203.48,0.2044
2017-09-15,22268.34,0.2921
2017-09-18,22331.35,0.283
2017-09-19,22370.8,0.1767
2017-09-20,22412.59,0.1868
2017-09-21,22359.23,-0.2381
2017-09-22,22349.59,-0.0431
2017-09-25,22296.09,-0.2394
2017-09-26,22284.32,-0.0528
2017-09-27,22340.71,0.253
2017-09-28,22381.2,0.1812
2017-09-29,22405.09,0.1067
2017-10-02,22557.6,0.6807
2017-10-03,22641.67,0.3727
2017-10-04,22661.64,0.0882
2017-10-05,22775.39,0.5019
2017-10-06,22773.67,-0.0076
2017-10-09,22761.07,-0.0553
2017-10-10,22830.68,0.3058
2017-10-11,22872.89,0.1849
2017-10-12,22841.01,-0.1394
2017-10-13,22871.72,0.1345
2017-10-16,22956.96,0.3727
2017-10-17,22997.44,0.1763
2017-10-18,23157.6,0.6964
2017-10-19,23163.04,0.0235
2017-10-20,23328.63,0.7149
2017-10-23,23273.96,-0.2343
2017-10-24,23441.76,0.721
2017-10-25,23329.46,-0.4791
2017-10-26,23400.86,0.3061
2017-10-27,23434.19,0.1424
2017-10-30,23348.74,-0.3646
2017-10-31,23377.24,0.1221
2017-11-01,23435.01,0.2471
2017-11-02,23516.26,0.3467
2017-11-03,23539.19,0.0975
2017-11-06,23548.42,0.0392
2017-11-07,23557.23,0.0374
2017-11-08,23563.36,0.026
2017-11-09,23461.94,-0.4304
2017-11-10,23422.21,-0.1693
2017-11-13,23439.7,0.0747
2017-11-14,23409.47,-0.129
2017-11-15,23271.28,-0.5903
2017-11-16,23458.36,0.8039
2017-11-17,23358.24,-0.4268
2017-11-20,23430.33,0.3086
2017-11-21,23590.83,0.685
2017-11-22,23526.18,-0.274
2017-11-24,23557.99,0.1352
2017-11-27,23580.78,0.0967
2017-11-28,23836.71,1.0853
2017-11-29,23940.68,0.4362
2017-11-30,24272.35,1.3854
2017-12-01,24231.59,-0.1679
2017-12-04,24290.05,0.2413
2017-12-05,24180.64,-0.4504
2017-12-06,24140.91,-0.1643
2017-12-07,24211.48,0.2923
2017-12-08,24329.16,0.4861
2017-12-11,24386.03,0.2338
2017-12-12,24504.8,0.487
2017-12-13,24585.43,0.329
2017-12-14,24508.66,-0.3123
2017-12-15,24651.74,0.5838
2017-12-18,24792.2,0.5698
2017-12-19,24754.75,-0.1511
2017-12-20,24726.65,-0.1135
2017-12-21,24782.29,0.225
2017-12-22,24754.06,-0.1139
2017-12-26,24746.21,-0.0317
2017-12-27,24774.3,0.1135
2017-12-28,24837.51,0.2551
2017-12-29,24719.22,-0.4763
2018-01-02,24824.01,0.4239
2018-01-03,24922.68,0.3975
2018-01-04,25075.13,0.6117
2018-01-05,25295.87,0.8803
2018-01-08,25283.0,-0.0509
2018-01-09,25385.8,0.4066
2018-01-10,25369.13,-0.0657
2018-01-11,25574.73,0.8104
2018-01-12,25803.19,0.8933
2018-01-16,25792.86,-0.04
2018-01-17,26115.65,1.2515
2018-01-18,26017.81,-0.3746
2018-01-19,26071.72,0.2072
2018-01-22,26214.6,0.548
2018-01-23,26210.81,-0.0145
2018-01-24,26252.12,0.1576
2018-01-25,26392.79,0.5358
2018-01-26,26616.71,0.8484
2018-01-29,26439.48,-0.6659
2018-01-30,26076.89,-1.3714
2018-01-31,26149.39,0.278
2018-02-01,26186.71,0.1427
2018-02-02,25520.96,-2.5423
2018-02-05,24345.75,-4.6049
2018-02-06,24912.77,2.329
2018-02-07,24893.35,-0.078
2018-02-08,23860.46,-4.1493
2018-02-09,24190.9,1.3849
2018-02-12,24601.27,1.6964
2018-02-13,24640.45,0.1593
2018-02-14,24893.49,1.0269
2018-02-15,25200.37,1.2328
2018-02-16,25219.38,0.0754
2018-02-20,24964.75,-1.0097
2018-02-21,24797.78,-0.6688
2018-02-22,24962.48,0.6642
2018-02-23,25309.99,1.3921
2018-02-26,25709.27,1.5776
2018-02-27,25410.03,-1.1639
2018-02-28,25029.2,-1.4987
2018-03-01,24608.98,-1.6789
2018-03-02,24538.06,-0.2882
2018-03-05,24874.76,1.3722
2018-03-06,24884.12,0.0376
2018-03-07,24801.36,-0.3326
2018-03-08,24895.21,0.3784
2018-03-09,25335.74,1.7695
2018-03-12,25178.61,-0.6202
2018-03-13,25007.03,-0.6815
2018-03-14,24758.12,-0.9954
2018-03-15,24873.66,0.4667
2018-03-16,24946.51,0.2929
2018-03-19,24610.91,-1.3453
2018-03-20,24727.27,0.4728
2018-03-21,24682.31,-0.1818
2018-03-22,23957.89,-2.935
2018-03-23,23533.2,-1.7727
2018-03-26,24202.6,2.8445
2018-03-27,23857.71,-1.425
2018-03-28,23848.42,-0.0389
2018-03-29,24103.11,1.068
2018-04-02,23644.19,-1.904
2018-04-03,24033.36,1.6459
2018-04-04,24264.3,0.9609
2018-04-05,24505.22,0.9929
2018-04-06,23932.76,-2.3361
2018-04-09,23979.1,0.1936
2018-04-10,24408.0,1.7886
2018-04-11,24189.45,-0.8954
2018-04-12,24483.05,1.2138
2018-04-13,24360.14,-0.502
2018-04-16,24573.04,0.874
2018-04-17,24786.63,0.8692
2018-04-18,24748.07,-0.1556
2018-04-19,24664.89,-0.3361
2018-04-20,24462.94,-0.8188
2018-04-23,24448.69,-0.0583
2018-04-24,24024.13,-1.7365
2018-04-25,24083.83,0.2485
2018-04-26,24322.34,0.9903
2018-04-27,24311.19,-0.0458
2018-04-30,24163.15,-0.6089
2018-05-01,24099.05,-0.2653
2018-05-02,23924.98,-0.7223
2018-05-03,23930.15,0.0216
2018-05-04,24262.51,1.3889
2018-05-07,24357.32,0.3908
2018-05-08,24360.21,0.0119
2018-05-09,24542.54,0.7485
2018-05-10,24739.53,0.8026
2018-05-11,24831.17,0.3704
2018-05-14,24899.41,0.2748
2018-05-15,24706.41,-0.7751
2018-05-16,24768.93,0.2531
2018-05-17,24713.98,-0.2219
2018-05-18,24715.09,0.0045
2018-05-21,25013.29,1.2066
2018-05-22,24834.41,-0.7151
2018-05-23,24886.81,0.211
2018-05-24,24811.76,-0.3016
2018-05-25,24753.09,-0.2365
2018-05-29,24361.45,-1.5822
2018-05-30,24667.78,1.2574
2018-05-31,24415.84,-1.0213
2018-06-01,24635.21,0.8985
2018-06-04,24813.69,0.7245
2018-06-05,24799.98,-0.0553
2018-06-06,25146.39,1.3968
2018-06-07,25241.41,0.3779
2018-06-08,25316.53,0.2976
2018-06-11,25322.31,0.0228
2018-06-12,25320.73,-0.0062
2018-06-13,25201.2,-0.4721
2018-06-14,25175.31,-0.1027
2018-06-15,25090.48,-0.337
2018-06-18,24987.47,-0.4106
2018-06-19,24700.21,-1.1496
2018-06-20,24657.8,-0.1717
2018-06-21,24461.7,-0.7953
2018-06-22,24580.89,0.4873
2018-06-25,24252.8,-1.3347
2018-06-26,24283.11,0.125
2018-06-27,24117.59,-0.6816
2018-06-28,24216.05,0.4082
2018-06-29,24271.41,0.2286
2018-07-02,24307.18,0.1474
2018-07-03,24174.82,-0.5445
2018-07-05,24356.74,0.7525
2018-07-06,24456.48,0.4095
2018-07-09,24776.59,1.3089
2018-07-10,24919.66,0.5774
2018-07-11,24700.45,-0.8797
2018-07-12,24924.89,0.9086
2018-07-13,25019.41,0.3792
2018-07-16,25064.36,0.1797
2018-07-17,25119.89,0.2215
2018-07-18,25199.29,0.3161
2018-07-19,25064.5,-0.5349
2018-07-20,25058.12,-0.0255
2018-07-23,25044.29,-0.0552
2018-07-24,25241.94,0.7892
2018-07-25,25414.1,0.682
2018-07-26,25527.07,0.4445
2018-07-27,25451.06,-0.2978
2018-07-30,25306.83,-0.5667
2018-07-31,25415.19,0.4282
2018-08-01,25333.82,-0.3202
2018-08-02,25326.16,-0.0302
2018-08-03,25462.58,0.5387
2018-08-06,25502.18,0.1555
2018-08-07,25628.91,0.4969
2018-08-08,25583.75,-0.1762
2018-08-09,25509.23,-0.2913
2018-08-10,25313.14,-0.7687
2018-08-13,25187.7,-0.4956
2018-08-14,25299.92,0.4455
2018-08-15,25162.41,-0.5435
2018-08-16,25558.73,1.575
2018-08-17,25669.32,0.4327
2018-08-20,25758.69,0.3482
2018-08-21,25822.29,0.2469
2018-08-22,25733.6,-0.3435
2018-08-23,25656.98,-0.2977
2018-08-24,25790.35,0.5198
2018-08-27,26049.64,1.0054
2018-08-28,26064.02,0.0552
2018-08-29,26124.57,0.2323
2018-08-30,25986.92,-0.5269
2018-08-31,25964.82,-0.085
2018-09-04,25952.48,-0.0475
2018-09-05,25974.99,0.0867
2018-09-06,25995.87,0.0804
2018-09-07,25916.54,-0.3052
2018-09-10,25857.07,-0.2295
2018-09-11,25971.06,0.4408
2018-09-12,25998.92,0.1073
2018-09-13,26145.99,0.5657
2018-09-14,26154.67,0.0332
2018-09-17,26062.12,-0.3539
2018-09-18,26246.96,0.7092
2018-09-19,26405.76,0.605
2018-09-20,26656.98,0.9514
2018-09-21,26743.5,0.3246
2018-09-24,26562.05,-0.6785
2018-09-25,26492.21,-0.2629
2018-09-26,26385.28,-0.4036
2018-09-27,26439.93,0.2071
2018-09-28,26458.31,0.0695
2018-10-01,26651.21,0.7291
2018-10-02,26773.94,0.4605
2018-10-03,26828.39,0.2034
2018-10-04,26627.48,-0.7489
2018-10-05,26447.05,-0.6776
2018-10-08,26486.78,0.1502
2018-10-09,26430.57,-0.2122
2018-10-10,25598.74,-3.1472
2018-10-11,25052.83,-2.1326
2018-10-12,25339.99,1.1462
2018-10-15,25250.55,-0.353
2018-10-16,25798.42,2.1697
2018-10-17,25706.68,-0.3556
2018-10-18,25379.45,-1.2729
2018-10-19,25444.34,0.2557
2018-10-22,25317.41,-0.4989
2018-10-23,25191.43,-0.4976
2018-10-24,24583.42,-2.4136
2018-10-25,24984.55,1.6317
2018-10-26,24688.31,-1.1857
2018-10-29,24442.92,-0.994
2018-10-30,24874.64,1.7662
2018-10-31,25115.76,0.9693
2018-11-01,25380.74,1.055
2018-11-02,25270.83,-0.433
2018-11-05,25461.7,0.7553
2018-11-06,25635.01,0.6807
2018-11-07,26180.3,2.1271
2018-11-08,26191.22,0.0417
2018-11-09,25989.3,-0.7709
2018-11-12,25387.18,-2.3168
2018-11-13,25286.49,-0.3966
2018-11-14,25080.5,-0.8146
2018-11-15,25289.27,0.8324
2018-11-16,25413.22,0.4901
2018-11-19,25017.44,-1.5574
2018-11-20,24465.64,-2.2057
2018-11-21,24464.69,-0.0039
2018-11-23,24285.95,-0.7306
2018-11-26,24640.24,1.4588
2018-11-27,24748.73,0.4403
2018-11-28,25366.43,2.4959
2018-11-29,25338.84,-0.1088
2018-11-30,25538.46,0.7878
2018-12-03,25826.43,1.1276
2018-12-04,25027.07,-3.0951
2018-12-06,24947.67,-0.3173
2018-12-07,24388.95,-2.2396
2018-12-10,24423.26,0.1407
2018-12-11,24370.24,-0.2171
2018-12-12,24527.27,0.6444
2018-12-13,24597.38,0.2858
2018-12-14,24100.51,-2.02
2018-12-17,23592.98,-2.1059
2018-12-18,23675.64,0.3504
2018-12-19,23323.66,-1.4867
2018-12-20,22859.6,-1.9897
2018-12-21,22445.37,-1.8121
2018-12-24,21792.2,-2.91
2018-12-26,22878.45,4.9846
2018-12-27,23138.82,1.1381
2018-12-28,23062.4,-0.3303
2018-12-31,23327.46,1.1493
2019-01-02,23346.24,0.0805
2019-01-03,22686.22,-2.8271
2019-01-04,23433.16,3.2925
2019-01-07,23531.35,0.419
2019-01-08,23787.45,1.0883
2019-01-09,23879.12,0.3854
2019-01-10,24001.92,0.5143
2019-01-11,23995.95,-0.0249
2019-01-14,23909.84,-0.3589
2019-01-15,24065.59,0.6514
2019-01-16,24207.16,0.5883
2019-01-17,24370.1,0.6731
2019-01-18,24706.35,1.3798
2019-01-22,24404.48,-1.2218
2019-01-23,24575.62,0.7013
2019-01-24,24553.24,-0.0911
2019-01-25,24737.2,0.7492
2019-01-28,24528.22,-0.8448
2019-01-29,24579.96,0.2109
2019-01-30,25014.86,1.7693
2019-01-31,24999.67,-0.0607
2019-02-01,25063.89,0.2569
2019-02-04,25239.37,0.7001
2019-02-05,25411.52,0.6821
2019-02-06,25390.3,-0.0835
2019-02-07,25169.53,-0.8695
2019-02-08,25106.33,-0.2511
2019-02-11,25053.11,-0.212
2019-02-12,25425.76,1.4874
2019-02-13,25543.27,0.4622
2019-02-14,25439.39,-0.4067
2019-02-15,25883.25,1.7448
2019-02-19,25891.32,0.0312
2019-02-20,25954.44,0.2438
2019-02-21,25850.63,-0.4
2019-02-22,26031.81,0.7009
2019-02-25,26091.95,0.231
2019-02-26,26057.98,-0.1302
2019-02-27,25985.16,-0.2795
2019-02-28,25916.0,-0.2662
2019-03-01,26026.32,0.4257
2019-03-04,25819.65,-0.7941
2019-03-05,25806.63,-0.0504
2019-03-06,25673.46,-0.516
2019-03-07,25473.23,-0.7799
2019-03-08,25450.24,-0.0903
2019-03-11,25650.88,0.7884
2019-03-12,25554.66,-0.3751
2019-03-13,25702.89,0.5801
2019-03-14,25709.94,0.0274
2019-03-15,25848.87,0.5404
2019-03-18,25914.1,0.2524
2019-03-19,25887.38,-0.1031
2019-03-20,25745.67,-0.5474
2019-03-21,25962.51,0.8422
2019-03-22,25502.32,-1.7725
2019-03-25,25516.83,0.0569
2019-03-26,25657.73,0.5522
2019-03-27,25625.59,-0.1253
2019-03-28,25717.46,0.3585
2019-03-29,25928.68,0.8213
2019-04-01,26258.42,1.2717
2019-04-02,26179.13,-0.302
2019-04-03,26218.13,0.149
2019-04-04,26384.63,0.6351
2019-04-05,26424.99,0.153
2019-04-08,26341.02,-0.3178
2019-04-09,26150.58,-0.723
2019-04-10,26157.16,0.0252
2019-04-11,26143.05,-0.0539
2019-04-12,26412.3,1.0299
2019-04-15,26384.77,-0.1042
2019-04-16,26452.66,0.2573
2019-04-17,26449.54,-0.0118
2019-04-18,26559.54,0.4159
2019-04-22,26511.05,-0.1826
2019-04-23,26656.39,0.5482
2019-04-24,26597.05,-0.2226
2019-04-25,26462.08,-0.5075
2019-04-26,26543.33,0.307
2019-04-29,26554.39,0.0417
2019-04-30,26592.91,0.1451
2019-05-01,26430.14,-0.6121
2019-05-02,26307.79,-0.4629
2019-05-03,26504.95,0.7494
2019-05-06,26438.48,-0.2508
2019-05-07,25965.09,-1.7905
2019-05-08,25967.33,0.0086
2019-05-09,25828.36,-0.5352
2019-05-10,25942.37,0.4414
2019-05-13,25324.99,-2.3798
2019-05-14,25532.05,0.8176
2019-05-15,25648.02,0.4542
2019-05-16,25862.68,0.8369
2019-05-17,25764.0,-0.3816
2019-05-20,25679.9,-0.3264
2019-05-21,25877.33,0.7688
2019-05-22,25776.61,-0.3892
2019-05-23,25490.47,-1.1101
2019-05-24,25585.69,0.3736
2019-05-28,25347.77,-0.9299
2019-05-29,25126.41,-0.8733
2019-05-30,25169.88,0.173
2019-05-31,24815.04,-1.4098
2019-06-03,24819.78,0.0191
2019-06-04,25332.18,2.0645
2019-06-05,25539.57,0.8187
2019-06-06,25720.66,0.7091
2019-06-07,25983.94,1.0236
2019-06-10,26062.68,0.303
2019-06-11,26048.51,-0.0544
2019-06-12,26004.83,-0.1677
2019-06-13,26106.77,0.392
2019-06-14,26089.61,-0.0657
2019-06-17,26112.53,0.0879
2019-06-18,26465.54,1.3519
2019-06-19,26504.0,0.1453
2019-06-20,26753.17,0.9401
2019-06-21,26719.13,-0.1272
2019-06-24,26727.54,0.0315
2019-06-25,26548.22,-0.6709
2019-06-26,26536.82,-0.0429
2019-06-27,26526.58,-0.0386
2019-06-28,26599.96,0.2766
2019-07-01,26717.43,0.4416
2019-07-02,26786.68,0.2592
2019-07-03,26966.0,0.6694
2019-07-05,26922.12,-0.1627
2019-07-08,26806.14,-0.4308
2019-07-09,26783.49,-0.0845
2019-07-10,26860.2,0.2864
2019-07-11,27088.08,0.8484
2019-07-12,27332.03,0.9006
2019-07-15,27359.16,0.0993
2019-07-16,27335.63,-0.086
2019-07-17,27219.85,-0.4235
2019-07-18,27222.97,0.0115
2019-07-19,27154.2,-0.2526
2019-07-22,27171.9,0.0652
2019-07-23,27349.19,0.6525
2019-07-24,27269.97,-0.2897
2019-07-25,27140.98,-0.473
2019-07-26,27192.45,0.1896
2019-07-29,27221.35,0.1063
2019-07-30,27198.02,-0.0857
2019-07-31,26864.27,-1.2271
2019-08-01,26583.42,-1.0454
2019-08-02,26485.01,-0.3702
2019-08-05,25717.74,-2.897
2019-08-06,26029.52,1.2123
2019-08-07,26007.07,-0.0862
2019-08-08,26378.19,1.427
2019-08-09,26287.44,-0.344
2019-08-12,25896.44,-1.4874
2019-08-13,26279.91,1.4808
2019-08-14,25479.42,-3.046
2019-08-15,25579.39,0.3924
2019-08-16,25886.01,1.1987
2019-08-19,26135.79,0.9649
2019-08-20,25962.44,-0.6633
2019-08-21,26202.73,0.9255
2019-08-22,26252.24,0.1889
2019-08-23,25628.9,-2.3744
2019-08-26,25898.83,1.0532
2019-08-27,25777.9,-0.4669
2019-08-28,26036.1,1.0016
2019-08-29,26362.25,1.2527
2019-08-30,26403.28,0.1556
2019-09-03,26118.02,-1.0804
2019-09-04,26355.47,0.9091
2019-09-05,26728.15,1.4141
2019-09-06,26797.46,0.2593
2019-09-09,26835.51,0.142
2019-09-10,26909.43,0.2755
2019-09-11,27137.04,0.8458
2019-09-12,27182.45,0.1673
2019-09-13,27219.52,0.1364
2019-09-16,27076.82,-0.5243
2019-09-17,27110.8,0.1255
2019-09-18,27147.08,0.1338
2019-09-19,27094.79,-0.1926
2019-09-20,26935.07,-0.5895
2019-09-23,26949.99,0.0554
2019-09-24,26807.77,-0.5277
2019-09-25,26970.71,0.6078
2019-09-26,26891.12,-0.2951
2019-09-27,26820.25,-0.2635
2019-09-30,26916.83,0.3601
2019-10-01,26573.04,-1.2772
2019-10-02,26078.62,-1.8606
2019-10-03,26201.04,0.4694
2019-10-04,26573.72,1.4224
2019-10-07,26478.02,-0.3601
2019-10-08,26164.04,-1.1858
2019-10-09,26346.01,0.6955
2019-10-10,26496.67,0.5719
2019-10-11,26816.59,1.2074
2019-10-14,26787.36,-0.109
2019-10-15,27024.8,0.8864
2019-10-16,27001.98,-0.0844
2019-10-17,27025.88,0.0885
2019-10-18,26770.2,-0.9461
2019-10-21,26827.64,0.2146
2019-10-22,26788.1,-0.1474
2019-10-23,26833.95,0.1712
2019-10-24,26805.53,-0.1059
2019-10-25,26958.06,0.569
2019-10-28,27090.72,0.4921
2019-10-29,27071.46,-0.0711
2019-10-30,27186.69,0.4257
2019-10-31,27046.23,-0.5166
2019-11-01,27347.36,1.1134
2019-11-04,27462.11,0.4196
2019-11-05,27492.63,0.1111
2019-11-06,27492.56,-0.0003
2019-11-07,27674.8,0.6629
2019-11-08,27681.24,0.0233
2019-11-11,27691.49,0.037
2019-11-12,27691.49,0.0
2019-11-13,27783.59,0.3326
2019-11-14,27781.96,-0.0059
2019-11-15,28004.89,0.8024
2019-11-18,28036.22,0.1119
2019-11-19,27934.02,-0.3645
2019-11-20,27821.09,-0.4043
2019-11-21,27766.29,-0.197
2019-11-22,27875.62,0.3938
2019-11-25,28066.47,0.6846
2019-11-26,28121.68,0.1967
2019-11-27,28164.0,0.1505
2019-11-29,28051.41,-0.3998
2019-12-02,27783.04,-0.9567
2019-12-03,27502.81,-1.0086
2019-12-04,27649.78,0.5344
2019-12-05,27677.79,0.1013
2019-12-06,28015.06,1.2186
2019-12-09,27909.6,-0.3764
2019-12-10,27881.72,-0.0999
2019-12-11,27911.3,0.1061
2019-12-12,28132.05,0.7909
2019-12-13,28135.38,0.0118
2019-12-16,28235.89,0.3572
2019-12-17,28267.16,0.1107
2019-12-18,28239.28,-0.0986
2019-12-19,28376.96,0.4875
2019-12-20,28455.09,0.2753
2019-12-23,28551.53,0.3389
2019-12-24,28515.45,-0.1264
2019-12-26,28621.39,0.3715
2019-12-27,28645.26,0.0834
2019-12-30,28462.14,-0.6393
2019-12-31,28538.44,0.2681
2020-01-02,28868.8,1.1576
2020-01-03,28634.88,-0.8103
2020-01-06,28703.38,0.2392
2020-01-07,28583.68,-0.417
2020-01-08,28745.09,0.5647
2020-01-09,28956.9,0.7369
2020-01-10,28823.77,-0.4598
2020-01-13,28907.05,0.2889
2020-01-14,28939.67,0.1128
2020-01-15,29030.22,0.3129
2020-01-16,29297.64,0.9212
2020-01-17,29348.1,0.1722
2020-01-21,29196.04,-0.5181
2020-01-22,29186.27,-0.0335
2020-01-23,29160.09,-0.0897
2020-01-24,28989.73,-0.5842
2020-01-27,28535.8,-1.5658
2020-01-28,28722.85,0.6555
2020-01-29,28734.45,0.0404
2020-01-30,28859.44,0.435
2020-01-31,28256.03,-2.0909
2020-02-03,28399.81,0.5088
2020-02-04,28807.63,1.436
2020-02-05,29290.85,1.6774
2020-02-06,29379.77,0.3036
2020-02-07,29102.51,-0.9437
2020-02-10,29276.82,0.599
2020-02-11,29276.34,-0.0016
2020-02-12,29551.42,0.9396
2020-02-13,29423.31,-0.4335
2020-02-14,29398.08,-0.0857
2020-02-18,29232.19,-0.5643
2020-02-19,29348.03,0.3963
2020-02-20,29219.98,-0.4363
2020-02-21,28992.41,-0.7788
2020-02-24,27960.8,-3.5582
2020-02-25,27081.36,-3.1453
2020-02-26,26957.59,-0.457
2020-02-27,25766.64,-4.4179
2020-02-28,25409.36,-1.3866
2020-03-02,26703.32,5.0925
2020-03-03,25917.41,-2.9431
2020-03-04,27090.86,4.5277
2020-03-05,26121.28,-3.579
2020-03-06,25864.78,-0.982
2020-03-09,23851.02,-7.7857
2020-03-10,25018.16,4.8935
2020-03-11,23553.22,-5.8555
2020-03-12,21200.62,-9.9884
2020-03-13,23185.62,9.3629
2020-03-16,20188.52,-12.9265
2020-03-17,21237.38,5.1953
2020-03-18,19898.92,-6.3024
2020-03-19,20087.19,0.9461
2020-03-20,19173.98,-4.5462
2020-03-23,18591.93,-3.0356
2020-03-24,20704.91,11.365
2020-03-25,21200.55,2.3938
2020-03-26,22552.17,6.3754
2020-03-27,21636.78,-4.059
2020-03-30,22327.48,3.1922
2020-03-31,21917.16,-1.8377
2020-04-01,20943.51,-4.4424
2020-04-02,21413.44,2.2438
2020-04-03,21052.53,-1.6854
2020-04-06,22679.99,7.7305
2020-04-07,22653.86,-0.1152
2020-04-08,23433.57,3.4418
2020-04-09,23719.37,1.2196
2020-04-13,23390.77,-1.3854
2020-04-14,23949.76,2.3898
2020-04-15,23504.35,-1.8598
2020-04-16,23537.68,0.1418
2020-04-17,24242.49,2.9944
2020-04-20,23650.44,-2.4422
2020-04-21,23018.88,-2.6704
2020-04-22,23475.82,1.9851
2020-04-23,23515.26,0.168
2020-04-24,23775.27,1.1057
2020-04-27,24133.78,1.5079
2020-04-28,24101.55,-0.1335
2020-04-29,24633.86,2.2086
2020-04-30,24345.72,-1.1697
2020-05-01,23723.69,-2.555
2020-05-04,23749.76,0.1099
2020-05-05,23883.09,0.5614
2020-05-06,23664.64,-0.9147
2020-05-07,23875.89,0.8927
2020-05-08,24331.32,1.9075
2020-05-11,24221.99,-0.4493
2020-05-12,23764.78,-1.8876
2020-05-13,23247.97,-2.1747
2020-05-14,23625.34,1.6232
2020-05-15,23685.42,0.2543
2020-05-18,24597.37,3.8503
2020-05-19,24206.86,-1.5876
2020-05-20,24575.9,1.5245
2020-05-21,24474.12,-0.4141
2020-05-22,24465.16,-0.0366
2020-05-26,24995.11,2.1661
2020-05-27,25548.27,2.2131
2020-05-28,25400.64,-0.5778
2020-05-29,25383.11,-0.069
2020-06-01,25475.02,0.3621
2020-06-02,25742.65,1.0506
2020-06-03,26269.89,2.0481
2020-06-04,26281.82,0.0454
2020-06-05,27110.98,3.1549
2020-06-08,27572.44,1.7021
2020-06-09,27272.3,-1.0886
2020-06-10,26989.99,-1.0352
2020-06-11,25128.17,-6.8982
2020-06-12,25605.54,1.8997
2020-06-15,25763.16,0.6156
2020-06-16,26289.98,2.0449
2020-06-17,26119.61,-0.648
2020-06-18,26080.1,-0.1513
2020-06-19,25871.46,-0.8
2020-06-22,26024.96,0.5933
2020-06-23,26156.1,0.5039
2020-06-24,25445.94,-2.7151
2020-06-25,25745.6,1.1776
2020-06-26,25015.55,-2.8356
2020-06-29,25595.8,2.3196
2020-06-30,25812.88,0.8481
2020-07-01,25734.97,-0.3018
2020-07-02,25827.36,0.359
2020-07-06,26287.03,1.7798
2020-07-07,25890.18,-1.5097
2020-07-08,26067.28,0.684
2020-07-09,25706.09,-1.3856
2020-07-10,26075.3,1.4363
2020-07-13,26085.8,0.0403
2020-07-14,26642.59,2.1345
2020-07-15,26870.1,0.8539
2020-07-16,26734.71,-0.5039
2020-07-17,26671.95,-0.2348
2020-07-20,26680.87,0.0334
2020-07-21,26840.4,0.5979
2020-07-22,27005.84,0.6164
2020-07-23,26652.33,-1.309
2020-07-24,26469.89,-0.6845
2020-07-27,26584.77,0.434
2020-07-28,26379.28,-0.773
2020-07-29,26539.57,0.6076
2020-07-30,26313.65,-0.8513
2020-07-31,26428.32,0.4358
2020-08-03,26664.4,0.8933
2020-08-04,26828.47,0.6153
2020-08-05,27201.52,1.3905
2020-08-06,27386.98,0.6818
2020-08-07,27433.48,0.1698
2020-08-10,27791.44,1.3048
2020-08-11,27686.91,-0.3761
2020-08-12,27976.84,1.0472
2020-08-13,27896.72,-0.2864
2020-08-14,27931.02,0.123
2020-08-17,27844.91,-0.3083
2020-08-18,27778.07,-0.24
2020-08-19,27692.88,-0.3067
2020-08-20,27739.73,0.1692
2020-08-21,27930.33,0.6871
2020-08-24,28308.46,1.3538
2020-08-25,28248.44,-0.212
2020-08-26,28331.92,0.2955
2020-08-27,28492.27,0.566
2020-08-28,28653.87,0.5672
2020-08-31,28430.05,-0.7811
2020-09-01,28645.66,0.7584
2020-09-02,29100.5,1.5878
2020-09-03,28292.73,-2.7758
2020-09-04,28133.31,-0.5635
2020-09-08,27500.89,-2.2479
2020-09-09,27940.47,1.5984
2020-09-10,27534.58,-1.4527
2020-09-11,27665.64,0.476
2020-09-14,27993.33,1.1845
2020-09-15,27995.6,0.0081
2020-09-16,28032.38,0.1314
2020-09-17,27901.98,-0.4652
2020-09-18,27657.42,-0.8765
2020-09-21,27147.7,-1.843
2020-09-22,27288.18,0.5175
2020-09-23,26763.13,-1.9241
2020-09-24,26815.44,0.1955
2020-09-25,27173.96,1.337
2020-09-28,27584.06,1.5092
2020-09-29,27452.66,-0.4764
2020-09-30,27781.7,1.1986
2020-10-01,27816.9,0.1267
2020-10-02,27682.81,-0.482
2020-10-05,28148.64,1.6827
2020-10-06,27772.76,-1.3353
2020-10-07,28303.46,1.9109
2020-10-08,28425.51,0.4312
2020-10-09,28586.9,0.5678
2020-10-12,28837.52,0.8767
2020-10-13,28679.81,-0.5469
2020-10-14,28514.0,-0.5781
2020-10-15,28494.2,-0.0694
2020-10-16,28606.31,0.3934
2020-10-19,28195.42,-1.4364
2020-10-20,28308.79,0.4021
2020-10-21,28210.82,-0.3461
2020-10-22,28363.66,0.5418
2020-10-23,28335.57,-0.099
2020-10-26,27685.38,-2.2946
2020-10-27,27463.19,-0.8026
2020-10-28,26519.95,-3.4346
2020-10-29,26659.11,0.5247
2020-10-30,26501.6,-0.5908
2020-11-02,26925.05,1.5978
2020-11-03,27480.03,2.0612
2020-11-04,27847.66,1.3378
2020-11-05,28390.18,1.9482
2020-11-06,28323.4,-0.2352
2020-11-09,29157.97,2.9466
2020-11-10,29420.92,0.9018
2020-11-11,29397.63,-0.0792
2020-11-12,29080.17,-1.0799
2020-11-13,29479.81,1.3743
2020-11-16,29950.44,1.5964
2020-11-17,29783.35,-0.5579
2020-11-18,29438.42,-1.1581
2020-11-19,29483.23,0.1522
2020-11-20,29263.48,-0.7453
2020-11-23,29591.27,1.1201
2020-11-24,30046.24,1.5375
2020-11-25,29872.47,-0.5783
2020-11-27,29910.37,0.1269
2020-11-30,29638.64,-0.9085
2020-12-01,29823.92,0.6251
2020-12-02,29883.79,0.2007
2020-12-03,29969.52,0.2869
2020-12-04,30218.26,0.83
2020-12-07,30069.79,-0.4913
2020-12-08,30173.88,0.3462
2020-12-09,30068.81,-0.3482
2020-12-10,29999.26,-0.2313
2020-12-11,30046.37,0.157
2020-12-14,29861.55,-0.6151
2020-12-15,30199.31,1.1311
2020-12-16,30154.54,-0.1482
2020-12-17,30303.37,0.4936
2020-12-18,30179.05,-0.4103
2020-12-21,30216.45,0.1239
2020-12-22,30015.51,-0.665
2020-12-23,30129.83,0.3809
2020-12-24,30199.87,0.2325
2020-12-28,30403.97,0.6758
2020-12-29,30335.67,-0.2246
2020-12-30,30409.56,0.2436
2020-12-31,30606.48,0.6476
2021-01-04,30223.89,-1.25
2021-01-05,30391.6,0.5549
2021-01-06,30829.4,1.4405
2021-01-07,31041.13,0.6868
2021-01-08,31097.97,0.1831
2021-01-11,31008.69,-0.2871
2021-01-12,31068.69,0.1935
2021-01-13,31060.47,-0.0265
2021-01-14,30991.52,-0.222
2021-01-15,30814.26,-0.572
2021-01-19,30930.52,0.3773
2021-01-20,31188.38,0.8337
2021-01-21,31176.01,-0.0397
2021-01-22,30996.98,-0.5743
2021-01-25,30960.0,-0.1193
2021-01-26,30937.04,-0.0742
2021-01-27,30303.17,-2.0489
2021-01-28,30603.36,0.9906
2021-01-29,29982.62,-2.0283
2021-02-01,30211.91,0.7647
2021-02-02,30687.48,1.5741
2021-02-03,30723.6,0.1177
2021-02-04,31055.86,1.0814
2021-02-05,31148.24,0.2975
2021-02-08,31385.76,0.7625
2021-02-09,31375.83,-0.0316
2021-02-10,31437.8,0.1975
2021-02-11,31430.7,-0.0226
2021-02-12,31458.4,0.0881
2021-02-16,31522.75,0.2046
2021-02-17,31613.02,0.2864
2021-02-18,31493.34,-0.3786
2021-02-19,31494.32,0.0031
2021-02-22,31521.69,0.0869
2021-02-23,31537.35,0.0497
2021-02-24,31961.86,1.3461
2021-02-25,31402.01,-1.7516
2021-02-26,30932.37,-1.4956
2021-03-01,31535.51,1.9499
2021-03-02,31391.52,-0.4566
2021-03-03,31270.09,-0.3868
2021-03-04,30924.14,-1.1063
2021-03-05,31496.3,1.8502
2021-03-08,31802.44,0.972
2021-03-09,31832.74,0.0953
2021-03-10,32297.02,1.4585
2021-03-11,32485.59,0.5839
2021-03-12,32778.64,0.9021
2021-03-15,32953.46,0.5333
2021-03-16,32825.95,-0.3869
2021-03-17,33015.37,0.577
2021-03-18,32862.3,-0.4636
2021-03-19,32627.97,-0.7131
2021-03-22,32731.2,0.3164
2021-03-23,32423.15,-0.9412
2021-03-24,32420.06,-0.0095
2021-03-25,32619.48,0.6151
2021-03-26,33072.88,1.39
2021-03-29,33171.37,0.2978
2021-03-30,33066.96,-0.3148
2021-03-31,32981.55,-0.2583
2021-04-01,33153.21,0.5205
2021-04-05,33527.19,1.128
2021-04-06,33430.24,-0.2892
2021-04-07,33446.26,0.0479
2021-04-08,33503.57,0.1713
2021-04-09,33800.6,0.8866
2021-04-12,33745.4,-0.1633
2021-04-13,33677.27,-0.2019
2021-04-14,33730.89,0.1592
2021-04-15,34035.99,0.9045
2021-04-16,34200.67,0.4838
2021-04-19,34077.63,-0.3598
2021-04-20,33821.3,-0.7522
2021-04-21,34137.31,0.9344
2021-04-22,33815.9,-0.9415
2021-04-23,34043.49,0.673
2021-04-26,33981.57,-0.1819
2021-04-27,33984.93,0.0099
2021-04-28,33820.38,-0.4842
2021-04-29,34060.36,0.7096
2021-04-30,33874.85,-0.5447
2021-05-03,34113.23,0.7037
2021-05-04,34133.03,0.058
2021-05-05,34230.34,0.2851
2021-05-06,34548.53,0.9296
2021-05-07,34777.76,0.6635
2021-05-10,34742.82,-0.1005
2021-05-11,34269.16,-1.3633
2021-05-12,33587.66,-1.9887
2021-05-13,34021.45,1.2915
2021-05-14,34382.13,1.0602
2021-05-17,34327.79,-0.158
2021-05-18,34060.66,-0.7782
2021-05-19,33896.04,-0.4833
2021-05-20,34084.15,0.555
2021-05-21,34207.84,0.3629
2021-05-24,34393.98,0.5441
2021-05-25,34312.46,-0.237
2021-05-26,34323.05,0.0309
2021-05-27,34464.64,0.4125
2021-05-28,34529.45,0.188
2021-06-01,34575.31,0.1328
2021-06-02,34600.38,0.0725
2021-06-03,34577.04,-0.0675
2021-06-04,34756.39,0.5187
2021-06-07,34630.24,-0.363
2021-06-08,34599.82,-0.0878
2021-06-09,34447.14,-0.4413
2021-06-10,34466.24,0.0554
2021-06-11,34479.6,0.0388
2021-06-14,34393.75,-0.249
2021-06-15,34299.33,-0.2745
2021-06-16,34033.67,-0.7745
2021-06-17,33823.45,-0.6177
2021-06-18,33290.08,-1.5769
2021-06-21,33876.97,1.763
2021-06-22,33945.58,0.2025
2021-06-23,33874.24,-0.2102
2021-06-24,34196.82,0.9523
2021-06-25,34433.84,0.6931
2021-06-28,34283.27,-0.4373
2021-06-29,34292.29,0.0263
2021-06-30,34502.51,0.613
2021-07-01,34633.53,0.3797
2021-07-02,34786.35,0.4412
2021-07-06,34577.37,-0.6008
2021-07-07,34681.79,0.302
2021-07-08,34421.93,-0.7493
2021-07-09,34870.16,1.3022
2021-07-12,34996.18,0.3614
2021-07-13,34888.79,-0.3069
2021-07-14,34933.23,0.1274
2021-07-15,34987.02,0.154
2021-07-16,34687.85,-0.8551
2021-07-19,33962.04,-2.0924
2021-07-20,34511.99,1.6193
2021-07-21,34798.0,0.8287
2021-07-22,34823.35,0.0728
2021-07-23,35061.55,0.684
2021-07-26,35144.31,0.236
2021-07-27,35058.52,-0.2441
2021-07-28,34930.93,-0.3639
2021-07-29,35084.53,0.4397
2021-07-30,34935.47,-0.4249
2021-08-02,34838.16,-0.2785
2021-08-03,35116.4,0.7987
2021-08-04,34792.67,-0.9219
2021-08-05,35064.25,0.7806
2021-08-06,35208.51,0.4114
2021-08-09,35101.85,-0.3029
2021-08-10,35264.67,0.4639
2021-08-11,35484.97,0.6247
2021-08-12,35499.85,0.0419
2021-08-13,35515.38,0.0437
2021-08-16,35625.4,0.3098
2021-08-17,35343.28,-0.7919
2021-08-18,34960.69,-1.0825
2021-08-19,34894.12,-0.1904
2021-08-20,35120.08,0.6476
2021-08-23,35335.71,0.614
2021-08-24,35366.26,0.0865
2021-08-25,35405.5,0.111
2021-08-26,35213.12,-0.5434
2021-08-27,35455.8,0.6892
2021-08-30,35399.84,-0.1578
2021-08-31,35360.73,-0.1105
2021-09-01,35312.53,-0.1363
2021-09-02,35443.82,0.3718
2021-09-03,35369.09,-0.2108
2021-09-07,35100.0,-0.7608
2021-09-08,35031.07,-0.1964
2021-09-09,34879.38,-0.433
2021-09-10,34607.72,-0.7789
2021-09-13,34869.63,0.7568
2021-09-14,34577.57,-0.8376
2021-09-15,34814.39,0.6849
2021-09-16,34751.32,-0.1812
2021-09-17,34584.88,-0.4789
2021-09-20,33970.47,-1.7765
2021-09-21,33919.84,-0.149
2021-09-22,34258.32,0.9979
2021-09-23,34764.82,1.4785
2021-09-24,34798.0,0.0954
2021-09-27,34869.37,0.2051
2021-09-28,34299.99,-1.6329
2021-09-29,34390.72,0.2645
2021-09-30,33843.92,-1.59
2021-10-01,34326.46,1.4258
2021-10-04,34002.92,-0.9425
2021-10-05,34314.67,0.9168
2021-10-06,34416.99,0.2982
2021-10-07,34754.94,0.9819
2021-10-08,34746.25,-0.025
2021-10-11,34496.06,-0.72
2021-10-12,34378.34,-0.3413
2021-10-13,34377.81,-0.0015
2021-10-14,34912.56,1.5555
2021-10-15,35294.76,1.0947
2021-10-18,35258.61,-0.1024
2021-10-19,35457.31,0.5636
2021-10-20,35609.34,0.4288
2021-10-21,35603.08,-0.0176
2021-10-22,35677.02,0.2077
2021-10-25,35741.15,0.1798
2021-10-26,35756.88,0.044
2021-10-27,35490.69,-0.7444
2021-10-28,35730.48,0.6756
2021-10-29,35819.56,0.2493
2021-11-01,35913.84,0.2632
2021-11-02,36052.63,0.3865
2021-11-03,36157.58,0.2911
2021-11-04,36124.23,-0.0922
2021-11-05,36327.95,0.5639
2021-11-08,36432.22,0.287
2021-11-09,36319.98,-0.3081
2021-11-10,36079.94,-0.6609
2021-11-11,35921.23,-0.4399
2021-11-12,36100.31,0.4985
2021-11-15,36087.45,-0.0356
2021-11-16,36142.22,0.1518
2021-11-17,35931.05,-0.5843
2021-11-18,35870.95,-0.1673
2021-11-19,35601.98,-0.7498
2021-11-22,35619.25,0.0485
2021-11-23,35813.8,0.5462
2021-11-24,35804.38,-0.0263
2021-11-26,34899.34,-2.5277
2021-11-29,35135.94,0.6779
2021-11-30,34483.72,-1.8563
2021-12-01,34022.04,-1.3388
2021-12-02,34639.79,1.8157
2021-12-03,34580.08,-0.1724
2021-12-06,35227.03,1.8709
2021-12-07,35719.43,1.3978
2021-12-08,35754.75,0.0989
2021-12-09,35754.69,-0.0002
2021-12-10,35970.99,0.605
2021-12-13,35650.95,-0.8897
2021-12-14,35544.18,-0.2995
2021-12-15,35927.43,1.0782
2021-12-16,35897.64,-0.0829
2021-12-17,35365.44,-1.4825
2021-12-20,34932.16,-1.2252
2021-12-21,35492.7,1.6047
2021-12-22,35753.89,0.7359
2021-12-23,35950.56,0.5501
2021-12-27,36302.38,0.9786
2021-12-28,36398.21,0.264
2021-12-29,36488.63,0.2484
2021-12-30,36398.08,-0.2482
2021-12-31,36338.3,-0.1642
2022-01-03,36585.06,0.6791
2022-01-04,36799.65,0.5866
2022-01-05,36407.11,-1.0667
2022-01-06,36236.47,-0.4687
2022-01-07,36231.66,-0.0133
2022-01-10,36068.87,-0.4493
2022-01-11,36252.02,0.5078
2022-01-12,36290.32,0.1056
2022-01-13,36113.62,-0.4869
2022-01-14,35911.81,-0.5588
2022-01-18,35368.47,-1.513
2022-01-19,35028.65,-0.9608
2022-01-20,34715.39,-0.8943
2022-01-21,34265.37,-1.2963
2022-01-24,34364.5,0.2893
2022-01-25,34297.73,-0.1943
2022-01-26,34168.09,-0.378
2022-01-27,34160.78,-0.0214
2022-01-28,34725.47,1.653
2022-01-31,35131.86,1.1703
2022-02-01,35405.24,0.7782
2022-02-02,35629.33,0.6329
2022-02-03,35111.16,-1.4543
2022-02-04,35089.74,-0.061
2022-02-07,35091.13,0.004
2022-02-08,35462.78,1.0591
2022-02-09,35768.06,0.8608
2022-02-10,35241.59,-1.4719
2022-02-11,34738.06,-1.4288
2022-02-14,34566.17,-0.4948
2022-02-15,34988.84,1.2228
2022-02-16,34934.27,-0.156
2022-02-17,34312.03,-1.7812
2022-02-18,34079.18,-0.6786
2022-02-22,33596.61,-1.416
2022-02-23,33131.76,-1.3836
2022-02-24,33223.83,0.2779
2022-02-25,34058.75,2.513
2022-02-28,33892.6,-0.4878
2022-03-01,33294.95,-1.7634
2022-03-02,33891.35,1.7913
2022-03-03,33794.66,-0.2853
2022-03-04,33614.8,-0.5322
2022-03-07,32817.38,-2.3722
2022-03-08,32632.64,-0.5629
2022-03-09,33286.25,2.0029
2022-03-10,33174.07,-0.337
2022-03-11,32944.19,-0.693
2022-03-14,32945.24,0.0032
2022-03-15,33544.34,1.8185
2022-03-16,34063.1,1.5465
2022-03-17,34480.76,1.2261
2022-03-18,34754.93,0.7951
2022-03-21,34552.99,-0.581
2022-03-22,34807.46,0.7365
2022-03-23,34358.5,-1.2898
2022-03-24,34707.94,1.017
2022-03-25,34861.24,0.4417
2022-03-28,34955.89,0.2715
2022-03-29,35294.19,0.9678
2022-03-30,35228.81,-0.1852
2022-03-31,34678.35,-1.5625
2022-04-01,34818.27,0.4035
2022-04-04,34921.88,0.2976
2022-04-05,34641.18,-0.8038
2022-04-06,34496.51,-0.4176
2022-04-07,34583.57,0.2524
2022-04-08,34721.12,0.3977
2022-04-11,34308.08,-1.1896
2022-04-12,34220.36,-0.2557
2022-04-13,34564.59,1.0059
2022-04-14,34451.23,-0.328
2022-04-18,34411.69,-0.1148
2022-04-19,34911.2,1.4516
2022-04-20,35160.79,0.7149
2022-04-21,34792.76,-1.0467
2022-04-22,33811.4,-2.8206
2022-04-25,34049.46,0.7041
2022-04-26,33240.18,-2.3768
2022-04-27,33301.93,0.1858
2022-04-28,33916.39,1.8451
2022-04-29,32977.21,-2.7691
2022-05-02,33061.5,0.2556
2022-05-03,33128.79,0.2035
2022-05-04,34061.06,2.8141
2022-05-05,32997.97,-3.1211
2022-05-06,32899.37,-0.2988
2022-05-09,32245.7,-1.9869
2022-05-10,32160.74,-0.2635
2022-05-11,31834.11,-1.0156
2022-05-12,31730.3,-0.3261
2022-05-13,32196.66,1.4698
2022-05-16,32223.42,0.0831
2022-05-17,32654.59,1.3381
2022-05-18,31490.07,-3.5662
2022-05-19,31253.13,-0.7524
2022-05-20,31261.9,0.0281
2022-05-23,31880.24,1.9779
2022-05-24,31928.62,0.1518
2022-05-25,32120.28,0.6003
2022-05-26,32637.19,1.6093
2022-05-27,33212.96,1.7642
2022-05-31,32990.12,-0.6709
2022-06-01,32813.23,-0.5362
2022-06-02,33248.28,1.3258
2022-06-03,32899.7,-1.0484
2022-06-06,32915.78,0.0489
2022-06-07,33180.14,0.8031
2022-06-08,32910.9,-0.8114
2022-06-09,32272.79,-1.9389
2022-06-10,31392.79,-2.7268
2022-06-13,30516.74,-2.7906
2022-06-14,30364.83,-0.4978
2022-06-15,30668.53,1.0002
2022-06-16,29927.07,-2.4177
2022-06-17,29888.78,-0.1279
2022-06-21,30530.25,2.1462
2022-06-22,30483.13,-0.1543
2022-06-23,30677.36,0.6372
2022-06-24,31500.68,2.6838
2022-06-27,31438.26,-0.1982
2022-06-28,30946.99,-1.5627
2022-06-29,31029.31,0.266
2022-06-30,30775.43,-0.8182
2022-07-01,31097.26,1.0457
2022-07-05,30967.82,-0.4162
2022-07-06,31037.68,0.2256
2022-07-07,31384.55,1.1176
2022-07-08,31338.15,-0.1478
2022-07-11,31173.84,-0.5243
2022-07-12,30981.33,-0.6175
2022-07-13,30772.79,-0.6731
2022-07-14,30630.17,-0.4635
2022-07-15,31288.26,2.1485
2022-07-18,31072.61,-0.6892
2022-07-19,31827.05,2.428
2022-07-20,31874.84,0.1502
2022-07-21,32036.9,0.5084
2022-07-22,31899.29,-0.4295
2022-07-25,31990.04,0.2845
2022-07-26,31761.54,-0.7143
2022-07-27,32197.59,1.3729
2022-07-28,32529.63,1.0313
2022-07-29,32845.13,0.9699
2022-08-01,32798.4,-0.1423
2022-08-02,32396.17,-1.2264
2022-08-03,32812.5,1.2851
2022-08-04,32726.82,-0.2611
2022-08-05,32803.47,0.2342
2022-08-08,32832.54,0.0886
2022-08-09,32774.41,-0.177
2022-08-10,33309.51,1.6327
2022-08-11,33336.67,0.0815
2022-08-12,33761.05,1.273
2022-08-15,33912.44,0.4484
2022-08-16,34152.01,0.7064
2022-08-17,33980.32,-0.5027
2022-08-18,33999.04,0.0551
2022-08-19,33706.74,-0.8597
2022-08-22,33063.61,-1.908
2022-08-23,32909.59,-0.4658
2022-08-24,32969.23,0.1812
2022-08-25,33291.78,0.9783
2022-08-26,32283.4,-3.0289
2022-08-29,32098.99,-0.5712
2022-08-30,31790.87,-0.9599
2022-08-31,31510.43,-0.8821
2022-09-01,31656.42,0.4633
2022-09-02,31318.44,-1.0677
2022-09-06,31145.3,-0.5528
2022-09-07,31581.28,1.3998
2022-09-08,31774.52,0.6119
2022-09-09,32151.71,1.1871
2022-09-12,32381.34,0.7142
2022-09-13,31104.97,-3.9417
2022-09-14,31135.09,0.0968
2022-09-15,30961.82,-0.5565
2022-09-16,30822.42,-0.4502
2022-09-19,31019.68,0.64
2022-09-20,30706.23,-1.0105
2022-09-21,30183.78,-1.7014
2022-09-22,30076.68,-0.3548
2022-09-23,29590.41,-1.6168
2022-09-26,29260.81,-1.1139
2022-09-27,29134.99,-0.43
2022-09-28,29683.74,1.8835
2022-09-29,29225.61,-1.5434
2022-09-30,28725.51,-1.7112
2022-10-03,29490.89,2.6645
2022-10-04,30316.32,2.7989
2022-10-05,30273.87,-0.14
2022-10-06,29926.94,-1.146
2022-10-07,29296.79,-2.1056
2022-10-10,29202.88,-0.3205
2022-10-11,29239.19,0.1243
2022-10-12,29210.85,-0.0969
2022-10-13,30038.72,2.8341
2022-10-14,29634.83,-1.3446
2022-10-17,30185.82,1.8593
2022-10-18,30523.8,1.1197
2022-10-19,30423.81,-0.3276
2022-10-20,30333.59,-0.2965
2022-10-21,31082.56,2.4691
2022-10-24,31499.62,1.3418
2022-10-25,31836.74,1.0702
2022-10-26,31839.11,0.0074
2022-10-27,32033.28,0.6098
2022-10-28,32861.8,2.5864
2022-10-31,32732.95,-0.3921
2022-11-01,32653.2,-0.2436
2022-11-02,32147.76,-1.5479
2022-11-03,32001.25,-0.4557
2022-11-04,32403.22,1.2561
2022-11-07,32827.0,1.3078
2022-11-08,33160.83,1.0169
2022-11-09,32513.94,-1.9508
2022-11-10,33715.37,3.6951
2022-11-11,33747.86,0.0964
2022-11-14,33536.7,-0.6257
2022-11-15,33592.92,0.1676
2022-11-16,33553.83,-0.1164
2022-11-17,33546.32,-0.0224
2022-11-18,33745.69,0.5943
2022-11-21,33700.28,-0.1346
2022-11-22,34098.1,1.1805
2022-11-23,34194.06,0.2814
2022-11-25,34347.03,0.4474
2022-11-28,33849.46,-1.4487
2022-11-29,33852.53,0.0091
2022-11-30,34589.77,2.1778
2022-12-01,34395.01,-0.5631
2022-12-02,34429.88,0.1014
2022-12-05,33947.1,-1.4022
2022-12-06,33596.34,-1.0333
2022-12-07,33597.92,0.0047
2022-12-08,33781.48,0.5463
2022-12-09,33476.46,-0.9029
2022-12-12,34005.04,1.579
2022-12-13,34108.64,0.3047
2022-12-14,33966.35,-0.4172
2022-12-15,33202.22,-2.2497
2022-12-16,32920.46,-0.8486
2022-12-19,32757.54,-0.4949
2022-12-20,32849.74,0.2815
2022-12-21,33376.48,1.6035
2022-12-22,33027.49,-1.0456
2022-12-23,33203.93,0.5342
2022-12-27,33241.56,0.1133
2022-12-28,32875.71,-1.1006
2022-12-29,33220.8,1.0497
2022-12-30,33147.25,-0.2214
2023-01-03,33136.37,-0.0328
2023-01-04,33269.77,0.4026
2023-01-05,32930.08,-1.021
2023-01-06,33630.61,2.1273
2023-01-09,33517.65,-0.3359
2023-01-10,33704.1,0.5563
2023-01-11,33973.01,0.7979
2023-01-12,34189.97,0.6386
2023-01-13,34302.61,0.3295
2023-01-17,33910.85,-1.1421
2023-01-18,33296.96,-1.8103
2023-01-19,33044.56,-0.758
2023-01-20,33375.49,1.0015
2023-01-23,33629.56,0.7612
2023-01-24,33733.96,0.3104
2023-01-25,33743.84,0.0293
2023-01-26,33949.41,0.6092
2023-01-27,33978.08,0.0844
2023-01-30,33717.09,-0.7681
2023-01-31,34086.04,1.0943
2023-02-01,34092.96,0.0203
2023-02-02,34053.94,-0.1145
2023-02-03,33926.01,-0.3757
2023-02-06,33891.02,-0.1031
2023-02-07,34156.69,0.7839
2023-02-08,33949.01,-0.608
2023-02-09,33699.88,-0.7338
2023-02-10,33869.27,0.5026
2023-02-13,34245.93,1.1121
2023-02-14,34089.27,-0.4575
2023-02-15,34128.05,0.1138
2023-02-16,33696.85,-1.2635
2023-02-17,33826.69,0.3853
2023-02-21,33129.59,-2.0608
2023-02-22,33045.09,-0.2551
2023-02-23,33153.91,0.3293
2023-02-24,32816.92,-1.0164
2023-02-27,32889.09,0.2199
2023-02-28,32656.7,-0.7066
2023-03-01,32661.84,0.0157
2023-03-02,33003.57,1.0463
2023-03-03,33390.97,1.1738
2023-03-06,33431.44,0.1212
2023-03-07,32856.46,-1.7199
2023-03-08,32798.4,-0.1767
2023-03-09,32254.86,-1.6572
2023-03-10,31909.64,-1.0703
2023-03-13,31819.14,-0.2836
2023-03-14,32155.4,1.0568
2023-03-15,31874.57,-0.8734
2023-03-16,32246.55,1.167
2023-03-17,31861.98,-1.1926
2023-03-20,32244.58,1.2008
2023-03-21,32560.6,0.9801
2023-03-22,32030.11,-1.6292
2023-03-23,32105.25,0.2346
2023-03-24,32237.53,0.412
2023-03-27,32432.08,0.6035
2023-03-28,32394.25,-0.1166
2023-03-29,32717.6,0.9982
2023-03-30,32859.03,0.4323
2023-03-31,33274.15,1.2633
2023-04-03,33601.15,0.9827
2023-04-04,33402.38,-0.5916
2023-04-05,33482.72,0.2405
2023-04-06,33485.29,0.0077
2023-04-10,33586.52,0.3023
2023-04-11,33684.79,0.2926
2023-04-12,33646.5,-0.1137
2023-04-13,34029.69,1.1389
2023-04-14,33886.47,-0.4209
2023-04-17,33987.18,0.2972
2023-04-18,33976.63,-0.031
2023-04-19,33897.01,-0.2343
2023-04-20,33786.62,-0.3257
2023-04-21,33808.96,0.0661
2023-04-24,33875.4,0.1965
2023-04-25,33530.83,-1.0172
2023-04-26,33301.87,-0.6828
2023-04-27,33826.16,1.5744
2023-04-28,34098.16,0.8041
2023-05-01,34051.7,-0.1363
2023-05-02,33684.53,-1.0783
2023-05-03,33414.24,-0.8024
2023-05-04,33127.74,-0.8574
2023-05-05,33674.38,1.6501
2023-05-08,33618.69,-0.1654
2023-05-09,33561.81,-0.1692
2023-05-10,33531.33,-0.0908
2023-05-11,33309.51,-0.6615
2023-05-12,33300.62,-0.0267
2023-05-15,33348.6,0.1441
2023-05-16,33012.14,-1.0089
2023-05-17,33420.77,1.2378
2023-05-18,33535.91,0.3445
2023-05-19,33426.63,-0.3259
2023-05-22,33286.58,-0.419
2023-05-23,33055.51,-0.6942
2023-05-24,32799.92,-0.7732
2023-05-25,32764.65,-0.1075
2023-05-26,33093.34,1.0032
2023-05-30,33042.78,-0.1528
2023-05-31,32908.27,-0.4071
2023-06-01,33061.57,0.4658
2023-06-02,33762.76,2.1209
2023-06-05,33562.86,-0.5921
2023-06-06,33573.28,0.031
2023-06-07,33665.02,0.2733
2023-06-08,33833.61,0.5008
2023-06-09,33876.78,0.1276
2023-06-12,34066.33,0.5595
2023-06-13,34212.12,0.428
2023-06-14,33979.33,-0.6804
2023-06-15,34408.06,1.2617
2023-06-16,34299.12,-0.3166
2023-06-20,34053.87,-0.715
2023-06-21,33951.52,-0.3006
2023-06-22,33946.71,-0.0142
2023-06-23,33727.43,-0.646
2023-06-26,33714.71,-0.0377
2023-06-27,33926.74,0.6289
2023-06-28,33852.66,-0.2184
2023-06-29,34122.42,0.7969
2023-06-30,34407.6,0.8358
2023-07-03,34418.47,0.0316
2023-07-05,34288.64,-0.3772
2023-07-06,33922.26,-1.0685
2023-07-07,33734.88,-0.5524
2023-07-10,33944.4,0.6211
2023-07-11,34261.42,0.9339
2023-07-12,34347.43,0.251
2023-07-13,34395.14,0.1389
2023-07-14,34509.03,0.3311
2023-07-17,34585.35,0.2212
2023-07-18,34951.93,1.0599
2023-07-19,35061.21,0.3127
2023-07-20,35225.18,0.4677
2023-07-21,35227.69,0.0071
2023-07-24,35411.24,0.521
2023-07-25,35438.07,0.0758
2023-07-26,35520.12,0.2315
2023-07-27,35282.72,-0.6684
2023-07-28,35459.29,0.5004
2023-07-31,35559.53,0.2827
2023-08-01,35630.68,0.2001
2023-08-02,35282.52,-0.9771
2023-08-03,35215.89,-0.1888
2023-08-04,35065.62,-0.4267
2023-08-07,35473.13,1.1621
2023-08-08,35314.49,-0.4472
2023-08-09,35123.36,-0.5412
2023-08-10,35176.15,0.1503
2023-08-11,35281.4,0.2992
2023-08-14,35307.63,0.0743
2023-08-15,34946.39,-1.0231
2023-08-16,34765.74,-0.5169
2023-08-17,34474.83,-0.8368
2023-08-18,34500.66,0.0749
2023-08-21,34463.69,-0.1072
2023-08-22,34288.83,-0.5074
2023-08-23,34472.98,0.5371
2023-08-24,34099.42,-1.0836
2023-08-25,34346.9,0.7258
2023-08-28,34559.98,0.6204
2023-08-29,34852.67,0.8469
2023-08-30,34890.24,0.1078
2023-08-31,34721.91,-0.4825
2023-09-01,34837.71,0.3335
2023-09-05,34641.97,-0.5619
2023-09-06,34443.19,-0.5738
2023-09-07,34500.73,0.1671
2023-09-08,34576.59,0.2199
2023-09-11,34663.72,0.252
2023-09-12,34645.99,-0.0511
2023-09-13,34575.53,-0.2034
2023-09-14,34907.11,0.959
2023-09-15,34618.24,-0.8275
2023-09-18,34624.3,0.0175
2023-09-19,34517.73,-0.3078
2023-09-20,34440.88,-0.2226
2023-09-21,34070.42,-1.0756
2023-09-22,33963.84,-0.3128
2023-09-25,34006.88,0.1267
2023-09-26,33618.88,-1.1409
2023-09-27,33550.27,-0.2041
2023-09-28,33666.34,0.346
2023-09-29,33507.5,-0.4718
2023-10-02,33433.35,-0.2213
2023-10-03,33002.38,-1.289
2023-10-04,33129.55,0.3853
2023-10-05,33119.57,-0.0301
2023-10-06,33407.58,0.8696
2023-10-09,33604.65,0.5899
2023-10-10,33739.3,0.4007
2023-10-11,33804.87,0.1943
2023-10-12,33631.14,-0.5139
2023-10-13,33670.29,0.1164
2023-10-16,33984.54,0.9333
2023-10-17,33997.65,0.0386
2023-10-18,33665.08,-0.9782
2023-10-19,33414.17,-0.7453
2023-10-20,33127.28,-0.8586
2023-10-23,32936.41,-0.5762
2023-10-24,33141.38,0.6223
2023-10-25,33035.93,-0.3182
2023-10-26,32784.3,-0.7617
2023-10-27,32417.59,-1.1186
2023-10-30,32928.96,1.5774
2023-10-31,33052.87,0.3763
2023-11-01,33274.58,0.6708
2023-11-02,33839.08,1.6965
2023-11-03,34061.32,0.6568
2023-11-06,34095.86,0.1014
2023-11-07,34152.6,0.1664
2023-11-08,34112.27,-0.1181
2023-11-09,33891.94,-0.6459
2023-11-10,34283.1,1.1541
2023-11-13,34337.87,0.1598
2023-11-14,34827.7,1.4265
2023-11-15,34991.21,0.4695
2023-11-16,34945.47,-0.1307
2023-11-17,34947.28,0.0052
2023-11-20,35151.04,0.583
2023-11-21,35088.29,-0.1785
2023-11-22,35273.03,0.5265
2023-11-24,35390.15,0.332
2023-11-27,35333.47,-0.1602
2023-11-28,35416.98,0.2363
2023-11-29,35430.42,0.0379
2023-11-30,35950.89,1.469
2023-12-01,36245.5,0.8195
2023-12-04,36204.44,-0.1133
2023-12-05,36124.56,-0.2206
2023-12-06,36054.43,-0.1941
2023-12-07,36117.38,0.1746
2023-12-08,36247.87,0.3613
2023-12-11,36404.93,0.4333
2023-12-12,36577.94,0.4752
2023-12-13,37090.24,1.4006
2023-12-14,37248.35,0.4263
2023-12-15,37305.16,0.1525
2023-12-18,37306.02,0.0023
2023-12-19,37557.92,0.6752
2023-12-20,37082.0,-1.2672
2023-12-21,37404.35,0.8693
2023-12-22,37385.97,-0.0491
2023-12-26,37545.33,0.4263
2023-12-27,37656.52,0.2961
2023-12-28,37710.1,0.1423
2023-12-29,37689.54,-0.0545
2024-01-02,37715.04,0.0677
2024-01-03,37430.19,-0.7553
2024-01-04,37440.34,0.0271
2024-01-05,37466.11,0.0688
2024-01-08,37683.01,0.5789
2024-01-09,37525.16,-0.4189
2024-01-10,37695.73,0.4545
2024-01-11,37711.02,0.0406
2024-01-12,37592.98,-0.313
2024-01-16,37361.12,-0.6168
2024-01-17,37266.67,-0.2528
2024-01-18,37468.61,0.5419
2024-01-19,37863.8,1.0547
2024-01-22,38001.81,0.3645
2024-01-23,37905.45,-0.2536
2024-01-24,37806.39,-0.2613
2024-01-25,38049.13,0.6421
2024-01-26,38109.43,0.1585
2024-01-29,38333.45,0.5878
2024-01-30,38467.31,0.3492
2024-01-31,38150.3,-0.8241
2024-02-01,38519.84,0.9686
2024-02-02,38654.42,0.3494
2024-02-05,38380.12,-0.7096
2024-02-06,38521.36,0.368
2024-02-07,38677.36,0.405
2024-02-08,38726.33,0.1266
2024-02-09,38671.69,-0.1411
2024-02-12,38797.38,0.325
2024-02-13,38272.75,-1.3522
2024-02-14,38424.27,0.3959
2024-02-15,38773.12,0.9079
2024-02-16,38627.99,-0.3743
2024-02-20,38563.8,-0.1662
2024-02-21,38612.24,0.1256
2024-02-22,39069.11,1.1832
2024-02-23,39131.53,0.1598
2024-02-26,39069.23,-0.1592
2024-02-27,38972.41,-0.2478
2024-02-28,38949.02,-0.06
2024-02-29,38996.39,0.1216
2024-03-01,39087.38,0.2333
2024-03-04,38989.83,-0.2496
2024-03-05,38585.19,-1.0378
2024-03-06,38661.05,0.1966
2024-03-07,38791.35,0.337
2024-03-08,38722.69,-0.177
2024-03-11,38769.66,0.1213
2024-03-12,39005.49,0.6083
2024-03-13,39043.32,0.097
2024-03-14,38905.66,-0.3526
2024-03-15,38714.77,-0.4906
2024-03-18,38790.43,0.1954
2024-03-19,39110.76,0.8258
2024-03-20,39512.13,1.0262
2024-03-21,39781.37,0.6814
2024-03-22,39475.9,-0.7679
2024-03-25,39313.64,-0.411
2024-03-26,39282.33,-0.0796
2024-03-27,39760.08,1.2162
2024-03-28,39807.37,0.1189
2024-04-01,39566.85,-0.6042
2024-04-02,39170.24,-1.0024
2024-04-03,39127.14,-0.11
2024-04-04,38596.98,-1.355
2024-04-05,38904.04,0.7956
2024-04-08,38892.8,-0.0289
2024-04-09,38883.67,-0.0235
2024-04-10,38461.51,-1.0857
2024-04-11,38459.08,-0.0063
2024-04-12,37983.24,-1.2373
2024-04-15,37735.11,-0.6533
2024-04-16,37798.97,0.1692
2024-04-17,37753.31,-0.1208
2024-04-18,37775.38,0.0585
2024-04-19,37986.4,0.5586
2024-04-22,38239.98,0.6676
2024-04-23,38503.69,0.6896
2024-04-24,38460.92,-0.1111
2024-04-25,38085.8,-0.9753
2024-04-26,38239.66,0.404
2024-04-29,38386.09,0.3829
2024-04-30,37815.92,-1.4854
2024-05-01,37903.29,0.231
2024-05-02,38225.66,0.8505
2024-05-03,38675.68,1.1773
2024-05-06,38852.27,0.4566
2024-05-07,38884.26,0.0823
2024-05-08,39056.39,0.4427
2024-05-09,39387.76,0.8484
2024-05-10,39512.84,0.3176
2024-05-13,39431.51,-0.2058
2024-05-14,39558.11,0.3211
2024-05-15,39908.0,0.8845
2024-05-16,39869.38,-0.0968
2024-05-17,40003.59,0.3366
2024-05-20,39806.77,-0.492
2024-05-21,39872.99,0.1664
2024-05-22,39671.04,-0.5065
2024-05-23,39065.26,-1.527
2024-05-24,39069.59,0.0111
2024-05-28,38852.86,-0.5547
2024-05-29,38441.54,-1.0587
2024-05-30,38111.48,-0.8586
2024-05-31,38686.32,1.5083
2024-06-03,38571.03,-0.298
2024-06-04,38711.29,0.3636
2024-06-05,38807.33,0.2481
2024-06-06,38886.17,0.2032
2024-06-07,38798.99,-0.2242
2024-06-10,38868.04,0.178
2024-06-11,38747.42,-0.3103
2024-06-12,38712.21,-0.0909
2024-06-13,38647.1,-0.1682
2024-06-14,38589.16,-0.1499
2024-06-17,38778.1,0.4896
2024-06-18,38834.86,0.1464
2024-06-20,39134.76,0.7722
2024-06-21,39150.33,0.0398
2024-06-24,39411.21,0.6664
2024-06-25,39112.16,-0.7588
2024-06-26,39127.8,0.04
2024-06-27,39164.06,0.0927
2024-06-28,39118.86,-0.1154
2024-07-01,39169.52,0.1295
2024-07-02,39331.85,0.4144
2024-07-03,39308.0,-0.0606
2024-07-05,39375.87,0.1727
2024-07-08,39344.79,-0.0789
2024-07-09,39291.97,-0.1342
2024-07-10,39721.36,1.0928
2024-07-11,39753.75,0.0815
2024-07-12,40000.9,0.6217
2024-07-15,40211.72,0.527
2024-07-16,40954.48,1.8471
2024-07-17,41198.08,0.5948
2024-07-18,40665.02,-1.2939
2024-07-19,40287.53,-0.9283
2024-07-22,40415.44,0.3175
2024-07-23,40358.09,-0.1419
2024-07-24,39853.87,-1.2494
2024-07-25,39935.07,0.2037
2024-07-26,40589.34,1.6383
2024-07-29,40539.93,-0.1217
2024-07-30,40743.33,0.5017
2024-07-31,40842.79,0.2441
2024-08-01,40347.97,-1.2115
2024-08-02,39737.26,-1.5136
2024-08-05,38703.27,-2.6021
2024-08-06,38997.66,0.7606
2024-08-07,38763.45,-0.6006
2024-08-08,39446.49,1.7621
2024-08-09,39497.54,0.1294
2024-08-12,39357.01,-0.3558
2024-08-13,39765.64,1.0383
2024-08-14,40008.39,0.6105
2024-08-15,40563.06,1.3864
2024-08-16,40659.76,0.2384
2024-08-19,40896.53,0.5823
2024-08-20,40834.97,-0.1505
2024-08-21,40890.49,0.136
2024-08-22,40712.78,-0.4346
2024-08-23,41175.08,1.1355
2024-08-26,41240.52,0.1589
2024-08-27,41250.5,0.0242
2024-08-28,41091.42,-0.3856
2024-08-29,41335.05,0.5929
2024-08-30,41563.08,0.5517
2024-09-03,40936.93,-1.5065
2024-09-04,40974.97,0.0929
2024-09-05,40755.75,-0.535
2024-09-06,40345.41,-1.0068
2024-09-09,40829.59,1.2001
2024-09-10,40736.96,-0.2269
2024-09-11,40861.71,0.3062
2024-09-12,41096.77,0.5753
2024-09-13,41393.78,0.7227
2024-09-16,41622.08,0.5515
2024-09-17,41606.18,-0.0382
2024-09-18,41503.1,-0.2478
2024-09-19,42025.19,1.258
2024-09-20,42063.36,0.0908
2024-09-23,42124.65,0.1457
2024-09-24,42208.22,0.1984
2024-09-25,41914.75,-0.6953
2024-09-26,42175.11,0.6212
2024-09-27,42313.0,0.3269
2024-09-30,42330.15,0.0405
2024-10-01,42156.97,-0.4091
2024-10-02,42196.52,0.0938
2024-10-03,42011.59,-0.4383
2024-10-04,42352.75,0.8121
2024-10-07,41954.24,-0.9409
2024-10-08,42080.37,0.3006
2024-10-09,42512.0,1.0257
2024-10-10,42454.12,-0.1361
2024-10-11,42863.86,0.9651
2024-10-14,43065.22,0.4698
2024-10-15,42740.42,-0.7542
2024-10-16,43077.7,0.7891
2024-10-17,43239.05,0.3746
2024-10-18,43275.91,0.0852
2024-10-21,42931.6,-0.7956
2024-10-22,42924.89,-0.0156
2024-10-23,42514.95,-0.955
2024-10-24,42374.36,-0.3307
2024-10-25,42114.4,-0.6135
2024-10-28,42387.57,0.6486
2024-10-29,42233.05,-0.3645
2024-10-30,42141.54,-0.2167
2024-10-31,41763.46,-0.8972
2024-11-01,42052.19,0.6913
2024-11-04,41794.6,-0.6125
2024-11-05,42221.88,1.0223
2024-11-06,43729.93,3.5717
2024-11-07,43729.34,-0.0013
2024-11-08,43988.99,0.5938
2024-11-11,44293.13,0.6914
2024-11-12,43910.98,-0.8628
2024-11-13,43958.19,0.1075
2024-11-14,43750.86,-0.4717
2024-11-15,43444.99,-0.6991
2024-11-18,43389.6,-0.1275
2024-11-19,43268.94,-0.2781
2024-11-20,43408.47,0.3225
2024-11-21,43870.35,1.064
2024-11-22,44296.51,0.9714
2024-11-25,44736.57,0.9934
2024-11-26,44860.31,0.2766
2024-11-27,44722.06,-0.3082
2024-11-29,44910.65,0.4217
2024-12-02,44782.0,-0.2865
2024-12-03,44705.53,-0.1708
2024-12-04,45014.04,0.6901
2024-12-05,44765.71,-0.5517
2024-12-06,44642.52,-0.2752
2024-12-09,44401.93,-0.5389
2024-12-10,44247.83,-0.3471
2024-12-11,44148.56,-0.2243
2024-12-12,43914.12,-0.531
2024-12-13,43828.06,-0.196
2024-12-16,43717.48,-0.2523
2024-12-17,43449.9,-0.6121
2024-12-18,42326.87,-2.5847
2024-12-19,42342.24,0.0363
2024-12-20,42840.26,1.1762
2024-12-23,42906.95,0.1557
2024-12-24,43297.03,0.9091
2024-12-26,43325.8,0.0664
2024-12-27,42992.21,-0.77
2024-12-30,42573.73,-0.9734
2024-12-31,42544.22,-0.0693
2025-01-02,42392.27,-0.3572
2025-01-03,42732.13,0.8017
2025-01-06,42706.56,-0.0598
2025-01-07,42528.36,-0.4173
2025-01-08,42635.2,0.2512
2025-01-10,41938.45,-1.6342
2025-01-13,42297.12,0.8552
2025-01-14,42518.28,0.5229
2025-01-15,43221.55,1.654
2025-01-16,43153.13,-0.1583
2025-01-17,43487.83,0.7756
2025-01-21,44025.81,1.2371
2025-01-22,44156.73,0.2974
2025-01-23,44565.07,0.9248
2025-01-24,44424.25,-0.316
2025-01-27,44713.58,0.6513
2025-01-28,44850.35,0.3059
2025-01-29,44713.52,-0.3051
2025-01-30,44882.13,0.3771
2025-01-31,44544.66,-0.7519
2025-02-03,44421.91,-0.2756
2025-02-04,44556.04,0.3019
2025-02-05,44873.28,0.712
2025-02-06,44747.63,-0.28
2025-02-07,44303.4,-0.9927
2025-02-10,44470.41,0.377
2025-02-11,44593.65,0.2771
2025-02-12,44368.56,-0.5048
2025-02-13,44711.43,0.7728
2025-02-14,44546.08,-0.3698
2025-02-18,44556.34,0.023
2025-02-19,44627.59,0.1599
2025-02-20,44176.65,-1.0105
2025-02-21,43428.02,-1.6946
2025-02-24,43461.21,0.0764
2025-02-25,43621.16,0.368
2025-02-26,43433.12,-0.4311
2025-02-27,43239.5,-0.4458
2025-02-28,43840.91,1.3909
2025-03-03,43191.24,-1.4819
2025-03-04,42520.99,-1.5518
2025-03-05,43006.59,1.142
2025-03-06,42579.08,-0.9941
2025-03-07,42801.72,0.5229
2025-03-10,41911.71,-2.0794
2025-03-11,41433.48,-1.141
2025-03-12,41350.93,-0.1992
2025-03-13,40813.57,-1.2995
2025-03-14,41488.19,1.6529
2025-03-17,41841.63,0.8519
2025-03-18,41581.31,-0.6222
2025-03-19,41964.63,0.9219
2025-03-20,41953.32,-0.027
2025-03-21,41985.35,0.0763
2025-03-24,42583.32,1.4242
2025-03-25,42587.5,0.0098
2025-03-26,42454.79,-0.3116
2025-03-27,42299.7,-0.3653
2025-03-28,41583.9,-1.6922
2025-03-31,42001.76,1.0049
2025-04-01,41989.96,-0.0281
2025-04-02,42225.32,0.5605
2025-04-03,40545.93,-3.9772
2025-04-04,38314.86,-5.5026
2025-04-07,37965.6,-0.9116
2025-04-08,37645.59,-0.8429
2025-04-09,40608.45,7.8704
2025-04-10,39593.66,-2.499
2025-04-11,40212.71,1.5635
2025-04-14,40524.79,0.7761
2025-04-15,40368.96,-0.3845
2025-04-16,39669.39,-1.7329
2025-04-17,39142.23,-1.3289
2025-04-21,38170.41,-2.4828
2025-04-22,39186.98,2.6632
2025-04-23,39606.57,1.0707
2025-04-24,40093.4,1.2292
2025-04-25,40113.5,0.0501
2025-04-28,40227.59,0.2844
2025-04-29,40527.62,0.7458
2025-04-30,40669.36,0.3497
2025-05-01,40752.96,0.2056
2025-05-02,41317.43,1.3851
2025-05-05,41218.83,-0.2386
2025-05-06,40829.0,-0.9458
2025-05-07,41113.97,0.698
2025-05-08,41368.45,0.619
2025-05-09,41249.38,-0.2878
2025-05-12,42410.1,2.8139
2025-05-13,42140.43,-0.6359
2025-05-14,42051.06,-0.2121
2025-05-15,42322.75,0.6461
2025-05-16,42654.74,0.7844
2025-05-19,42792.07,0.322
2025-05-20,42677.24,-0.2683
2025-05-21,41860.44,-1.9139
2025-05-22,41859.09,-0.0032
2025-05-23,41603.07,-0.6116
2025-05-27,42343.65,1.7801
2025-05-28,42098.7,-0.5785
2025-05-29,42215.73,0.278
2025-05-30,42270.07,0.1287
2025-06-02,42305.48,0.0838
2025-06-03,42519.64,0.5062
2025-06-04,42427.74,-0.2161
2025-06-05,42319.74,-0.2546
2025-06-06,42762.87,1.0471
2025-06-09,42761.76,-0.0026
2025-06-10,42866.87,0.2458
2025-06-11,42865.77,-0.0026
2025-06-12,42967.62,0.2376
2025-06-13,42197.79,-1.7917
2025-06-16,42515.09,0.7519
2025-06-17,42215.8,-0.704
2025-06-18,42171.66,-0.1046
2025-06-20,42206.82,0.0834
2025-06-23,42581.78,0.8884
2025-06-24,43089.02,1.1912
2025-06-25,42982.43,-0.2474
2025-06-26,43386.84,0.9409
2025-06-27,43819.27,0.9967
2025-06-30,44094.77,0.6287
2025-07-01,44494.94,0.9075
2025-07-02,44484.42,-0.0236
2025-07-03,44828.53,0.7736
2025-07-07,44406.36,-0.9417
2025-07-08,44240.76,-0.3729
2025-07-09,44458.3,0.4917
2025-07-10,44650.64,0.4326
2025-07-11,44371.51,-0.6251
2025-07-14,44459.65,0.1986
2025-07-15,44023.29,-0.9815
2025-07-16,44254.78,0.5258
2025-07-17,44484.49,0.5191
2025-07-18,44342.19,-0.3199
2025-07-21,44323.07,-0.0431
2025-07-22,44502.44,0.4047
2025-07-23,45010.29,1.1412
2025-07-24,44693.91,-0.7029
2025-07-25,44901.92,0.4654
2025-07-28,44837.56,-0.1433
2025-07-29,44632.99,-0.4562
2025-07-30,44461.28,-0.3847
2025-07-31,44130.98,-0.7429
2025-08-01,43588.58,-1.2291
2025-08-04,44173.64,1.3422
2025-08-05,44111.74,-0.1401
2025-08-06,44193.12,0.1845
2025-08-07,43968.64,-0.508
2025-08-08,44175.61,0.4707
2025-08-11,43975.09,-0.4539
2025-08-12,44458.61,1.0995
2025-08-13,44922.27,1.0429
2025-08-14,44911.26,-0.0245
2025-08-15,44946.12,0.0776
2025-08-18,44911.82,-0.0763
2025-08-19,44922.27,0.0233
2025-08-20,44938.31,0.0357
2025-08-21,44785.5,-0.34
2025-08-22,45631.74,1.8895
2025-08-25,45282.47,-0.7654
2025-08-26,45418.07,0.2995
2025-08-27,45565.23,0.324
2025-08-28,45636.9,0.1573
2025-08-29,45544.88,-0.2016
2025-09-02,45295.81,-0.5469
2025-09-03,45271.23,-0.0543
2025-09-04,45621.29,0.7733
2025-09-05,45400.86,-0.4832
2025-09-08,45514.95,0.2513
2025-09-09,45711.34,0.4315
2025-09-10,45490.92,-0.4822
2025-09-11,46108.0,1.3565
2025-09-12,45834.22,-0.5938
2025-09-15,45883.45,0.1074
2025-09-16,45757.9,-0.2736
2025-09-17,46018.32,0.5691
2025-09-18,46142.42,0.2697
2025-09-19,46315.27,0.3746
2025-09-22,46381.54,0.1431
2025-09-23,46292.78,-0.1914
2025-09-24,46121.28,-0.3705
2025-09-25,45947.32,-0.3772
2025-09-26,46247.29,0.6529
2025-09-29,46316.07,0.1487
2025-09-30,46397.89,0.1767
2025-10-01,46441.1,0.0931
2025-10-02,46519.72,0.1693
2025-10-03,46758.28,0.5128
2025-10-06,46694.97,-0.1354
2025-10-07,46602.98,-0.197
2025-10-08,46601.78,-0.0026
2025-10-09,46358.42,-0.5222
2025-10-10,45479.6,-1.8957
2025-10-13,46067.58,1.2928
2025-10-14,46270.46,0.4404
2025-10-15,46253.31,-0.0371
2025-10-16,45952.24,-0.6509
2025-10-17,46190.61,0.5187
2025-10-20,46706.58,1.117
2025-10-21,46924.74,0.4671
2025-10-22,46590.41,-0.7125
2025-10-23,46734.61,0.3095
2025-10-24,47207.12,1.011
2025-10-27,47544.59,0.7149
2025-10-28,47706.37,0.3403
2025-10-29,47632.0,-0.1559
2025-10-30,47522.12,-0.2307
2025-10-31,47562.87,0.0857
2025-11-03,47336.68,-0.4756
2025-11-04,47085.24,-0.5312
2025-11-05,47311.0,0.4795
2025-11-06,46912.3,-0.8427
2025-11-07,46987.1,0.1594
2025-11-10,47368.63,0.812
2025-11-11,47927.96,1.1808
2025-11-12,48254.82,0.682
2025-11-13,47457.22,-1.6529
2025-11-14,47147.48,-0.6527
2025-11-17,46590.24,-1.1819
2025-11-18,46091.74,-1.07
2025-11-19,46138.77,0.102
2025-11-20,45752.26,-0.8377
2025-11-21,46245.41,1.0779
2025-11-24,46448.27,0.4387
2025-11-25,47112.45,1.4299
2025-11-26,47427.12,0.6679
2025-11-28,47716.42,0.61
2025-12-01,47289.33,-0.8951
2025-12-02,47474.46,0.3915
2025-12-03,47882.9,0.8603
2025-12-04,47850.94,-0.0667
2025-12-05,47954.99,0.2174
2025-12-08,47739.32,-0.4497
2025-12-09,47560.29,-0.375
2025-12-10,48057.75,1.046
2025-12-11,48704.01,1.3448
2025-12-12,48458.05,-0.505
2025-12-15,48416.56,-0.0856
2025-12-16,48114.26,-0.6244
2025-12-17,47885.97,-0.4745
2025-12-18,47951.85,0.1376
2025-12-19,48134.89,0.3817
2025-12-22,48362.68,0.4732
2025-12-23,48442.41,0.1649
2025-12-24,48731.16,0.5961
2025-12-26,48710.97,-0.0414
2025-12-29,48461.93,-0.5113
2025-12-30,48367.06,-0.1958
2025-12-31,48063.29,-0.6281
2026-01-02,48382.39,0.6639
2026-01-05,48977.18,1.2294
2026-01-06,49462.08,0.9901
2026-01-07,48996.08,-0.9421
2026-01-08,49266.11,0.5511
2026-01-09,49504.07,0.483
2026-01-12,49590.2,0.174
2026-01-13,49191.99,-0.803
2026-01-14,49149.63,-0.0861
2026-01-15,49442.44,0.5958
2026-01-16,49359.33,-0.1681
2026-01-20,48488.59,-1.7641
2026-01-21,49077.23,1.214
2026-01-22,49384.01,0.6251
2026-01-23,49098.71,-0.5777
2026-01-26,49412.4,0.6389
2026-01-27,49003.41,-0.8277
2026-01-28,49015.6,0.0249
2026-01-29,49071.56,0.1142
2026-01-30,48892.47,-0.365
2026-02-02,49407.66,1.0537
2026-02-03,49240.99,-0.3373
2026-02-04,49501.3,0.5286
2026-02-05,48908.72,-1.1971
2026-02-06,50115.67,2.4678
2026-02-09,50135.87,0.0403
2026-02-10,50188.14,0.1043
2026-02-11,50121.4,-0.133
2026-02-12,49451.98,-1.3356
2026-02-13,49500.93,0.099
2026-02-17,49533.19,0.0652
2026-02-18,49662.66,0.2614
2026-02-19,49395.16,-0.5386
2026-02-20,49625.97,0.4673
2026-02-23,48804.06,-1.6562
2026-02-24,49174.5,0.759
2026-02-25,49482.15,0.6256
2026-02-26,49499.2,0.0345
2026-02-27,48977.92,-1.0531
2026-03-02,48904.78,-0.1493
2026-03-03,48501.27,-0.8251
2026-03-04,48739.41,0.491
2026-03-05,47954.74,-1.6099
2026-03-06,47501.55,-0.945
2026-03-09,47740.8,0.5037
2026-03-10,47706.51,-0.0718
2026-03-11,47417.27,-0.6063
2026-03-12,46677.85,-1.5594
2026-03-13,46558.47,-0.2558
2026-03-16,46946.41,0.8332
2026-03-17,46993.26,0.0998
2026-03-18,46225.15,-1.6345
2026-03-19,46021.43,-0.4407
2026-03-20,45577.47,-0.9647
2026-03-23,46208.47,1.3845
2026-03-24,46124.06,-0.1827
2026-03-25,46429.49,0.6622
2026-03-26,45960.11,-1.011
2026-03-27,45166.64,-1.7264
2026-03-30,45216.14,0.1096
2026-03-31,46341.51,2.4889
2026-04-01,46565.74,0.4839
2026-04-02,46504.67,-0.1311
2026-04-06,46669.88,0.3553
2026-04-07,46584.46,-0.183
2026-04-08,47909.92,2.8453
2026-04-09,48185.8,0.5758
2026-04-10,47916.57,-0.5587
2026-04-13,48218.25,0.6296
2026-04-14,48535.99,0.659
2026-04-15,48463.72,-0.1489
2026-04-16,48578.72,0.2373
2026-04-17,49447.43,1.7883
2026-04-20,49442.56,-0.0098
2026-04-21,49149.38,-0.593
2026-04-22,49490.03,0.6931
2026-04-23,49310.32,-0.3631
2026-04-24,49230.71,-0.1614
2026-04-27,49167.79,-0.1278
2026-04-28,49141.93,-0.0526
2026-04-29,48861.81,-0.57
2026-04-30,49652.14,1.6175
2026-05-01,49499.27,-0.3079
2026-05-04,48941.9,-1.126
2026-05-05,49298.25,0.7281
2026-05-06,49910.59,1.2421
2026-05-07,49596.97,-0.6284
2026-05-08,49609.16,0.0246
2026-05-11,49704.47,0.1921
2026-05-12,49760.56,0.1128
2026-05-13,49693.2,-0.1354
2026-05-14,50063.46,0.7451
2026-05-15,49526.17,-1.0732
2026-05-18,49686.12,0.323
2026-05-19,49363.88,-0.6486
2026-05-20,50009.35,1.3076
2026-05-21,50285.66,0.5525
2026-05-22,50579.7,0.5847
2026-05-26,50461.68,-0.2333
2026-05-27,50644.28,0.3619
2026-05-28,50668.97,0.0488
2026-05-29,51032.46,0.7174
2026-06-01,51078.88,0.091
2026-06-02,51307.79,0.4481
2026-06-03,50687.07,-1.2098
2026-06-04,51561.93,1.726
2026-06-05,50866.78,-1.3482
2026-06-08,50786.01,-0.1588
2026-06-09,50872.11,0.1695
2026-06-10,49918.78,-1.874
2026-06-11,50848.75,1.863
2026-06-12,51202.26,0.6952
2026-06-15,51671.03,0.9155
2026-06-16,51999.67,0.636
2026-06-17,51492.55,-0.9752
2026-06-18,51564.7,0.1401
2026-06-22,51712.71,0.287
2026-06-23,51666.84,-0.0887
2026-06-24,51848.9,0.3524
2026-06-25,51920.62,0.1383
2026-06-26,51876.11,-0.0857
2026-06-29,52182.74,0.5911
2026-06-30,52319.2,0.2615
2026-07-01,52305.24,-0.0267
2026-07-02,52900.07,1.1372
2026-07-06,53055.91,0.2946
2026-07-07,52925.15,-0.2465
2026-07-08,52348.39,-1.0898
2026-07-09,52487.41,0.2656
2026-07-10,52637.01,0.285
2026-07-13,52498.64,-0.2629
2026-07-14,52508.27,0.0183
2026-07-15,52658.64,0.2864
2026-07-16,52552.97,-0.2007
2026-07-17,52146.42,-0.7736
2026-07-20,51839.26,-0.589
2026-07-21,52224.64,0.7434
2026-07-22,52218.58,-0.0116
2026-07-23,51711.65,-0.9708
2026-07-24,51947.25,0.4556
2026-07-27,52210.08,0.506
2026-07-28,52747.32,1.029
2026-07-29,51594.14,-2.1862
2026-07-30,52208.06,1.1899
2026-07-31,52485.03,0.5305
2026-08-03,53178.41,1.3211
2026-08-04,54085.88,1.7065
2026-08-05,54349.12,0.4867
2026-08-06,53885.1,-0.8538
2026-08-07,54036.93,0.2818
2026-08-10,53975.98,-0.1128
2026-08-11,53791.85,-0.3411
2026-08-12,53770.27,-0.0401
2026-08-13,53839.99,0.1297
2026-08-14,53732.41,-0.1998
2026-08-17,53459.78,-0.5074
2026-08-18,53343.4,-0.2177
2026-08-19,53463.05,0.2243
2026-08-20,52759.21,-1.3165
2026-08-21,53277.01,0.9814
2026-08-24,53417.16,0.2631
2026-08-25,53577.4,0.3
2026-08-26,53463.88,-0.2119
2026-08-27,53569.44,0.1974
2026-08-28,53559.99,-0.0176
2026-08-31,53185.9,-0.6985
